"District","Archive_Date","n"
"Albany County School District 1","2024-08-09",59
"Albany County School District 1","2024-08-16",26
"Albany County School District 1","2024-08-23",19
"Albany County School District 1","2024-08-30",20
"Albany County School District 1","2024-09-06",22
"Albany County School District 1","2024-09-13",23
"Albany County School District 1","2024-09-20",23
"Albany County School District 1","2024-09-27",29
"Albany County School District 1","2024-10-04",32
"Albany County School District 1","2024-10-11",33
"Albany County School District 1","2024-10-18",33
"Albany County School District 1","2024-10-25",35
"Albany County School District 1","2024-11-01",36
"Albany County School District 1","2024-11-08",32
"Albany County School District 1","2024-11-15",29
"Albany County School District 1","2024-11-22",29
"Albany County School District 1","2024-11-29",29
"Albany County School District 1","2024-12-06",29
"Albany County School District 1","2024-12-13",27
"Albany County School District 1","2024-12-20",23
"Albany County School District 1","2024-12-27",22
"Albany County School District 1","2025-01-03",22
"Albany County School District 1","2025-01-10",21
"Albany County School District 1","2025-01-17",21
"Albany County School District 1","2025-01-24",19
"Albany County School District 1","2025-01-31",19
"Albany County School District 1","2025-02-07",18
"Albany County School District 1","2025-02-14",18
"Albany County School District 1","2025-02-21",16
"Albany County School District 1","2025-02-28",14
"Albany County School District 1","2025-03-07",15
"Albany County School District 1","2025-03-14",24
"Albany County School District 1","2025-03-21",22
"Albany County School District 1","2025-03-28",25
"Albany County School District 1","2025-04-04",22
"Albany County School District 1","2025-04-11",23
"Albany County School District 1","2025-04-18",22
"Albany County School District 1","2025-04-25",22
"Albany County School District 1","2025-05-02",20
"Albany County School District 1","2025-05-09",22
"Albany County School District 1","2025-05-16",17
"Albany County School District 1","2025-05-23",9
"Albany County School District 1","2025-05-30",9
"Albany County School District 1","2025-06-06",16
"Albany County School District 1","2025-06-13",16
"Albany County School District 1","2025-06-20",19
"Albany County School District 1","2025-06-27",27
"Albany County School District 1","2025-07-04",26
"Albany County School District 1","2025-07-11",26
"Albany County School District 1","2025-07-18",27
"Albany County School District 1","2025-07-25",33
"Albany County School District 1","2025-08-01",31
"Albany County School District 1","2025-08-08",24
"Albany County School District 1","2025-08-15",25
"Albany County School District 1","2025-08-22",19
"Albany County School District 1","2025-08-29",20
"Albany County School District 1","2025-09-05",20
"Albany County School District 1","2025-09-12",21
"Albany County School District 1","2025-09-19",24
"Albany County School District 1","2025-09-26",21
"Albany County School District 1","2025-10-03",19
"Albany County School District 1","2025-10-10",16
"Albany County School District 1","2025-10-17",13
"Albany County School District 1","2025-10-24",12
"Albany County School District 1","2025-10-31",12
"Albany County School District 1","2025-11-07",13
"Albany County School District 1","2025-11-14",15
"Albany County School District 1","2025-11-21",12
"Albany County School District 1","2025-11-28",11
"Albany County School District 1","2025-12-05",9
"Albany County School District 1","2025-12-12",10
"Albany County School District 1","2025-12-19",10
"Albany County School District 1","2025-12-26",9
"Albany County School District 1","2026-01-02",9
"Albany County School District 1","2026-01-09",12
"Albany County School District 1","2026-01-16",9
"Albany County School District 1","2026-01-23",8
"Albany County School District 1","2026-01-30",8
"Albany County School District 1","2026-02-06",9
"Albany County School District 1","2026-02-13",13
"Albany County School District 1","2026-02-20",13
"Albany County School District 1","2026-02-27",11
"Albany County School District 1","2026-03-06",16
"Albany County School District 1","2026-03-13",28
"Albany County School District 1","2026-03-20",32
"Albany County School District 1","2026-03-27",32
"Albany County School District 1","2026-04-03",26
"Albany County School District 1","2026-04-10",25
"Albany County School District 1","2026-04-17",26
"Albany County School District 1","2026-04-24",26
"Albany County School District 1","2026-05-01",20
"Albany County School District 1","2026-05-07",17
"Albany County School District 1","2026-05-08",17
"Albany County School District 1","2026-05-15",16
"Albany County School District 1","2026-05-22",23
"Albany County School District 1","2026-05-29",22
"Albany County School District 1","2026-06-05",28
"Albany County School District 1","2026-06-12",24
"Albany County School District 1","2026-06-19",22
"Albany County School District 1","2026-06-26",19
"Albany County School District 1","2026-07-03",20
"Albany County School District 1","2026-07-10",32
"Albany County School District 1","2026-07-17",32
"Albany County School District 1","2026-07-24",35
"Albany County School District 1","2026-07-31",30
"Albany County School District 1","2026-08-03",19
"Albany County School District 1","2026-08-04",19
"Big Horn School District 1","2024-08-09",36
"Big Horn School District 1","2024-08-16",14
"Big Horn School District 1","2024-08-23",12
"Big Horn School District 1","2024-08-30",11
"Big Horn School District 1","2024-09-06",11
"Big Horn School District 1","2024-09-13",10
"Big Horn School District 1","2024-09-20",10
"Big Horn School District 1","2024-09-27",11
"Big Horn School District 1","2024-10-04",11
"Big Horn School District 1","2024-10-11",12
"Big Horn School District 1","2024-10-18",11
"Big Horn School District 1","2024-10-25",10
"Big Horn School District 1","2024-11-01",9
"Big Horn School District 1","2024-11-08",9
"Big Horn School District 1","2024-11-15",8
"Big Horn School District 1","2024-11-22",7
"Big Horn School District 1","2024-11-29",6
"Big Horn School District 1","2024-12-06",6
"Big Horn School District 1","2024-12-13",6
"Big Horn School District 1","2024-12-20",6
"Big Horn School District 1","2024-12-27",6
"Big Horn School District 1","2025-01-03",6
"Big Horn School District 1","2025-01-10",6
"Big Horn School District 1","2025-01-17",8
"Big Horn School District 1","2025-01-24",9
"Big Horn School District 1","2025-01-31",9
"Big Horn School District 1","2025-02-07",9
"Big Horn School District 1","2025-02-14",8
"Big Horn School District 1","2025-02-21",10
"Big Horn School District 1","2025-02-28",13
"Big Horn School District 1","2025-03-07",16
"Big Horn School District 1","2025-03-14",16
"Big Horn School District 1","2025-03-21",18
"Big Horn School District 1","2025-03-28",19
"Big Horn School District 1","2025-04-04",22
"Big Horn School District 1","2025-04-11",25
"Big Horn School District 1","2025-04-18",24
"Big Horn School District 1","2025-04-25",32
"Big Horn School District 1","2025-05-02",28
"Big Horn School District 1","2025-05-09",24
"Big Horn School District 1","2025-05-16",22
"Big Horn School District 1","2025-05-23",21
"Big Horn School District 1","2025-05-30",21
"Big Horn School District 1","2025-06-06",21
"Big Horn School District 1","2025-06-13",17
"Big Horn School District 1","2025-06-20",16
"Big Horn School District 1","2025-06-27",16
"Big Horn School District 1","2025-07-04",15
"Big Horn School District 1","2025-07-11",14
"Big Horn School District 1","2025-07-18",14
"Big Horn School District 1","2025-07-25",12
"Big Horn School District 1","2025-08-01",12
"Big Horn School District 1","2025-08-08",10
"Big Horn School District 1","2025-08-15",10
"Big Horn School District 1","2025-08-22",11
"Big Horn School District 1","2025-08-29",10
"Big Horn School District 1","2025-09-05",11
"Big Horn School District 1","2025-09-12",11
"Big Horn School District 1","2025-09-19",10
"Big Horn School District 1","2025-09-26",10
"Big Horn School District 1","2025-10-03",10
"Big Horn School District 1","2025-10-10",9
"Big Horn School District 1","2025-10-17",9
"Big Horn School District 1","2025-10-24",9
"Big Horn School District 1","2025-10-31",9
"Big Horn School District 1","2025-11-07",8
"Big Horn School District 1","2025-11-14",8
"Big Horn School District 1","2025-11-21",8
"Big Horn School District 1","2025-11-28",8
"Big Horn School District 1","2025-12-05",8
"Big Horn School District 1","2025-12-12",8
"Big Horn School District 1","2025-12-19",9
"Big Horn School District 1","2025-12-26",9
"Big Horn School District 1","2026-01-02",9
"Big Horn School District 1","2026-01-09",8
"Big Horn School District 1","2026-01-16",8
"Big Horn School District 1","2026-01-23",8
"Big Horn School District 1","2026-01-30",8
"Big Horn School District 1","2026-02-06",8
"Big Horn School District 1","2026-02-13",8
"Big Horn School District 1","2026-02-20",9
"Big Horn School District 1","2026-02-27",11
"Big Horn School District 1","2026-03-06",12
"Big Horn School District 1","2026-03-13",12
"Big Horn School District 1","2026-03-20",15
"Big Horn School District 1","2026-03-27",17
"Big Horn School District 1","2026-04-03",17
"Big Horn School District 1","2026-04-10",20
"Big Horn School District 1","2026-04-17",20
"Big Horn School District 1","2026-04-24",21
"Big Horn School District 1","2026-05-01",19
"Big Horn School District 1","2026-05-07",20
"Big Horn School District 1","2026-05-08",20
"Big Horn School District 1","2026-05-15",18
"Big Horn School District 1","2026-05-22",18
"Big Horn School District 1","2026-05-29",14
"Big Horn School District 1","2026-06-05",13
"Big Horn School District 1","2026-06-12",13
"Big Horn School District 1","2026-06-19",13
"Big Horn School District 1","2026-06-26",13
"Big Horn School District 1","2026-07-03",14
"Big Horn School District 1","2026-07-10",15
"Big Horn School District 1","2026-07-17",13
"Big Horn School District 1","2026-07-24",13
"Big Horn School District 1","2026-07-31",13
"Big Horn School District 1","2026-08-03",13
"Big Horn School District 1","2026-08-04",13
"Big Horn School District 2","2024-08-09",9
"Big Horn School District 2","2024-08-16",5
"Big Horn School District 2","2024-08-23",5
"Big Horn School District 2","2024-08-30",4
"Big Horn School District 2","2024-09-06",4
"Big Horn School District 2","2024-09-13",4
"Big Horn School District 2","2024-09-20",4
"Big Horn School District 2","2024-09-27",4
"Big Horn School District 2","2024-10-04",4
"Big Horn School District 2","2024-10-11",4
"Big Horn School District 2","2024-10-18",5
"Big Horn School District 2","2024-10-25",5
"Big Horn School District 2","2024-11-01",6
"Big Horn School District 2","2024-11-08",3
"Big Horn School District 2","2024-11-15",3
"Big Horn School District 2","2024-11-22",4
"Big Horn School District 2","2024-11-29",4
"Big Horn School District 2","2024-12-06",3
"Big Horn School District 2","2024-12-13",3
"Big Horn School District 2","2024-12-20",3
"Big Horn School District 2","2024-12-27",3
"Big Horn School District 2","2025-01-03",3
"Big Horn School District 2","2025-01-10",2
"Big Horn School District 2","2025-01-17",2
"Big Horn School District 2","2025-01-24",2
"Big Horn School District 2","2025-01-31",2
"Big Horn School District 2","2025-02-07",2
"Big Horn School District 2","2025-02-14",2
"Big Horn School District 2","2025-02-21",3
"Big Horn School District 2","2025-02-28",4
"Big Horn School District 2","2025-03-07",4
"Big Horn School District 2","2025-03-14",6
"Big Horn School District 2","2025-03-21",6
"Big Horn School District 2","2025-03-28",6
"Big Horn School District 2","2025-04-04",9
"Big Horn School District 2","2025-04-11",9
"Big Horn School District 2","2025-04-18",11
"Big Horn School District 2","2025-04-25",13
"Big Horn School District 2","2025-05-02",9
"Big Horn School District 2","2025-05-09",7
"Big Horn School District 2","2025-05-16",5
"Big Horn School District 2","2025-05-23",6
"Big Horn School District 2","2025-05-30",6
"Big Horn School District 2","2025-06-06",6
"Big Horn School District 2","2025-06-13",3
"Big Horn School District 2","2025-06-20",4
"Big Horn School District 2","2025-06-27",4
"Big Horn School District 2","2025-07-04",4
"Big Horn School District 2","2025-07-11",5
"Big Horn School District 2","2025-07-18",5
"Big Horn School District 2","2025-07-25",5
"Big Horn School District 2","2025-08-01",5
"Big Horn School District 2","2025-08-08",5
"Big Horn School District 2","2025-08-15",5
"Big Horn School District 2","2025-08-22",5
"Big Horn School District 2","2025-08-29",5
"Big Horn School District 2","2025-09-05",4
"Big Horn School District 2","2025-09-12",4
"Big Horn School District 2","2025-09-19",6
"Big Horn School District 2","2025-09-26",6
"Big Horn School District 2","2025-10-03",5
"Big Horn School District 2","2025-10-10",4
"Big Horn School District 2","2025-10-17",4
"Big Horn School District 2","2025-10-24",6
"Big Horn School District 2","2025-10-31",6
"Big Horn School District 2","2025-11-07",4
"Big Horn School District 2","2025-11-14",4
"Big Horn School District 2","2025-11-21",4
"Big Horn School District 2","2025-11-28",4
"Big Horn School District 2","2025-12-05",3
"Big Horn School District 2","2025-12-12",3
"Big Horn School District 2","2025-12-19",3
"Big Horn School District 2","2025-12-26",3
"Big Horn School District 2","2026-01-02",4
"Big Horn School District 2","2026-01-09",4
"Big Horn School District 2","2026-01-16",4
"Big Horn School District 2","2026-01-23",3
"Big Horn School District 2","2026-01-30",4
"Big Horn School District 2","2026-02-06",3
"Big Horn School District 2","2026-02-13",3
"Big Horn School District 2","2026-02-20",3
"Big Horn School District 2","2026-02-27",4
"Big Horn School District 2","2026-03-06",5
"Big Horn School District 2","2026-03-13",5
"Big Horn School District 2","2026-03-20",5
"Big Horn School District 2","2026-03-27",5
"Big Horn School District 2","2026-04-03",5
"Big Horn School District 2","2026-04-10",4
"Big Horn School District 2","2026-04-17",4
"Big Horn School District 2","2026-04-24",6
"Big Horn School District 2","2026-05-01",6
"Big Horn School District 2","2026-05-07",4
"Big Horn School District 2","2026-05-08",4
"Big Horn School District 2","2026-05-15",5
"Big Horn School District 2","2026-05-22",4
"Big Horn School District 2","2026-05-29",4
"Big Horn School District 2","2026-06-05",5
"Big Horn School District 2","2026-06-12",5
"Big Horn School District 2","2026-06-19",4
"Big Horn School District 2","2026-06-26",4
"Big Horn School District 2","2026-07-03",4
"Big Horn School District 2","2026-07-10",4
"Big Horn School District 2","2026-07-17",4
"Big Horn School District 2","2026-07-24",4
"Big Horn School District 2","2026-07-31",4
"Big Horn School District 2","2026-08-03",4
"Big Horn School District 2","2026-08-04",5
"Big Horn School District 3","2024-08-09",12
"Big Horn School District 3","2024-08-16",6
"Big Horn School District 3","2024-08-23",6
"Big Horn School District 3","2024-08-30",6
"Big Horn School District 3","2024-09-06",5
"Big Horn School District 3","2024-09-13",5
"Big Horn School District 3","2024-09-20",6
"Big Horn School District 3","2024-09-27",5
"Big Horn School District 3","2024-10-04",5
"Big Horn School District 3","2024-10-11",5
"Big Horn School District 3","2024-10-18",5
"Big Horn School District 3","2024-10-25",5
"Big Horn School District 3","2024-11-01",5
"Big Horn School District 3","2024-11-08",5
"Big Horn School District 3","2024-11-15",5
"Big Horn School District 3","2024-11-22",5
"Big Horn School District 3","2024-11-29",5
"Big Horn School District 3","2024-12-06",5
"Big Horn School District 3","2024-12-13",5
"Big Horn School District 3","2024-12-20",8
"Big Horn School District 3","2024-12-27",8
"Big Horn School District 3","2025-01-03",8
"Big Horn School District 3","2025-01-10",8
"Big Horn School District 3","2025-01-17",6
"Big Horn School District 3","2025-01-24",6
"Big Horn School District 3","2025-01-31",8
"Big Horn School District 3","2025-02-07",7
"Big Horn School District 3","2025-02-14",6
"Big Horn School District 3","2025-02-21",6
"Big Horn School District 3","2025-02-28",5
"Big Horn School District 3","2025-03-07",6
"Big Horn School District 3","2025-03-14",10
"Big Horn School District 3","2025-03-21",10
"Big Horn School District 3","2025-03-28",9
"Big Horn School District 3","2025-04-04",8
"Big Horn School District 3","2025-04-11",8
"Big Horn School District 3","2025-04-18",11
"Big Horn School District 3","2025-04-25",11
"Big Horn School District 3","2025-05-02",5
"Big Horn School District 3","2025-05-09",5
"Big Horn School District 3","2025-05-16",5
"Big Horn School District 3","2025-05-23",5
"Big Horn School District 3","2025-05-30",5
"Big Horn School District 3","2025-06-06",7
"Big Horn School District 3","2025-06-13",9
"Big Horn School District 3","2025-06-20",9
"Big Horn School District 3","2025-06-27",8
"Big Horn School District 3","2025-07-04",7
"Big Horn School District 3","2025-07-11",7
"Big Horn School District 3","2025-07-18",7
"Big Horn School District 3","2025-07-25",7
"Big Horn School District 3","2025-08-01",6
"Big Horn School District 3","2025-08-08",5
"Big Horn School District 3","2025-08-15",5
"Big Horn School District 3","2025-08-22",7
"Big Horn School District 3","2025-08-29",7
"Big Horn School District 3","2025-09-05",6
"Big Horn School District 3","2025-09-12",6
"Big Horn School District 3","2025-09-19",6
"Big Horn School District 3","2025-09-26",6
"Big Horn School District 3","2025-10-03",6
"Big Horn School District 3","2025-10-10",6
"Big Horn School District 3","2025-10-17",6
"Big Horn School District 3","2025-10-24",6
"Big Horn School District 3","2025-10-31",6
"Big Horn School District 3","2025-11-07",4
"Big Horn School District 3","2025-11-14",5
"Big Horn School District 3","2025-11-21",5
"Big Horn School District 3","2025-11-28",5
"Big Horn School District 3","2025-12-05",3
"Big Horn School District 3","2025-12-12",3
"Big Horn School District 3","2025-12-19",3
"Big Horn School District 3","2025-12-26",3
"Big Horn School District 3","2026-01-02",3
"Big Horn School District 3","2026-01-09",3
"Big Horn School District 3","2026-01-16",3
"Big Horn School District 3","2026-01-23",3
"Big Horn School District 3","2026-01-30",3
"Big Horn School District 3","2026-02-06",2
"Big Horn School District 3","2026-02-13",5
"Big Horn School District 3","2026-02-20",6
"Big Horn School District 3","2026-02-27",6
"Big Horn School District 3","2026-03-06",7
"Big Horn School District 3","2026-03-13",6
"Big Horn School District 3","2026-03-20",5
"Big Horn School District 3","2026-03-27",4
"Big Horn School District 3","2026-04-03",4
"Big Horn School District 3","2026-04-10",4
"Big Horn School District 3","2026-04-17",3
"Big Horn School District 3","2026-04-24",3
"Big Horn School District 3","2026-05-01",3
"Big Horn School District 3","2026-05-07",3
"Big Horn School District 3","2026-05-08",3
"Big Horn School District 3","2026-05-15",3
"Big Horn School District 3","2026-05-22",4
"Big Horn School District 3","2026-05-29",4
"Big Horn School District 3","2026-06-05",4
"Big Horn School District 3","2026-06-12",4
"Big Horn School District 3","2026-06-19",4
"Big Horn School District 3","2026-06-26",4
"Big Horn School District 3","2026-07-03",3
"Big Horn School District 3","2026-07-10",3
"Big Horn School District 3","2026-07-17",4
"Big Horn School District 3","2026-07-24",5
"Big Horn School District 3","2026-07-31",3
"Big Horn School District 3","2026-08-03",3
"Big Horn School District 3","2026-08-04",4
"Big Horn School District 4","2024-08-09",6
"Big Horn School District 4","2024-08-16",3
"Big Horn School District 4","2024-08-23",3
"Big Horn School District 4","2024-08-30",3
"Big Horn School District 4","2024-09-06",2
"Big Horn School District 4","2024-09-13",2
"Big Horn School District 4","2024-09-20",2
"Big Horn School District 4","2024-09-27",2
"Big Horn School District 4","2024-10-04",2
"Big Horn School District 4","2024-10-11",2
"Big Horn School District 4","2024-10-18",2
"Big Horn School District 4","2024-10-25",2
"Big Horn School District 4","2024-11-01",2
"Big Horn School District 4","2024-11-08",2
"Big Horn School District 4","2024-11-15",2
"Big Horn School District 4","2024-11-22",2
"Big Horn School District 4","2024-11-29",2
"Big Horn School District 4","2024-12-06",2
"Big Horn School District 4","2024-12-13",3
"Big Horn School District 4","2024-12-20",3
"Big Horn School District 4","2024-12-27",3
"Big Horn School District 4","2025-01-03",3
"Big Horn School District 4","2025-01-10",2
"Big Horn School District 4","2025-01-17",2
"Big Horn School District 4","2025-01-24",3
"Big Horn School District 4","2025-01-31",3
"Big Horn School District 4","2025-02-07",3
"Big Horn School District 4","2025-02-14",12
"Big Horn School District 4","2025-02-21",12
"Big Horn School District 4","2025-02-28",15
"Big Horn School District 4","2025-03-07",14
"Big Horn School District 4","2025-03-14",14
"Big Horn School District 4","2025-03-21",14
"Big Horn School District 4","2025-03-28",12
"Big Horn School District 4","2025-04-04",8
"Big Horn School District 4","2025-04-11",10
"Big Horn School District 4","2025-04-18",10
"Big Horn School District 4","2025-04-25",9
"Big Horn School District 4","2025-05-02",9
"Big Horn School District 4","2025-05-09",9
"Big Horn School District 4","2025-05-16",11
"Big Horn School District 4","2025-05-23",11
"Big Horn School District 4","2025-05-30",11
"Big Horn School District 4","2025-06-06",10
"Big Horn School District 4","2025-06-13",8
"Big Horn School District 4","2025-06-20",8
"Big Horn School District 4","2025-06-27",8
"Big Horn School District 4","2025-07-04",8
"Big Horn School District 4","2025-07-11",8
"Big Horn School District 4","2025-07-18",8
"Big Horn School District 4","2025-07-25",9
"Big Horn School District 4","2025-08-01",9
"Big Horn School District 4","2025-08-08",5
"Big Horn School District 4","2025-08-15",5
"Big Horn School District 4","2025-08-22",5
"Big Horn School District 4","2025-08-29",5
"Big Horn School District 4","2025-09-05",5
"Big Horn School District 4","2025-09-12",5
"Big Horn School District 4","2025-09-19",5
"Big Horn School District 4","2025-09-26",4
"Big Horn School District 4","2025-10-03",4
"Big Horn School District 4","2025-10-10",4
"Big Horn School District 4","2025-10-17",5
"Big Horn School District 4","2025-10-24",5
"Big Horn School District 4","2025-10-31",4
"Big Horn School District 4","2025-11-07",4
"Big Horn School District 4","2025-11-14",4
"Big Horn School District 4","2025-11-21",4
"Big Horn School District 4","2025-11-28",4
"Big Horn School District 4","2025-12-05",4
"Big Horn School District 4","2025-12-12",4
"Big Horn School District 4","2025-12-19",4
"Big Horn School District 4","2025-12-26",4
"Big Horn School District 4","2026-01-02",4
"Big Horn School District 4","2026-01-09",4
"Big Horn School District 4","2026-01-16",5
"Big Horn School District 4","2026-01-23",5
"Big Horn School District 4","2026-01-30",5
"Big Horn School District 4","2026-02-06",5
"Big Horn School District 4","2026-02-13",6
"Big Horn School District 4","2026-02-20",6
"Big Horn School District 4","2026-02-27",6
"Big Horn School District 4","2026-03-06",6
"Big Horn School District 4","2026-03-13",6
"Big Horn School District 4","2026-03-20",6
"Big Horn School District 4","2026-03-27",6
"Big Horn School District 4","2026-04-03",6
"Big Horn School District 4","2026-04-10",4
"Big Horn School District 4","2026-04-17",5
"Big Horn School District 4","2026-04-24",6
"Big Horn School District 4","2026-05-01",6
"Big Horn School District 4","2026-05-07",6
"Big Horn School District 4","2026-05-08",6
"Big Horn School District 4","2026-05-15",5
"Big Horn School District 4","2026-05-22",5
"Big Horn School District 4","2026-05-29",5
"Big Horn School District 4","2026-06-05",7
"Big Horn School District 4","2026-06-12",8
"Big Horn School District 4","2026-06-19",8
"Big Horn School District 4","2026-06-26",7
"Big Horn School District 4","2026-07-03",7
"Big Horn School District 4","2026-07-10",7
"Big Horn School District 4","2026-07-17",7
"Big Horn School District 4","2026-07-24",4
"Big Horn School District 4","2026-07-31",4
"Big Horn School District 4","2026-08-03",4
"Big Horn School District 4","2026-08-04",4
"Campbell County School District 1","2024-08-09",100
"Campbell County School District 1","2024-08-16",50
"Campbell County School District 1","2024-08-23",30
"Campbell County School District 1","2024-08-30",39
"Campbell County School District 1","2024-09-06",36
"Campbell County School District 1","2024-09-13",30
"Campbell County School District 1","2024-09-20",32
"Campbell County School District 1","2024-09-27",34
"Campbell County School District 1","2024-10-04",31
"Campbell County School District 1","2024-10-11",32
"Campbell County School District 1","2024-10-18",27
"Campbell County School District 1","2024-10-25",26
"Campbell County School District 1","2024-11-01",24
"Campbell County School District 1","2024-11-08",22
"Campbell County School District 1","2024-11-15",24
"Campbell County School District 1","2024-11-22",21
"Campbell County School District 1","2024-11-29",22
"Campbell County School District 1","2024-12-06",21
"Campbell County School District 1","2024-12-13",24
"Campbell County School District 1","2024-12-20",30
"Campbell County School District 1","2024-12-27",30
"Campbell County School District 1","2025-01-03",27
"Campbell County School District 1","2025-01-10",29
"Campbell County School District 1","2025-01-17",33
"Campbell County School District 1","2025-01-24",35
"Campbell County School District 1","2025-01-31",35
"Campbell County School District 1","2025-02-07",41
"Campbell County School District 1","2025-02-14",45
"Campbell County School District 1","2025-02-21",64
"Campbell County School District 1","2025-02-28",54
"Campbell County School District 1","2025-03-07",50
"Campbell County School District 1","2025-03-14",59
"Campbell County School District 1","2025-03-21",58
"Campbell County School District 1","2025-03-28",48
"Campbell County School District 1","2025-04-04",62
"Campbell County School District 1","2025-04-11",60
"Campbell County School District 1","2025-04-18",57
"Campbell County School District 1","2025-04-25",56
"Campbell County School District 1","2025-05-02",58
"Campbell County School District 1","2025-05-09",58
"Campbell County School District 1","2025-05-16",56
"Campbell County School District 1","2025-05-23",45
"Campbell County School District 1","2025-05-30",46
"Campbell County School District 1","2025-06-06",40
"Campbell County School District 1","2025-06-13",74
"Campbell County School District 1","2025-06-20",36
"Campbell County School District 1","2025-06-27",78
"Campbell County School District 1","2025-07-04",50
"Campbell County School District 1","2025-07-11",55
"Campbell County School District 1","2025-07-18",58
"Campbell County School District 1","2025-07-25",66
"Campbell County School District 1","2025-08-01",110
"Campbell County School District 1","2025-08-08",61
"Campbell County School District 1","2025-08-15",54
"Campbell County School District 1","2025-08-22",80
"Campbell County School District 1","2025-08-29",47
"Campbell County School District 1","2025-09-05",35
"Campbell County School District 1","2025-09-12",35
"Campbell County School District 1","2025-09-19",37
"Campbell County School District 1","2025-09-26",74
"Campbell County School District 1","2025-10-03",37
"Campbell County School District 1","2025-10-10",40
"Campbell County School District 1","2025-10-17",27
"Campbell County School District 1","2025-10-24",30
"Campbell County School District 1","2025-10-31",34
"Campbell County School District 1","2025-11-07",35
"Campbell County School District 1","2025-11-14",32
"Campbell County School District 1","2025-11-21",31
"Campbell County School District 1","2025-11-28",27
"Campbell County School District 1","2025-12-05",28
"Campbell County School District 1","2025-12-12",26
"Campbell County School District 1","2025-12-19",33
"Campbell County School District 1","2025-12-26",64
"Campbell County School District 1","2026-01-02",30
"Campbell County School District 1","2026-01-09",30
"Campbell County School District 1","2026-01-16",38
"Campbell County School District 1","2026-01-23",34
"Campbell County School District 1","2026-01-30",42
"Campbell County School District 1","2026-02-06",42
"Campbell County School District 1","2026-02-13",39
"Campbell County School District 1","2026-02-20",48
"Campbell County School District 1","2026-02-27",50
"Campbell County School District 1","2026-03-06",43
"Campbell County School District 1","2026-03-13",45
"Campbell County School District 1","2026-03-20",46
"Campbell County School District 1","2026-03-27",49
"Campbell County School District 1","2026-04-03",50
"Campbell County School District 1","2026-04-10",50
"Campbell County School District 1","2026-04-17",40
"Campbell County School District 1","2026-04-24",41
"Campbell County School District 1","2026-05-01",50
"Campbell County School District 1","2026-05-07",53
"Campbell County School District 1","2026-05-08",53
"Campbell County School District 1","2026-05-15",32
"Campbell County School District 1","2026-05-22",30
"Campbell County School District 1","2026-05-29",37
"Campbell County School District 1","2026-06-05",37
"Campbell County School District 1","2026-06-12",30
"Campbell County School District 1","2026-06-19",24
"Campbell County School District 1","2026-06-26",24
"Campbell County School District 1","2026-07-03",38
"Campbell County School District 1","2026-07-10",48
"Campbell County School District 1","2026-07-17",40
"Campbell County School District 1","2026-07-24",53
"Campbell County School District 1","2026-07-31",53
"Campbell County School District 1","2026-08-03",57
"Campbell County School District 1","2026-08-04",56
"Carbon County School District 1","2024-08-09",58
"Carbon County School District 1","2024-08-16",29
"Carbon County School District 1","2024-08-23",26
"Carbon County School District 1","2024-08-30",26
"Carbon County School District 1","2024-09-06",26
"Carbon County School District 1","2024-09-13",26
"Carbon County School District 1","2024-09-20",26
"Carbon County School District 1","2024-09-27",26
"Carbon County School District 1","2024-10-04",27
"Carbon County School District 1","2024-10-11",27
"Carbon County School District 1","2024-10-18",27
"Carbon County School District 1","2024-10-25",28
"Carbon County School District 1","2024-11-01",31
"Carbon County School District 1","2024-11-08",31
"Carbon County School District 1","2024-11-15",33
"Carbon County School District 1","2024-11-22",34
"Carbon County School District 1","2024-11-29",33
"Carbon County School District 1","2024-12-06",31
"Carbon County School District 1","2024-12-13",33
"Carbon County School District 1","2024-12-20",33
"Carbon County School District 1","2024-12-27",33
"Carbon County School District 1","2025-01-03",34
"Carbon County School District 1","2025-01-10",33
"Carbon County School District 1","2025-01-17",34
"Carbon County School District 1","2025-01-24",35
"Carbon County School District 1","2025-01-31",35
"Carbon County School District 1","2025-02-07",36
"Carbon County School District 1","2025-02-14",40
"Carbon County School District 1","2025-02-21",40
"Carbon County School District 1","2025-02-28",40
"Carbon County School District 1","2025-03-07",34
"Carbon County School District 1","2025-03-14",34
"Carbon County School District 1","2025-03-21",36
"Carbon County School District 1","2025-03-28",37
"Carbon County School District 1","2025-04-04",35
"Carbon County School District 1","2025-04-11",34
"Carbon County School District 1","2025-04-18",36
"Carbon County School District 1","2025-04-25",35
"Carbon County School District 1","2025-05-02",38
"Carbon County School District 1","2025-05-09",43
"Carbon County School District 1","2025-05-16",43
"Carbon County School District 1","2025-05-23",33
"Carbon County School District 1","2025-05-30",33
"Carbon County School District 1","2025-06-06",31
"Carbon County School District 1","2025-06-13",32
"Carbon County School District 1","2025-06-20",35
"Carbon County School District 1","2025-06-27",34
"Carbon County School District 1","2025-07-04",31
"Carbon County School District 1","2025-07-11",29
"Carbon County School District 1","2025-07-18",28
"Carbon County School District 1","2025-07-25",29
"Carbon County School District 1","2025-08-01",30
"Carbon County School District 1","2025-08-08",27
"Carbon County School District 1","2025-08-15",27
"Carbon County School District 1","2025-08-22",24
"Carbon County School District 1","2025-08-29",22
"Carbon County School District 1","2025-09-05",22
"Carbon County School District 1","2025-09-12",21
"Carbon County School District 1","2025-09-19",19
"Carbon County School District 1","2025-09-26",19
"Carbon County School District 1","2025-10-03",16
"Carbon County School District 1","2025-10-10",17
"Carbon County School District 1","2025-10-17",16
"Carbon County School District 1","2025-10-24",16
"Carbon County School District 1","2025-10-31",18
"Carbon County School District 1","2025-11-07",18
"Carbon County School District 1","2025-11-14",19
"Carbon County School District 1","2025-11-21",19
"Carbon County School District 1","2025-11-28",19
"Carbon County School District 1","2025-12-05",19
"Carbon County School District 1","2025-12-12",20
"Carbon County School District 1","2025-12-19",18
"Carbon County School District 1","2025-12-26",18
"Carbon County School District 1","2026-01-02",18
"Carbon County School District 1","2026-01-09",17
"Carbon County School District 1","2026-01-16",18
"Carbon County School District 1","2026-01-23",21
"Carbon County School District 1","2026-01-30",21
"Carbon County School District 1","2026-02-06",21
"Carbon County School District 1","2026-02-13",21
"Carbon County School District 1","2026-02-20",23
"Carbon County School District 1","2026-02-27",24
"Carbon County School District 1","2026-03-06",16
"Carbon County School District 1","2026-03-13",18
"Carbon County School District 1","2026-03-20",16
"Carbon County School District 1","2026-03-27",14
"Carbon County School District 1","2026-04-03",15
"Carbon County School District 1","2026-04-10",17
"Carbon County School District 1","2026-04-17",16
"Carbon County School District 1","2026-04-24",19
"Carbon County School District 1","2026-05-01",24
"Carbon County School District 1","2026-05-07",24
"Carbon County School District 1","2026-05-08",24
"Carbon County School District 1","2026-05-15",22
"Carbon County School District 1","2026-05-22",22
"Carbon County School District 1","2026-05-29",23
"Carbon County School District 1","2026-06-05",18
"Carbon County School District 1","2026-06-12",16
"Carbon County School District 1","2026-06-19",18
"Carbon County School District 1","2026-06-26",18
"Carbon County School District 1","2026-07-03",18
"Carbon County School District 1","2026-07-10",20
"Carbon County School District 1","2026-07-17",19
"Carbon County School District 1","2026-07-24",20
"Carbon County School District 1","2026-07-31",18
"Carbon County School District 1","2026-08-03",18
"Carbon County School District 1","2026-08-04",18
"Carbon County School District 2","2024-08-09",46
"Carbon County School District 2","2024-08-16",19
"Carbon County School District 2","2024-08-23",18
"Carbon County School District 2","2024-08-30",15
"Carbon County School District 2","2024-09-06",15
"Carbon County School District 2","2024-09-13",14
"Carbon County School District 2","2024-09-20",15
"Carbon County School District 2","2024-09-27",18
"Carbon County School District 2","2024-10-04",19
"Carbon County School District 2","2024-10-11",19
"Carbon County School District 2","2024-10-18",14
"Carbon County School District 2","2024-10-25",14
"Carbon County School District 2","2024-11-01",14
"Carbon County School District 2","2024-11-08",11
"Carbon County School District 2","2024-11-15",11
"Carbon County School District 2","2024-11-22",11
"Carbon County School District 2","2024-11-29",11
"Carbon County School District 2","2024-12-06",11
"Carbon County School District 2","2024-12-13",14
"Carbon County School District 2","2024-12-20",15
"Carbon County School District 2","2024-12-27",15
"Carbon County School District 2","2025-01-03",15
"Carbon County School District 2","2025-01-10",16
"Carbon County School District 2","2025-01-17",14
"Carbon County School District 2","2025-01-24",15
"Carbon County School District 2","2025-01-31",14
"Carbon County School District 2","2025-02-07",14
"Carbon County School District 2","2025-02-14",13
"Carbon County School District 2","2025-02-21",13
"Carbon County School District 2","2025-02-28",16
"Carbon County School District 2","2025-03-07",14
"Carbon County School District 2","2025-03-14",25
"Carbon County School District 2","2025-03-21",26
"Carbon County School District 2","2025-03-28",24
"Carbon County School District 2","2025-04-04",24
"Carbon County School District 2","2025-04-11",25
"Carbon County School District 2","2025-04-18",23
"Carbon County School District 2","2025-04-25",25
"Carbon County School District 2","2025-05-02",27
"Carbon County School District 2","2025-05-09",29
"Carbon County School District 2","2025-05-16",27
"Carbon County School District 2","2025-05-23",27
"Carbon County School District 2","2025-05-30",28
"Carbon County School District 2","2025-06-06",27
"Carbon County School District 2","2025-06-13",29
"Carbon County School District 2","2025-06-20",27
"Carbon County School District 2","2025-06-27",27
"Carbon County School District 2","2025-07-04",28
"Carbon County School District 2","2025-07-11",28
"Carbon County School District 2","2025-07-18",30
"Carbon County School District 2","2025-07-25",30
"Carbon County School District 2","2025-08-01",25
"Carbon County School District 2","2025-08-08",23
"Carbon County School District 2","2025-08-15",23
"Carbon County School District 2","2025-08-22",25
"Carbon County School District 2","2025-08-29",25
"Carbon County School District 2","2025-09-05",26
"Carbon County School District 2","2025-09-12",19
"Carbon County School District 2","2025-09-19",19
"Carbon County School District 2","2025-09-26",19
"Carbon County School District 2","2025-10-03",19
"Carbon County School District 2","2025-10-10",18
"Carbon County School District 2","2025-10-17",20
"Carbon County School District 2","2025-10-24",21
"Carbon County School District 2","2025-10-31",20
"Carbon County School District 2","2025-11-07",20
"Carbon County School District 2","2025-11-14",20
"Carbon County School District 2","2025-11-21",20
"Carbon County School District 2","2025-11-28",19
"Carbon County School District 2","2025-12-05",18
"Carbon County School District 2","2025-12-12",15
"Carbon County School District 2","2025-12-19",15
"Carbon County School District 2","2025-12-26",15
"Carbon County School District 2","2026-01-02",15
"Carbon County School District 2","2026-01-09",17
"Carbon County School District 2","2026-01-16",17
"Carbon County School District 2","2026-01-23",18
"Carbon County School District 2","2026-01-30",17
"Carbon County School District 2","2026-02-06",20
"Carbon County School District 2","2026-02-13",17
"Carbon County School District 2","2026-02-20",17
"Carbon County School District 2","2026-02-27",18
"Carbon County School District 2","2026-03-06",19
"Carbon County School District 2","2026-03-13",26
"Carbon County School District 2","2026-03-20",24
"Carbon County School District 2","2026-03-27",24
"Carbon County School District 2","2026-04-03",24
"Carbon County School District 2","2026-04-10",25
"Carbon County School District 2","2026-04-17",24
"Carbon County School District 2","2026-04-24",24
"Carbon County School District 2","2026-05-01",24
"Carbon County School District 2","2026-05-07",25
"Carbon County School District 2","2026-05-08",25
"Carbon County School District 2","2026-05-15",25
"Carbon County School District 2","2026-05-22",25
"Carbon County School District 2","2026-05-29",26
"Carbon County School District 2","2026-06-05",25
"Carbon County School District 2","2026-06-12",25
"Carbon County School District 2","2026-06-19",25
"Carbon County School District 2","2026-06-26",25
"Carbon County School District 2","2026-07-03",22
"Carbon County School District 2","2026-07-10",23
"Carbon County School District 2","2026-07-17",22
"Carbon County School District 2","2026-07-24",21
"Carbon County School District 2","2026-07-31",21
"Carbon County School District 2","2026-08-03",21
"Carbon County School District 2","2026-08-04",22
"Converse County School District 1","2024-08-09",28
"Converse County School District 1","2024-08-16",14
"Converse County School District 1","2024-08-23",16
"Converse County School District 1","2024-08-30",15
"Converse County School District 1","2024-09-06",14
"Converse County School District 1","2024-09-13",13
"Converse County School District 1","2024-09-20",13
"Converse County School District 1","2024-09-27",13
"Converse County School District 1","2024-10-04",18
"Converse County School District 1","2024-10-11",16
"Converse County School District 1","2024-10-18",15
"Converse County School District 1","2024-10-25",12
"Converse County School District 1","2024-11-01",12
"Converse County School District 1","2024-11-08",10
"Converse County School District 1","2024-11-15",10
"Converse County School District 1","2024-11-22",10
"Converse County School District 1","2024-11-29",11
"Converse County School District 1","2024-12-06",11
"Converse County School District 1","2024-12-13",11
"Converse County School District 1","2024-12-20",11
"Converse County School District 1","2024-12-27",11
"Converse County School District 1","2025-01-03",11
"Converse County School District 1","2025-01-10",11
"Converse County School District 1","2025-01-17",10
"Converse County School District 1","2025-01-24",13
"Converse County School District 1","2025-01-31",13
"Converse County School District 1","2025-02-07",17
"Converse County School District 1","2025-02-14",17
"Converse County School District 1","2025-02-21",21
"Converse County School District 1","2025-02-28",17
"Converse County School District 1","2025-03-07",17
"Converse County School District 1","2025-03-14",18
"Converse County School District 1","2025-03-21",19
"Converse County School District 1","2025-03-28",17
"Converse County School District 1","2025-04-04",20
"Converse County School District 1","2025-04-11",17
"Converse County School District 1","2025-04-18",14
"Converse County School District 1","2025-04-25",17
"Converse County School District 1","2025-05-02",16
"Converse County School District 1","2025-05-09",14
"Converse County School District 1","2025-05-16",15
"Converse County School District 1","2025-05-23",8
"Converse County School District 1","2025-05-30",7
"Converse County School District 1","2025-06-06",6
"Converse County School District 1","2025-06-13",6
"Converse County School District 1","2025-06-20",6
"Converse County School District 1","2025-06-27",4
"Converse County School District 1","2025-07-04",4
"Converse County School District 1","2025-07-11",5
"Converse County School District 1","2025-07-18",6
"Converse County School District 1","2025-07-25",5
"Converse County School District 1","2025-08-01",15
"Converse County School District 1","2025-08-08",11
"Converse County School District 1","2025-08-15",11
"Converse County School District 1","2025-08-22",13
"Converse County School District 1","2025-08-29",12
"Converse County School District 1","2025-09-05",11
"Converse County School District 1","2025-09-12",10
"Converse County School District 1","2025-09-19",9
"Converse County School District 1","2025-09-26",11
"Converse County School District 1","2025-10-03",13
"Converse County School District 1","2025-10-10",13
"Converse County School District 1","2025-10-17",13
"Converse County School District 1","2025-10-24",13
"Converse County School District 1","2025-10-31",12
"Converse County School District 1","2025-11-07",12
"Converse County School District 1","2025-11-14",12
"Converse County School District 1","2025-11-21",16
"Converse County School District 1","2025-11-28",16
"Converse County School District 1","2025-12-05",18
"Converse County School District 1","2025-12-12",15
"Converse County School District 1","2025-12-19",18
"Converse County School District 1","2025-12-26",18
"Converse County School District 1","2026-01-02",18
"Converse County School District 1","2026-01-09",17
"Converse County School District 1","2026-01-16",20
"Converse County School District 1","2026-01-23",18
"Converse County School District 1","2026-01-30",19
"Converse County School District 1","2026-02-06",17
"Converse County School District 1","2026-02-13",19
"Converse County School District 1","2026-02-20",17
"Converse County School District 1","2026-02-27",18
"Converse County School District 1","2026-03-06",16
"Converse County School District 1","2026-03-13",16
"Converse County School District 1","2026-03-20",16
"Converse County School District 1","2026-03-27",22
"Converse County School District 1","2026-04-03",23
"Converse County School District 1","2026-04-10",24
"Converse County School District 1","2026-04-17",24
"Converse County School District 1","2026-04-24",25
"Converse County School District 1","2026-05-01",27
"Converse County School District 1","2026-05-07",26
"Converse County School District 1","2026-05-08",26
"Converse County School District 1","2026-05-15",25
"Converse County School District 1","2026-05-22",25
"Converse County School District 1","2026-05-29",17
"Converse County School District 1","2026-06-05",21
"Converse County School District 1","2026-06-12",1
"Converse County School District 1","2026-06-19",14
"Converse County School District 1","2026-06-26",13
"Converse County School District 1","2026-07-03",15
"Converse County School District 1","2026-07-10",14
"Converse County School District 1","2026-07-17",11
"Converse County School District 1","2026-07-24",11
"Converse County School District 1","2026-07-31",10
"Converse County School District 1","2026-08-03",10
"Converse County School District 1","2026-08-04",9
"Converse County School District 2","2024-08-09",24
"Converse County School District 2","2024-08-16",12
"Converse County School District 2","2024-08-23",12
"Converse County School District 2","2024-08-30",10
"Converse County School District 2","2024-09-06",8
"Converse County School District 2","2024-09-13",8
"Converse County School District 2","2024-09-20",6
"Converse County School District 2","2024-09-27",6
"Converse County School District 2","2024-10-04",6
"Converse County School District 2","2024-10-11",8
"Converse County School District 2","2024-10-18",9
"Converse County School District 2","2024-10-25",9
"Converse County School District 2","2024-11-01",9
"Converse County School District 2","2024-11-08",10
"Converse County School District 2","2024-11-15",9
"Converse County School District 2","2024-11-22",10
"Converse County School District 2","2024-11-29",8
"Converse County School District 2","2024-12-06",8
"Converse County School District 2","2024-12-13",9
"Converse County School District 2","2024-12-20",9
"Converse County School District 2","2024-12-27",9
"Converse County School District 2","2025-01-03",9
"Converse County School District 2","2025-01-10",11
"Converse County School District 2","2025-01-17",12
"Converse County School District 2","2025-01-24",12
"Converse County School District 2","2025-01-31",12
"Converse County School District 2","2025-02-07",11
"Converse County School District 2","2025-02-14",11
"Converse County School District 2","2025-02-21",11
"Converse County School District 2","2025-02-28",14
"Converse County School District 2","2025-03-07",14
"Converse County School District 2","2025-03-14",14
"Converse County School District 2","2025-03-21",14
"Converse County School District 2","2025-03-28",12
"Converse County School District 2","2025-04-04",10
"Converse County School District 2","2025-04-11",10
"Converse County School District 2","2025-04-18",8
"Converse County School District 2","2025-04-25",9
"Converse County School District 2","2025-05-02",9
"Converse County School District 2","2025-05-09",11
"Converse County School District 2","2025-05-16",12
"Converse County School District 2","2025-05-23",13
"Converse County School District 2","2025-05-30",12
"Converse County School District 2","2025-06-06",15
"Converse County School District 2","2025-06-13",15
"Converse County School District 2","2025-06-20",15
"Converse County School District 2","2025-06-27",15
"Converse County School District 2","2025-07-04",14
"Converse County School District 2","2025-07-11",14
"Converse County School District 2","2025-07-18",15
"Converse County School District 2","2025-07-25",16
"Converse County School District 2","2025-08-01",15
"Converse County School District 2","2025-08-08",15
"Converse County School District 2","2025-08-15",15
"Converse County School District 2","2025-08-22",14
"Converse County School District 2","2025-08-29",13
"Converse County School District 2","2025-09-05",12
"Converse County School District 2","2025-09-12",12
"Converse County School District 2","2025-09-19",11
"Converse County School District 2","2025-09-26",12
"Converse County School District 2","2025-10-03",11
"Converse County School District 2","2025-10-10",10
"Converse County School District 2","2025-10-17",10
"Converse County School District 2","2025-10-24",10
"Converse County School District 2","2025-10-31",11
"Converse County School District 2","2025-11-07",10
"Converse County School District 2","2025-11-14",8
"Converse County School District 2","2025-11-21",5
"Converse County School District 2","2025-11-28",5
"Converse County School District 2","2025-12-05",6
"Converse County School District 2","2025-12-12",7
"Converse County School District 2","2025-12-19",6
"Converse County School District 2","2025-12-26",7
"Converse County School District 2","2026-01-02",7
"Converse County School District 2","2026-01-09",7
"Converse County School District 2","2026-01-16",8
"Converse County School District 2","2026-01-23",7
"Converse County School District 2","2026-01-30",7
"Converse County School District 2","2026-02-06",7
"Converse County School District 2","2026-02-13",10
"Converse County School District 2","2026-02-20",12
"Converse County School District 2","2026-02-27",15
"Converse County School District 2","2026-03-06",15
"Converse County School District 2","2026-03-13",16
"Converse County School District 2","2026-03-20",16
"Converse County School District 2","2026-03-27",16
"Converse County School District 2","2026-04-03",18
"Converse County School District 2","2026-04-10",16
"Converse County School District 2","2026-04-17",15
"Converse County School District 2","2026-04-24",14
"Converse County School District 2","2026-05-01",16
"Converse County School District 2","2026-05-07",17
"Converse County School District 2","2026-05-08",17
"Converse County School District 2","2026-05-15",17
"Converse County School District 2","2026-05-22",13
"Converse County School District 2","2026-05-29",13
"Converse County School District 2","2026-06-05",13
"Converse County School District 2","2026-06-12",10
"Converse County School District 2","2026-06-19",10
"Converse County School District 2","2026-06-26",8
"Converse County School District 2","2026-07-03",7
"Converse County School District 2","2026-07-10",7
"Converse County School District 2","2026-07-17",8
"Converse County School District 2","2026-07-24",8
"Converse County School District 2","2026-07-31",8
"Converse County School District 2","2026-08-03",8
"Converse County School District 2","2026-08-04",8
"Crook County School District 1","2024-08-09",24
"Crook County School District 1","2024-08-16",12
"Crook County School District 1","2024-08-23",12
"Crook County School District 1","2024-08-30",11
"Crook County School District 1","2024-09-06",10
"Crook County School District 1","2024-09-13",11
"Crook County School District 1","2024-09-20",13
"Crook County School District 1","2024-09-27",13
"Crook County School District 1","2024-10-04",13
"Crook County School District 1","2024-10-11",14
"Crook County School District 1","2024-10-18",17
"Crook County School District 1","2024-10-25",16
"Crook County School District 1","2024-11-01",16
"Crook County School District 1","2024-11-08",12
"Crook County School District 1","2024-11-15",12
"Crook County School District 1","2024-11-22",11
"Crook County School District 1","2024-11-29",11
"Crook County School District 1","2024-12-06",11
"Crook County School District 1","2024-12-13",9
"Crook County School District 1","2024-12-20",9
"Crook County School District 1","2024-12-27",9
"Crook County School District 1","2025-01-03",10
"Crook County School District 1","2025-01-10",11
"Crook County School District 1","2025-01-17",11
"Crook County School District 1","2025-01-24",11
"Crook County School District 1","2025-01-31",7
"Crook County School District 1","2025-02-07",16
"Crook County School District 1","2025-02-14",20
"Crook County School District 1","2025-02-21",21
"Crook County School District 1","2025-02-28",27
"Crook County School District 1","2025-03-07",24
"Crook County School District 1","2025-03-14",25
"Crook County School District 1","2025-03-21",26
"Crook County School District 1","2025-03-28",35
"Crook County School District 1","2025-04-04",34
"Crook County School District 1","2025-04-11",33
"Crook County School District 1","2025-04-18",30
"Crook County School District 1","2025-04-25",23
"Crook County School District 1","2025-05-02",20
"Crook County School District 1","2025-05-09",21
"Crook County School District 1","2025-05-16",20
"Crook County School District 1","2025-05-23",23
"Crook County School District 1","2025-05-30",23
"Crook County School District 1","2025-06-06",21
"Crook County School District 1","2025-06-13",21
"Crook County School District 1","2025-06-20",21
"Crook County School District 1","2025-06-27",20
"Crook County School District 1","2025-07-04",20
"Crook County School District 1","2025-07-11",20
"Crook County School District 1","2025-07-18",17
"Crook County School District 1","2025-07-25",14
"Crook County School District 1","2025-08-01",13
"Crook County School District 1","2025-08-08",22
"Crook County School District 1","2025-08-15",23
"Crook County School District 1","2025-08-22",19
"Crook County School District 1","2025-08-29",20
"Crook County School District 1","2025-09-05",18
"Crook County School District 1","2025-09-12",17
"Crook County School District 1","2025-09-19",17
"Crook County School District 1","2025-09-26",15
"Crook County School District 1","2025-10-03",14
"Crook County School District 1","2025-10-10",15
"Crook County School District 1","2025-10-17",14
"Crook County School District 1","2025-10-24",14
"Crook County School District 1","2025-10-31",14
"Crook County School District 1","2025-11-07",14
"Crook County School District 1","2025-11-14",13
"Crook County School District 1","2025-11-21",13
"Crook County School District 1","2025-11-28",14
"Crook County School District 1","2025-12-05",15
"Crook County School District 1","2025-12-12",15
"Crook County School District 1","2025-12-19",16
"Crook County School District 1","2025-12-26",16
"Crook County School District 1","2026-01-02",15
"Crook County School District 1","2026-01-09",16
"Crook County School District 1","2026-01-16",17
"Crook County School District 1","2026-01-23",20
"Crook County School District 1","2026-01-30",22
"Crook County School District 1","2026-02-06",20
"Crook County School District 1","2026-02-13",20
"Crook County School District 1","2026-02-20",21
"Crook County School District 1","2026-02-27",22
"Crook County School District 1","2026-03-06",18
"Crook County School District 1","2026-03-13",15
"Crook County School District 1","2026-03-20",17
"Crook County School District 1","2026-03-27",17
"Crook County School District 1","2026-04-03",16
"Crook County School District 1","2026-04-10",31
"Crook County School District 1","2026-04-17",35
"Crook County School District 1","2026-04-24",35
"Crook County School District 1","2026-05-01",33
"Crook County School District 1","2026-05-07",31
"Crook County School District 1","2026-05-08",31
"Crook County School District 1","2026-05-15",30
"Crook County School District 1","2026-05-22",25
"Crook County School District 1","2026-05-29",25
"Crook County School District 1","2026-06-05",26
"Crook County School District 1","2026-06-12",24
"Crook County School District 1","2026-06-19",24
"Crook County School District 1","2026-06-26",25
"Crook County School District 1","2026-07-03",26
"Crook County School District 1","2026-07-10",26
"Crook County School District 1","2026-07-17",26
"Crook County School District 1","2026-07-24",26
"Crook County School District 1","2026-07-31",24
"Crook County School District 1","2026-08-03",24
"Crook County School District 1","2026-08-04",25
"Fremont County School District 1","2024-08-09",43
"Fremont County School District 1","2024-08-16",20
"Fremont County School District 1","2024-08-23",19
"Fremont County School District 1","2024-08-30",20
"Fremont County School District 1","2024-09-06",22
"Fremont County School District 1","2024-09-13",21
"Fremont County School District 1","2024-09-20",22
"Fremont County School District 1","2024-09-27",19
"Fremont County School District 1","2024-10-04",11
"Fremont County School District 1","2024-10-11",12
"Fremont County School District 1","2024-10-18",11
"Fremont County School District 1","2024-10-25",11
"Fremont County School District 1","2024-11-01",11
"Fremont County School District 1","2024-11-08",10
"Fremont County School District 1","2024-11-15",14
"Fremont County School District 1","2024-11-22",14
"Fremont County School District 1","2024-11-29",13
"Fremont County School District 1","2024-12-06",11
"Fremont County School District 1","2024-12-13",12
"Fremont County School District 1","2024-12-20",11
"Fremont County School District 1","2024-12-27",11
"Fremont County School District 1","2025-01-03",11
"Fremont County School District 1","2025-01-10",12
"Fremont County School District 1","2025-01-17",13
"Fremont County School District 1","2025-01-24",14
"Fremont County School District 1","2025-01-31",14
"Fremont County School District 1","2025-02-07",21
"Fremont County School District 1","2025-02-14",24
"Fremont County School District 1","2025-02-21",27
"Fremont County School District 1","2025-02-28",24
"Fremont County School District 1","2025-03-07",25
"Fremont County School District 1","2025-03-14",26
"Fremont County School District 1","2025-03-21",25
"Fremont County School District 1","2025-03-28",46
"Fremont County School District 1","2025-04-04",46
"Fremont County School District 1","2025-04-11",23
"Fremont County School District 1","2025-04-18",26
"Fremont County School District 1","2025-04-25",25
"Fremont County School District 1","2025-05-02",21
"Fremont County School District 1","2025-05-09",23
"Fremont County School District 1","2025-05-16",21
"Fremont County School District 1","2025-05-23",17
"Fremont County School District 1","2025-05-30",13
"Fremont County School District 1","2025-06-06",11
"Fremont County School District 1","2025-06-13",9
"Fremont County School District 1","2025-06-20",10
"Fremont County School District 1","2025-06-27",9
"Fremont County School District 1","2025-07-04",14
"Fremont County School District 1","2025-07-11",19
"Fremont County School District 1","2025-07-18",20
"Fremont County School District 1","2025-07-25",19
"Fremont County School District 1","2025-08-01",19
"Fremont County School District 1","2025-08-08",21
"Fremont County School District 1","2025-08-15",21
"Fremont County School District 1","2025-08-22",13
"Fremont County School District 1","2025-08-29",13
"Fremont County School District 1","2025-09-05",17
"Fremont County School District 1","2025-09-12",15
"Fremont County School District 1","2025-09-19",15
"Fremont County School District 1","2025-09-26",14
"Fremont County School District 1","2025-10-03",19
"Fremont County School District 1","2025-10-10",20
"Fremont County School District 1","2025-10-17",21
"Fremont County School District 1","2025-10-24",22
"Fremont County School District 1","2025-10-31",17
"Fremont County School District 1","2025-11-07",20
"Fremont County School District 1","2025-11-14",19
"Fremont County School District 1","2025-11-21",17
"Fremont County School District 1","2025-11-28",16
"Fremont County School District 1","2025-12-05",19
"Fremont County School District 1","2025-12-12",18
"Fremont County School District 1","2025-12-19",20
"Fremont County School District 1","2025-12-26",21
"Fremont County School District 1","2026-01-02",21
"Fremont County School District 1","2026-01-09",19
"Fremont County School District 1","2026-01-16",18
"Fremont County School District 1","2026-01-23",17
"Fremont County School District 1","2026-01-30",18
"Fremont County School District 1","2026-02-06",14
"Fremont County School District 1","2026-02-13",16
"Fremont County School District 1","2026-02-20",17
"Fremont County School District 1","2026-02-27",16
"Fremont County School District 1","2026-03-06",17
"Fremont County School District 1","2026-03-13",18
"Fremont County School District 1","2026-03-20",34
"Fremont County School District 1","2026-03-27",34
"Fremont County School District 1","2026-04-03",34
"Fremont County School District 1","2026-04-10",19
"Fremont County School District 1","2026-04-17",22
"Fremont County School District 1","2026-04-24",19
"Fremont County School District 1","2026-05-01",16
"Fremont County School District 1","2026-05-07",16
"Fremont County School District 1","2026-05-08",16
"Fremont County School District 1","2026-05-15",18
"Fremont County School District 1","2026-05-22",15
"Fremont County School District 1","2026-05-29",15
"Fremont County School District 1","2026-06-05",12
"Fremont County School District 1","2026-06-12",4
"Fremont County School District 1","2026-06-19",4
"Fremont County School District 1","2026-06-26",4
"Fremont County School District 1","2026-07-03",4
"Fremont County School District 1","2026-07-10",13
"Fremont County School District 1","2026-07-17",12
"Fremont County School District 1","2026-07-24",13
"Fremont County School District 1","2026-07-31",10
"Fremont County School District 1","2026-08-03",9
"Fremont County School District 1","2026-08-04",10
"Fremont County School District 14","2024-08-09",31
"Fremont County School District 14","2024-08-16",15
"Fremont County School District 14","2024-08-23",16
"Fremont County School District 14","2024-08-30",16
"Fremont County School District 14","2024-09-06",16
"Fremont County School District 14","2024-09-13",16
"Fremont County School District 14","2024-09-20",16
"Fremont County School District 14","2024-09-27",16
"Fremont County School District 14","2024-10-04",16
"Fremont County School District 14","2024-10-11",16
"Fremont County School District 14","2024-10-18",16
"Fremont County School District 14","2024-10-25",16
"Fremont County School District 14","2024-11-01",16
"Fremont County School District 14","2024-11-08",16
"Fremont County School District 14","2024-11-15",14
"Fremont County School District 14","2024-11-22",14
"Fremont County School District 14","2024-11-29",12
"Fremont County School District 14","2024-12-06",14
"Fremont County School District 14","2024-12-13",14
"Fremont County School District 14","2024-12-20",13
"Fremont County School District 14","2024-12-27",13
"Fremont County School District 14","2025-01-03",13
"Fremont County School District 14","2025-01-10",13
"Fremont County School District 14","2025-01-17",13
"Fremont County School District 14","2025-01-24",15
"Fremont County School District 14","2025-01-31",14
"Fremont County School District 14","2025-02-07",14
"Fremont County School District 14","2025-02-14",14
"Fremont County School District 14","2025-02-21",14
"Fremont County School District 14","2025-02-28",16
"Fremont County School District 14","2025-03-07",15
"Fremont County School District 14","2025-03-14",15
"Fremont County School District 14","2025-03-21",12
"Fremont County School District 14","2025-03-28",13
"Fremont County School District 14","2025-04-04",13
"Fremont County School District 14","2025-04-11",13
"Fremont County School District 14","2025-04-18",13
"Fremont County School District 14","2025-04-25",13
"Fremont County School District 14","2025-05-02",10
"Fremont County School District 14","2025-05-09",10
"Fremont County School District 14","2025-05-16",16
"Fremont County School District 14","2025-05-23",16
"Fremont County School District 14","2025-05-30",16
"Fremont County School District 14","2025-06-06",12
"Fremont County School District 14","2025-06-13",12
"Fremont County School District 14","2025-06-20",11
"Fremont County School District 14","2025-06-27",11
"Fremont County School District 14","2025-07-04",11
"Fremont County School District 14","2025-07-11",11
"Fremont County School District 14","2025-07-18",11
"Fremont County School District 14","2025-07-25",11
"Fremont County School District 14","2025-08-01",11
"Fremont County School District 14","2025-08-08",11
"Fremont County School District 14","2025-08-15",11
"Fremont County School District 14","2025-08-22",12
"Fremont County School District 14","2025-08-29",12
"Fremont County School District 14","2025-09-05",12
"Fremont County School District 14","2025-09-12",13
"Fremont County School District 14","2025-09-19",12
"Fremont County School District 14","2025-09-26",12
"Fremont County School District 14","2025-10-03",12
"Fremont County School District 14","2025-10-10",12
"Fremont County School District 14","2025-10-17",12
"Fremont County School District 14","2025-10-24",9
"Fremont County School District 14","2025-10-31",9
"Fremont County School District 14","2025-11-07",9
"Fremont County School District 14","2025-11-14",9
"Fremont County School District 14","2025-11-21",10
"Fremont County School District 14","2025-11-28",10
"Fremont County School District 14","2025-12-05",10
"Fremont County School District 14","2025-12-12",10
"Fremont County School District 14","2025-12-19",10
"Fremont County School District 14","2025-12-26",10
"Fremont County School District 14","2026-01-02",10
"Fremont County School District 14","2026-01-09",10
"Fremont County School District 14","2026-01-16",10
"Fremont County School District 14","2026-01-23",10
"Fremont County School District 14","2026-01-30",10
"Fremont County School District 14","2026-02-06",11
"Fremont County School District 14","2026-02-13",13
"Fremont County School District 14","2026-02-20",15
"Fremont County School District 14","2026-02-27",14
"Fremont County School District 14","2026-03-06",15
"Fremont County School District 14","2026-03-13",19
"Fremont County School District 14","2026-03-20",19
"Fremont County School District 14","2026-03-27",20
"Fremont County School District 14","2026-04-03",18
"Fremont County School District 14","2026-04-10",14
"Fremont County School District 14","2026-04-17",17
"Fremont County School District 14","2026-04-24",16
"Fremont County School District 14","2026-05-01",13
"Fremont County School District 14","2026-05-07",14
"Fremont County School District 14","2026-05-08",14
"Fremont County School District 14","2026-05-15",14
"Fremont County School District 14","2026-05-22",15
"Fremont County School District 14","2026-05-29",15
"Fremont County School District 14","2026-06-05",15
"Fremont County School District 14","2026-06-12",15
"Fremont County School District 14","2026-06-19",15
"Fremont County School District 14","2026-06-26",15
"Fremont County School District 14","2026-07-03",15
"Fremont County School District 14","2026-07-10",15
"Fremont County School District 14","2026-07-17",11
"Fremont County School District 14","2026-07-24",11
"Fremont County School District 14","2026-07-31",11
"Fremont County School District 14","2026-08-03",11
"Fremont County School District 14","2026-08-04",11
"Fremont County School District 2","2024-08-09",16
"Fremont County School District 2","2024-08-16",8
"Fremont County School District 2","2024-08-23",6
"Fremont County School District 2","2024-08-30",6
"Fremont County School District 2","2024-09-06",6
"Fremont County School District 2","2024-09-13",6
"Fremont County School District 2","2024-09-20",6
"Fremont County School District 2","2024-09-27",7
"Fremont County School District 2","2024-10-04",7
"Fremont County School District 2","2024-10-11",7
"Fremont County School District 2","2024-10-18",5
"Fremont County School District 2","2024-10-25",5
"Fremont County School District 2","2024-11-01",5
"Fremont County School District 2","2024-11-08",5
"Fremont County School District 2","2024-11-15",5
"Fremont County School District 2","2024-11-22",5
"Fremont County School District 2","2024-11-29",5
"Fremont County School District 2","2024-12-06",5
"Fremont County School District 2","2024-12-13",5
"Fremont County School District 2","2024-12-20",5
"Fremont County School District 2","2024-12-27",5
"Fremont County School District 2","2025-01-03",5
"Fremont County School District 2","2025-01-10",5
"Fremont County School District 2","2025-01-17",5
"Fremont County School District 2","2025-01-24",5
"Fremont County School District 2","2025-01-31",5
"Fremont County School District 2","2025-02-07",4
"Fremont County School District 2","2025-02-14",4
"Fremont County School District 2","2025-02-21",4
"Fremont County School District 2","2025-02-28",4
"Fremont County School District 2","2025-03-07",4
"Fremont County School District 2","2025-03-14",4
"Fremont County School District 2","2025-03-21",4
"Fremont County School District 2","2025-03-28",4
"Fremont County School District 2","2025-04-04",9
"Fremont County School District 2","2025-04-11",9
"Fremont County School District 2","2025-04-18",13
"Fremont County School District 2","2025-04-25",13
"Fremont County School District 2","2025-05-02",13
"Fremont County School District 2","2025-05-09",13
"Fremont County School District 2","2025-05-16",13
"Fremont County School District 2","2025-05-23",13
"Fremont County School District 2","2025-05-30",10
"Fremont County School District 2","2025-06-06",11
"Fremont County School District 2","2025-06-13",11
"Fremont County School District 2","2025-06-20",10
"Fremont County School District 2","2025-06-27",10
"Fremont County School District 2","2025-07-04",10
"Fremont County School District 2","2025-07-11",9
"Fremont County School District 2","2025-07-18",9
"Fremont County School District 2","2025-07-25",9
"Fremont County School District 2","2025-08-01",7
"Fremont County School District 2","2025-08-08",10
"Fremont County School District 2","2025-08-15",11
"Fremont County School District 2","2025-08-22",8
"Fremont County School District 2","2025-08-29",9
"Fremont County School District 2","2025-09-05",9
"Fremont County School District 2","2025-09-12",8
"Fremont County School District 2","2025-09-19",9
"Fremont County School District 2","2025-09-26",9
"Fremont County School District 2","2025-10-03",9
"Fremont County School District 2","2025-10-10",8
"Fremont County School District 2","2025-10-17",8
"Fremont County School District 2","2025-10-24",8
"Fremont County School District 2","2025-10-31",7
"Fremont County School District 2","2025-11-07",7
"Fremont County School District 2","2025-11-14",7
"Fremont County School District 2","2025-11-21",7
"Fremont County School District 2","2025-11-28",7
"Fremont County School District 2","2025-12-05",7
"Fremont County School District 2","2025-12-12",7
"Fremont County School District 2","2025-12-19",7
"Fremont County School District 2","2025-12-26",8
"Fremont County School District 2","2026-01-02",9
"Fremont County School District 2","2026-01-09",9
"Fremont County School District 2","2026-01-16",8
"Fremont County School District 2","2026-01-23",8
"Fremont County School District 2","2026-01-30",8
"Fremont County School District 2","2026-02-06",6
"Fremont County School District 2","2026-02-13",6
"Fremont County School District 2","2026-02-20",6
"Fremont County School District 2","2026-02-27",5
"Fremont County School District 2","2026-03-06",5
"Fremont County School District 2","2026-03-13",5
"Fremont County School District 2","2026-03-20",7
"Fremont County School District 2","2026-03-27",7
"Fremont County School District 2","2026-04-03",7
"Fremont County School District 2","2026-04-10",7
"Fremont County School District 2","2026-04-17",10
"Fremont County School District 2","2026-04-24",10
"Fremont County School District 2","2026-05-01",9
"Fremont County School District 2","2026-05-07",9
"Fremont County School District 2","2026-05-08",9
"Fremont County School District 2","2026-05-15",9
"Fremont County School District 2","2026-05-22",8
"Fremont County School District 2","2026-05-29",8
"Fremont County School District 2","2026-06-05",10
"Fremont County School District 2","2026-06-12",8
"Fremont County School District 2","2026-06-19",6
"Fremont County School District 2","2026-06-26",6
"Fremont County School District 2","2026-07-03",6
"Fremont County School District 2","2026-07-10",9
"Fremont County School District 2","2026-07-17",12
"Fremont County School District 2","2026-07-24",11
"Fremont County School District 2","2026-07-31",11
"Fremont County School District 2","2026-08-03",11
"Fremont County School District 2","2026-08-04",11
"Fremont County School District 21","2024-08-09",18
"Fremont County School District 21","2024-08-16",9
"Fremont County School District 21","2024-08-23",9
"Fremont County School District 21","2024-08-30",9
"Fremont County School District 21","2024-09-06",9
"Fremont County School District 21","2024-09-13",10
"Fremont County School District 21","2024-09-20",9
"Fremont County School District 21","2024-09-27",9
"Fremont County School District 21","2024-10-04",10
"Fremont County School District 21","2024-10-11",10
"Fremont County School District 21","2024-10-18",10
"Fremont County School District 21","2024-10-25",11
"Fremont County School District 21","2024-11-01",11
"Fremont County School District 21","2024-11-08",12
"Fremont County School District 21","2024-11-15",12
"Fremont County School District 21","2024-11-22",11
"Fremont County School District 21","2024-11-29",10
"Fremont County School District 21","2024-12-06",10
"Fremont County School District 21","2024-12-13",10
"Fremont County School District 21","2024-12-20",10
"Fremont County School District 21","2024-12-27",10
"Fremont County School District 21","2025-01-03",9
"Fremont County School District 21","2025-01-10",10
"Fremont County School District 21","2025-01-17",10
"Fremont County School District 21","2025-01-24",9
"Fremont County School District 21","2025-01-31",9
"Fremont County School District 21","2025-02-07",11
"Fremont County School District 21","2025-02-14",11
"Fremont County School District 21","2025-02-21",11
"Fremont County School District 21","2025-02-28",13
"Fremont County School District 21","2025-03-07",13
"Fremont County School District 21","2025-03-14",13
"Fremont County School District 21","2025-03-21",13
"Fremont County School District 21","2025-03-28",13
"Fremont County School District 21","2025-04-04",14
"Fremont County School District 21","2025-04-11",14
"Fremont County School District 21","2025-04-18",10
"Fremont County School District 21","2025-04-25",10
"Fremont County School District 21","2025-05-02",8
"Fremont County School District 21","2025-05-09",8
"Fremont County School District 21","2025-05-16",8
"Fremont County School District 21","2025-05-23",5
"Fremont County School District 21","2025-05-30",6
"Fremont County School District 21","2025-06-06",6
"Fremont County School District 21","2025-06-13",6
"Fremont County School District 21","2025-06-20",6
"Fremont County School District 21","2025-06-27",6
"Fremont County School District 21","2025-07-04",6
"Fremont County School District 21","2025-07-11",5
"Fremont County School District 21","2025-07-18",6
"Fremont County School District 21","2025-07-25",7
"Fremont County School District 21","2025-08-01",6
"Fremont County School District 21","2025-08-08",7
"Fremont County School District 21","2025-08-15",7
"Fremont County School District 21","2025-08-22",7
"Fremont County School District 21","2025-08-29",7
"Fremont County School District 21","2025-09-05",7
"Fremont County School District 21","2025-09-12",7
"Fremont County School District 21","2025-09-19",7
"Fremont County School District 21","2025-09-26",7
"Fremont County School District 21","2025-10-03",7
"Fremont County School District 21","2025-10-10",7
"Fremont County School District 21","2025-10-17",7
"Fremont County School District 21","2025-10-24",7
"Fremont County School District 21","2025-10-31",7
"Fremont County School District 21","2025-11-07",7
"Fremont County School District 21","2025-11-14",7
"Fremont County School District 21","2025-11-21",7
"Fremont County School District 21","2025-11-28",7
"Fremont County School District 21","2025-12-05",7
"Fremont County School District 21","2025-12-12",7
"Fremont County School District 21","2025-12-19",7
"Fremont County School District 21","2025-12-26",6
"Fremont County School District 21","2026-01-02",6
"Fremont County School District 21","2026-01-09",6
"Fremont County School District 21","2026-01-16",6
"Fremont County School District 21","2026-01-23",5
"Fremont County School District 21","2026-01-30",5
"Fremont County School District 21","2026-02-06",5
"Fremont County School District 21","2026-02-13",5
"Fremont County School District 21","2026-02-20",5
"Fremont County School District 21","2026-02-27",5
"Fremont County School District 21","2026-03-06",5
"Fremont County School District 21","2026-03-13",5
"Fremont County School District 21","2026-03-20",6
"Fremont County School District 21","2026-03-27",7
"Fremont County School District 21","2026-04-03",7
"Fremont County School District 21","2026-04-10",8
"Fremont County School District 21","2026-04-17",7
"Fremont County School District 21","2026-04-24",7
"Fremont County School District 21","2026-05-01",8
"Fremont County School District 21","2026-05-07",8
"Fremont County School District 21","2026-05-08",8
"Fremont County School District 21","2026-05-15",9
"Fremont County School District 21","2026-05-22",9
"Fremont County School District 21","2026-05-29",8
"Fremont County School District 21","2026-06-05",8
"Fremont County School District 21","2026-06-12",7
"Fremont County School District 21","2026-06-19",7
"Fremont County School District 21","2026-06-26",7
"Fremont County School District 21","2026-07-03",6
"Fremont County School District 21","2026-07-10",6
"Fremont County School District 21","2026-07-17",6
"Fremont County School District 21","2026-07-24",6
"Fremont County School District 21","2026-07-31",6
"Fremont County School District 21","2026-08-03",6
"Fremont County School District 21","2026-08-04",6
"Fremont County School District 24","2024-08-09",24
"Fremont County School District 24","2024-08-16",10
"Fremont County School District 24","2024-08-23",12
"Fremont County School District 24","2024-08-30",11
"Fremont County School District 24","2024-09-06",11
"Fremont County School District 24","2024-09-13",10
"Fremont County School District 24","2024-09-20",10
"Fremont County School District 24","2024-09-27",12
"Fremont County School District 24","2024-10-04",12
"Fremont County School District 24","2024-10-11",12
"Fremont County School District 24","2024-10-18",12
"Fremont County School District 24","2024-10-25",12
"Fremont County School District 24","2024-11-01",11
"Fremont County School District 24","2024-11-08",11
"Fremont County School District 24","2024-11-15",12
"Fremont County School District 24","2024-11-22",12
"Fremont County School District 24","2024-11-29",11
"Fremont County School District 24","2024-12-06",11
"Fremont County School District 24","2024-12-13",11
"Fremont County School District 24","2024-12-20",11
"Fremont County School District 24","2024-12-27",11
"Fremont County School District 24","2025-01-03",11
"Fremont County School District 24","2025-01-10",11
"Fremont County School District 24","2025-01-17",10
"Fremont County School District 24","2025-01-24",10
"Fremont County School District 24","2025-01-31",10
"Fremont County School District 24","2025-02-07",10
"Fremont County School District 24","2025-02-14",8
"Fremont County School District 24","2025-02-21",9
"Fremont County School District 24","2025-02-28",10
"Fremont County School District 24","2025-03-07",9
"Fremont County School District 24","2025-03-14",8
"Fremont County School District 24","2025-03-21",8
"Fremont County School District 24","2025-03-28",9
"Fremont County School District 24","2025-04-04",10
"Fremont County School District 24","2025-04-11",9
"Fremont County School District 24","2025-04-18",8
"Fremont County School District 24","2025-04-25",8
"Fremont County School District 24","2025-05-02",8
"Fremont County School District 24","2025-05-09",8
"Fremont County School District 24","2025-05-16",9
"Fremont County School District 24","2025-05-23",6
"Fremont County School District 24","2025-05-30",6
"Fremont County School District 24","2025-06-06",6
"Fremont County School District 24","2025-06-13",3
"Fremont County School District 24","2025-06-20",3
"Fremont County School District 24","2025-06-27",3
"Fremont County School District 24","2025-07-04",3
"Fremont County School District 24","2025-07-11",3
"Fremont County School District 24","2025-07-18",4
"Fremont County School District 24","2025-07-25",4
"Fremont County School District 24","2025-08-01",4
"Fremont County School District 24","2025-08-08",3
"Fremont County School District 24","2025-08-15",3
"Fremont County School District 24","2025-08-22",8
"Fremont County School District 24","2025-08-29",15
"Fremont County School District 24","2025-09-05",14
"Fremont County School District 24","2025-09-12",11
"Fremont County School District 24","2025-09-19",11
"Fremont County School District 24","2025-09-26",11
"Fremont County School District 24","2025-10-03",11
"Fremont County School District 24","2025-10-10",7
"Fremont County School District 24","2025-10-17",6
"Fremont County School District 24","2025-10-24",6
"Fremont County School District 24","2025-10-31",6
"Fremont County School District 24","2025-11-07",6
"Fremont County School District 24","2025-11-14",7
"Fremont County School District 24","2025-11-21",7
"Fremont County School District 24","2025-11-28",6
"Fremont County School District 24","2025-12-05",7
"Fremont County School District 24","2025-12-12",7
"Fremont County School District 24","2025-12-19",8
"Fremont County School District 24","2025-12-26",8
"Fremont County School District 24","2026-01-02",8
"Fremont County School District 24","2026-01-09",7
"Fremont County School District 24","2026-01-16",7
"Fremont County School District 24","2026-01-23",7
"Fremont County School District 24","2026-01-30",7
"Fremont County School District 24","2026-02-06",7
"Fremont County School District 24","2026-02-13",7
"Fremont County School District 24","2026-02-20",10
"Fremont County School District 24","2026-02-27",10
"Fremont County School District 24","2026-03-06",7
"Fremont County School District 24","2026-03-13",7
"Fremont County School District 24","2026-03-20",7
"Fremont County School District 24","2026-03-27",7
"Fremont County School District 24","2026-04-03",7
"Fremont County School District 24","2026-04-10",6
"Fremont County School District 24","2026-04-17",7
"Fremont County School District 24","2026-04-24",7
"Fremont County School District 24","2026-05-01",6
"Fremont County School District 24","2026-05-07",6
"Fremont County School District 24","2026-05-08",6
"Fremont County School District 24","2026-05-15",7
"Fremont County School District 24","2026-05-22",7
"Fremont County School District 24","2026-05-29",8
"Fremont County School District 24","2026-06-05",8
"Fremont County School District 24","2026-06-12",7
"Fremont County School District 24","2026-06-19",11
"Fremont County School District 24","2026-06-26",11
"Fremont County School District 24","2026-07-03",1
"Fremont County School District 24","2026-07-10",1
"Fremont County School District 24","2026-07-17",1
"Fremont County School District 24","2026-07-24",1
"Fremont County School District 24","2026-07-31",1
"Fremont County School District 24","2026-08-03",1
"Fremont County School District 24","2026-08-04",1
"Fremont County School District 25","2024-08-09",42
"Fremont County School District 25","2024-08-16",17
"Fremont County School District 25","2024-08-23",19
"Fremont County School District 25","2024-08-30",16
"Fremont County School District 25","2024-09-06",15
"Fremont County School District 25","2024-09-13",20
"Fremont County School District 25","2024-09-20",16
"Fremont County School District 25","2024-09-27",19
"Fremont County School District 25","2024-10-04",20
"Fremont County School District 25","2024-10-11",17
"Fremont County School District 25","2024-10-18",18
"Fremont County School District 25","2024-10-25",22
"Fremont County School District 25","2024-11-01",19
"Fremont County School District 25","2024-11-08",19
"Fremont County School District 25","2024-11-15",18
"Fremont County School District 25","2024-11-22",18
"Fremont County School District 25","2024-11-29",18
"Fremont County School District 25","2024-12-06",16
"Fremont County School District 25","2024-12-13",16
"Fremont County School District 25","2024-12-20",16
"Fremont County School District 25","2024-12-27",16
"Fremont County School District 25","2025-01-03",17
"Fremont County School District 25","2025-01-10",19
"Fremont County School District 25","2025-01-17",19
"Fremont County School District 25","2025-01-24",26
"Fremont County School District 25","2025-01-31",25
"Fremont County School District 25","2025-02-07",32
"Fremont County School District 25","2025-02-14",32
"Fremont County School District 25","2025-02-21",31
"Fremont County School District 25","2025-02-28",46
"Fremont County School District 25","2025-03-07",24
"Fremont County School District 25","2025-03-14",21
"Fremont County School District 25","2025-03-21",24
"Fremont County School District 25","2025-03-28",25
"Fremont County School District 25","2025-04-04",28
"Fremont County School District 25","2025-04-11",31
"Fremont County School District 25","2025-04-18",36
"Fremont County School District 25","2025-04-25",32
"Fremont County School District 25","2025-05-02",29
"Fremont County School District 25","2025-05-09",60
"Fremont County School District 25","2025-05-16",52
"Fremont County School District 25","2025-05-23",24
"Fremont County School District 25","2025-05-30",38
"Fremont County School District 25","2025-06-06",18
"Fremont County School District 25","2025-06-13",33
"Fremont County School District 25","2025-06-20",36
"Fremont County School District 25","2025-06-27",20
"Fremont County School District 25","2025-07-04",42
"Fremont County School District 25","2025-07-11",23
"Fremont County School District 25","2025-07-18",23
"Fremont County School District 25","2025-07-25",21
"Fremont County School District 25","2025-08-01",22
"Fremont County School District 25","2025-08-08",21
"Fremont County School District 25","2025-08-15",22
"Fremont County School District 25","2025-08-22",21
"Fremont County School District 25","2025-08-29",22
"Fremont County School District 25","2025-09-05",21
"Fremont County School District 25","2025-09-12",25
"Fremont County School District 25","2025-09-19",22
"Fremont County School District 25","2025-09-26",21
"Fremont County School District 25","2025-10-03",44
"Fremont County School District 25","2025-10-10",22
"Fremont County School District 25","2025-10-17",19
"Fremont County School District 25","2025-10-24",36
"Fremont County School District 25","2025-10-31",34
"Fremont County School District 25","2025-11-07",19
"Fremont County School District 25","2025-11-14",19
"Fremont County School District 25","2025-11-21",20
"Fremont County School District 25","2025-11-28",19
"Fremont County School District 25","2025-12-05",19
"Fremont County School District 25","2025-12-12",19
"Fremont County School District 25","2025-12-19",17
"Fremont County School District 25","2025-12-26",38
"Fremont County School District 25","2026-01-02",38
"Fremont County School District 25","2026-01-09",17
"Fremont County School District 25","2026-01-16",19
"Fremont County School District 25","2026-01-23",46
"Fremont County School District 25","2026-01-30",23
"Fremont County School District 25","2026-02-06",20
"Fremont County School District 25","2026-02-13",22
"Fremont County School District 25","2026-02-20",26
"Fremont County School District 25","2026-02-27",30
"Fremont County School District 25","2026-03-06",29
"Fremont County School District 25","2026-03-13",66
"Fremont County School District 25","2026-03-20",30
"Fremont County School District 25","2026-03-27",34
"Fremont County School District 25","2026-04-03",72
"Fremont County School District 25","2026-04-10",34
"Fremont County School District 25","2026-04-17",38
"Fremont County School District 25","2026-04-24",34
"Fremont County School District 25","2026-05-01",31
"Fremont County School District 25","2026-05-07",31
"Fremont County School District 25","2026-05-08",31
"Fremont County School District 25","2026-05-15",31
"Fremont County School District 25","2026-05-22",28
"Fremont County School District 25","2026-05-29",32
"Fremont County School District 25","2026-06-05",62
"Fremont County School District 25","2026-06-12",29
"Fremont County School District 25","2026-06-19",44
"Fremont County School District 25","2026-06-26",23
"Fremont County School District 25","2026-07-03",46
"Fremont County School District 25","2026-07-10",24
"Fremont County School District 25","2026-07-17",44
"Fremont County School District 25","2026-07-24",21
"Fremont County School District 25","2026-07-31",22
"Fremont County School District 25","2026-08-03",22
"Fremont County School District 25","2026-08-04",23
"Fremont County School District 38","2024-08-09",32
"Fremont County School District 38","2024-08-16",16
"Fremont County School District 38","2024-08-23",17
"Fremont County School District 38","2024-08-30",17
"Fremont County School District 38","2024-09-06",17
"Fremont County School District 38","2024-09-13",17
"Fremont County School District 38","2024-09-20",17
"Fremont County School District 38","2024-09-27",17
"Fremont County School District 38","2024-10-04",17
"Fremont County School District 38","2024-10-11",17
"Fremont County School District 38","2024-10-18",16
"Fremont County School District 38","2024-10-25",16
"Fremont County School District 38","2024-11-01",16
"Fremont County School District 38","2024-11-08",16
"Fremont County School District 38","2024-11-15",16
"Fremont County School District 38","2024-11-22",16
"Fremont County School District 38","2024-11-29",16
"Fremont County School District 38","2024-12-06",16
"Fremont County School District 38","2024-12-13",16
"Fremont County School District 38","2024-12-20",16
"Fremont County School District 38","2024-12-27",16
"Fremont County School District 38","2025-01-03",16
"Fremont County School District 38","2025-01-10",16
"Fremont County School District 38","2025-01-17",16
"Fremont County School District 38","2025-01-24",16
"Fremont County School District 38","2025-01-31",16
"Fremont County School District 38","2025-02-07",16
"Fremont County School District 38","2025-02-14",16
"Fremont County School District 38","2025-02-21",16
"Fremont County School District 38","2025-02-28",16
"Fremont County School District 38","2025-03-07",16
"Fremont County School District 38","2025-03-14",16
"Fremont County School District 38","2025-03-21",16
"Fremont County School District 38","2025-03-28",16
"Fremont County School District 38","2025-04-04",16
"Fremont County School District 38","2025-04-11",16
"Fremont County School District 38","2025-04-18",16
"Fremont County School District 38","2025-04-25",16
"Fremont County School District 38","2025-05-02",16
"Fremont County School District 38","2025-05-09",16
"Fremont County School District 38","2025-05-16",16
"Fremont County School District 38","2025-05-23",16
"Fremont County School District 38","2025-05-30",16
"Fremont County School District 38","2025-06-06",16
"Fremont County School District 38","2025-06-13",16
"Fremont County School District 38","2025-06-20",16
"Fremont County School District 38","2025-06-27",16
"Fremont County School District 38","2025-07-04",16
"Fremont County School District 38","2025-07-11",16
"Fremont County School District 38","2025-07-18",16
"Fremont County School District 38","2025-07-25",16
"Fremont County School District 38","2025-08-01",16
"Fremont County School District 38","2025-08-08",16
"Fremont County School District 38","2025-08-15",16
"Fremont County School District 38","2025-08-22",16
"Fremont County School District 38","2025-08-29",16
"Fremont County School District 38","2025-09-05",16
"Fremont County School District 38","2025-09-12",16
"Fremont County School District 38","2025-09-19",16
"Fremont County School District 38","2025-09-26",16
"Fremont County School District 38","2025-10-03",16
"Fremont County School District 38","2025-10-10",16
"Fremont County School District 38","2025-10-17",16
"Fremont County School District 38","2025-10-24",16
"Fremont County School District 38","2025-10-31",16
"Fremont County School District 38","2025-11-07",16
"Fremont County School District 38","2025-11-14",16
"Fremont County School District 38","2025-11-21",1
"Fremont County School District 38","2025-11-28",1
"Fremont County School District 38","2025-12-05",1
"Fremont County School District 38","2025-12-12",1
"Fremont County School District 38","2025-12-19",1
"Fremont County School District 38","2025-12-26",1
"Fremont County School District 38","2026-01-02",1
"Fremont County School District 38","2026-01-09",1
"Fremont County School District 38","2026-01-16",1
"Fremont County School District 38","2026-01-23",1
"Fremont County School District 38","2026-01-30",1
"Fremont County School District 38","2026-02-06",1
"Fremont County School District 38","2026-02-13",1
"Fremont County School District 38","2026-02-20",1
"Fremont County School District 38","2026-02-27",1
"Fremont County School District 38","2026-03-06",1
"Fremont County School District 38","2026-03-13",1
"Fremont County School District 38","2026-03-20",1
"Fremont County School District 38","2026-03-27",1
"Fremont County School District 38","2026-04-03",1
"Fremont County School District 38","2026-04-10",1
"Fremont County School District 38","2026-04-17",1
"Fremont County School District 38","2026-04-24",1
"Fremont County School District 38","2026-05-01",1
"Fremont County School District 38","2026-05-07",1
"Fremont County School District 38","2026-05-08",1
"Fremont County School District 38","2026-05-15",1
"Fremont County School District 38","2026-05-22",1
"Fremont County School District 38","2026-05-29",1
"Fremont County School District 38","2026-06-05",1
"Fremont County School District 38","2026-06-12",1
"Fremont County School District 38","2026-06-19",1
"Fremont County School District 38","2026-06-26",1
"Fremont County School District 38","2026-07-03",1
"Fremont County School District 38","2026-07-10",1
"Fremont County School District 38","2026-07-17",1
"Fremont County School District 38","2026-07-24",1
"Fremont County School District 38","2026-07-31",1
"Fremont County School District 38","2026-08-03",1
"Fremont County School District 38","2026-08-04",1
"Fremont County School District 6","2024-08-09",18
"Fremont County School District 6","2024-08-16",9
"Fremont County School District 6","2024-08-23",9
"Fremont County School District 6","2024-08-30",8
"Fremont County School District 6","2024-09-06",8
"Fremont County School District 6","2024-09-13",8
"Fremont County School District 6","2024-09-20",7
"Fremont County School District 6","2024-09-27",3
"Fremont County School District 6","2024-10-04",4
"Fremont County School District 6","2024-10-11",3
"Fremont County School District 6","2024-10-18",4
"Fremont County School District 6","2024-10-25",5
"Fremont County School District 6","2024-11-01",5
"Fremont County School District 6","2024-11-08",2
"Fremont County School District 6","2024-11-15",3
"Fremont County School District 6","2024-11-22",3
"Fremont County School District 6","2024-11-29",2
"Fremont County School District 6","2024-12-06",2
"Fremont County School District 6","2024-12-13",2
"Fremont County School District 6","2024-12-20",6
"Fremont County School District 6","2024-12-27",6
"Fremont County School District 6","2025-01-03",6
"Fremont County School District 6","2025-01-10",4
"Fremont County School District 6","2025-01-17",4
"Fremont County School District 6","2025-01-24",4
"Fremont County School District 6","2025-01-31",5
"Fremont County School District 6","2025-02-07",5
"Fremont County School District 6","2025-02-14",6
"Fremont County School District 6","2025-02-21",6
"Fremont County School District 6","2025-02-28",6
"Fremont County School District 6","2025-03-07",7
"Fremont County School District 6","2025-03-14",7
"Fremont County School District 6","2025-03-21",8
"Fremont County School District 6","2025-03-28",10
"Fremont County School District 6","2025-04-04",9
"Fremont County School District 6","2025-04-11",11
"Fremont County School District 6","2025-04-18",11
"Fremont County School District 6","2025-04-25",11
"Fremont County School District 6","2025-05-02",11
"Fremont County School District 6","2025-05-09",10
"Fremont County School District 6","2025-05-16",10
"Fremont County School District 6","2025-05-23",11
"Fremont County School District 6","2025-05-30",10
"Fremont County School District 6","2025-06-06",9
"Fremont County School District 6","2025-06-13",9
"Fremont County School District 6","2025-06-20",9
"Fremont County School District 6","2025-06-27",9
"Fremont County School District 6","2025-07-04",9
"Fremont County School District 6","2025-07-11",7
"Fremont County School District 6","2025-07-18",7
"Fremont County School District 6","2025-07-25",7
"Fremont County School District 6","2025-08-01",7
"Fremont County School District 6","2025-08-08",7
"Fremont County School District 6","2025-08-15",7
"Fremont County School District 6","2025-08-22",8
"Fremont County School District 6","2025-08-29",8
"Fremont County School District 6","2025-09-05",8
"Fremont County School District 6","2025-09-12",9
"Fremont County School District 6","2025-09-19",9
"Fremont County School District 6","2025-09-26",7
"Fremont County School District 6","2025-10-03",7
"Fremont County School District 6","2025-10-10",7
"Fremont County School District 6","2025-10-17",7
"Fremont County School District 6","2025-10-24",7
"Fremont County School District 6","2025-10-31",7
"Fremont County School District 6","2025-11-07",7
"Fremont County School District 6","2025-11-14",7
"Fremont County School District 6","2025-11-21",8
"Fremont County School District 6","2025-11-28",8
"Fremont County School District 6","2025-12-05",7
"Fremont County School District 6","2025-12-12",7
"Fremont County School District 6","2025-12-19",7
"Fremont County School District 6","2025-12-26",7
"Fremont County School District 6","2026-01-02",6
"Fremont County School District 6","2026-01-09",6
"Fremont County School District 6","2026-01-16",6
"Fremont County School District 6","2026-01-23",6
"Fremont County School District 6","2026-01-30",5
"Fremont County School District 6","2026-02-06",5
"Fremont County School District 6","2026-02-13",5
"Fremont County School District 6","2026-02-20",5
"Fremont County School District 6","2026-02-27",5
"Fremont County School District 6","2026-03-06",4
"Fremont County School District 6","2026-03-13",6
"Fremont County School District 6","2026-03-20",6
"Fremont County School District 6","2026-03-27",6
"Fremont County School District 6","2026-04-03",6
"Fremont County School District 6","2026-04-10",6
"Fremont County School District 6","2026-04-17",7
"Fremont County School District 6","2026-04-24",8
"Fremont County School District 6","2026-05-01",10
"Fremont County School District 6","2026-05-07",10
"Fremont County School District 6","2026-05-08",10
"Fremont County School District 6","2026-05-15",10
"Fremont County School District 6","2026-05-22",14
"Fremont County School District 6","2026-05-29",14
"Fremont County School District 6","2026-06-05",14
"Fremont County School District 6","2026-06-12",14
"Fremont County School District 6","2026-06-19",13
"Fremont County School District 6","2026-06-26",14
"Fremont County School District 6","2026-07-03",14
"Fremont County School District 6","2026-07-10",14
"Fremont County School District 6","2026-07-17",14
"Fremont County School District 6","2026-07-24",14
"Fremont County School District 6","2026-07-31",14
"Fremont County School District 6","2026-08-03",14
"Fremont County School District 6","2026-08-04",14
"Goshen County School District 1","2024-08-09",34
"Goshen County School District 1","2024-08-16",13
"Goshen County School District 1","2024-08-23",13
"Goshen County School District 1","2024-08-30",15
"Goshen County School District 1","2024-09-06",13
"Goshen County School District 1","2024-09-13",9
"Goshen County School District 1","2024-09-20",9
"Goshen County School District 1","2024-09-27",10
"Goshen County School District 1","2024-10-04",11
"Goshen County School District 1","2024-10-11",12
"Goshen County School District 1","2024-10-18",10
"Goshen County School District 1","2024-10-25",10
"Goshen County School District 1","2024-11-01",9
"Goshen County School District 1","2024-11-08",9
"Goshen County School District 1","2024-11-15",9
"Goshen County School District 1","2024-11-22",11
"Goshen County School District 1","2024-11-29",11
"Goshen County School District 1","2024-12-06",11
"Goshen County School District 1","2024-12-13",10
"Goshen County School District 1","2024-12-20",15
"Goshen County School District 1","2024-12-27",15
"Goshen County School District 1","2025-01-03",14
"Goshen County School District 1","2025-01-10",15
"Goshen County School District 1","2025-01-17",13
"Goshen County School District 1","2025-01-24",12
"Goshen County School District 1","2025-01-31",9
"Goshen County School District 1","2025-02-07",11
"Goshen County School District 1","2025-02-14",11
"Goshen County School District 1","2025-02-21",12
"Goshen County School District 1","2025-02-28",9
"Goshen County School District 1","2025-03-07",9
"Goshen County School District 1","2025-03-14",8
"Goshen County School District 1","2025-03-21",10
"Goshen County School District 1","2025-03-28",13
"Goshen County School District 1","2025-04-04",15
"Goshen County School District 1","2025-04-11",11
"Goshen County School District 1","2025-04-18",12
"Goshen County School District 1","2025-04-25",11
"Goshen County School District 1","2025-05-02",11
"Goshen County School District 1","2025-05-09",14
"Goshen County School District 1","2025-05-16",14
"Goshen County School District 1","2025-05-23",9
"Goshen County School District 1","2025-05-30",11
"Goshen County School District 1","2025-06-06",11
"Goshen County School District 1","2025-06-13",18
"Goshen County School District 1","2025-06-20",18
"Goshen County School District 1","2025-06-27",14
"Goshen County School District 1","2025-07-04",11
"Goshen County School District 1","2025-07-11",12
"Goshen County School District 1","2025-07-18",13
"Goshen County School District 1","2025-07-25",15
"Goshen County School District 1","2025-08-01",18
"Goshen County School District 1","2025-08-08",13
"Goshen County School District 1","2025-08-15",10
"Goshen County School District 1","2025-08-22",10
"Goshen County School District 1","2025-08-29",12
"Goshen County School District 1","2025-09-05",13
"Goshen County School District 1","2025-09-12",10
"Goshen County School District 1","2025-09-19",17
"Goshen County School District 1","2025-09-26",17
"Goshen County School District 1","2025-10-03",14
"Goshen County School District 1","2025-10-10",13
"Goshen County School District 1","2025-10-17",13
"Goshen County School District 1","2025-10-24",11
"Goshen County School District 1","2025-10-31",11
"Goshen County School District 1","2025-11-07",11
"Goshen County School District 1","2025-11-14",10
"Goshen County School District 1","2025-11-21",12
"Goshen County School District 1","2025-11-28",12
"Goshen County School District 1","2025-12-05",15
"Goshen County School District 1","2025-12-12",16
"Goshen County School District 1","2025-12-19",14
"Goshen County School District 1","2025-12-26",15
"Goshen County School District 1","2026-01-02",15
"Goshen County School District 1","2026-01-09",13
"Goshen County School District 1","2026-01-16",11
"Goshen County School District 1","2026-01-23",10
"Goshen County School District 1","2026-01-30",12
"Goshen County School District 1","2026-02-06",11
"Goshen County School District 1","2026-02-13",10
"Goshen County School District 1","2026-02-20",12
"Goshen County School District 1","2026-02-27",9
"Goshen County School District 1","2026-03-06",10
"Goshen County School District 1","2026-03-13",11
"Goshen County School District 1","2026-03-20",12
"Goshen County School District 1","2026-03-27",7
"Goshen County School District 1","2026-04-03",9
"Goshen County School District 1","2026-04-10",13
"Goshen County School District 1","2026-04-17",11
"Goshen County School District 1","2026-04-24",9
"Goshen County School District 1","2026-05-01",12
"Goshen County School District 1","2026-05-07",10
"Goshen County School District 1","2026-05-08",10
"Goshen County School District 1","2026-05-15",9
"Goshen County School District 1","2026-05-22",8
"Goshen County School District 1","2026-05-29",8
"Goshen County School District 1","2026-06-05",9
"Goshen County School District 1","2026-06-12",10
"Goshen County School District 1","2026-06-19",12
"Goshen County School District 1","2026-06-26",12
"Goshen County School District 1","2026-07-03",10
"Goshen County School District 1","2026-07-10",16
"Goshen County School District 1","2026-07-17",17
"Goshen County School District 1","2026-07-24",11
"Goshen County School District 1","2026-07-31",8
"Goshen County School District 1","2026-08-03",9
"Goshen County School District 1","2026-08-04",9
"Hot Springs County School District 1","2024-08-09",54
"Hot Springs County School District 1","2024-08-16",22
"Hot Springs County School District 1","2024-08-23",19
"Hot Springs County School District 1","2024-08-30",19
"Hot Springs County School District 1","2024-09-06",21
"Hot Springs County School District 1","2024-09-13",21
"Hot Springs County School District 1","2024-09-20",21
"Hot Springs County School District 1","2024-09-27",20
"Hot Springs County School District 1","2024-10-04",20
"Hot Springs County School District 1","2024-10-11",20
"Hot Springs County School District 1","2024-10-18",20
"Hot Springs County School District 1","2024-10-25",19
"Hot Springs County School District 1","2024-11-01",20
"Hot Springs County School District 1","2024-11-08",20
"Hot Springs County School District 1","2024-11-15",20
"Hot Springs County School District 1","2024-11-22",18
"Hot Springs County School District 1","2024-11-29",19
"Hot Springs County School District 1","2024-12-06",19
"Hot Springs County School District 1","2024-12-13",19
"Hot Springs County School District 1","2024-12-20",19
"Hot Springs County School District 1","2024-12-27",19
"Hot Springs County School District 1","2025-01-03",19
"Hot Springs County School District 1","2025-01-10",19
"Hot Springs County School District 1","2025-01-17",21
"Hot Springs County School District 1","2025-01-24",22
"Hot Springs County School District 1","2025-01-31",21
"Hot Springs County School District 1","2025-02-07",21
"Hot Springs County School District 1","2025-02-14",21
"Hot Springs County School District 1","2025-02-21",21
"Hot Springs County School District 1","2025-02-28",20
"Hot Springs County School District 1","2025-03-07",21
"Hot Springs County School District 1","2025-03-14",21
"Hot Springs County School District 1","2025-03-21",21
"Hot Springs County School District 1","2025-03-28",21
"Hot Springs County School District 1","2025-04-04",21
"Hot Springs County School District 1","2025-04-11",22
"Hot Springs County School District 1","2025-04-18",23
"Hot Springs County School District 1","2025-04-25",23
"Hot Springs County School District 1","2025-05-02",34
"Hot Springs County School District 1","2025-05-09",32
"Hot Springs County School District 1","2025-05-16",32
"Hot Springs County School District 1","2025-05-23",33
"Hot Springs County School District 1","2025-05-30",33
"Hot Springs County School District 1","2025-06-06",33
"Hot Springs County School District 1","2025-06-13",33
"Hot Springs County School District 1","2025-06-20",34
"Hot Springs County School District 1","2025-06-27",31
"Hot Springs County School District 1","2025-07-18",7
"Hot Springs County School District 1","2025-07-25",7
"Hot Springs County School District 1","2025-08-01",7
"Hot Springs County School District 1","2025-08-08",7
"Hot Springs County School District 1","2025-08-15",7
"Hot Springs County School District 1","2025-08-22",8
"Hot Springs County School District 1","2025-08-29",6
"Hot Springs County School District 1","2025-09-05",7
"Hot Springs County School District 1","2025-09-12",7
"Hot Springs County School District 1","2025-09-19",7
"Hot Springs County School District 1","2025-09-26",8
"Hot Springs County School District 1","2025-10-03",7
"Hot Springs County School District 1","2025-10-10",7
"Hot Springs County School District 1","2025-10-17",7
"Hot Springs County School District 1","2025-10-24",6
"Hot Springs County School District 1","2025-10-31",6
"Hot Springs County School District 1","2025-11-07",7
"Hot Springs County School District 1","2025-11-14",7
"Hot Springs County School District 1","2025-11-21",7
"Hot Springs County School District 1","2025-11-28",7
"Hot Springs County School District 1","2025-12-05",7
"Hot Springs County School District 1","2025-12-12",7
"Hot Springs County School District 1","2025-12-19",7
"Hot Springs County School District 1","2025-12-26",7
"Hot Springs County School District 1","2026-01-02",7
"Hot Springs County School District 1","2026-01-09",9
"Hot Springs County School District 1","2026-01-16",12
"Hot Springs County School District 1","2026-01-23",14
"Hot Springs County School District 1","2026-01-30",30
"Hot Springs County School District 1","2026-02-06",17
"Hot Springs County School District 1","2026-02-13",17
"Hot Springs County School District 1","2026-02-20",14
"Hot Springs County School District 1","2026-02-27",10
"Hot Springs County School District 1","2026-03-06",11
"Hot Springs County School District 1","2026-03-13",10
"Hot Springs County School District 1","2026-03-20",8
"Hot Springs County School District 1","2026-03-27",8
"Hot Springs County School District 1","2026-04-03",8
"Hot Springs County School District 1","2026-04-10",13
"Hot Springs County School District 1","2026-04-17",13
"Hot Springs County School District 1","2026-04-24",14
"Hot Springs County School District 1","2026-05-01",15
"Hot Springs County School District 1","2026-05-07",15
"Hot Springs County School District 1","2026-05-08",15
"Hot Springs County School District 1","2026-05-15",15
"Hot Springs County School District 1","2026-05-22",16
"Hot Springs County School District 1","2026-05-29",16
"Hot Springs County School District 1","2026-06-05",16
"Hot Springs County School District 1","2026-06-12",15
"Hot Springs County School District 1","2026-06-19",13
"Hot Springs County School District 1","2026-06-26",11
"Hot Springs County School District 1","2026-07-03",11
"Hot Springs County School District 1","2026-07-10",11
"Hot Springs County School District 1","2026-07-17",11
"Hot Springs County School District 1","2026-07-24",11
"Hot Springs County School District 1","2026-07-31",11
"Hot Springs County School District 1","2026-08-03",11
"Hot Springs County School District 1","2026-08-04",11
"Johnson County School District 1","2024-08-09",23
"Johnson County School District 1","2024-08-16",14
"Johnson County School District 1","2024-08-23",13
"Johnson County School District 1","2024-08-30",13
"Johnson County School District 1","2024-09-06",12
"Johnson County School District 1","2024-09-13",14
"Johnson County School District 1","2024-09-20",12
"Johnson County School District 1","2024-09-27",13
"Johnson County School District 1","2024-10-04",13
"Johnson County School District 1","2024-10-11",13
"Johnson County School District 1","2024-10-18",15
"Johnson County School District 1","2024-10-25",15
"Johnson County School District 1","2024-11-01",14
"Johnson County School District 1","2024-11-08",13
"Johnson County School District 1","2024-11-15",13
"Johnson County School District 1","2024-11-22",13
"Johnson County School District 1","2024-11-29",14
"Johnson County School District 1","2024-12-06",12
"Johnson County School District 1","2024-12-13",11
"Johnson County School District 1","2024-12-20",11
"Johnson County School District 1","2024-12-27",11
"Johnson County School District 1","2025-01-03",10
"Johnson County School District 1","2025-01-10",11
"Johnson County School District 1","2025-01-17",11
"Johnson County School District 1","2025-01-24",10
"Johnson County School District 1","2025-01-31",10
"Johnson County School District 1","2025-02-07",9
"Johnson County School District 1","2025-02-14",10
"Johnson County School District 1","2025-02-21",12
"Johnson County School District 1","2025-02-28",12
"Johnson County School District 1","2025-03-07",12
"Johnson County School District 1","2025-03-14",22
"Johnson County School District 1","2025-03-21",20
"Johnson County School District 1","2025-03-28",19
"Johnson County School District 1","2025-04-04",20
"Johnson County School District 1","2025-04-11",19
"Johnson County School District 1","2025-04-18",20
"Johnson County School District 1","2025-04-25",19
"Johnson County School District 1","2025-05-02",21
"Johnson County School District 1","2025-05-09",24
"Johnson County School District 1","2025-05-16",25
"Johnson County School District 1","2025-05-23",22
"Johnson County School District 1","2025-05-30",18
"Johnson County School District 1","2025-06-06",16
"Johnson County School District 1","2025-06-13",15
"Johnson County School District 1","2025-06-20",15
"Johnson County School District 1","2025-06-27",15
"Johnson County School District 1","2025-07-04",15
"Johnson County School District 1","2025-07-11",15
"Johnson County School District 1","2025-07-18",17
"Johnson County School District 1","2025-07-25",16
"Johnson County School District 1","2025-08-01",15
"Johnson County School District 1","2025-08-08",10
"Johnson County School District 1","2025-08-15",12
"Johnson County School District 1","2025-08-22",14
"Johnson County School District 1","2025-08-29",13
"Johnson County School District 1","2025-09-05",13
"Johnson County School District 1","2025-09-12",14
"Johnson County School District 1","2025-09-19",14
"Johnson County School District 1","2025-09-26",13
"Johnson County School District 1","2025-10-03",11
"Johnson County School District 1","2025-10-10",10
"Johnson County School District 1","2025-10-17",9
"Johnson County School District 1","2025-10-24",9
"Johnson County School District 1","2025-10-31",9
"Johnson County School District 1","2025-11-07",9
"Johnson County School District 1","2025-11-14",9
"Johnson County School District 1","2025-11-21",9
"Johnson County School District 1","2025-11-28",9
"Johnson County School District 1","2025-12-05",7
"Johnson County School District 1","2025-12-12",13
"Johnson County School District 1","2025-12-19",13
"Johnson County School District 1","2025-12-26",13
"Johnson County School District 1","2026-01-02",12
"Johnson County School District 1","2026-01-09",10
"Johnson County School District 1","2026-01-16",11
"Johnson County School District 1","2026-01-23",11
"Johnson County School District 1","2026-01-30",24
"Johnson County School District 1","2026-02-06",13
"Johnson County School District 1","2026-02-13",12
"Johnson County School District 1","2026-02-20",13
"Johnson County School District 1","2026-02-27",14
"Johnson County School District 1","2026-03-06",12
"Johnson County School District 1","2026-03-13",15
"Johnson County School District 1","2026-03-20",17
"Johnson County School District 1","2026-03-27",18
"Johnson County School District 1","2026-04-03",16
"Johnson County School District 1","2026-04-10",16
"Johnson County School District 1","2026-04-17",14
"Johnson County School District 1","2026-04-24",14
"Johnson County School District 1","2026-05-01",20
"Johnson County School District 1","2026-05-07",17
"Johnson County School District 1","2026-05-08",17
"Johnson County School District 1","2026-05-15",14
"Johnson County School District 1","2026-05-22",15
"Johnson County School District 1","2026-05-29",16
"Johnson County School District 1","2026-06-05",15
"Johnson County School District 1","2026-06-12",18
"Johnson County School District 1","2026-06-19",19
"Johnson County School District 1","2026-06-26",19
"Johnson County School District 1","2026-07-03",17
"Johnson County School District 1","2026-07-10",15
"Johnson County School District 1","2026-07-17",14
"Johnson County School District 1","2026-07-24",14
"Johnson County School District 1","2026-07-31",16
"Johnson County School District 1","2026-08-03",16
"Johnson County School District 1","2026-08-04",16
"Laramie County School District 1","2024-08-09",288
"Laramie County School District 1","2024-08-16",137
"Laramie County School District 1","2024-08-23",118
"Laramie County School District 1","2024-08-30",101
"Laramie County School District 1","2024-09-06",45
"Laramie County School District 1","2024-09-13",100
"Laramie County School District 1","2024-09-20",121
"Laramie County School District 1","2024-09-27",107
"Laramie County School District 1","2024-10-04",121
"Laramie County School District 1","2024-10-11",122
"Laramie County School District 1","2024-10-18",110
"Laramie County School District 1","2024-10-25",98
"Laramie County School District 1","2024-11-01",95
"Laramie County School District 1","2024-11-08",97
"Laramie County School District 1","2024-11-15",109
"Laramie County School District 1","2024-11-22",109
"Laramie County School District 1","2024-11-29",122
"Laramie County School District 1","2024-12-06",115
"Laramie County School District 1","2024-12-13",112
"Laramie County School District 1","2024-12-20",109
"Laramie County School District 1","2024-12-27",109
"Laramie County School District 1","2025-01-03",107
"Laramie County School District 1","2025-01-10",109
"Laramie County School District 1","2025-01-17",111
"Laramie County School District 1","2025-01-24",106
"Laramie County School District 1","2025-01-31",92
"Laramie County School District 1","2025-02-07",84
"Laramie County School District 1","2025-02-14",107
"Laramie County School District 1","2025-02-21",141
"Laramie County School District 1","2025-02-28",137
"Laramie County School District 1","2025-03-07",122
"Laramie County School District 1","2025-03-14",140
"Laramie County School District 1","2025-03-21",117
"Laramie County School District 1","2025-03-28",116
"Laramie County School District 1","2025-04-04",115
"Laramie County School District 1","2025-04-11",103
"Laramie County School District 1","2025-04-18",101
"Laramie County School District 1","2025-04-25",98
"Laramie County School District 1","2025-05-02",101
"Laramie County School District 1","2025-05-09",97
"Laramie County School District 1","2025-05-16",94
"Laramie County School District 1","2025-05-23",86
"Laramie County School District 1","2025-05-30",79
"Laramie County School District 1","2025-06-06",64
"Laramie County School District 1","2025-06-13",70
"Laramie County School District 1","2025-06-20",79
"Laramie County School District 1","2025-06-27",81
"Laramie County School District 1","2025-07-04",78
"Laramie County School District 1","2025-07-11",76
"Laramie County School District 1","2025-07-18",92
"Laramie County School District 1","2025-07-25",118
"Laramie County School District 1","2025-08-01",117
"Laramie County School District 1","2025-08-08",96
"Laramie County School District 1","2025-08-15",103
"Laramie County School District 1","2025-08-22",97
"Laramie County School District 1","2025-08-29",81
"Laramie County School District 1","2025-09-05",56
"Laramie County School District 1","2025-09-12",57
"Laramie County School District 1","2025-09-19",56
"Laramie County School District 1","2025-09-26",55
"Laramie County School District 1","2025-10-03",62
"Laramie County School District 1","2025-10-10",90
"Laramie County School District 1","2025-10-17",87
"Laramie County School District 1","2025-10-24",79
"Laramie County School District 1","2025-10-31",63
"Laramie County School District 1","2025-11-07",57
"Laramie County School District 1","2025-11-14",67
"Laramie County School District 1","2025-11-21",68
"Laramie County School District 1","2025-11-28",67
"Laramie County School District 1","2025-12-05",105
"Laramie County School District 1","2025-12-12",104
"Laramie County School District 1","2025-12-19",98
"Laramie County School District 1","2025-12-26",94
"Laramie County School District 1","2026-01-02",92
"Laramie County School District 1","2026-01-09",82
"Laramie County School District 1","2026-01-16",75
"Laramie County School District 1","2026-01-23",72
"Laramie County School District 1","2026-01-30",50
"Laramie County School District 1","2026-02-06",53
"Laramie County School District 1","2026-02-13",55
"Laramie County School District 1","2026-02-20",62
"Laramie County School District 1","2026-02-27",63
"Laramie County School District 1","2026-03-06",106
"Laramie County School District 1","2026-03-13",101
"Laramie County School District 1","2026-03-20",87
"Laramie County School District 1","2026-03-27",86
"Laramie County School District 1","2026-04-03",77
"Laramie County School District 1","2026-04-10",61
"Laramie County School District 1","2026-04-17",51
"Laramie County School District 1","2026-04-24",59
"Laramie County School District 1","2026-05-01",70
"Laramie County School District 1","2026-05-07",59
"Laramie County School District 1","2026-05-08",59
"Laramie County School District 1","2026-05-15",61
"Laramie County School District 1","2026-05-22",77
"Laramie County School District 1","2026-05-29",93
"Laramie County School District 1","2026-06-05",78
"Laramie County School District 1","2026-06-12",83
"Laramie County School District 1","2026-06-19",77
"Laramie County School District 1","2026-06-26",97
"Laramie County School District 1","2026-07-03",101
"Laramie County School District 1","2026-07-10",106
"Laramie County School District 1","2026-07-17",128
"Laramie County School District 1","2026-07-24",123
"Laramie County School District 1","2026-07-31",117
"Laramie County School District 1","2026-08-03",108
"Laramie County School District 1","2026-08-04",117
"Laramie County School District 2","2024-08-09",36
"Laramie County School District 2","2024-08-16",14
"Laramie County School District 2","2024-08-23",15
"Laramie County School District 2","2024-08-30",15
"Laramie County School District 2","2024-09-06",15
"Laramie County School District 2","2024-09-13",12
"Laramie County School District 2","2024-09-20",12
"Laramie County School District 2","2024-09-27",12
"Laramie County School District 2","2024-10-04",13
"Laramie County School District 2","2024-10-11",13
"Laramie County School District 2","2024-10-18",13
"Laramie County School District 2","2024-10-25",13
"Laramie County School District 2","2024-11-01",12
"Laramie County School District 2","2024-11-08",12
"Laramie County School District 2","2024-11-15",12
"Laramie County School District 2","2024-11-22",12
"Laramie County School District 2","2024-11-29",12
"Laramie County School District 2","2024-12-06",15
"Laramie County School District 2","2024-12-13",13
"Laramie County School District 2","2024-12-20",13
"Laramie County School District 2","2024-12-27",14
"Laramie County School District 2","2025-01-03",15
"Laramie County School District 2","2025-01-10",15
"Laramie County School District 2","2025-01-17",13
"Laramie County School District 2","2025-01-24",13
"Laramie County School District 2","2025-01-31",15
"Laramie County School District 2","2025-02-07",16
"Laramie County School District 2","2025-02-14",17
"Laramie County School District 2","2025-02-21",17
"Laramie County School District 2","2025-02-28",34
"Laramie County School District 2","2025-03-07",17
"Laramie County School District 2","2025-03-14",40
"Laramie County School District 2","2025-03-21",20
"Laramie County School District 2","2025-03-28",44
"Laramie County School District 2","2025-04-04",24
"Laramie County School District 2","2025-04-11",48
"Laramie County School District 2","2025-04-18",19
"Laramie County School District 2","2025-04-25",19
"Laramie County School District 2","2025-05-02",20
"Laramie County School District 2","2025-05-09",42
"Laramie County School District 2","2025-05-16",18
"Laramie County School District 2","2025-05-23",17
"Laramie County School District 2","2025-05-30",19
"Laramie County School District 2","2025-06-06",19
"Laramie County School District 2","2025-06-13",28
"Laramie County School District 2","2025-06-20",14
"Laramie County School District 2","2025-06-27",15
"Laramie County School District 2","2025-07-04",30
"Laramie County School District 2","2025-07-11",30
"Laramie County School District 2","2025-07-18",15
"Laramie County School District 2","2025-07-25",30
"Laramie County School District 2","2025-08-01",30
"Laramie County School District 2","2025-08-08",13
"Laramie County School District 2","2025-08-15",10
"Laramie County School District 2","2025-08-22",18
"Laramie County School District 2","2025-08-29",9
"Laramie County School District 2","2025-09-05",18
"Laramie County School District 2","2025-09-12",9
"Laramie County School District 2","2025-09-19",10
"Laramie County School District 2","2025-09-26",11
"Laramie County School District 2","2025-10-03",16
"Laramie County School District 2","2025-10-10",32
"Laramie County School District 2","2025-10-17",16
"Laramie County School District 2","2025-10-24",32
"Laramie County School District 2","2025-10-31",18
"Laramie County School District 2","2025-11-07",18
"Laramie County School District 2","2025-11-14",18
"Laramie County School District 2","2025-11-21",18
"Laramie County School District 2","2025-11-28",18
"Laramie County School District 2","2025-12-05",19
"Laramie County School District 2","2025-12-12",26
"Laramie County School District 2","2025-12-19",26
"Laramie County School District 2","2025-12-26",13
"Laramie County School District 2","2026-01-02",13
"Laramie County School District 2","2026-01-09",13
"Laramie County School District 2","2026-01-16",16
"Laramie County School District 2","2026-01-23",30
"Laramie County School District 2","2026-01-30",32
"Laramie County School District 2","2026-02-06",17
"Laramie County School District 2","2026-02-13",34
"Laramie County School District 2","2026-02-20",36
"Laramie County School District 2","2026-02-27",38
"Laramie County School District 2","2026-03-06",40
"Laramie County School District 2","2026-03-13",40
"Laramie County School District 2","2026-03-20",21
"Laramie County School District 2","2026-03-27",22
"Laramie County School District 2","2026-04-03",22
"Laramie County School District 2","2026-04-10",46
"Laramie County School District 2","2026-04-17",19
"Laramie County School District 2","2026-04-24",19
"Laramie County School District 2","2026-05-01",22
"Laramie County School District 2","2026-05-07",22
"Laramie County School District 2","2026-05-08",22
"Laramie County School District 2","2026-05-15",25
"Laramie County School District 2","2026-05-22",25
"Laramie County School District 2","2026-05-29",25
"Laramie County School District 2","2026-06-05",25
"Laramie County School District 2","2026-06-12",19
"Laramie County School District 2","2026-06-19",19
"Laramie County School District 2","2026-06-26",19
"Laramie County School District 2","2026-07-03",19
"Laramie County School District 2","2026-07-10",21
"Laramie County School District 2","2026-07-17",34
"Laramie County School District 2","2026-07-24",17
"Laramie County School District 2","2026-07-31",17
"Laramie County School District 2","2026-08-03",17
"Laramie County School District 2","2026-08-04",17
"Lincoln County School District 1","2024-08-09",21
"Lincoln County School District 1","2024-08-16",10
"Lincoln County School District 1","2024-08-23",9
"Lincoln County School District 1","2024-08-30",9
"Lincoln County School District 1","2024-09-06",9
"Lincoln County School District 1","2024-09-13",9
"Lincoln County School District 1","2024-09-20",10
"Lincoln County School District 1","2024-09-27",10
"Lincoln County School District 1","2024-10-04",9
"Lincoln County School District 1","2024-10-11",10
"Lincoln County School District 1","2024-10-18",10
"Lincoln County School District 1","2024-10-25",10
"Lincoln County School District 1","2024-11-01",10
"Lincoln County School District 1","2024-11-08",10
"Lincoln County School District 1","2024-11-15",11
"Lincoln County School District 1","2024-11-22",11
"Lincoln County School District 1","2024-11-29",11
"Lincoln County School District 1","2024-12-06",14
"Lincoln County School District 1","2024-12-13",14
"Lincoln County School District 1","2024-12-20",13
"Lincoln County School District 1","2024-12-27",13
"Lincoln County School District 1","2025-01-03",14
"Lincoln County School District 1","2025-01-10",14
"Lincoln County School District 1","2025-01-17",13
"Lincoln County School District 1","2025-01-24",16
"Lincoln County School District 1","2025-01-31",16
"Lincoln County School District 1","2025-02-07",16
"Lincoln County School District 1","2025-02-14",17
"Lincoln County School District 1","2025-02-21",19
"Lincoln County School District 1","2025-02-28",19
"Lincoln County School District 1","2025-03-07",18
"Lincoln County School District 1","2025-03-14",15
"Lincoln County School District 1","2025-03-21",16
"Lincoln County School District 1","2025-03-28",16
"Lincoln County School District 1","2025-04-04",16
"Lincoln County School District 1","2025-04-11",15
"Lincoln County School District 1","2025-04-18",15
"Lincoln County School District 1","2025-04-25",16
"Lincoln County School District 1","2025-05-02",20
"Lincoln County School District 1","2025-05-09",20
"Lincoln County School District 1","2025-05-16",20
"Lincoln County School District 1","2025-05-23",20
"Lincoln County School District 1","2025-05-30",20
"Lincoln County School District 1","2025-06-06",20
"Lincoln County School District 1","2025-06-13",20
"Lincoln County School District 1","2025-06-20",21
"Lincoln County School District 1","2025-06-27",20
"Lincoln County School District 1","2025-07-04",20
"Lincoln County School District 1","2025-07-11",20
"Lincoln County School District 1","2025-07-18",20
"Lincoln County School District 1","2025-07-25",20
"Lincoln County School District 1","2025-08-01",20
"Lincoln County School District 1","2025-08-08",20
"Lincoln County School District 1","2025-08-15",20
"Lincoln County School District 1","2025-08-22",16
"Lincoln County School District 1","2025-08-29",16
"Lincoln County School District 1","2025-09-05",16
"Lincoln County School District 1","2025-09-12",16
"Lincoln County School District 1","2025-09-19",16
"Lincoln County School District 1","2025-09-26",16
"Lincoln County School District 1","2025-10-03",1
"Lincoln County School District 1","2025-10-10",1
"Lincoln County School District 1","2025-10-17",1
"Lincoln County School District 1","2025-10-24",1
"Lincoln County School District 1","2025-10-31",1
"Lincoln County School District 1","2025-11-07",1
"Lincoln County School District 1","2025-11-14",1
"Lincoln County School District 1","2025-11-21",1
"Lincoln County School District 1","2025-11-28",1
"Lincoln County School District 1","2025-12-05",1
"Lincoln County School District 1","2025-12-12",1
"Lincoln County School District 1","2025-12-19",1
"Lincoln County School District 1","2025-12-26",1
"Lincoln County School District 1","2026-01-02",1
"Lincoln County School District 1","2026-01-09",1
"Lincoln County School District 1","2026-01-16",1
"Lincoln County School District 1","2026-01-23",1
"Lincoln County School District 1","2026-01-30",1
"Lincoln County School District 1","2026-02-06",1
"Lincoln County School District 1","2026-02-13",1
"Lincoln County School District 1","2026-02-20",1
"Lincoln County School District 1","2026-02-27",1
"Lincoln County School District 1","2026-03-06",1
"Lincoln County School District 1","2026-03-13",1
"Lincoln County School District 1","2026-03-20",1
"Lincoln County School District 1","2026-03-27",1
"Lincoln County School District 1","2026-04-03",1
"Lincoln County School District 1","2026-04-10",1
"Lincoln County School District 1","2026-04-17",1
"Lincoln County School District 1","2026-04-24",1
"Lincoln County School District 1","2026-05-01",1
"Lincoln County School District 1","2026-05-07",1
"Lincoln County School District 1","2026-05-08",1
"Lincoln County School District 1","2026-05-15",1
"Lincoln County School District 1","2026-05-22",1
"Lincoln County School District 1","2026-05-29",1
"Lincoln County School District 1","2026-06-05",1
"Lincoln County School District 1","2026-06-12",1
"Lincoln County School District 1","2026-06-19",1
"Lincoln County School District 1","2026-06-26",1
"Lincoln County School District 1","2026-07-03",1
"Lincoln County School District 1","2026-07-10",1
"Lincoln County School District 1","2026-07-17",1
"Lincoln County School District 1","2026-07-24",1
"Lincoln County School District 1","2026-07-31",1
"Lincoln County School District 1","2026-08-03",1
"Lincoln County School District 1","2026-08-04",1
"Lincoln County School District 2","2024-08-09",34
"Lincoln County School District 2","2024-08-16",16
"Lincoln County School District 2","2024-08-23",16
"Lincoln County School District 2","2024-08-30",18
"Lincoln County School District 2","2024-09-06",18
"Lincoln County School District 2","2024-09-13",14
"Lincoln County School District 2","2024-09-20",22
"Lincoln County School District 2","2024-09-27",22
"Lincoln County School District 2","2024-10-04",20
"Lincoln County School District 2","2024-10-11",20
"Lincoln County School District 2","2024-10-18",20
"Lincoln County School District 2","2024-10-25",20
"Lincoln County School District 2","2024-11-01",20
"Lincoln County School District 2","2024-11-08",19
"Lincoln County School District 2","2024-11-15",19
"Lincoln County School District 2","2024-11-22",19
"Lincoln County School District 2","2024-11-29",14
"Lincoln County School District 2","2024-12-06",14
"Lincoln County School District 2","2024-12-13",18
"Lincoln County School District 2","2024-12-20",16
"Lincoln County School District 2","2024-12-27",16
"Lincoln County School District 2","2025-01-03",18
"Lincoln County School District 2","2025-01-10",17
"Lincoln County School District 2","2025-01-17",17
"Lincoln County School District 2","2025-01-24",18
"Lincoln County School District 2","2025-01-31",18
"Lincoln County School District 2","2025-02-07",18
"Lincoln County School District 2","2025-02-14",19
"Lincoln County School District 2","2025-02-21",28
"Lincoln County School District 2","2025-02-28",28
"Lincoln County School District 2","2025-03-07",27
"Lincoln County School District 2","2025-03-14",26
"Lincoln County School District 2","2025-03-21",26
"Lincoln County School District 2","2025-03-28",26
"Lincoln County School District 2","2025-04-04",22
"Lincoln County School District 2","2025-04-11",22
"Lincoln County School District 2","2025-04-18",28
"Lincoln County School District 2","2025-04-25",27
"Lincoln County School District 2","2025-05-02",27
"Lincoln County School District 2","2025-05-09",22
"Lincoln County School District 2","2025-05-16",23
"Lincoln County School District 2","2025-05-23",26
"Lincoln County School District 2","2025-05-30",22
"Lincoln County School District 2","2025-06-06",24
"Lincoln County School District 2","2025-06-13",26
"Lincoln County School District 2","2025-06-20",24
"Lincoln County School District 2","2025-06-27",21
"Lincoln County School District 2","2025-07-04",21
"Lincoln County School District 2","2025-07-11",20
"Lincoln County School District 2","2025-07-18",22
"Lincoln County School District 2","2025-07-25",17
"Lincoln County School District 2","2025-08-01",15
"Lincoln County School District 2","2025-08-08",15
"Lincoln County School District 2","2025-08-15",14
"Lincoln County School District 2","2025-08-22",15
"Lincoln County School District 2","2025-08-29",16
"Lincoln County School District 2","2025-09-05",22
"Lincoln County School District 2","2025-09-12",22
"Lincoln County School District 2","2025-09-19",23
"Lincoln County School District 2","2025-09-26",24
"Lincoln County School District 2","2025-10-03",25
"Lincoln County School District 2","2025-10-10",24
"Lincoln County School District 2","2025-10-17",24
"Lincoln County School District 2","2025-10-24",26
"Lincoln County School District 2","2025-10-31",26
"Lincoln County School District 2","2025-11-07",20
"Lincoln County School District 2","2025-11-14",19
"Lincoln County School District 2","2025-11-21",19
"Lincoln County School District 2","2025-11-28",19
"Lincoln County School District 2","2025-12-05",18
"Lincoln County School District 2","2025-12-12",21
"Lincoln County School District 2","2025-12-19",20
"Lincoln County School District 2","2025-12-26",19
"Lincoln County School District 2","2026-01-02",19
"Lincoln County School District 2","2026-01-09",18
"Lincoln County School District 2","2026-01-16",20
"Lincoln County School District 2","2026-01-23",20
"Lincoln County School District 2","2026-01-30",18
"Lincoln County School District 2","2026-02-06",16
"Lincoln County School District 2","2026-02-13",16
"Lincoln County School District 2","2026-02-20",17
"Lincoln County School District 2","2026-02-27",15
"Lincoln County School District 2","2026-03-06",15
"Lincoln County School District 2","2026-03-13",15
"Lincoln County School District 2","2026-03-20",22
"Lincoln County School District 2","2026-03-27",21
"Lincoln County School District 2","2026-04-03",22
"Lincoln County School District 2","2026-04-10",20
"Lincoln County School District 2","2026-04-17",17
"Lincoln County School District 2","2026-04-24",19
"Lincoln County School District 2","2026-05-01",20
"Lincoln County School District 2","2026-05-07",15
"Lincoln County School District 2","2026-05-08",15
"Lincoln County School District 2","2026-05-15",17
"Lincoln County School District 2","2026-05-22",19
"Lincoln County School District 2","2026-05-29",19
"Lincoln County School District 2","2026-06-05",22
"Lincoln County School District 2","2026-06-12",17
"Lincoln County School District 2","2026-06-19",19
"Lincoln County School District 2","2026-06-26",17
"Lincoln County School District 2","2026-07-03",16
"Lincoln County School District 2","2026-07-10",14
"Lincoln County School District 2","2026-07-17",17
"Lincoln County School District 2","2026-07-24",15
"Lincoln County School District 2","2026-07-31",17
"Lincoln County School District 2","2026-08-03",17
"Lincoln County School District 2","2026-08-04",17
"Natrona School District 1","2024-08-09",100
"Natrona School District 1","2024-08-16",50
"Natrona School District 1","2024-08-23",50
"Natrona School District 1","2024-08-30",50
"Natrona School District 1","2024-09-06",50
"Natrona School District 1","2024-09-13",50
"Natrona School District 1","2024-09-20",50
"Natrona School District 1","2024-09-27",50
"Natrona School District 1","2024-10-04",50
"Natrona School District 1","2024-10-11",50
"Natrona School District 1","2024-10-18",50
"Natrona School District 1","2024-10-25",50
"Natrona School District 1","2024-11-01",50
"Natrona School District 1","2024-11-08",50
"Natrona School District 1","2024-11-15",50
"Natrona School District 1","2024-11-22",50
"Natrona School District 1","2024-11-29",46
"Natrona School District 1","2024-12-06",50
"Natrona School District 1","2024-12-13",50
"Natrona School District 1","2024-12-20",50
"Natrona School District 1","2024-12-27",50
"Natrona School District 1","2025-01-03",50
"Natrona School District 1","2025-01-10",50
"Natrona School District 1","2025-01-24",63
"Natrona School District 1","2025-01-31",59
"Natrona School District 1","2025-02-07",62
"Natrona School District 1","2025-02-14",67
"Natrona School District 1","2025-02-21",46
"Natrona School District 1","2025-02-28",32
"Natrona School District 1","2025-03-07",31
"Natrona School District 1","2025-03-14",61
"Natrona School District 1","2025-03-21",57
"Natrona School District 1","2025-03-28",54
"Natrona School District 1","2025-04-04",45
"Natrona School District 1","2025-04-11",44
"Natrona School District 1","2025-04-18",37
"Natrona School District 1","2025-04-25",35
"Natrona School District 1","2025-05-02",69
"Natrona School District 1","2025-05-09",75
"Natrona School District 1","2025-05-16",73
"Natrona School District 1","2025-05-23",73
"Natrona School District 1","2025-05-30",73
"Natrona School District 1","2025-06-06",77
"Natrona School District 1","2025-06-13",75
"Natrona School District 1","2025-06-20",63
"Natrona School District 1","2025-06-27",69
"Natrona School District 1","2025-07-04",69
"Natrona School District 1","2025-07-11",66
"Natrona School District 1","2025-07-18",67
"Natrona School District 1","2025-07-25",79
"Natrona School District 1","2025-08-01",84
"Natrona School District 1","2025-08-08",76
"Natrona School District 1","2025-08-15",79
"Natrona School District 1","2025-08-22",69
"Natrona School District 1","2025-08-29",73
"Natrona School District 1","2025-09-05",68
"Natrona School District 1","2025-09-12",67
"Natrona School District 1","2025-09-19",65
"Natrona School District 1","2025-09-26",63
"Natrona School District 1","2025-10-03",70
"Natrona School District 1","2025-10-10",70
"Natrona School District 1","2025-10-17",72
"Natrona School District 1","2025-10-24",71
"Natrona School District 1","2025-10-31",65
"Natrona School District 1","2025-11-07",55
"Natrona School District 1","2025-11-14",49
"Natrona School District 1","2025-11-21",49
"Natrona School District 1","2025-11-28",51
"Natrona School District 1","2025-12-05",55
"Natrona School District 1","2025-12-12",56
"Natrona School District 1","2025-12-19",51
"Natrona School District 1","2025-12-26",53
"Natrona School District 1","2026-01-02",49
"Natrona School District 1","2026-01-09",48
"Natrona School District 1","2026-01-16",50
"Natrona School District 1","2026-01-23",48
"Natrona School District 1","2026-01-30",45
"Natrona School District 1","2026-02-06",53
"Natrona School District 1","2026-02-13",54
"Natrona School District 1","2026-02-20",46
"Natrona School District 1","2026-02-27",23
"Natrona School District 1","2026-03-06",24
"Natrona School District 1","2026-03-13",26
"Natrona School District 1","2026-03-20",26
"Natrona School District 1","2026-03-27",43
"Natrona School District 1","2026-04-03",51
"Natrona School District 1","2026-04-10",39
"Natrona School District 1","2026-04-17",47
"Natrona School District 1","2026-04-24",48
"Natrona School District 1","2026-05-01",61
"Natrona School District 1","2026-05-07",57
"Natrona School District 1","2026-05-08",57
"Natrona School District 1","2026-05-15",61
"Natrona School District 1","2026-05-22",68
"Natrona School District 1","2026-05-29",66
"Natrona School District 1","2026-06-05",70
"Natrona School District 1","2026-06-12",72
"Natrona School District 1","2026-06-19",73
"Natrona School District 1","2026-06-26",64
"Natrona School District 1","2026-07-03",71
"Natrona School District 1","2026-07-10",63
"Natrona School District 1","2026-07-17",59
"Natrona School District 1","2026-07-24",64
"Natrona School District 1","2026-07-31",69
"Natrona School District 1","2026-08-03",81
"Natrona School District 1","2026-08-04",81
"Niobrara County School District 1","2024-08-09",22
"Niobrara County School District 1","2024-08-16",11
"Niobrara County School District 1","2024-08-23",5
"Niobrara County School District 1","2024-08-30",5
"Niobrara County School District 1","2024-09-06",5
"Niobrara County School District 1","2024-09-13",5
"Niobrara County School District 1","2024-09-20",5
"Niobrara County School District 1","2024-09-27",6
"Niobrara County School District 1","2024-10-04",6
"Niobrara County School District 1","2024-10-11",5
"Niobrara County School District 1","2024-10-18",5
"Niobrara County School District 1","2024-10-25",5
"Niobrara County School District 1","2024-11-01",5
"Niobrara County School District 1","2024-11-08",4
"Niobrara County School District 1","2024-11-15",5
"Niobrara County School District 1","2024-11-22",5
"Niobrara County School District 1","2024-11-29",5
"Niobrara County School District 1","2024-12-06",5
"Niobrara County School District 1","2024-12-13",5
"Niobrara County School District 1","2024-12-20",5
"Niobrara County School District 1","2024-12-27",5
"Niobrara County School District 1","2025-01-03",5
"Niobrara County School District 1","2025-01-10",5
"Niobrara County School District 1","2025-01-17",5
"Niobrara County School District 1","2025-01-24",6
"Niobrara County School District 1","2025-01-31",7
"Niobrara County School District 1","2025-02-07",7
"Niobrara County School District 1","2025-02-14",6
"Niobrara County School District 1","2025-02-21",7
"Niobrara County School District 1","2025-02-28",7
"Niobrara County School District 1","2025-03-07",8
"Niobrara County School District 1","2025-03-14",8
"Niobrara County School District 1","2025-03-21",8
"Niobrara County School District 1","2025-03-28",8
"Niobrara County School District 1","2025-04-04",8
"Niobrara County School District 1","2025-04-11",8
"Niobrara County School District 1","2025-04-18",9
"Niobrara County School District 1","2025-04-25",9
"Niobrara County School District 1","2025-05-02",10
"Niobrara County School District 1","2025-05-09",10
"Niobrara County School District 1","2025-05-16",10
"Niobrara County School District 1","2025-05-23",6
"Niobrara County School District 1","2025-05-30",5
"Niobrara County School District 1","2025-06-06",3
"Niobrara County School District 1","2025-06-13",4
"Niobrara County School District 1","2025-06-20",8
"Niobrara County School District 1","2025-06-27",8
"Niobrara County School District 1","2025-07-04",7
"Niobrara County School District 1","2025-07-11",8
"Niobrara County School District 1","2025-07-18",8
"Niobrara County School District 1","2025-07-25",8
"Niobrara County School District 1","2025-08-01",7
"Niobrara County School District 1","2025-08-08",7
"Niobrara County School District 1","2025-08-15",7
"Niobrara County School District 1","2025-08-22",6
"Niobrara County School District 1","2025-08-29",6
"Niobrara County School District 1","2025-09-05",6
"Niobrara County School District 1","2025-09-12",6
"Niobrara County School District 1","2025-09-19",6
"Niobrara County School District 1","2025-09-26",6
"Niobrara County School District 1","2025-10-03",6
"Niobrara County School District 1","2025-10-10",6
"Niobrara County School District 1","2025-10-17",6
"Niobrara County School District 1","2025-10-24",6
"Niobrara County School District 1","2025-10-31",6
"Niobrara County School District 1","2025-11-07",6
"Niobrara County School District 1","2025-11-14",6
"Niobrara County School District 1","2025-11-21",6
"Niobrara County School District 1","2025-11-28",6
"Niobrara County School District 1","2025-12-05",6
"Niobrara County School District 1","2025-12-12",7
"Niobrara County School District 1","2025-12-19",7
"Niobrara County School District 1","2025-12-26",7
"Niobrara County School District 1","2026-01-02",7
"Niobrara County School District 1","2026-01-09",7
"Niobrara County School District 1","2026-01-16",4
"Niobrara County School District 1","2026-01-23",4
"Niobrara County School District 1","2026-01-30",4
"Niobrara County School District 1","2026-02-06",4
"Niobrara County School District 1","2026-02-13",7
"Niobrara County School District 1","2026-02-20",7
"Niobrara County School District 1","2026-02-27",7
"Niobrara County School District 1","2026-03-06",7
"Niobrara County School District 1","2026-03-13",7
"Niobrara County School District 1","2026-03-20",9
"Niobrara County School District 1","2026-03-27",11
"Niobrara County School District 1","2026-04-03",12
"Niobrara County School District 1","2026-04-10",12
"Niobrara County School District 1","2026-04-17",12
"Niobrara County School District 1","2026-04-24",12
"Niobrara County School District 1","2026-05-01",12
"Niobrara County School District 1","2026-05-07",12
"Niobrara County School District 1","2026-05-08",12
"Niobrara County School District 1","2026-05-15",8
"Niobrara County School District 1","2026-05-22",8
"Niobrara County School District 1","2026-05-29",8
"Niobrara County School District 1","2026-06-05",8
"Niobrara County School District 1","2026-06-12",9
"Niobrara County School District 1","2026-06-19",9
"Niobrara County School District 1","2026-06-26",9
"Niobrara County School District 1","2026-07-03",9
"Niobrara County School District 1","2026-07-10",9
"Niobrara County School District 1","2026-07-17",8
"Niobrara County School District 1","2026-07-24",8
"Niobrara County School District 1","2026-07-31",8
"Niobrara County School District 1","2026-08-03",10
"Niobrara County School District 1","2026-08-04",10
"Park County School District 1","2024-08-09",18
"Park County School District 1","2024-08-16",7
"Park County School District 1","2024-08-23",5
"Park County School District 1","2024-08-30",5
"Park County School District 1","2024-09-06",5
"Park County School District 1","2024-09-13",5
"Park County School District 1","2024-09-20",6
"Park County School District 1","2024-09-27",7
"Park County School District 1","2024-10-04",7
"Park County School District 1","2024-10-11",9
"Park County School District 1","2024-10-18",7
"Park County School District 1","2024-10-25",7
"Park County School District 1","2024-11-01",7
"Park County School District 1","2024-11-08",6
"Park County School District 1","2024-11-15",6
"Park County School District 1","2024-11-22",8
"Park County School District 1","2024-11-29",8
"Park County School District 1","2024-12-06",8
"Park County School District 1","2024-12-13",7
"Park County School District 1","2024-12-20",5
"Park County School District 1","2024-12-27",5
"Park County School District 1","2025-01-03",5
"Park County School District 1","2025-01-10",5
"Park County School District 1","2025-01-17",9
"Park County School District 1","2025-01-24",10
"Park County School District 1","2025-01-31",9
"Park County School District 1","2025-02-07",8
"Park County School District 1","2025-02-14",9
"Park County School District 1","2025-02-21",8
"Park County School District 1","2025-02-28",6
"Park County School District 1","2025-03-07",6
"Park County School District 1","2025-03-14",6
"Park County School District 1","2025-03-21",6
"Park County School District 1","2025-03-28",6
"Park County School District 1","2025-04-04",6
"Park County School District 1","2025-04-11",8
"Park County School District 1","2025-04-18",9
"Park County School District 1","2025-04-25",8
"Park County School District 1","2025-05-02",8
"Park County School District 1","2025-05-09",8
"Park County School District 1","2025-05-16",8
"Park County School District 1","2025-05-23",9
"Park County School District 1","2025-05-30",7
"Park County School District 1","2025-06-06",9
"Park County School District 1","2025-06-13",9
"Park County School District 1","2025-06-20",9
"Park County School District 1","2025-06-27",17
"Park County School District 1","2025-07-04",18
"Park County School District 1","2025-07-11",18
"Park County School District 1","2025-07-18",18
"Park County School District 1","2025-07-25",18
"Park County School District 1","2025-08-01",11
"Park County School District 1","2025-08-08",11
"Park County School District 1","2025-08-15",11
"Park County School District 1","2025-08-22",7
"Park County School District 1","2025-08-29",7
"Park County School District 1","2025-09-05",7
"Park County School District 1","2025-09-12",7
"Park County School District 1","2025-09-19",8
"Park County School District 1","2025-09-26",9
"Park County School District 1","2025-10-03",8
"Park County School District 1","2025-10-10",8
"Park County School District 1","2025-10-17",8
"Park County School District 1","2025-10-24",10
"Park County School District 1","2025-10-31",10
"Park County School District 1","2025-11-07",10
"Park County School District 1","2025-11-14",9
"Park County School District 1","2025-11-21",7
"Park County School District 1","2025-11-28",7
"Park County School District 1","2025-12-05",8
"Park County School District 1","2025-12-12",6
"Park County School District 1","2025-12-19",6
"Park County School District 1","2025-12-26",10
"Park County School District 1","2026-01-02",10
"Park County School District 1","2026-01-09",11
"Park County School District 1","2026-01-16",11
"Park County School District 1","2026-01-23",11
"Park County School District 1","2026-01-30",11
"Park County School District 1","2026-02-06",18
"Park County School District 1","2026-02-13",18
"Park County School District 1","2026-02-20",18
"Park County School District 1","2026-02-27",18
"Park County School District 1","2026-03-06",14
"Park County School District 1","2026-03-13",12
"Park County School District 1","2026-03-20",12
"Park County School District 1","2026-03-27",8
"Park County School District 1","2026-04-03",9
"Park County School District 1","2026-04-10",9
"Park County School District 1","2026-04-17",6
"Park County School District 1","2026-04-24",7
"Park County School District 1","2026-05-01",7
"Park County School District 1","2026-05-07",7
"Park County School District 1","2026-05-08",7
"Park County School District 1","2026-05-15",7
"Park County School District 1","2026-05-22",5
"Park County School District 1","2026-05-29",6
"Park County School District 1","2026-06-05",8
"Park County School District 1","2026-06-12",1
"Park County School District 1","2026-06-19",16
"Park County School District 1","2026-06-26",17
"Park County School District 1","2026-07-03",18
"Park County School District 1","2026-07-10",18
"Park County School District 1","2026-07-17",17
"Park County School District 1","2026-07-24",18
"Park County School District 1","2026-07-31",15
"Park County School District 1","2026-08-03",16
"Park County School District 1","2026-08-04",16
"Park County School District 16","2024-08-09",2
"Park County School District 16","2024-08-16",1
"Park County School District 16","2024-08-23",2
"Park County School District 16","2024-08-30",2
"Park County School District 16","2024-09-06",2
"Park County School District 16","2024-09-13",2
"Park County School District 16","2024-09-20",2
"Park County School District 16","2024-09-27",2
"Park County School District 16","2024-10-04",2
"Park County School District 16","2024-10-11",2
"Park County School District 16","2024-10-18",2
"Park County School District 16","2024-10-25",2
"Park County School District 16","2024-11-01",2
"Park County School District 16","2024-11-08",2
"Park County School District 16","2024-11-15",2
"Park County School District 16","2024-11-22",2
"Park County School District 16","2024-11-29",2
"Park County School District 16","2024-12-06",2
"Park County School District 16","2024-12-13",2
"Park County School District 16","2024-12-20",2
"Park County School District 16","2024-12-27",2
"Park County School District 16","2025-01-03",2
"Park County School District 16","2025-01-10",2
"Park County School District 16","2025-01-17",2
"Park County School District 16","2025-01-24",2
"Park County School District 16","2025-01-31",3
"Park County School District 16","2025-02-07",3
"Park County School District 16","2025-02-14",3
"Park County School District 16","2025-02-21",3
"Park County School District 16","2025-02-28",2
"Park County School District 16","2025-03-07",2
"Park County School District 16","2025-03-14",2
"Park County School District 16","2025-03-21",2
"Park County School District 16","2025-03-28",2
"Park County School District 16","2025-04-04",4
"Park County School District 16","2025-04-11",4
"Park County School District 16","2025-04-18",3
"Park County School District 16","2025-04-25",3
"Park County School District 16","2025-05-02",6
"Park County School District 16","2025-05-09",6
"Park County School District 16","2025-05-16",7
"Park County School District 16","2025-05-23",7
"Park County School District 16","2025-05-30",8
"Park County School District 16","2025-06-06",8
"Park County School District 16","2025-06-13",8
"Park County School District 16","2025-06-20",6
"Park County School District 16","2025-06-27",6
"Park County School District 16","2025-07-04",6
"Park County School District 16","2025-07-11",6
"Park County School District 16","2025-07-18",6
"Park County School District 16","2025-07-25",5
"Park County School District 16","2025-08-01",5
"Park County School District 16","2025-08-08",5
"Park County School District 16","2025-08-15",4
"Park County School District 16","2025-08-22",4
"Park County School District 16","2025-08-29",4
"Park County School District 16","2025-09-05",4
"Park County School District 16","2025-09-12",3
"Park County School District 16","2025-09-19",3
"Park County School District 16","2025-09-26",3
"Park County School District 16","2025-10-03",3
"Park County School District 16","2025-10-10",3
"Park County School District 16","2025-10-17",3
"Park County School District 16","2025-10-24",2
"Park County School District 16","2025-10-31",2
"Park County School District 16","2025-11-07",2
"Park County School District 16","2025-11-14",2
"Park County School District 16","2025-11-21",2
"Park County School District 16","2025-11-28",2
"Park County School District 16","2025-12-05",2
"Park County School District 16","2025-12-12",2
"Park County School District 16","2025-12-19",2
"Park County School District 16","2025-12-26",2
"Park County School District 16","2026-01-02",2
"Park County School District 16","2026-01-09",2
"Park County School District 16","2026-01-16",2
"Park County School District 16","2026-01-23",2
"Park County School District 16","2026-01-30",2
"Park County School District 16","2026-02-06",2
"Park County School District 16","2026-02-13",1
"Park County School District 16","2026-02-20",1
"Park County School District 16","2026-02-27",1
"Park County School District 16","2026-03-06",1
"Park County School District 16","2026-03-13",1
"Park County School District 16","2026-03-20",1
"Park County School District 16","2026-03-27",1
"Park County School District 16","2026-04-03",1
"Park County School District 16","2026-04-10",1
"Park County School District 16","2026-04-17",2
"Park County School District 16","2026-04-24",2
"Park County School District 16","2026-05-01",5
"Park County School District 16","2026-05-07",4
"Park County School District 16","2026-05-08",4
"Park County School District 16","2026-05-15",5
"Park County School District 16","2026-05-22",5
"Park County School District 16","2026-05-29",5
"Park County School District 16","2026-06-05",5
"Park County School District 16","2026-06-12",5
"Park County School District 16","2026-06-19",5
"Park County School District 16","2026-06-26",5
"Park County School District 16","2026-07-03",5
"Park County School District 16","2026-07-10",5
"Park County School District 16","2026-07-17",5
"Park County School District 16","2026-07-24",3
"Park County School District 16","2026-07-31",3
"Park County School District 16","2026-08-03",5
"Park County School District 16","2026-08-04",5
"Park County School District 6","2024-08-09",51
"Park County School District 6","2024-08-16",26
"Park County School District 6","2024-08-23",10
"Park County School District 6","2024-08-30",12
"Park County School District 6","2024-09-06",11
"Park County School District 6","2024-09-13",13
"Park County School District 6","2024-09-20",12
"Park County School District 6","2024-09-27",13
"Park County School District 6","2024-10-04",12
"Park County School District 6","2024-10-11",14
"Park County School District 6","2024-10-18",17
"Park County School District 6","2024-10-25",16
"Park County School District 6","2024-11-01",15
"Park County School District 6","2024-11-08",16
"Park County School District 6","2024-11-15",16
"Park County School District 6","2024-11-22",16
"Park County School District 6","2024-11-29",17
"Park County School District 6","2024-12-06",19
"Park County School District 6","2024-12-13",17
"Park County School District 6","2024-12-20",17
"Park County School District 6","2024-12-27",17
"Park County School District 6","2025-01-03",17
"Park County School District 6","2025-01-10",17
"Park County School District 6","2025-01-17",18
"Park County School District 6","2025-01-24",16
"Park County School District 6","2025-01-31",17
"Park County School District 6","2025-02-07",16
"Park County School District 6","2025-02-14",17
"Park County School District 6","2025-02-21",18
"Park County School District 6","2025-02-28",17
"Park County School District 6","2025-03-07",18
"Park County School District 6","2025-03-14",22
"Park County School District 6","2025-03-21",16
"Park County School District 6","2025-03-28",15
"Park County School District 6","2025-04-04",15
"Park County School District 6","2025-04-11",16
"Park County School District 6","2025-04-18",15
"Park County School District 6","2025-04-25",17
"Park County School District 6","2025-05-02",18
"Park County School District 6","2025-05-09",20
"Park County School District 6","2025-05-16",15
"Park County School District 6","2025-05-23",14
"Park County School District 6","2025-05-30",13
"Park County School District 6","2025-06-06",14
"Park County School District 6","2025-06-13",14
"Park County School District 6","2025-06-20",14
"Park County School District 6","2025-06-27",12
"Park County School District 6","2025-07-04",3
"Park County School District 6","2025-07-11",4
"Park County School District 6","2025-07-18",12
"Park County School District 6","2025-07-25",12
"Park County School District 6","2025-08-01",12
"Park County School District 6","2025-08-08",12
"Park County School District 6","2025-08-15",12
"Park County School District 6","2025-08-22",12
"Park County School District 6","2025-08-29",10
"Park County School District 6","2025-09-05",14
"Park County School District 6","2025-09-12",15
"Park County School District 6","2025-09-19",14
"Park County School District 6","2025-09-26",13
"Park County School District 6","2025-10-03",13
"Park County School District 6","2025-10-10",13
"Park County School District 6","2025-10-17",14
"Park County School District 6","2025-10-24",13
"Park County School District 6","2025-10-31",14
"Park County School District 6","2025-11-07",15
"Park County School District 6","2025-11-14",14
"Park County School District 6","2025-11-21",15
"Park County School District 6","2025-11-28",14
"Park County School District 6","2025-12-05",13
"Park County School District 6","2025-12-12",13
"Park County School District 6","2025-12-19",12
"Park County School District 6","2025-12-26",12
"Park County School District 6","2026-01-02",12
"Park County School District 6","2026-01-09",12
"Park County School District 6","2026-01-16",12
"Park County School District 6","2026-01-23",14
"Park County School District 6","2026-01-30",15
"Park County School District 6","2026-02-06",16
"Park County School District 6","2026-02-13",18
"Park County School District 6","2026-02-20",20
"Park County School District 6","2026-02-27",19
"Park County School District 6","2026-03-06",18
"Park County School District 6","2026-03-13",11
"Park County School District 6","2026-03-20",14
"Park County School District 6","2026-03-27",14
"Park County School District 6","2026-04-03",21
"Park County School District 6","2026-04-10",22
"Park County School District 6","2026-04-17",27
"Park County School District 6","2026-04-24",25
"Park County School District 6","2026-05-01",27
"Park County School District 6","2026-05-07",16
"Park County School District 6","2026-05-08",16
"Park County School District 6","2026-05-15",16
"Park County School District 6","2026-05-22",17
"Park County School District 6","2026-05-29",17
"Park County School District 6","2026-06-05",17
"Park County School District 6","2026-06-12",1
"Park County School District 6","2026-06-19",12
"Park County School District 6","2026-06-26",12
"Park County School District 6","2026-07-03",11
"Park County School District 6","2026-07-10",11
"Park County School District 6","2026-07-17",15
"Park County School District 6","2026-07-24",21
"Park County School District 6","2026-07-31",24
"Park County School District 6","2026-08-03",23
"Park County School District 6","2026-08-04",23
"Platte County School District 1","2024-08-09",17
"Platte County School District 1","2024-08-16",1
"Platte County School District 1","2024-08-23",2
"Platte County School District 1","2024-08-30",1
"Platte County School District 1","2024-09-06",1
"Platte County School District 1","2024-09-13",1
"Platte County School District 1","2024-09-20",3
"Platte County School District 1","2024-09-27",3
"Platte County School District 1","2024-10-04",3
"Platte County School District 1","2024-10-11",6
"Platte County School District 1","2024-10-18",7
"Platte County School District 1","2024-10-25",3
"Platte County School District 1","2024-11-01",5
"Platte County School District 1","2024-11-08",8
"Platte County School District 1","2024-11-15",8
"Platte County School District 1","2024-11-22",10
"Platte County School District 1","2024-11-29",10
"Platte County School District 1","2024-12-06",10
"Platte County School District 1","2024-12-13",12
"Platte County School District 1","2024-12-20",13
"Platte County School District 1","2024-12-27",13
"Platte County School District 1","2025-01-03",15
"Platte County School District 1","2025-01-10",15
"Platte County School District 1","2025-01-17",16
"Platte County School District 1","2025-01-24",10
"Platte County School District 1","2025-01-31",10
"Platte County School District 1","2025-02-07",10
"Platte County School District 1","2025-02-14",7
"Platte County School District 1","2025-02-21",7
"Platte County School District 1","2025-02-28",8
"Platte County School District 1","2025-03-07",8
"Platte County School District 1","2025-03-14",9
"Platte County School District 1","2025-03-21",9
"Platte County School District 1","2025-03-28",12
"Platte County School District 1","2025-04-04",13
"Platte County School District 1","2025-04-11",13
"Platte County School District 1","2025-04-18",10
"Platte County School District 1","2025-04-25",11
"Platte County School District 1","2025-05-02",12
"Platte County School District 1","2025-05-09",12
"Platte County School District 1","2025-05-16",12
"Platte County School District 1","2025-05-23",9
"Platte County School District 1","2025-05-30",10
"Platte County School District 1","2025-06-06",11
"Platte County School District 1","2025-06-13",11
"Platte County School District 1","2025-06-20",11
"Platte County School District 1","2025-06-27",9
"Platte County School District 1","2025-07-04",9
"Platte County School District 1","2025-07-11",10
"Platte County School District 1","2025-07-18",6
"Platte County School District 1","2025-07-25",6
"Platte County School District 1","2025-08-01",7
"Platte County School District 1","2025-08-08",7
"Platte County School District 1","2025-08-15",7
"Platte County School District 1","2025-08-22",8
"Platte County School District 1","2025-08-29",11
"Platte County School District 1","2025-09-05",11
"Platte County School District 1","2025-09-12",11
"Platte County School District 1","2025-09-19",9
"Platte County School District 1","2025-09-26",9
"Platte County School District 1","2025-10-03",9
"Platte County School District 1","2025-10-10",11
"Platte County School District 1","2025-10-17",11
"Platte County School District 1","2025-10-24",5
"Platte County School District 1","2025-10-31",6
"Platte County School District 1","2025-11-07",6
"Platte County School District 1","2025-11-14",7
"Platte County School District 1","2025-11-21",3
"Platte County School District 1","2025-11-28",5
"Platte County School District 1","2025-12-05",7
"Platte County School District 1","2025-12-12",4
"Platte County School District 1","2025-12-19",4
"Platte County School District 1","2025-12-26",4
"Platte County School District 1","2026-01-02",4
"Platte County School District 1","2026-01-09",4
"Platte County School District 1","2026-01-16",4
"Platte County School District 1","2026-01-23",4
"Platte County School District 1","2026-01-30",4
"Platte County School District 1","2026-02-06",4
"Platte County School District 1","2026-02-13",4
"Platte County School District 1","2026-02-20",3
"Platte County School District 1","2026-02-27",3
"Platte County School District 1","2026-03-06",7
"Platte County School District 1","2026-03-13",6
"Platte County School District 1","2026-03-20",7
"Platte County School District 1","2026-03-27",9
"Platte County School District 1","2026-04-03",10
"Platte County School District 1","2026-04-10",11
"Platte County School District 1","2026-04-17",11
"Platte County School District 1","2026-04-24",10
"Platte County School District 1","2026-05-01",10
"Platte County School District 1","2026-05-07",9
"Platte County School District 1","2026-05-08",9
"Platte County School District 1","2026-05-15",9
"Platte County School District 1","2026-05-22",5
"Platte County School District 1","2026-05-29",6
"Platte County School District 1","2026-06-05",8
"Platte County School District 1","2026-06-12",8
"Platte County School District 1","2026-06-19",8
"Platte County School District 1","2026-06-26",9
"Platte County School District 1","2026-07-03",9
"Platte County School District 1","2026-07-10",6
"Platte County School District 1","2026-07-17",10
"Platte County School District 1","2026-07-24",10
"Platte County School District 1","2026-07-31",11
"Platte County School District 1","2026-08-03",20
"Platte County School District 1","2026-08-04",20
"Platte County School District 2","2024-08-09",12
"Platte County School District 2","2024-08-16",6
"Platte County School District 2","2024-08-23",6
"Platte County School District 2","2024-08-30",6
"Platte County School District 2","2024-09-06",5
"Platte County School District 2","2024-09-13",5
"Platte County School District 2","2024-09-20",5
"Platte County School District 2","2024-09-27",6
"Platte County School District 2","2024-10-04",6
"Platte County School District 2","2024-10-11",6
"Platte County School District 2","2024-10-18",6
"Platte County School District 2","2024-10-25",6
"Platte County School District 2","2024-11-01",6
"Platte County School District 2","2024-11-08",6
"Platte County School District 2","2024-11-15",5
"Platte County School District 2","2024-11-22",5
"Platte County School District 2","2024-11-29",5
"Platte County School District 2","2024-12-06",5
"Platte County School District 2","2024-12-13",3
"Platte County School District 2","2024-12-20",3
"Platte County School District 2","2024-12-27",3
"Platte County School District 2","2025-01-03",3
"Platte County School District 2","2025-01-10",3
"Platte County School District 2","2025-01-17",3
"Platte County School District 2","2025-01-24",3
"Platte County School District 2","2025-01-31",2
"Platte County School District 2","2025-02-07",3
"Platte County School District 2","2025-02-14",3
"Platte County School District 2","2025-02-21",2
"Platte County School District 2","2025-02-28",3
"Platte County School District 2","2025-03-07",3
"Platte County School District 2","2025-03-14",11
"Platte County School District 2","2025-03-21",12
"Platte County School District 2","2025-03-28",12
"Platte County School District 2","2025-04-04",12
"Platte County School District 2","2025-04-11",9
"Platte County School District 2","2025-04-18",9
"Platte County School District 2","2025-04-25",10
"Platte County School District 2","2025-05-02",11
"Platte County School District 2","2025-05-09",12
"Platte County School District 2","2025-05-16",13
"Platte County School District 2","2025-05-23",18
"Platte County School District 2","2025-05-30",17
"Platte County School District 2","2025-06-06",17
"Platte County School District 2","2025-06-13",9
"Platte County School District 2","2025-06-20",9
"Platte County School District 2","2025-06-27",9
"Platte County School District 2","2025-07-04",9
"Platte County School District 2","2025-07-11",9
"Platte County School District 2","2025-07-18",7
"Platte County School District 2","2025-07-25",7
"Platte County School District 2","2025-08-01",7
"Platte County School District 2","2025-08-08",7
"Platte County School District 2","2025-08-15",7
"Platte County School District 2","2025-08-22",2
"Platte County School District 2","2025-08-29",5
"Platte County School District 2","2025-09-05",5
"Platte County School District 2","2025-09-12",5
"Platte County School District 2","2025-09-19",5
"Platte County School District 2","2025-09-26",4
"Platte County School District 2","2025-10-03",4
"Platte County School District 2","2025-10-10",4
"Platte County School District 2","2025-10-17",5
"Platte County School District 2","2025-10-24",5
"Platte County School District 2","2025-10-31",5
"Platte County School District 2","2025-11-07",4
"Platte County School District 2","2025-11-14",5
"Platte County School District 2","2025-11-21",6
"Platte County School District 2","2025-11-28",6
"Platte County School District 2","2025-12-05",6
"Platte County School District 2","2025-12-12",9
"Platte County School District 2","2025-12-19",9
"Platte County School District 2","2025-12-26",9
"Platte County School District 2","2026-01-02",9
"Platte County School District 2","2026-01-09",9
"Platte County School District 2","2026-01-16",9
"Platte County School District 2","2026-01-23",5
"Platte County School District 2","2026-01-30",13
"Platte County School District 2","2026-02-06",10
"Platte County School District 2","2026-02-13",7
"Platte County School District 2","2026-02-20",6
"Platte County School District 2","2026-02-27",6
"Platte County School District 2","2026-03-06",6
"Platte County School District 2","2026-03-13",6
"Platte County School District 2","2026-03-20",5
"Platte County School District 2","2026-03-27",5
"Platte County School District 2","2026-04-03",6
"Platte County School District 2","2026-04-10",6
"Platte County School District 2","2026-04-17",6
"Platte County School District 2","2026-04-24",6
"Platte County School District 2","2026-05-01",6
"Platte County School District 2","2026-05-07",13
"Platte County School District 2","2026-05-08",13
"Platte County School District 2","2026-05-15",14
"Platte County School District 2","2026-05-22",14
"Platte County School District 2","2026-05-29",13
"Platte County School District 2","2026-06-05",14
"Platte County School District 2","2026-06-12",14
"Platte County School District 2","2026-06-19",14
"Platte County School District 2","2026-06-26",14
"Platte County School District 2","2026-07-03",14
"Platte County School District 2","2026-07-10",14
"Platte County School District 2","2026-07-17",16
"Platte County School District 2","2026-07-24",15
"Platte County School District 2","2026-07-31",13
"Platte County School District 2","2026-08-03",4
"Platte County School District 2","2026-08-04",4
"Sheridan County School District 1","2024-08-09",28
"Sheridan County School District 1","2024-08-16",15
"Sheridan County School District 1","2024-08-23",14
"Sheridan County School District 1","2024-08-30",14
"Sheridan County School District 1","2024-09-06",14
"Sheridan County School District 1","2024-09-13",11
"Sheridan County School District 1","2024-09-20",12
"Sheridan County School District 1","2024-09-27",12
"Sheridan County School District 1","2024-10-04",12
"Sheridan County School District 1","2024-10-11",12
"Sheridan County School District 1","2024-10-18",11
"Sheridan County School District 1","2024-10-25",14
"Sheridan County School District 1","2024-11-01",15
"Sheridan County School District 1","2024-11-08",17
"Sheridan County School District 1","2024-11-15",14
"Sheridan County School District 1","2024-11-22",15
"Sheridan County School District 1","2024-11-29",13
"Sheridan County School District 1","2024-12-06",13
"Sheridan County School District 1","2024-12-13",10
"Sheridan County School District 1","2024-12-20",10
"Sheridan County School District 1","2024-12-27",10
"Sheridan County School District 1","2025-01-03",10
"Sheridan County School District 1","2025-01-10",11
"Sheridan County School District 1","2025-01-17",12
"Sheridan County School District 1","2025-01-24",16
"Sheridan County School District 1","2025-01-31",15
"Sheridan County School District 1","2025-02-07",15
"Sheridan County School District 1","2025-02-14",16
"Sheridan County School District 1","2025-02-21",16
"Sheridan County School District 1","2025-02-28",14
"Sheridan County School District 1","2025-03-07",14
"Sheridan County School District 1","2025-03-14",13
"Sheridan County School District 1","2025-03-21",13
"Sheridan County School District 1","2025-03-28",16
"Sheridan County School District 1","2025-04-04",17
"Sheridan County School District 1","2025-04-11",21
"Sheridan County School District 1","2025-04-18",18
"Sheridan County School District 1","2025-04-25",19
"Sheridan County School District 1","2025-05-02",19
"Sheridan County School District 1","2025-05-09",18
"Sheridan County School District 1","2025-05-16",13
"Sheridan County School District 1","2025-05-23",15
"Sheridan County School District 1","2025-05-30",16
"Sheridan County School District 1","2025-06-06",17
"Sheridan County School District 1","2025-06-13",14
"Sheridan County School District 1","2025-06-20",15
"Sheridan County School District 1","2025-06-27",15
"Sheridan County School District 1","2025-07-04",14
"Sheridan County School District 1","2025-07-11",14
"Sheridan County School District 1","2025-07-18",15
"Sheridan County School District 1","2025-07-25",18
"Sheridan County School District 1","2025-08-01",20
"Sheridan County School District 1","2025-08-08",19
"Sheridan County School District 1","2025-08-15",19
"Sheridan County School District 1","2025-08-22",15
"Sheridan County School District 1","2025-08-29",16
"Sheridan County School District 1","2025-09-05",18
"Sheridan County School District 1","2025-09-12",19
"Sheridan County School District 1","2025-09-19",18
"Sheridan County School District 1","2025-09-26",17
"Sheridan County School District 1","2025-10-03",17
"Sheridan County School District 1","2025-10-10",17
"Sheridan County School District 1","2025-10-17",16
"Sheridan County School District 1","2025-10-24",15
"Sheridan County School District 1","2025-10-31",18
"Sheridan County School District 1","2025-11-07",18
"Sheridan County School District 1","2025-11-14",18
"Sheridan County School District 1","2025-11-21",20
"Sheridan County School District 1","2025-11-28",20
"Sheridan County School District 1","2025-12-05",19
"Sheridan County School District 1","2025-12-12",18
"Sheridan County School District 1","2025-12-19",17
"Sheridan County School District 1","2025-12-26",17
"Sheridan County School District 1","2026-01-02",17
"Sheridan County School District 1","2026-01-09",18
"Sheridan County School District 1","2026-01-16",19
"Sheridan County School District 1","2026-01-23",19
"Sheridan County School District 1","2026-01-30",19
"Sheridan County School District 1","2026-02-06",20
"Sheridan County School District 1","2026-02-13",18
"Sheridan County School District 1","2026-02-20",18
"Sheridan County School District 1","2026-02-27",18
"Sheridan County School District 1","2026-03-06",19
"Sheridan County School District 1","2026-03-13",18
"Sheridan County School District 1","2026-03-20",18
"Sheridan County School District 1","2026-03-27",19
"Sheridan County School District 1","2026-04-03",19
"Sheridan County School District 1","2026-04-10",21
"Sheridan County School District 1","2026-04-17",22
"Sheridan County School District 1","2026-04-24",19
"Sheridan County School District 1","2026-05-01",18
"Sheridan County School District 1","2026-05-07",19
"Sheridan County School District 1","2026-05-08",19
"Sheridan County School District 1","2026-05-15",18
"Sheridan County School District 1","2026-05-22",19
"Sheridan County School District 1","2026-05-29",18
"Sheridan County School District 1","2026-06-05",18
"Sheridan County School District 1","2026-06-12",19
"Sheridan County School District 1","2026-06-19",17
"Sheridan County School District 1","2026-06-26",17
"Sheridan County School District 1","2026-07-03",17
"Sheridan County School District 1","2026-07-10",17
"Sheridan County School District 1","2026-07-17",17
"Sheridan County School District 1","2026-07-24",14
"Sheridan County School District 1","2026-07-31",14
"Sheridan County School District 1","2026-08-03",14
"Sheridan County School District 1","2026-08-04",15
"Sheridan County School District 2","2024-08-09",51
"Sheridan County School District 2","2024-08-16",23
"Sheridan County School District 2","2024-08-23",20
"Sheridan County School District 2","2024-08-30",23
"Sheridan County School District 2","2024-09-06",24
"Sheridan County School District 2","2024-09-13",23
"Sheridan County School District 2","2024-09-20",21
"Sheridan County School District 2","2024-09-27",22
"Sheridan County School District 2","2024-10-04",20
"Sheridan County School District 2","2024-10-11",25
"Sheridan County School District 2","2024-10-18",26
"Sheridan County School District 2","2024-10-25",25
"Sheridan County School District 2","2024-11-01",22
"Sheridan County School District 2","2024-11-08",25
"Sheridan County School District 2","2024-11-15",23
"Sheridan County School District 2","2024-11-22",21
"Sheridan County School District 2","2024-11-29",21
"Sheridan County School District 2","2024-12-06",22
"Sheridan County School District 2","2024-12-13",22
"Sheridan County School District 2","2024-12-20",21
"Sheridan County School District 2","2024-12-27",21
"Sheridan County School District 2","2025-01-03",21
"Sheridan County School District 2","2025-01-10",22
"Sheridan County School District 2","2025-01-17",23
"Sheridan County School District 2","2025-01-24",22
"Sheridan County School District 2","2025-01-31",22
"Sheridan County School District 2","2025-02-07",18
"Sheridan County School District 2","2025-02-14",19
"Sheridan County School District 2","2025-02-21",27
"Sheridan County School District 2","2025-02-28",35
"Sheridan County School District 2","2025-03-07",38
"Sheridan County School District 2","2025-03-14",32
"Sheridan County School District 2","2025-03-21",33
"Sheridan County School District 2","2025-03-28",32
"Sheridan County School District 2","2025-04-04",27
"Sheridan County School District 2","2025-04-11",25
"Sheridan County School District 2","2025-04-18",24
"Sheridan County School District 2","2025-04-25",24
"Sheridan County School District 2","2025-05-02",23
"Sheridan County School District 2","2025-05-09",25
"Sheridan County School District 2","2025-05-16",31
"Sheridan County School District 2","2025-05-23",33
"Sheridan County School District 2","2025-05-30",30
"Sheridan County School District 2","2025-06-06",33
"Sheridan County School District 2","2025-06-13",28
"Sheridan County School District 2","2025-06-20",23
"Sheridan County School District 2","2025-06-27",23
"Sheridan County School District 2","2025-07-04",23
"Sheridan County School District 2","2025-07-11",23
"Sheridan County School District 2","2025-07-18",23
"Sheridan County School District 2","2025-07-25",24
"Sheridan County School District 2","2025-08-01",24
"Sheridan County School District 2","2025-08-08",24
"Sheridan County School District 2","2025-08-15",24
"Sheridan County School District 2","2025-08-22",23
"Sheridan County School District 2","2025-08-29",24
"Sheridan County School District 2","2025-09-05",21
"Sheridan County School District 2","2025-09-12",24
"Sheridan County School District 2","2025-09-19",23
"Sheridan County School District 2","2025-09-26",22
"Sheridan County School District 2","2025-10-03",24
"Sheridan County School District 2","2025-10-10",24
"Sheridan County School District 2","2025-10-17",25
"Sheridan County School District 2","2025-10-24",25
"Sheridan County School District 2","2025-10-31",25
"Sheridan County School District 2","2025-11-07",24
"Sheridan County School District 2","2025-11-14",16
"Sheridan County School District 2","2025-11-21",17
"Sheridan County School District 2","2025-11-28",17
"Sheridan County School District 2","2025-12-05",18
"Sheridan County School District 2","2025-12-12",20
"Sheridan County School District 2","2025-12-19",19
"Sheridan County School District 2","2025-12-26",22
"Sheridan County School District 2","2026-01-02",22
"Sheridan County School District 2","2026-01-09",20
"Sheridan County School District 2","2026-01-16",22
"Sheridan County School District 2","2026-01-23",23
"Sheridan County School District 2","2026-01-30",22
"Sheridan County School District 2","2026-02-06",22
"Sheridan County School District 2","2026-02-13",29
"Sheridan County School District 2","2026-02-20",35
"Sheridan County School District 2","2026-02-27",45
"Sheridan County School District 2","2026-03-06",45
"Sheridan County School District 2","2026-03-13",39
"Sheridan County School District 2","2026-03-20",39
"Sheridan County School District 2","2026-03-27",36
"Sheridan County School District 2","2026-04-03",34
"Sheridan County School District 2","2026-04-10",33
"Sheridan County School District 2","2026-04-17",31
"Sheridan County School District 2","2026-04-24",31
"Sheridan County School District 2","2026-05-01",33
"Sheridan County School District 2","2026-05-07",33
"Sheridan County School District 2","2026-05-08",33
"Sheridan County School District 2","2026-05-15",37
"Sheridan County School District 2","2026-05-22",37
"Sheridan County School District 2","2026-05-29",38
"Sheridan County School District 2","2026-06-05",30
"Sheridan County School District 2","2026-06-12",34
"Sheridan County School District 2","2026-06-19",33
"Sheridan County School District 2","2026-06-26",30
"Sheridan County School District 2","2026-07-03",31
"Sheridan County School District 2","2026-07-10",30
"Sheridan County School District 2","2026-07-17",31
"Sheridan County School District 2","2026-07-24",29
"Sheridan County School District 2","2026-07-31",29
"Sheridan County School District 2","2026-08-03",31
"Sheridan County School District 2","2026-08-04",31
"Sheridan County School District 3","2024-08-09",10
"Sheridan County School District 3","2024-08-16",5
"Sheridan County School District 3","2024-08-23",5
"Sheridan County School District 3","2024-08-30",5
"Sheridan County School District 3","2024-09-06",5
"Sheridan County School District 3","2024-09-13",5
"Sheridan County School District 3","2024-09-20",5
"Sheridan County School District 3","2024-09-27",5
"Sheridan County School District 3","2024-10-04",5
"Sheridan County School District 3","2024-10-11",5
"Sheridan County School District 3","2024-10-18",5
"Sheridan County School District 3","2024-10-25",5
"Sheridan County School District 3","2024-11-01",5
"Sheridan County School District 3","2024-11-08",5
"Sheridan County School District 3","2024-11-15",5
"Sheridan County School District 3","2024-11-22",5
"Sheridan County School District 3","2024-11-29",5
"Sheridan County School District 3","2024-12-06",5
"Sheridan County School District 3","2024-12-13",5
"Sheridan County School District 3","2024-12-20",5
"Sheridan County School District 3","2024-12-27",5
"Sheridan County School District 3","2025-01-03",5
"Sheridan County School District 3","2025-01-10",5
"Sheridan County School District 3","2025-01-17",5
"Sheridan County School District 3","2025-01-24",5
"Sheridan County School District 3","2025-01-31",5
"Sheridan County School District 3","2025-02-07",6
"Sheridan County School District 3","2025-02-14",6
"Sheridan County School District 3","2025-02-21",6
"Sheridan County School District 3","2025-02-28",6
"Sheridan County School District 3","2025-03-07",5
"Sheridan County School District 3","2025-03-14",5
"Sheridan County School District 3","2025-03-21",4
"Sheridan County School District 3","2025-03-28",4
"Sheridan County School District 3","2025-04-04",4
"Sheridan County School District 3","2025-04-11",4
"Sheridan County School District 3","2025-04-18",4
"Sheridan County School District 3","2025-04-25",4
"Sheridan County School District 3","2025-05-02",4
"Sheridan County School District 3","2025-05-09",4
"Sheridan County School District 3","2025-05-16",4
"Sheridan County School District 3","2025-05-23",4
"Sheridan County School District 3","2025-05-30",4
"Sheridan County School District 3","2025-06-06",4
"Sheridan County School District 3","2025-06-13",4
"Sheridan County School District 3","2025-06-20",4
"Sheridan County School District 3","2025-06-27",4
"Sheridan County School District 3","2025-07-04",4
"Sheridan County School District 3","2025-07-11",4
"Sheridan County School District 3","2025-07-18",5
"Sheridan County School District 3","2025-07-25",5
"Sheridan County School District 3","2025-08-01",5
"Sheridan County School District 3","2025-08-08",5
"Sheridan County School District 3","2025-08-15",5
"Sheridan County School District 3","2025-08-22",3
"Sheridan County School District 3","2025-08-29",3
"Sheridan County School District 3","2025-09-05",3
"Sheridan County School District 3","2025-09-12",3
"Sheridan County School District 3","2025-09-19",3
"Sheridan County School District 3","2025-09-26",3
"Sheridan County School District 3","2025-10-03",3
"Sheridan County School District 3","2025-10-10",3
"Sheridan County School District 3","2025-10-17",3
"Sheridan County School District 3","2025-10-24",3
"Sheridan County School District 3","2025-10-31",3
"Sheridan County School District 3","2025-11-07",3
"Sheridan County School District 3","2025-11-14",3
"Sheridan County School District 3","2025-11-21",3
"Sheridan County School District 3","2025-11-28",3
"Sheridan County School District 3","2025-12-05",3
"Sheridan County School District 3","2025-12-12",3
"Sheridan County School District 3","2025-12-19",3
"Sheridan County School District 3","2025-12-26",3
"Sheridan County School District 3","2026-01-02",3
"Sheridan County School District 3","2026-01-09",3
"Sheridan County School District 3","2026-01-16",3
"Sheridan County School District 3","2026-01-23",3
"Sheridan County School District 3","2026-01-30",3
"Sheridan County School District 3","2026-02-06",3
"Sheridan County School District 3","2026-02-13",3
"Sheridan County School District 3","2026-02-20",2
"Sheridan County School District 3","2026-02-27",2
"Sheridan County School District 3","2026-03-06",2
"Sheridan County School District 3","2026-03-13",3
"Sheridan County School District 3","2026-03-20",3
"Sheridan County School District 3","2026-03-27",3
"Sheridan County School District 3","2026-04-03",3
"Sheridan County School District 3","2026-04-10",3
"Sheridan County School District 3","2026-04-17",2
"Sheridan County School District 3","2026-04-24",2
"Sheridan County School District 3","2026-05-01",2
"Sheridan County School District 3","2026-05-07",2
"Sheridan County School District 3","2026-05-08",2
"Sheridan County School District 3","2026-05-15",2
"Sheridan County School District 3","2026-05-22",2
"Sheridan County School District 3","2026-05-29",4
"Sheridan County School District 3","2026-06-05",6
"Sheridan County School District 3","2026-06-12",6
"Sheridan County School District 3","2026-06-19",6
"Sheridan County School District 3","2026-06-26",6
"Sheridan County School District 3","2026-07-03",6
"Sheridan County School District 3","2026-07-10",6
"Sheridan County School District 3","2026-07-17",2
"Sheridan County School District 3","2026-07-24",2
"Sheridan County School District 3","2026-07-31",2
"Sheridan County School District 3","2026-08-03",1
"Sheridan County School District 3","2026-08-04",1
"Sublette County School District 1","2024-08-09",36
"Sublette County School District 1","2024-08-16",20
"Sublette County School District 1","2024-08-23",20
"Sublette County School District 1","2024-08-30",20
"Sublette County School District 1","2024-09-06",21
"Sublette County School District 1","2024-09-13",9
"Sublette County School District 1","2024-09-20",10
"Sublette County School District 1","2024-09-27",10
"Sublette County School District 1","2024-10-04",7
"Sublette County School District 1","2024-10-11",7
"Sublette County School District 1","2024-10-18",7
"Sublette County School District 1","2024-10-25",7
"Sublette County School District 1","2024-11-01",6
"Sublette County School District 1","2024-11-08",6
"Sublette County School District 1","2024-11-15",6
"Sublette County School District 1","2024-11-22",6
"Sublette County School District 1","2024-11-29",5
"Sublette County School District 1","2024-12-06",5
"Sublette County School District 1","2024-12-13",4
"Sublette County School District 1","2024-12-20",4
"Sublette County School District 1","2024-12-27",4
"Sublette County School District 1","2025-01-03",4
"Sublette County School District 1","2025-01-10",5
"Sublette County School District 1","2025-01-17",8
"Sublette County School District 1","2025-01-24",8
"Sublette County School District 1","2025-01-31",6
"Sublette County School District 1","2025-02-07",5
"Sublette County School District 1","2025-02-14",5
"Sublette County School District 1","2025-02-21",7
"Sublette County School District 1","2025-02-28",7
"Sublette County School District 1","2025-03-07",7
"Sublette County School District 1","2025-03-14",7
"Sublette County School District 1","2025-03-21",8
"Sublette County School District 1","2025-03-28",7
"Sublette County School District 1","2025-04-04",7
"Sublette County School District 1","2025-04-11",8
"Sublette County School District 1","2025-04-18",10
"Sublette County School District 1","2025-04-25",12
"Sublette County School District 1","2025-05-02",12
"Sublette County School District 1","2025-05-09",11
"Sublette County School District 1","2025-05-16",10
"Sublette County School District 1","2025-05-23",10
"Sublette County School District 1","2025-05-30",10
"Sublette County School District 1","2025-06-06",10
"Sublette County School District 1","2025-06-13",10
"Sublette County School District 1","2025-06-20",9
"Sublette County School District 1","2025-06-27",9
"Sublette County School District 1","2025-07-04",9
"Sublette County School District 1","2025-07-11",8
"Sublette County School District 1","2025-07-18",7
"Sublette County School District 1","2025-07-25",6
"Sublette County School District 1","2025-08-01",7
"Sublette County School District 1","2025-08-08",7
"Sublette County School District 1","2025-08-15",8
"Sublette County School District 1","2025-08-22",8
"Sublette County School District 1","2025-08-29",9
"Sublette County School District 1","2025-09-05",9
"Sublette County School District 1","2025-09-12",8
"Sublette County School District 1","2025-09-19",10
"Sublette County School District 1","2025-09-26",10
"Sublette County School District 1","2025-10-03",10
"Sublette County School District 1","2025-10-10",9
"Sublette County School District 1","2025-10-17",9
"Sublette County School District 1","2025-10-24",7
"Sublette County School District 1","2025-10-31",7
"Sublette County School District 1","2025-11-07",7
"Sublette County School District 1","2025-11-14",6
"Sublette County School District 1","2025-11-21",6
"Sublette County School District 1","2025-11-28",5
"Sublette County School District 1","2025-12-05",5
"Sublette County School District 1","2025-12-12",5
"Sublette County School District 1","2025-12-19",5
"Sublette County School District 1","2025-12-26",5
"Sublette County School District 1","2026-01-02",5
"Sublette County School District 1","2026-01-09",6
"Sublette County School District 1","2026-01-16",5
"Sublette County School District 1","2026-01-23",5
"Sublette County School District 1","2026-01-30",5
"Sublette County School District 1","2026-02-06",5
"Sublette County School District 1","2026-02-13",5
"Sublette County School District 1","2026-02-20",8
"Sublette County School District 1","2026-02-27",7
"Sublette County School District 1","2026-03-06",6
"Sublette County School District 1","2026-03-13",6
"Sublette County School District 1","2026-03-20",8
"Sublette County School District 1","2026-03-27",10
"Sublette County School District 1","2026-04-03",11
"Sublette County School District 1","2026-04-10",12
"Sublette County School District 1","2026-04-17",14
"Sublette County School District 1","2026-04-24",11
"Sublette County School District 1","2026-05-01",11
"Sublette County School District 1","2026-05-07",11
"Sublette County School District 1","2026-05-08",11
"Sublette County School District 1","2026-05-15",9
"Sublette County School District 1","2026-05-22",9
"Sublette County School District 1","2026-05-29",10
"Sublette County School District 1","2026-06-05",9
"Sublette County School District 1","2026-06-12",7
"Sublette County School District 1","2026-06-19",8
"Sublette County School District 1","2026-06-26",7
"Sublette County School District 1","2026-07-03",7
"Sublette County School District 1","2026-07-10",7
"Sublette County School District 1","2026-07-17",8
"Sublette County School District 1","2026-07-24",8
"Sublette County School District 1","2026-07-31",8
"Sublette County School District 1","2026-08-03",12
"Sublette County School District 1","2026-08-04",12
"Sublette County School District 9","2024-08-09",21
"Sublette County School District 9","2024-08-16",10
"Sublette County School District 9","2024-08-23",10
"Sublette County School District 9","2024-08-30",11
"Sublette County School District 9","2024-09-06",10
"Sublette County School District 9","2024-09-13",11
"Sublette County School District 9","2024-09-20",12
"Sublette County School District 9","2024-09-27",11
"Sublette County School District 9","2024-10-04",10
"Sublette County School District 9","2024-10-11",12
"Sublette County School District 9","2024-10-18",12
"Sublette County School District 9","2024-10-25",10
"Sublette County School District 9","2024-11-01",10
"Sublette County School District 9","2024-11-08",11
"Sublette County School District 9","2024-11-15",11
"Sublette County School District 9","2024-11-22",11
"Sublette County School District 9","2024-11-29",12
"Sublette County School District 9","2024-12-06",13
"Sublette County School District 9","2024-12-13",13
"Sublette County School District 9","2024-12-20",11
"Sublette County School District 9","2024-12-27",11
"Sublette County School District 9","2025-01-03",11
"Sublette County School District 9","2025-01-10",11
"Sublette County School District 9","2025-01-17",11
"Sublette County School District 9","2025-01-24",11
"Sublette County School District 9","2025-01-31",13
"Sublette County School District 9","2025-02-07",14
"Sublette County School District 9","2025-02-14",14
"Sublette County School District 9","2025-02-21",15
"Sublette County School District 9","2025-02-28",16
"Sublette County School District 9","2025-03-07",14
"Sublette County School District 9","2025-03-14",14
"Sublette County School District 9","2025-03-21",14
"Sublette County School District 9","2025-03-28",14
"Sublette County School District 9","2025-04-04",12
"Sublette County School District 9","2025-04-11",12
"Sublette County School District 9","2025-04-18",11
"Sublette County School District 9","2025-04-25",11
"Sublette County School District 9","2025-05-02",13
"Sublette County School District 9","2025-05-09",15
"Sublette County School District 9","2025-05-16",15
"Sublette County School District 9","2025-05-23",13
"Sublette County School District 9","2025-05-30",12
"Sublette County School District 9","2025-06-06",10
"Sublette County School District 9","2025-06-13",12
"Sublette County School District 9","2025-06-20",12
"Sublette County School District 9","2025-06-27",5
"Sublette County School District 9","2025-07-04",5
"Sublette County School District 9","2025-07-11",5
"Sublette County School District 9","2025-07-18",5
"Sublette County School District 9","2025-07-25",5
"Sublette County School District 9","2025-08-01",6
"Sublette County School District 9","2025-08-08",6
"Sublette County School District 9","2025-08-15",6
"Sublette County School District 9","2025-08-22",3
"Sublette County School District 9","2025-08-29",6
"Sublette County School District 9","2025-09-05",7
"Sublette County School District 9","2025-09-12",7
"Sublette County School District 9","2025-09-19",4
"Sublette County School District 9","2025-09-26",4
"Sublette County School District 9","2025-10-03",6
"Sublette County School District 9","2025-10-10",5
"Sublette County School District 9","2025-10-17",5
"Sublette County School District 9","2025-10-24",5
"Sublette County School District 9","2025-10-31",5
"Sublette County School District 9","2025-11-07",2
"Sublette County School District 9","2025-11-14",3
"Sublette County School District 9","2025-11-21",4
"Sublette County School District 9","2025-11-28",5
"Sublette County School District 9","2025-12-05",5
"Sublette County School District 9","2025-12-12",4
"Sublette County School District 9","2025-12-19",4
"Sublette County School District 9","2025-12-26",4
"Sublette County School District 9","2026-01-02",4
"Sublette County School District 9","2026-01-09",4
"Sublette County School District 9","2026-01-16",4
"Sublette County School District 9","2026-01-23",6
"Sublette County School District 9","2026-01-30",12
"Sublette County School District 9","2026-02-06",8
"Sublette County School District 9","2026-02-13",7
"Sublette County School District 9","2026-02-20",7
"Sublette County School District 9","2026-02-27",8
"Sublette County School District 9","2026-03-06",8
"Sublette County School District 9","2026-03-13",7
"Sublette County School District 9","2026-03-20",7
"Sublette County School District 9","2026-03-27",6
"Sublette County School District 9","2026-04-03",6
"Sublette County School District 9","2026-04-10",8
"Sublette County School District 9","2026-04-17",9
"Sublette County School District 9","2026-04-24",9
"Sublette County School District 9","2026-05-01",8
"Sublette County School District 9","2026-05-07",7
"Sublette County School District 9","2026-05-08",7
"Sublette County School District 9","2026-05-15",5
"Sublette County School District 9","2026-05-22",7
"Sublette County School District 9","2026-05-29",9
"Sublette County School District 9","2026-06-05",9
"Sublette County School District 9","2026-06-12",7
"Sublette County School District 9","2026-06-19",6
"Sublette County School District 9","2026-06-26",6
"Sublette County School District 9","2026-07-03",6
"Sublette County School District 9","2026-07-10",6
"Sublette County School District 9","2026-07-17",6
"Sublette County School District 9","2026-07-24",6
"Sublette County School District 9","2026-07-31",6
"Sublette County School District 9","2026-08-03",1
"Sublette County School District 9","2026-08-04",1
"Sweetwater County School District 1","2024-08-09",184
"Sweetwater County School District 1","2024-08-16",78
"Sweetwater County School District 1","2024-08-23",79
"Sweetwater County School District 1","2024-08-30",72
"Sweetwater County School District 1","2024-09-06",73
"Sweetwater County School District 1","2024-09-13",71
"Sweetwater County School District 1","2024-09-20",69
"Sweetwater County School District 1","2024-09-27",71
"Sweetwater County School District 1","2024-10-04",78
"Sweetwater County School District 1","2024-10-11",78
"Sweetwater County School District 1","2024-10-18",75
"Sweetwater County School District 1","2024-10-25",72
"Sweetwater County School District 1","2024-11-01",68
"Sweetwater County School District 1","2024-11-08",69
"Sweetwater County School District 1","2024-11-15",67
"Sweetwater County School District 1","2024-11-22",67
"Sweetwater County School District 1","2024-11-29",66
"Sweetwater County School District 1","2024-12-06",66
"Sweetwater County School District 1","2024-12-13",64
"Sweetwater County School District 1","2024-12-20",63
"Sweetwater County School District 1","2024-12-27",63
"Sweetwater County School District 1","2025-01-03",63
"Sweetwater County School District 1","2025-01-10",67
"Sweetwater County School District 1","2025-01-17",35
"Sweetwater County School District 1","2025-01-24",49
"Sweetwater County School District 1","2025-01-31",44
"Sweetwater County School District 1","2025-02-07",46
"Sweetwater County School District 1","2025-02-14",48
"Sweetwater County School District 1","2025-02-21",46
"Sweetwater County School District 1","2025-02-28",50
"Sweetwater County School District 1","2025-03-07",56
"Sweetwater County School District 1","2025-03-14",61
"Sweetwater County School District 1","2025-03-21",68
"Sweetwater County School District 1","2025-03-28",66
"Sweetwater County School District 1","2025-04-04",88
"Sweetwater County School District 1","2025-04-11",89
"Sweetwater County School District 1","2025-04-18",95
"Sweetwater County School District 1","2025-04-25",95
"Sweetwater County School District 1","2025-05-02",118
"Sweetwater County School District 1","2025-05-09",119
"Sweetwater County School District 1","2025-05-16",120
"Sweetwater County School District 1","2025-05-23",110
"Sweetwater County School District 1","2025-05-30",106
"Sweetwater County School District 1","2025-06-06",98
"Sweetwater County School District 1","2025-06-13",90
"Sweetwater County School District 1","2025-06-20",92
"Sweetwater County School District 1","2025-06-27",91
"Sweetwater County School District 1","2025-07-04",86
"Sweetwater County School District 1","2025-07-11",86
"Sweetwater County School District 1","2025-07-18",87
"Sweetwater County School District 1","2025-07-25",111
"Sweetwater County School District 1","2025-08-01",113
"Sweetwater County School District 1","2025-08-08",121
"Sweetwater County School District 1","2025-08-15",121
"Sweetwater County School District 1","2025-08-22",103
"Sweetwater County School District 1","2025-08-29",99
"Sweetwater County School District 1","2025-09-05",71
"Sweetwater County School District 1","2025-09-12",68
"Sweetwater County School District 1","2025-09-19",62
"Sweetwater County School District 1","2025-09-26",66
"Sweetwater County School District 1","2025-10-03",63
"Sweetwater County School District 1","2025-10-10",61
"Sweetwater County School District 1","2025-10-17",62
"Sweetwater County School District 1","2025-10-24",66
"Sweetwater County School District 1","2025-10-31",61
"Sweetwater County School District 1","2025-11-07",81
"Sweetwater County School District 1","2025-11-14",83
"Sweetwater County School District 1","2025-11-21",87
"Sweetwater County School District 1","2025-11-28",88
"Sweetwater County School District 1","2025-12-05",89
"Sweetwater County School District 1","2025-12-12",87
"Sweetwater County School District 1","2025-12-19",88
"Sweetwater County School District 1","2025-12-26",87
"Sweetwater County School District 1","2026-01-02",87
"Sweetwater County School District 1","2026-01-09",76
"Sweetwater County School District 1","2026-01-16",71
"Sweetwater County School District 1","2026-01-23",66
"Sweetwater County School District 1","2026-01-30",67
"Sweetwater County School District 1","2026-02-06",64
"Sweetwater County School District 1","2026-02-13",66
"Sweetwater County School District 1","2026-02-20",67
"Sweetwater County School District 1","2026-02-27",68
"Sweetwater County School District 1","2026-03-06",75
"Sweetwater County School District 1","2026-03-13",73
"Sweetwater County School District 1","2026-03-20",72
"Sweetwater County School District 1","2026-03-27",73
"Sweetwater County School District 1","2026-04-03",73
"Sweetwater County School District 1","2026-04-10",76
"Sweetwater County School District 1","2026-04-17",78
"Sweetwater County School District 1","2026-04-24",80
"Sweetwater County School District 1","2026-05-01",78
"Sweetwater County School District 1","2026-05-07",83
"Sweetwater County School District 1","2026-05-08",83
"Sweetwater County School District 1","2026-05-15",97
"Sweetwater County School District 1","2026-05-22",99
"Sweetwater County School District 1","2026-05-29",97
"Sweetwater County School District 1","2026-06-05",99
"Sweetwater County School District 1","2026-06-12",73
"Sweetwater County School District 1","2026-06-19",70
"Sweetwater County School District 1","2026-06-26",70
"Sweetwater County School District 1","2026-07-03",62
"Sweetwater County School District 1","2026-07-10",64
"Sweetwater County School District 1","2026-07-17",64
"Sweetwater County School District 1","2026-07-24",68
"Sweetwater County School District 1","2026-07-31",66
"Sweetwater County School District 1","2026-08-03",69
"Sweetwater County School District 1","2026-08-04",75
"Sweetwater County School District 2","2024-08-09",49
"Sweetwater County School District 2","2024-08-16",18
"Sweetwater County School District 2","2024-08-23",20
"Sweetwater County School District 2","2024-08-30",21
"Sweetwater County School District 2","2024-09-06",21
"Sweetwater County School District 2","2024-09-13",19
"Sweetwater County School District 2","2024-09-20",19
"Sweetwater County School District 2","2024-09-27",17
"Sweetwater County School District 2","2024-10-04",17
"Sweetwater County School District 2","2024-10-11",15
"Sweetwater County School District 2","2024-10-18",14
"Sweetwater County School District 2","2024-10-25",13
"Sweetwater County School District 2","2024-11-01",16
"Sweetwater County School District 2","2024-11-08",16
"Sweetwater County School District 2","2024-11-15",18
"Sweetwater County School District 2","2024-11-22",18
"Sweetwater County School District 2","2024-11-29",20
"Sweetwater County School District 2","2024-12-06",22
"Sweetwater County School District 2","2024-12-13",21
"Sweetwater County School District 2","2024-12-20",20
"Sweetwater County School District 2","2024-12-27",20
"Sweetwater County School District 2","2025-01-03",18
"Sweetwater County School District 2","2025-01-10",16
"Sweetwater County School District 2","2025-01-17",16
"Sweetwater County School District 2","2025-01-24",19
"Sweetwater County School District 2","2025-01-31",18
"Sweetwater County School District 2","2025-02-07",18
"Sweetwater County School District 2","2025-02-14",18
"Sweetwater County School District 2","2025-02-21",19
"Sweetwater County School District 2","2025-02-28",20
"Sweetwater County School District 2","2025-03-07",18
"Sweetwater County School District 2","2025-03-14",29
"Sweetwater County School District 2","2025-03-21",27
"Sweetwater County School District 2","2025-03-28",25
"Sweetwater County School District 2","2025-04-04",26
"Sweetwater County School District 2","2025-04-11",27
"Sweetwater County School District 2","2025-04-18",22
"Sweetwater County School District 2","2025-04-25",23
"Sweetwater County School District 2","2025-05-02",22
"Sweetwater County School District 2","2025-05-09",24
"Sweetwater County School District 2","2025-05-16",27
"Sweetwater County School District 2","2025-05-23",28
"Sweetwater County School District 2","2025-05-30",27
"Sweetwater County School District 2","2025-06-06",31
"Sweetwater County School District 2","2025-06-13",32
"Sweetwater County School District 2","2025-06-20",28
"Sweetwater County School District 2","2025-06-27",29
"Sweetwater County School District 2","2025-07-04",28
"Sweetwater County School District 2","2025-07-11",28
"Sweetwater County School District 2","2025-07-18",27
"Sweetwater County School District 2","2025-07-25",26
"Sweetwater County School District 2","2025-08-01",27
"Sweetwater County School District 2","2025-08-08",25
"Sweetwater County School District 2","2025-08-15",25
"Sweetwater County School District 2","2025-08-22",25
"Sweetwater County School District 2","2025-08-29",21
"Sweetwater County School District 2","2025-09-05",19
"Sweetwater County School District 2","2025-09-12",19
"Sweetwater County School District 2","2025-09-19",19
"Sweetwater County School District 2","2025-09-26",19
"Sweetwater County School District 2","2025-10-03",14
"Sweetwater County School District 2","2025-10-10",14
"Sweetwater County School District 2","2025-10-17",15
"Sweetwater County School District 2","2025-10-24",17
"Sweetwater County School District 2","2025-10-31",16
"Sweetwater County School District 2","2025-11-07",16
"Sweetwater County School District 2","2025-11-14",12
"Sweetwater County School District 2","2025-11-21",12
"Sweetwater County School District 2","2025-11-28",11
"Sweetwater County School District 2","2025-12-05",11
"Sweetwater County School District 2","2025-12-12",11
"Sweetwater County School District 2","2025-12-19",13
"Sweetwater County School District 2","2025-12-26",12
"Sweetwater County School District 2","2026-01-02",12
"Sweetwater County School District 2","2026-01-09",11
"Sweetwater County School District 2","2026-01-16",9
"Sweetwater County School District 2","2026-01-23",9
"Sweetwater County School District 2","2026-01-30",10
"Sweetwater County School District 2","2026-02-06",15
"Sweetwater County School District 2","2026-02-13",14
"Sweetwater County School District 2","2026-02-20",13
"Sweetwater County School District 2","2026-02-27",15
"Sweetwater County School District 2","2026-03-06",17
"Sweetwater County School District 2","2026-03-13",16
"Sweetwater County School District 2","2026-03-20",16
"Sweetwater County School District 2","2026-03-27",22
"Sweetwater County School District 2","2026-04-03",20
"Sweetwater County School District 2","2026-04-10",20
"Sweetwater County School District 2","2026-04-17",30
"Sweetwater County School District 2","2026-04-24",19
"Sweetwater County School District 2","2026-05-01",21
"Sweetwater County School District 2","2026-05-07",20
"Sweetwater County School District 2","2026-05-08",20
"Sweetwater County School District 2","2026-05-15",24
"Sweetwater County School District 2","2026-05-22",22
"Sweetwater County School District 2","2026-05-29",21
"Sweetwater County School District 2","2026-06-05",18
"Sweetwater County School District 2","2026-06-12",21
"Sweetwater County School District 2","2026-06-19",18
"Sweetwater County School District 2","2026-06-26",19
"Sweetwater County School District 2","2026-07-03",19
"Sweetwater County School District 2","2026-07-10",18
"Sweetwater County School District 2","2026-07-17",19
"Sweetwater County School District 2","2026-07-24",23
"Sweetwater County School District 2","2026-07-31",24
"Sweetwater County School District 2","2026-08-03",27
"Sweetwater County School District 2","2026-08-04",26
"Teton County School District 1","2024-08-09",74
"Teton County School District 1","2024-08-16",32
"Teton County School District 1","2024-08-23",29
"Teton County School District 1","2024-08-30",26
"Teton County School District 1","2024-09-06",25
"Teton County School District 1","2024-09-13",27
"Teton County School District 1","2024-09-20",23
"Teton County School District 1","2024-09-27",22
"Teton County School District 1","2024-10-04",22
"Teton County School District 1","2024-10-11",25
"Teton County School District 1","2024-10-18",23
"Teton County School District 1","2024-10-25",21
"Teton County School District 1","2024-11-01",22
"Teton County School District 1","2024-11-08",21
"Teton County School District 1","2024-11-15",17
"Teton County School District 1","2024-11-22",18
"Teton County School District 1","2024-11-29",18
"Teton County School District 1","2024-12-06",18
"Teton County School District 1","2024-12-13",16
"Teton County School District 1","2024-12-20",17
"Teton County School District 1","2024-12-27",17
"Teton County School District 1","2025-01-03",17
"Teton County School District 1","2025-01-10",17
"Teton County School District 1","2025-01-17",17
"Teton County School District 1","2025-01-24",18
"Teton County School District 1","2025-01-31",19
"Teton County School District 1","2025-02-07",19
"Teton County School District 1","2025-02-14",16
"Teton County School District 1","2025-02-21",27
"Teton County School District 1","2025-02-28",29
"Teton County School District 1","2025-03-07",31
"Teton County School District 1","2025-03-14",32
"Teton County School District 1","2025-03-21",29
"Teton County School District 1","2025-03-28",29
"Teton County School District 1","2025-04-04",29
"Teton County School District 1","2025-04-11",25
"Teton County School District 1","2025-04-18",27
"Teton County School District 1","2025-04-25",27
"Teton County School District 1","2025-05-02",30
"Teton County School District 1","2025-05-09",27
"Teton County School District 1","2025-05-16",27
"Teton County School District 1","2025-05-23",32
"Teton County School District 1","2025-05-30",32
"Teton County School District 1","2025-06-06",33
"Teton County School District 1","2025-06-13",30
"Teton County School District 1","2025-06-20",29
"Teton County School District 1","2025-06-27",33
"Teton County School District 1","2025-07-04",32
"Teton County School District 1","2025-07-11",31
"Teton County School District 1","2025-07-18",33
"Teton County School District 1","2025-07-25",33
"Teton County School District 1","2025-08-01",33
"Teton County School District 1","2025-08-08",31
"Teton County School District 1","2025-08-15",31
"Teton County School District 1","2025-08-22",27
"Teton County School District 1","2025-08-29",24
"Teton County School District 1","2025-09-05",25
"Teton County School District 1","2025-09-12",22
"Teton County School District 1","2025-09-19",20
"Teton County School District 1","2025-09-26",20
"Teton County School District 1","2025-10-03",21
"Teton County School District 1","2025-10-10",21
"Teton County School District 1","2025-10-17",18
"Teton County School District 1","2025-10-24",17
"Teton County School District 1","2025-10-31",19
"Teton County School District 1","2025-11-07",18
"Teton County School District 1","2025-11-14",16
"Teton County School District 1","2025-11-21",12
"Teton County School District 1","2025-11-28",12
"Teton County School District 1","2025-12-05",13
"Teton County School District 1","2025-12-12",12
"Teton County School District 1","2025-12-19",12
"Teton County School District 1","2025-12-26",12
"Teton County School District 1","2026-01-02",12
"Teton County School District 1","2026-01-09",11
"Teton County School District 1","2026-01-16",12
"Teton County School District 1","2026-01-23",12
"Teton County School District 1","2026-01-30",12
"Teton County School District 1","2026-02-06",13
"Teton County School District 1","2026-02-13",11
"Teton County School District 1","2026-02-20",11
"Teton County School District 1","2026-02-27",15
"Teton County School District 1","2026-03-06",26
"Teton County School District 1","2026-03-13",27
"Teton County School District 1","2026-03-20",25
"Teton County School District 1","2026-03-27",26
"Teton County School District 1","2026-04-03",26
"Teton County School District 1","2026-04-10",22
"Teton County School District 1","2026-04-17",21
"Teton County School District 1","2026-04-24",18
"Teton County School District 1","2026-05-01",25
"Teton County School District 1","2026-05-07",24
"Teton County School District 1","2026-05-08",24
"Teton County School District 1","2026-05-15",27
"Teton County School District 1","2026-05-22",24
"Teton County School District 1","2026-05-29",21
"Teton County School District 1","2026-06-05",16
"Teton County School District 1","2026-06-12",19
"Teton County School District 1","2026-06-19",18
"Teton County School District 1","2026-06-26",17
"Teton County School District 1","2026-07-03",16
"Teton County School District 1","2026-07-10",16
"Teton County School District 1","2026-07-17",16
"Teton County School District 1","2026-07-24",16
"Teton County School District 1","2026-07-31",17
"Teton County School District 1","2026-08-03",16
"Teton County School District 1","2026-08-04",16
"Uinta County School District 1","2024-08-09",11
"Uinta County School District 1","2024-08-16",5
"Uinta County School District 1","2024-08-23",4
"Uinta County School District 1","2024-08-30",4
"Uinta County School District 1","2024-09-06",4
"Uinta County School District 1","2024-09-13",6
"Uinta County School District 1","2024-09-20",5
"Uinta County School District 1","2024-09-27",5
"Uinta County School District 1","2024-10-04",4
"Uinta County School District 1","2024-10-11",4
"Uinta County School District 1","2024-10-18",3
"Uinta County School District 1","2024-10-25",4
"Uinta County School District 1","2024-11-01",4
"Uinta County School District 1","2024-11-08",4
"Uinta County School District 1","2024-11-15",4
"Uinta County School District 1","2024-11-22",6
"Uinta County School District 1","2024-11-29",5
"Uinta County School District 1","2024-12-06",5
"Uinta County School District 1","2024-12-13",3
"Uinta County School District 1","2024-12-20",3
"Uinta County School District 1","2024-12-27",3
"Uinta County School District 1","2025-01-03",3
"Uinta County School District 1","2025-01-10",5
"Uinta County School District 1","2025-01-17",6
"Uinta County School District 1","2025-01-24",7
"Uinta County School District 1","2025-01-31",7
"Uinta County School District 1","2025-02-07",11
"Uinta County School District 1","2025-02-14",11
"Uinta County School District 1","2025-02-21",10
"Uinta County School District 1","2025-02-28",8
"Uinta County School District 1","2025-03-07",9
"Uinta County School District 1","2025-03-14",9
"Uinta County School District 1","2025-03-21",10
"Uinta County School District 1","2025-03-28",9
"Uinta County School District 1","2025-04-04",8
"Uinta County School District 1","2025-04-11",12
"Uinta County School District 1","2025-04-18",13
"Uinta County School District 1","2025-04-25",13
"Uinta County School District 1","2025-05-02",9
"Uinta County School District 1","2025-05-09",6
"Uinta County School District 1","2025-05-16",6
"Uinta County School District 1","2025-05-23",8
"Uinta County School District 1","2025-05-30",7
"Uinta County School District 1","2025-06-06",7
"Uinta County School District 1","2025-06-13",7
"Uinta County School District 1","2025-06-20",7
"Uinta County School District 1","2025-06-27",4
"Uinta County School District 1","2025-07-04",4
"Uinta County School District 1","2025-07-11",3
"Uinta County School District 1","2025-07-18",4
"Uinta County School District 1","2025-07-25",7
"Uinta County School District 1","2025-08-01",7
"Uinta County School District 1","2025-08-08",8
"Uinta County School District 1","2025-08-15",8
"Uinta County School District 1","2025-08-22",4
"Uinta County School District 1","2025-08-29",2
"Uinta County School District 1","2025-09-05",3
"Uinta County School District 1","2025-09-12",3
"Uinta County School District 1","2025-09-19",3
"Uinta County School District 1","2025-09-26",4
"Uinta County School District 1","2025-10-03",5
"Uinta County School District 1","2025-10-10",5
"Uinta County School District 1","2025-10-17",4
"Uinta County School District 1","2025-10-24",4
"Uinta County School District 1","2025-10-31",3
"Uinta County School District 1","2025-11-07",4
"Uinta County School District 1","2025-11-14",3
"Uinta County School District 1","2025-11-21",3
"Uinta County School District 1","2025-11-28",3
"Uinta County School District 1","2025-12-05",3
"Uinta County School District 1","2025-12-12",2
"Uinta County School District 1","2025-12-19",1
"Uinta County School District 1","2025-12-26",1
"Uinta County School District 1","2026-01-02",1
"Uinta County School District 1","2026-01-09",1
"Uinta County School District 1","2026-01-16",2
"Uinta County School District 1","2026-01-23",3
"Uinta County School District 1","2026-01-30",3
"Uinta County School District 1","2026-02-06",5
"Uinta County School District 1","2026-02-13",8
"Uinta County School District 1","2026-02-20",8
"Uinta County School District 1","2026-02-27",7
"Uinta County School District 1","2026-03-06",7
"Uinta County School District 1","2026-03-13",9
"Uinta County School District 1","2026-03-20",11
"Uinta County School District 1","2026-03-27",14
"Uinta County School District 1","2026-04-03",14
"Uinta County School District 1","2026-04-10",12
"Uinta County School District 1","2026-04-17",12
"Uinta County School District 1","2026-04-24",8
"Uinta County School District 1","2026-05-01",11
"Uinta County School District 1","2026-05-07",13
"Uinta County School District 1","2026-05-08",13
"Uinta County School District 1","2026-05-15",12
"Uinta County School District 1","2026-05-22",12
"Uinta County School District 1","2026-05-29",9
"Uinta County School District 1","2026-06-05",8
"Uinta County School District 1","2026-06-12",7
"Uinta County School District 1","2026-06-19",9
"Uinta County School District 1","2026-06-26",9
"Uinta County School District 1","2026-07-03",7
"Uinta County School District 1","2026-07-10",7
"Uinta County School District 1","2026-07-17",7
"Uinta County School District 1","2026-07-24",7
"Uinta County School District 1","2026-07-31",6
"Uinta County School District 1","2026-08-03",6
"Uinta County School District 1","2026-08-04",7
"Uinta County School District 4","2024-08-09",10
"Uinta County School District 4","2024-08-16",5
"Uinta County School District 4","2024-08-23",5
"Uinta County School District 4","2024-08-30",5
"Uinta County School District 4","2024-09-06",1
"Uinta County School District 4","2024-09-13",1
"Uinta County School District 4","2024-09-20",1
"Uinta County School District 4","2024-09-27",1
"Uinta County School District 4","2024-10-04",1
"Uinta County School District 4","2024-10-11",1
"Uinta County School District 4","2024-10-18",1
"Uinta County School District 4","2024-10-25",1
"Uinta County School District 4","2024-11-01",1
"Uinta County School District 4","2024-11-08",2
"Uinta County School District 4","2024-11-15",2
"Uinta County School District 4","2024-11-22",2
"Uinta County School District 4","2024-11-29",2
"Uinta County School District 4","2024-12-06",2
"Uinta County School District 4","2024-12-13",2
"Uinta County School District 4","2024-12-20",2
"Uinta County School District 4","2024-12-27",2
"Uinta County School District 4","2025-01-03",2
"Uinta County School District 4","2025-01-10",2
"Uinta County School District 4","2025-01-17",2
"Uinta County School District 4","2025-01-24",2
"Uinta County School District 4","2025-01-31",2
"Uinta County School District 4","2025-02-07",2
"Uinta County School District 4","2025-02-14",2
"Uinta County School District 4","2025-02-21",2
"Uinta County School District 4","2025-02-28",6
"Uinta County School District 4","2025-03-07",6
"Uinta County School District 4","2025-03-14",6
"Uinta County School District 4","2025-03-21",6
"Uinta County School District 4","2025-03-28",6
"Uinta County School District 4","2025-04-04",6
"Uinta County School District 4","2025-04-11",6
"Uinta County School District 4","2025-04-18",6
"Uinta County School District 4","2025-04-25",6
"Uinta County School District 4","2025-05-02",5
"Uinta County School District 4","2025-05-09",6
"Uinta County School District 4","2025-05-16",5
"Uinta County School District 4","2025-05-23",5
"Uinta County School District 4","2025-05-30",5
"Uinta County School District 4","2025-06-06",6
"Uinta County School District 4","2025-06-13",6
"Uinta County School District 4","2025-06-20",6
"Uinta County School District 4","2025-06-27",6
"Uinta County School District 4","2025-07-04",6
"Uinta County School District 4","2025-07-11",6
"Uinta County School District 4","2025-07-18",6
"Uinta County School District 4","2025-07-25",6
"Uinta County School District 4","2025-08-01",6
"Uinta County School District 4","2025-08-08",6
"Uinta County School District 4","2025-08-15",3
"Uinta County School District 4","2025-08-22",2
"Uinta County School District 4","2025-08-29",2
"Uinta County School District 4","2025-09-05",1
"Uinta County School District 4","2025-09-12",2
"Uinta County School District 4","2025-09-19",2
"Uinta County School District 4","2025-09-26",2
"Uinta County School District 4","2025-10-03",2
"Uinta County School District 4","2025-10-10",2
"Uinta County School District 4","2025-10-17",1
"Uinta County School District 4","2025-10-24",1
"Uinta County School District 4","2025-10-31",2
"Uinta County School District 4","2025-11-07",2
"Uinta County School District 4","2025-11-14",2
"Uinta County School District 4","2025-11-21",2
"Uinta County School District 4","2025-11-28",2
"Uinta County School District 4","2025-12-05",2
"Uinta County School District 4","2025-12-12",2
"Uinta County School District 4","2025-12-19",2
"Uinta County School District 4","2025-12-26",2
"Uinta County School District 4","2026-01-02",2
"Uinta County School District 4","2026-01-09",2
"Uinta County School District 4","2026-01-16",1
"Uinta County School District 4","2026-01-23",1
"Uinta County School District 4","2026-01-30",3
"Uinta County School District 4","2026-02-06",4
"Uinta County School District 4","2026-02-13",4
"Uinta County School District 4","2026-02-20",4
"Uinta County School District 4","2026-02-27",4
"Uinta County School District 4","2026-03-06",4
"Uinta County School District 4","2026-03-13",3
"Uinta County School District 4","2026-03-20",3
"Uinta County School District 4","2026-03-27",2
"Uinta County School District 4","2026-04-03",4
"Uinta County School District 4","2026-04-10",4
"Uinta County School District 4","2026-04-17",4
"Uinta County School District 4","2026-04-24",4
"Uinta County School District 4","2026-05-01",4
"Uinta County School District 4","2026-05-07",12
"Uinta County School District 4","2026-05-08",12
"Uinta County School District 4","2026-05-15",12
"Uinta County School District 4","2026-05-22",12
"Uinta County School District 4","2026-05-29",12
"Uinta County School District 4","2026-06-05",13
"Uinta County School District 4","2026-06-12",11
"Uinta County School District 4","2026-06-19",11
"Uinta County School District 4","2026-06-26",12
"Uinta County School District 4","2026-07-03",11
"Uinta County School District 4","2026-07-10",12
"Uinta County School District 4","2026-07-17",14
"Uinta County School District 4","2026-07-24",17
"Uinta County School District 4","2026-07-31",18
"Uinta County School District 4","2026-08-03",8
"Uinta County School District 4","2026-08-04",8
"Uinta County School District 6","2024-08-09",26
"Uinta County School District 6","2024-08-16",12
"Uinta County School District 6","2024-08-23",12
"Uinta County School District 6","2024-08-30",6
"Uinta County School District 6","2024-09-06",4
"Uinta County School District 6","2024-09-13",4
"Uinta County School District 6","2024-09-20",3
"Uinta County School District 6","2024-09-27",4
"Uinta County School District 6","2024-10-04",4
"Uinta County School District 6","2024-10-11",4
"Uinta County School District 6","2024-10-18",4
"Uinta County School District 6","2024-10-25",4
"Uinta County School District 6","2024-11-01",5
"Uinta County School District 6","2024-11-08",8
"Uinta County School District 6","2024-11-15",8
"Uinta County School District 6","2024-11-22",6
"Uinta County School District 6","2024-11-29",4
"Uinta County School District 6","2024-12-06",4
"Uinta County School District 6","2024-12-13",5
"Uinta County School District 6","2024-12-20",5
"Uinta County School District 6","2024-12-27",5
"Uinta County School District 6","2025-01-03",5
"Uinta County School District 6","2025-01-10",5
"Uinta County School District 6","2025-01-17",5
"Uinta County School District 6","2025-01-24",4
"Uinta County School District 6","2025-01-31",4
"Uinta County School District 6","2025-02-07",3
"Uinta County School District 6","2025-02-14",3
"Uinta County School District 6","2025-02-21",3
"Uinta County School District 6","2025-02-28",3
"Uinta County School District 6","2025-03-07",3
"Uinta County School District 6","2025-03-14",4
"Uinta County School District 6","2025-03-21",11
"Uinta County School District 6","2025-03-28",11
"Uinta County School District 6","2025-04-04",10
"Uinta County School District 6","2025-04-11",11
"Uinta County School District 6","2025-04-18",12
"Uinta County School District 6","2025-04-25",11
"Uinta County School District 6","2025-05-02",10
"Uinta County School District 6","2025-05-09",10
"Uinta County School District 6","2025-05-16",10
"Uinta County School District 6","2025-05-23",10
"Uinta County School District 6","2025-05-30",9
"Uinta County School District 6","2025-06-06",8
"Uinta County School District 6","2025-06-13",8
"Uinta County School District 6","2025-06-20",8
"Uinta County School District 6","2025-06-27",8
"Uinta County School District 6","2025-07-04",8
"Uinta County School District 6","2025-07-11",9
"Uinta County School District 6","2025-07-18",9
"Uinta County School District 6","2025-07-25",9
"Uinta County School District 6","2025-08-01",9
"Uinta County School District 6","2025-08-08",9
"Uinta County School District 6","2025-08-15",9
"Uinta County School District 6","2025-08-22",8
"Uinta County School District 6","2025-08-29",8
"Uinta County School District 6","2025-09-05",8
"Uinta County School District 6","2025-09-12",8
"Uinta County School District 6","2025-09-19",8
"Uinta County School District 6","2025-09-26",8
"Uinta County School District 6","2025-10-03",8
"Uinta County School District 6","2025-10-10",8
"Uinta County School District 6","2025-10-17",8
"Uinta County School District 6","2025-10-24",8
"Uinta County School District 6","2025-10-31",8
"Uinta County School District 6","2025-11-07",8
"Uinta County School District 6","2025-11-14",8
"Uinta County School District 6","2025-11-21",7
"Uinta County School District 6","2025-11-28",5
"Uinta County School District 6","2025-12-05",5
"Uinta County School District 6","2025-12-12",3
"Uinta County School District 6","2025-12-19",3
"Uinta County School District 6","2025-12-26",3
"Uinta County School District 6","2026-01-02",3
"Uinta County School District 6","2026-01-09",3
"Uinta County School District 6","2026-01-16",3
"Uinta County School District 6","2026-01-23",3
"Uinta County School District 6","2026-01-30",4
"Uinta County School District 6","2026-02-06",4
"Uinta County School District 6","2026-02-13",4
"Uinta County School District 6","2026-02-20",4
"Uinta County School District 6","2026-02-27",4
"Uinta County School District 6","2026-03-06",4
"Uinta County School District 6","2026-03-13",4
"Uinta County School District 6","2026-03-20",4
"Uinta County School District 6","2026-03-27",6
"Uinta County School District 6","2026-04-03",6
"Uinta County School District 6","2026-04-10",6
"Uinta County School District 6","2026-04-17",7
"Uinta County School District 6","2026-04-24",7
"Uinta County School District 6","2026-05-01",11
"Uinta County School District 6","2026-05-07",11
"Uinta County School District 6","2026-05-08",11
"Uinta County School District 6","2026-05-15",7
"Uinta County School District 6","2026-05-22",9
"Uinta County School District 6","2026-05-29",6
"Uinta County School District 6","2026-06-05",8
"Uinta County School District 6","2026-06-12",7
"Uinta County School District 6","2026-06-19",7
"Uinta County School District 6","2026-06-26",6
"Uinta County School District 6","2026-07-03",6
"Uinta County School District 6","2026-07-10",6
"Uinta County School District 6","2026-07-17",6
"Uinta County School District 6","2026-07-24",6
"Uinta County School District 6","2026-07-31",7
"Uinta County School District 6","2026-08-03",1
"Uinta County School District 6","2026-08-04",1
"Washakie County School District 1","2024-08-09",30
"Washakie County School District 1","2024-08-16",9
"Washakie County School District 1","2024-08-23",9
"Washakie County School District 1","2024-08-30",8
"Washakie County School District 1","2024-09-06",9
"Washakie County School District 1","2024-09-13",8
"Washakie County School District 1","2024-09-20",8
"Washakie County School District 1","2024-09-27",7
"Washakie County School District 1","2024-10-04",8
"Washakie County School District 1","2024-10-11",9
"Washakie County School District 1","2024-10-18",10
"Washakie County School District 1","2024-10-25",9
"Washakie County School District 1","2024-11-01",11
"Washakie County School District 1","2024-11-08",10
"Washakie County School District 1","2024-11-15",10
"Washakie County School District 1","2024-11-22",10
"Washakie County School District 1","2024-11-29",9
"Washakie County School District 1","2024-12-06",10
"Washakie County School District 1","2024-12-13",8
"Washakie County School District 1","2024-12-20",9
"Washakie County School District 1","2024-12-27",9
"Washakie County School District 1","2025-01-03",9
"Washakie County School District 1","2025-01-10",12
"Washakie County School District 1","2025-01-17",13
"Washakie County School District 1","2025-01-24",12
"Washakie County School District 1","2025-01-31",12
"Washakie County School District 1","2025-02-07",11
"Washakie County School District 1","2025-02-14",16
"Washakie County School District 1","2025-02-21",16
"Washakie County School District 1","2025-02-28",19
"Washakie County School District 1","2025-03-07",18
"Washakie County School District 1","2025-03-14",11
"Washakie County School District 1","2025-03-21",12
"Washakie County School District 1","2025-03-28",12
"Washakie County School District 1","2025-04-04",13
"Washakie County School District 1","2025-04-11",14
"Washakie County School District 1","2025-04-18",14
"Washakie County School District 1","2025-04-25",15
"Washakie County School District 1","2025-05-02",20
"Washakie County School District 1","2025-05-09",18
"Washakie County School District 1","2025-05-16",19
"Washakie County School District 1","2025-05-23",19
"Washakie County School District 1","2025-05-30",19
"Washakie County School District 1","2025-06-06",21
"Washakie County School District 1","2025-06-13",21
"Washakie County School District 1","2025-06-20",19
"Washakie County School District 1","2025-06-27",19
"Washakie County School District 1","2025-07-04",20
"Washakie County School District 1","2025-07-11",19
"Washakie County School District 1","2025-07-18",19
"Washakie County School District 1","2025-07-25",18
"Washakie County School District 1","2025-08-01",15
"Washakie County School District 1","2025-08-08",12
"Washakie County School District 1","2025-08-15",12
"Washakie County School District 1","2025-08-22",13
"Washakie County School District 1","2025-08-29",13
"Washakie County School District 1","2025-09-05",11
"Washakie County School District 1","2025-09-12",11
"Washakie County School District 1","2025-09-19",12
"Washakie County School District 1","2025-09-26",12
"Washakie County School District 1","2025-10-03",12
"Washakie County School District 1","2025-10-10",12
"Washakie County School District 1","2025-10-17",12
"Washakie County School District 1","2025-10-24",13
"Washakie County School District 1","2025-10-31",13
"Washakie County School District 1","2025-11-07",11
"Washakie County School District 1","2025-11-14",11
"Washakie County School District 1","2025-11-21",11
"Washakie County School District 1","2025-11-28",10
"Washakie County School District 1","2025-12-05",11
"Washakie County School District 1","2025-12-12",13
"Washakie County School District 1","2025-12-19",15
"Washakie County School District 1","2025-12-26",15
"Washakie County School District 1","2026-01-02",15
"Washakie County School District 1","2026-01-09",15
"Washakie County School District 1","2026-01-16",16
"Washakie County School District 1","2026-01-23",16
"Washakie County School District 1","2026-01-30",15
"Washakie County School District 1","2026-02-06",16
"Washakie County School District 1","2026-02-13",16
"Washakie County School District 1","2026-02-20",17
"Washakie County School District 1","2026-02-27",16
"Washakie County School District 1","2026-03-06",17
"Washakie County School District 1","2026-03-13",17
"Washakie County School District 1","2026-03-20",16
"Washakie County School District 1","2026-03-27",28
"Washakie County School District 1","2026-04-03",29
"Washakie County School District 1","2026-04-10",30
"Washakie County School District 1","2026-04-17",24
"Washakie County School District 1","2026-04-24",24
"Washakie County School District 1","2026-05-01",23
"Washakie County School District 1","2026-05-07",29
"Washakie County School District 1","2026-05-08",29
"Washakie County School District 1","2026-05-15",19
"Washakie County School District 1","2026-05-22",17
"Washakie County School District 1","2026-05-29",18
"Washakie County School District 1","2026-06-05",25
"Washakie County School District 1","2026-06-12",25
"Washakie County School District 1","2026-06-19",26
"Washakie County School District 1","2026-06-26",25
"Washakie County School District 1","2026-07-03",25
"Washakie County School District 1","2026-07-10",23
"Washakie County School District 1","2026-07-17",23
"Washakie County School District 1","2026-07-24",25
"Washakie County School District 1","2026-07-31",24
"Washakie County School District 1","2026-08-03",24
"Washakie County School District 1","2026-08-04",24
"Washakie County School District 2","2024-08-09",6
"Washakie County School District 2","2024-08-16",3
"Washakie County School District 2","2024-08-23",3
"Washakie County School District 2","2024-08-30",3
"Washakie County School District 2","2024-09-06",4
"Washakie County School District 2","2024-09-13",4
"Washakie County School District 2","2024-09-20",4
"Washakie County School District 2","2024-09-27",3
"Washakie County School District 2","2024-10-04",3
"Washakie County School District 2","2024-10-11",3
"Washakie County School District 2","2024-10-18",2
"Washakie County School District 2","2024-10-25",2
"Washakie County School District 2","2024-11-01",2
"Washakie County School District 2","2024-11-08",2
"Washakie County School District 2","2024-11-15",2
"Washakie County School District 2","2024-11-22",2
"Washakie County School District 2","2024-11-29",2
"Washakie County School District 2","2024-12-06",2
"Washakie County School District 2","2024-12-13",2
"Washakie County School District 2","2024-12-20",2
"Washakie County School District 2","2024-12-27",2
"Washakie County School District 2","2025-01-03",2
"Washakie County School District 2","2025-01-10",2
"Washakie County School District 2","2025-01-17",2
"Washakie County School District 2","2025-01-24",2
"Washakie County School District 2","2025-01-31",2
"Washakie County School District 2","2025-02-07",2
"Washakie County School District 2","2025-02-14",2
"Washakie County School District 2","2025-02-21",2
"Washakie County School District 2","2025-02-28",3
"Washakie County School District 2","2025-03-07",2
"Washakie County School District 2","2025-03-14",2
"Washakie County School District 2","2025-03-21",2
"Washakie County School District 2","2025-03-28",2
"Washakie County School District 2","2025-04-04",2
"Washakie County School District 2","2025-04-11",2
"Washakie County School District 2","2025-04-18",2
"Washakie County School District 2","2025-04-25",2
"Washakie County School District 2","2025-05-02",4
"Washakie County School District 2","2025-05-09",4
"Washakie County School District 2","2025-05-16",4
"Washakie County School District 2","2025-05-23",4
"Washakie County School District 2","2025-05-30",4
"Washakie County School District 2","2025-06-06",4
"Washakie County School District 2","2025-06-13",4
"Washakie County School District 2","2025-06-20",4
"Washakie County School District 2","2025-06-27",4
"Washakie County School District 2","2025-07-04",4
"Washakie County School District 2","2025-07-11",4
"Washakie County School District 2","2025-07-18",5
"Washakie County School District 2","2025-07-25",4
"Washakie County School District 2","2025-08-01",3
"Washakie County School District 2","2025-08-08",3
"Washakie County School District 2","2025-08-15",2
"Washakie County School District 2","2025-08-22",2
"Washakie County School District 2","2025-08-29",2
"Washakie County School District 2","2025-09-05",2
"Washakie County School District 2","2025-09-12",2
"Washakie County School District 2","2025-09-19",2
"Washakie County School District 2","2025-09-26",2
"Washakie County School District 2","2025-10-03",2
"Washakie County School District 2","2025-10-10",2
"Washakie County School District 2","2025-10-17",2
"Washakie County School District 2","2025-10-24",2
"Washakie County School District 2","2025-10-31",2
"Washakie County School District 2","2025-11-07",2
"Washakie County School District 2","2025-11-14",2
"Washakie County School District 2","2025-11-21",2
"Washakie County School District 2","2025-11-28",2
"Washakie County School District 2","2025-12-05",2
"Washakie County School District 2","2025-12-12",2
"Washakie County School District 2","2025-12-19",2
"Washakie County School District 2","2025-12-26",2
"Washakie County School District 2","2026-01-02",2
"Washakie County School District 2","2026-01-09",2
"Washakie County School District 2","2026-01-16",2
"Washakie County School District 2","2026-01-23",2
"Washakie County School District 2","2026-01-30",2
"Washakie County School District 2","2026-02-06",2
"Washakie County School District 2","2026-02-13",2
"Washakie County School District 2","2026-02-20",2
"Washakie County School District 2","2026-02-27",2
"Washakie County School District 2","2026-03-06",2
"Washakie County School District 2","2026-03-13",2
"Washakie County School District 2","2026-03-20",2
"Washakie County School District 2","2026-03-27",4
"Washakie County School District 2","2026-04-03",4
"Washakie County School District 2","2026-04-10",4
"Washakie County School District 2","2026-04-17",4
"Washakie County School District 2","2026-04-24",4
"Washakie County School District 2","2026-05-01",2
"Washakie County School District 2","2026-05-07",2
"Washakie County School District 2","2026-05-08",2
"Washakie County School District 2","2026-05-15",2
"Washakie County School District 2","2026-05-22",2
"Washakie County School District 2","2026-05-29",2
"Washakie County School District 2","2026-06-05",2
"Washakie County School District 2","2026-06-12",2
"Washakie County School District 2","2026-06-19",2
"Washakie County School District 2","2026-06-26",2
"Washakie County School District 2","2026-07-03",2
"Washakie County School District 2","2026-07-10",2
"Washakie County School District 2","2026-07-17",2
"Washakie County School District 2","2026-07-24",2
"Washakie County School District 2","2026-07-31",2
"Washakie County School District 2","2026-08-03",3
"Washakie County School District 2","2026-08-04",3
"Weston County School District 1","2024-08-09",16
"Weston County School District 1","2024-08-16",9
"Weston County School District 1","2024-08-23",11
"Weston County School District 1","2024-08-30",11
"Weston County School District 1","2024-09-06",11
"Weston County School District 1","2024-09-13",11
"Weston County School District 1","2024-09-20",10
"Weston County School District 1","2024-09-27",11
"Weston County School District 1","2024-10-04",11
"Weston County School District 1","2024-10-11",11
"Weston County School District 1","2024-10-18",11
"Weston County School District 1","2024-10-25",11
"Weston County School District 1","2024-11-01",11
"Weston County School District 1","2024-11-08",11
"Weston County School District 1","2024-11-15",11
"Weston County School District 1","2024-11-22",9
"Weston County School District 1","2024-11-29",9
"Weston County School District 1","2024-12-06",9
"Weston County School District 1","2024-12-13",9
"Weston County School District 1","2024-12-20",9
"Weston County School District 1","2024-12-27",9
"Weston County School District 1","2025-01-03",9
"Weston County School District 1","2025-01-10",9
"Weston County School District 1","2025-01-17",9
"Weston County School District 1","2025-01-24",9
"Weston County School District 1","2025-01-31",9
"Weston County School District 1","2025-02-07",9
"Weston County School District 1","2025-02-14",9
"Weston County School District 1","2025-02-21",9
"Weston County School District 1","2025-02-28",9
"Weston County School District 1","2025-03-07",9
"Weston County School District 1","2025-03-14",11
"Weston County School District 1","2025-03-21",11
"Weston County School District 1","2025-03-28",11
"Weston County School District 1","2025-04-04",11
"Weston County School District 1","2025-04-11",10
"Weston County School District 1","2025-04-18",6
"Weston County School District 1","2025-04-25",6
"Weston County School District 1","2025-05-02",7
"Weston County School District 1","2025-05-09",7
"Weston County School District 1","2025-05-16",8
"Weston County School District 1","2025-05-23",8
"Weston County School District 1","2025-05-30",9
"Weston County School District 1","2025-06-06",8
"Weston County School District 1","2025-06-13",8
"Weston County School District 1","2025-06-20",11
"Weston County School District 1","2025-06-27",11
"Weston County School District 1","2025-07-04",13
"Weston County School District 1","2025-07-11",9
"Weston County School District 1","2025-07-18",9
"Weston County School District 1","2025-07-25",9
"Weston County School District 1","2025-08-01",9
"Weston County School District 1","2025-08-08",10
"Weston County School District 1","2025-08-15",10
"Weston County School District 1","2025-08-22",9
"Weston County School District 1","2025-08-29",9
"Weston County School District 1","2025-09-05",8
"Weston County School District 1","2025-09-12",8
"Weston County School District 1","2025-09-19",8
"Weston County School District 1","2025-09-26",8
"Weston County School District 1","2025-10-03",8
"Weston County School District 1","2025-10-10",9
"Weston County School District 1","2025-10-17",9
"Weston County School District 1","2025-10-24",9
"Weston County School District 1","2025-10-31",9
"Weston County School District 1","2025-11-07",9
"Weston County School District 1","2025-11-14",9
"Weston County School District 1","2025-11-21",9
"Weston County School District 1","2025-11-28",9
"Weston County School District 1","2025-12-05",9
"Weston County School District 1","2025-12-12",9
"Weston County School District 1","2025-12-19",9
"Weston County School District 1","2025-12-26",9
"Weston County School District 1","2026-01-02",9
"Weston County School District 1","2026-01-09",9
"Weston County School District 1","2026-01-16",10
"Weston County School District 1","2026-01-23",10
"Weston County School District 1","2026-01-30",8
"Weston County School District 1","2026-02-06",8
"Weston County School District 1","2026-02-13",8
"Weston County School District 1","2026-02-20",9
"Weston County School District 1","2026-02-27",10
"Weston County School District 1","2026-03-06",11
"Weston County School District 1","2026-03-13",13
"Weston County School District 1","2026-03-20",13
"Weston County School District 1","2026-03-27",14
"Weston County School District 1","2026-04-03",14
"Weston County School District 1","2026-04-10",15
"Weston County School District 1","2026-04-17",13
"Weston County School District 1","2026-04-24",17
"Weston County School District 1","2026-05-01",18
"Weston County School District 1","2026-05-07",19
"Weston County School District 1","2026-05-08",19
"Weston County School District 1","2026-05-15",20
"Weston County School District 1","2026-05-22",20
"Weston County School District 1","2026-05-29",21
"Weston County School District 1","2026-06-05",16
"Weston County School District 1","2026-06-12",16
"Weston County School District 1","2026-06-19",16
"Weston County School District 1","2026-06-26",16
"Weston County School District 1","2026-07-03",16
"Weston County School District 1","2026-07-10",16
"Weston County School District 1","2026-07-17",16
"Weston County School District 1","2026-07-24",16
"Weston County School District 1","2026-07-31",16
"Weston County School District 1","2026-08-03",20
"Weston County School District 1","2026-08-04",21
"Weston County School District 7","2024-08-09",14
"Weston County School District 7","2024-08-16",8
"Weston County School District 7","2024-08-23",7
"Weston County School District 7","2024-08-30",7
"Weston County School District 7","2024-09-06",7
"Weston County School District 7","2024-09-13",7
"Weston County School District 7","2024-09-20",7
"Weston County School District 7","2024-09-27",7
"Weston County School District 7","2024-10-04",8
"Weston County School District 7","2024-10-11",8
"Weston County School District 7","2024-10-18",10
"Weston County School District 7","2024-10-25",10
"Weston County School District 7","2024-11-01",10
"Weston County School District 7","2024-11-08",10
"Weston County School District 7","2024-11-15",10
"Weston County School District 7","2024-11-22",10
"Weston County School District 7","2024-11-29",10
"Weston County School District 7","2024-12-06",10
"Weston County School District 7","2024-12-13",10
"Weston County School District 7","2024-12-20",10
"Weston County School District 7","2024-12-27",10
"Weston County School District 7","2025-01-03",10
"Weston County School District 7","2025-01-10",10
"Weston County School District 7","2025-01-17",7
"Weston County School District 7","2025-01-24",7
"Weston County School District 7","2025-01-31",6
"Weston County School District 7","2025-02-07",6
"Weston County School District 7","2025-02-14",6
"Weston County School District 7","2025-02-21",6
"Weston County School District 7","2025-02-28",6
"Weston County School District 7","2025-03-07",6
"Weston County School District 7","2025-03-14",9
"Weston County School District 7","2025-03-21",9
"Weston County School District 7","2025-03-28",10
"Weston County School District 7","2025-04-04",10
"Weston County School District 7","2025-04-11",10
"Weston County School District 7","2025-04-18",6
"Weston County School District 7","2025-04-25",6
"Weston County School District 7","2025-05-02",5
"Weston County School District 7","2025-05-09",6
"Weston County School District 7","2025-05-16",6
"Weston County School District 7","2025-05-23",6
"Weston County School District 7","2025-05-30",6
"Weston County School District 7","2025-06-06",6
"Weston County School District 7","2025-06-13",6
"Weston County School District 7","2025-06-20",6
"Weston County School District 7","2025-06-27",6
"Weston County School District 7","2025-07-04",6
"Weston County School District 7","2025-07-11",7
"Weston County School District 7","2025-07-18",7
"Weston County School District 7","2025-07-25",8
"Weston County School District 7","2025-08-01",8
"Weston County School District 7","2025-08-08",8
"Weston County School District 7","2025-08-15",8
"Weston County School District 7","2025-08-22",8
"Weston County School District 7","2025-08-29",9
"Weston County School District 7","2025-09-05",9
"Weston County School District 7","2025-09-12",9
"Weston County School District 7","2025-09-19",9
"Weston County School District 7","2025-09-26",9
"Weston County School District 7","2025-10-03",9
"Weston County School District 7","2025-10-10",9
"Weston County School District 7","2025-10-17",7
"Weston County School District 7","2025-10-24",8
"Weston County School District 7","2025-10-31",9
"Weston County School District 7","2025-11-07",9
"Weston County School District 7","2025-11-14",9
"Weston County School District 7","2025-11-21",7
"Weston County School District 7","2025-11-28",7
"Weston County School District 7","2025-12-05",8
"Weston County School District 7","2025-12-12",8
"Weston County School District 7","2025-12-19",8
"Weston County School District 7","2025-12-26",8
"Weston County School District 7","2026-01-02",7
"Weston County School District 7","2026-01-09",7
"Weston County School District 7","2026-01-16",6
"Weston County School District 7","2026-01-23",6
"Weston County School District 7","2026-01-30",6
"Weston County School District 7","2026-02-06",6
"Weston County School District 7","2026-02-13",6
"Weston County School District 7","2026-02-20",6
"Weston County School District 7","2026-02-27",6
"Weston County School District 7","2026-03-06",6
"Weston County School District 7","2026-03-13",6
"Weston County School District 7","2026-03-20",7
"Weston County School District 7","2026-03-27",15
"Weston County School District 7","2026-04-03",11
"Weston County School District 7","2026-04-10",11
"Weston County School District 7","2026-04-17",11
"Weston County School District 7","2026-04-24",8
"Weston County School District 7","2026-05-01",8
"Weston County School District 7","2026-05-07",8
"Weston County School District 7","2026-05-08",8
"Weston County School District 7","2026-05-15",8
"Weston County School District 7","2026-05-22",8
"Weston County School District 7","2026-05-29",5
"Weston County School District 7","2026-06-05",6
"Weston County School District 7","2026-06-12",6
"Weston County School District 7","2026-06-19",7
"Weston County School District 7","2026-06-26",7
"Weston County School District 7","2026-07-03",7
"Weston County School District 7","2026-07-10",7
"Weston County School District 7","2026-07-17",8
"Weston County School District 7","2026-07-24",7
"Weston County School District 7","2026-07-31",7
"Weston County School District 7","2026-08-03",1
"Weston County School District 7","2026-08-04",1
"Albany County School District 1","2026-08-07",22
"Big Horn School District 1","2026-08-07",13
"Big Horn School District 2","2026-08-07",5
"Big Horn School District 3","2026-08-07",4
"Big Horn School District 4","2026-08-07",4
"Campbell County School District 1","2026-08-07",51
"Carbon County School District 1","2026-08-07",17
"Carbon County School District 2","2026-08-07",21
"Cheyenne Classical Academy","2026-08-07",3
"Converse County School District 1","2026-08-07",9
"Converse County School District 2","2026-08-07",6
"Crook County School District 1","2026-08-07",22
"Fremont County School District 1","2026-08-07",9
"Fremont County School District 14","2026-08-07",11
"Fremont County School District 2","2026-08-07",11
"Fremont County School District 21","2026-08-07",6
"Fremont County School District 24","2026-08-07",1
"Fremont County School District 25","2026-08-07",23
"Fremont County School District 38","2026-08-07",6
"Fremont County School District 6","2026-08-07",14
"Goshen County School District 1","2026-08-07",12
"Hot Springs County School District 1","2026-08-07",11
"Johnson County School District 1","2026-08-07",16
"Laramie County School District 1","2026-08-07",119
"Laramie County School District 2","2026-08-07",17
"Lincoln County School District 1","2026-08-07",1
"Lincoln County School District 2","2026-08-07",17
"Natrona School District 1","2026-08-07",78
"Niobrara County School District 1","2026-08-07",10
"Park County School District 1","2026-08-07",12
"Park County School District 16","2026-08-07",5
"Park County School District 6","2026-08-07",23
"Platte County School District 1","2026-08-07",23
"Platte County School District 2","2026-08-07",4
"Prairie View Community School","2026-08-07",4
"Sheridan County School District 1","2026-08-07",13
"Sheridan County School District 2","2026-08-07",30
"Sheridan County School District 3","2026-08-07",1
"Snowy Range Academy","2026-08-07",2
"Sublette County School District 1","2026-08-07",11
"Sublette County School District 9","2026-08-07",1
"Sweetwater County School District 1","2026-08-07",72
"Sweetwater County School District 2","2026-08-07",25
"Teton County School District 1","2026-08-07",16
"Uinta County School District 1","2026-08-07",6
"Uinta County School District 4","2026-08-07",8
"Uinta County School District 6","2026-08-07",1
"Washakie County School District 1","2026-08-07",21
"Washakie County School District 2","2026-08-07",4
"Weston County School District 1","2026-08-07",21
"Weston County School District 7","2026-08-07",1
"Wyoming Classical Academy","2026-08-07",19
"Albany County School District 1","2026-08-11",25
"Big Horn School District 1","2026-08-11",13
"Big Horn School District 2","2026-08-11",5
"Big Horn School District 3","2026-08-11",2
"Big Horn School District 4","2026-08-11",4
"Campbell County School District 1","2026-08-11",51
"Carbon County School District 1","2026-08-11",18
"Carbon County School District 2","2026-08-11",24
"Cheyenne Classical Academy","2026-08-11",3
"Converse County School District 1","2026-08-11",8
"Converse County School District 2","2026-08-11",9
"Crook County School District 1","2026-08-11",23
"Fremont County School District 1","2026-08-11",21
"Fremont County School District 14","2026-08-11",11
"Fremont County School District 2","2026-08-11",20
"Fremont County School District 21","2026-08-11",8
"Fremont County School District 24","2026-08-11",2
"Fremont County School District 25","2026-08-11",28
"Fremont County School District 38","2026-08-11",9
"Fremont County School District 6","2026-08-11",20
"Goshen County School District 1","2026-08-11",11
"Hot Springs County School District 1","2026-08-11",17
"Johnson County School District 1","2026-08-11",15
"Laramie County School District 1","2026-08-11",115
"Laramie County School District 2","2026-08-11",19
"Lincoln County School District 1","2026-08-11",9
"Lincoln County School District 2","2026-08-11",17
"Natrona School District 1","2026-08-11",72
"Niobrara County School District 1","2026-08-11",10
"Northeast Wyoming BOCES","2026-08-11",1
"Park County School District 1","2026-08-11",13
"Park County School District 16","2026-08-11",5
"Park County School District 6","2026-08-11",29
"Platte County School District 1","2026-08-11",22
"Platte County School District 2","2026-08-11",4
"Prairie View Community School","2026-08-11",4
"STRIDE Learning Center","2026-08-11",4
"Sheridan County School District 1","2026-08-11",12
"Sheridan County School District 2","2026-08-11",31
"Sheridan County School District 3","2026-08-11",1
"Snowy Range Academy","2026-08-11",2
"Sublette County School District 1","2026-08-11",13
"Sublette County School District 9","2026-08-11",5
"Sweetwater County Child Developmental Center","2026-08-11",3
"Sweetwater County School District 1","2026-08-11",89
"Sweetwater County School District 2","2026-08-11",30
"Teton County School District 1","2026-08-11",17
"Uinta County School District 1","2026-08-11",6
"Uinta County School District 4","2026-08-11",8
"Uinta County School District 6","2026-08-11",1
"Washakie County School District 1","2026-08-11",22
"Washakie County School District 2","2026-08-11",4
"Weston County School District 1","2026-08-11",20
"Weston County School District 7","2026-08-11",1
"Wyoming Classical Academy","2026-08-11",19
