"","title","date_posted","position","location","url","District","Archive_Date"
"1","Assistant Middle School Track Coach-Rocky",2026-05-13,"Athletics/ Activities/","Rocky Mountain Middle/High School","https://www.applitrack.com/bighorn1/onlineapp/JobPostings/view.asp?all=1","Big Horn School District 1",2026-07-10
"2","Assistant Volleyball Coach- Burlington",2026-05-14,"Athletics/ Activities/","Burlington Schools","https://www.applitrack.com/bighorn1/onlineapp/JobPostings/view.asp?all=1","Big Horn School District 1",2026-07-10
"3","Middle School Assistant Football Coach-Burlington",2026-06-03,"Athletics/ Activities/","Burlington Schools","https://www.applitrack.com/bighorn1/onlineapp/JobPostings/view.asp?all=1","Big Horn School District 1",2026-07-10
"4","Assistant Middle School Track Coach-Burlington",2026-06-03,"Athletics/ Activities/","Burlington Schools","https://www.applitrack.com/bighorn1/onlineapp/JobPostings/view.asp?all=1","Big Horn School District 1",2026-07-10
"5","High School Head Track Coach-Rocky",2026-06-08,"Athletics/ Activities/","Rocky Mountain Middle/High School","https://www.applitrack.com/bighorn1/onlineapp/JobPostings/view.asp?all=1","Big Horn School District 1",2026-07-10
"6","Assistant HS Track Coach-Burlington",2026-07-01,"Athletics/ Activities/","Burlington Schools","https://www.applitrack.com/bighorn1/onlineapp/JobPostings/view.asp?all=1","Big Horn School District 1",2026-07-10
"7","Elementary classroom Teacher Part time-Burlington",2026-04-16,"Elementary Teaching/","Burlington Schools","https://www.applitrack.com/bighorn1/onlineapp/JobPostings/view.asp?all=1","Big Horn School District 1",2026-07-10
"8","Assistant Cook 20 hrs per week/Burlington",2026-04-20,"Food Service/","Burlington Schools","https://www.applitrack.com/bighorn1/onlineapp/JobPostings/view.asp?all=1","Big Horn School District 1",2026-07-10
"9","MS/HS Success Coordinator Paraprofessional-Burlington",2026-07-08,"Paraprofessional/","Burlington Schools","https://www.applitrack.com/bighorn1/onlineapp/JobPostings/view.asp?all=1","Big Horn School District 1",2026-07-10
"10","Sub Nurse",2020-09-23,"Student Support Services/","Big Horn Co School District 1","https://www.applitrack.com/bighorn1/onlineapp/JobPostings/view.asp?all=1","Big Horn School District 1",2026-07-10
"11","Sub - Teacher",2020-09-23,"Substitute/","Big Horn Co School District 1","https://www.applitrack.com/bighorn1/onlineapp/JobPostings/view.asp?all=1","Big Horn School District 1",2026-07-10
"12","Sub- Custodial/Cook/Secretary",2020-09-23,"Support Staff/","Big Horn Co School District 1","https://www.applitrack.com/bighorn1/onlineapp/JobPostings/view.asp?all=1","Big Horn School District 1",2026-07-10
"13","Sub - Paraprofessional",2020-09-23,"Support Staff/","Big Horn Co School District 1","https://www.applitrack.com/bighorn1/onlineapp/JobPostings/view.asp?all=1","Big Horn School District 1",2026-07-10
"14","Sub- Route Bus Driver - Burlington",2020-09-23,"Support Staff/","Transportation","https://www.applitrack.com/bighorn1/onlineapp/JobPostings/view.asp?all=1","Big Horn School District 1",2026-07-10
"15","Sub- Route Bus Driver - Cowley",2020-09-23,"Support Staff/","Transportation","https://www.applitrack.com/bighorn1/onlineapp/JobPostings/view.asp?all=1","Big Horn School District 1",2026-07-10
"16","High School Assistant Football Coach",2026-05-28,"Athletics/Activities","Lovell High School","https://www.applitrack.com/bgh2/onlineapp/default.aspx?all=1","Big Horn School District 2",2026-07-10
"17","Substitute Teacher",2022-03-30,"Substitute/","Big Horn County School District #2","https://www.applitrack.com/bgh2/onlineapp/default.aspx?all=1","Big Horn School District 2",2026-07-10
"18","Substitute Route and Activity Bus Drivers",2022-03-29,"Transportation","Big Horn County School District #2","https://www.applitrack.com/bgh2/onlineapp/default.aspx?all=1","Big Horn School District 2",2026-07-10
"19","Route Bus Driver",2025-05-27,"Transportation/","Big Horn County School District #2","https://www.applitrack.com/bgh2/onlineapp/default.aspx?all=1","Big Horn School District 2",2026-07-10
"20","Paraprofessional- Elementary School",2026-03-25,"Support Staff/","Greybull Elementary School(High-Needs School)","https://www.applitrack.com/bighorn/onlineapp/default.aspx?all=1","Big Horn School District 3",2026-07-10
"21","Substitute Teacher",2017-07-05,"Substitute/","District Wide","https://www.applitrack.com/bighorn/onlineapp/default.aspx?all=1","Big Horn School District 3",2026-07-10
"22","Substitute Bus Driver / Activity Driver",2024-12-17,"Transportation/","Transportation","https://www.applitrack.com/bighorn/onlineapp/default.aspx?all=1","Big Horn School District 3",2026-07-10
"23","Middle School Head Volleyball Coach",2026-05-21,"Athletics/Activities","Riverside Middle School","https://www.applitrack.com/bgh4/onlineapp/default.aspx?all=1","Big Horn School District 4",2026-07-10
"24","High School Head Volleyball Coach",2026-06-10,"Athletics/Activities","Riverside High School","https://www.applitrack.com/bgh4/onlineapp/default.aspx?all=1","Big Horn School District 4",2026-07-10
"25","Custodian/Maintenance",2026-06-23,"Maintenance/Custodial/","RMS/RHS","https://www.applitrack.com/bgh4/onlineapp/default.aspx?all=1","Big Horn School District 4",2026-07-10
"26","Part time Custodian",2026-06-23,"Maintenance/Custodial/","RMS/RHS","https://www.applitrack.com/bgh4/onlineapp/default.aspx?all=1","Big Horn School District 4",2026-07-10
"27","21 CCLC After School Program Activity Leaders",2020-01-21,"Student Support Services","Laura Irwin Elementary","https://www.applitrack.com/bgh4/onlineapp/default.aspx?all=1","Big Horn School District 4",2026-07-10
"28","Bus Driver",2022-01-07,"Support Staff","District","https://www.applitrack.com/bgh4/onlineapp/default.aspx?all=1","Big Horn School District 4",2026-07-10
"29","Substitute",2025-07-21,"Support Staff","District","https://www.applitrack.com/bgh4/onlineapp/default.aspx?all=1","Big Horn School District 4",2026-07-10
"30","Athletic/Activities Director Rawlins High School",2026-06-19,"Administration","Rawlins High School","https://www.applitrack.com/crb1/onlineapp/jobpostings/view.asp?all=1","Carbon County School District 1",2026-07-10
"31","Lifeguard",2026-06-11,"Aquatics/","Rawlins Aquatics Center","https://www.applitrack.com/crb1/onlineapp/jobpostings/view.asp?all=1","Carbon County School District 1",2026-07-10
"32","Head Boys Soccer Coach",2026-07-06,"Athletics/Activities/","Rawlins High School","https://www.applitrack.com/crb1/onlineapp/jobpostings/view.asp?all=1","Carbon County School District 1",2026-07-10
"33","2nd Asst. Boys Wrestling Coach",2026-07-09,"Athletics/Activities/","Rawlins Middle School","https://www.applitrack.com/crb1/onlineapp/jobpostings/view.asp?all=1","Carbon County School District 1",2026-07-10
"34","Asst. Football Coach",2025-11-11,"Athletics/Activities/","Rawlins Middle School","https://www.applitrack.com/crb1/onlineapp/jobpostings/view.asp?all=1","Carbon County School District 1",2026-07-10
"35","Asst. High School Football Coach",2026-04-17,"Athletics/Activities/","Little Snake River Valley School","https://www.applitrack.com/crb1/onlineapp/jobpostings/view.asp?all=1","Carbon County School District 1",2026-07-10
"36","2nd Asst. Track Coach",2026-06-01,"Athletics/Activities/","Rawlins Middle School","https://www.applitrack.com/crb1/onlineapp/jobpostings/view.asp?all=1","Carbon County School District 1",2026-07-10
"37","2nd Asst Throwing Track Coach",2026-06-10,"Athletics/Activities/","Rawlins Middle School","https://www.applitrack.com/crb1/onlineapp/jobpostings/view.asp?all=1","Carbon County School District 1",2026-07-10
"38","Music Teacher",2026-04-15,"Elementary School Teaching","Rawlins Elementary School","https://www.applitrack.com/crb1/onlineapp/jobpostings/view.asp?all=1","Carbon County School District 1",2026-07-10
"39","P.E. Teacher",2026-06-15,"Elementary School Teaching","Rawlins Elementary School","https://www.applitrack.com/crb1/onlineapp/jobpostings/view.asp?all=1","Carbon County School District 1",2026-07-10
"40","Substitute Food Service",2026-06-11,"Food Service/","District","https://www.applitrack.com/crb1/onlineapp/jobpostings/view.asp?all=1","Carbon County School District 1",2026-07-10
"41","Maintenance Worker",2026-06-10,"Maintenance/Custodial","District","https://www.applitrack.com/crb1/onlineapp/jobpostings/view.asp?all=1","Carbon County School District 1",2026-07-10
"42","Substitute Custodian",2026-06-11,"Maintenance/Custodial/","District","https://www.applitrack.com/crb1/onlineapp/jobpostings/view.asp?all=1","Carbon County School District 1",2026-07-10
"43","Substitute Custodian",2026-06-11,"Maintenance/Custodial/","Little Snake River Valley School","https://www.applitrack.com/crb1/onlineapp/jobpostings/view.asp?all=1","Carbon County School District 1",2026-07-10
"44","Special Ed. Para Professional",2026-06-15,"Special Education/","Rawlins Elementary School","https://www.applitrack.com/crb1/onlineapp/jobpostings/view.asp?all=1","Carbon County School District 1",2026-07-10
"45","Speech Para Professional",2026-06-08,"Student Support Services/","Rawlins Elementary School","https://www.applitrack.com/crb1/onlineapp/jobpostings/view.asp?all=1","Carbon County School District 1",2026-07-10
"46","Substitute Teacher/ Para Professional",2026-06-11,"Substitute/","District","https://www.applitrack.com/crb1/onlineapp/jobpostings/view.asp?all=1","Carbon County School District 1",2026-07-10
"47","ESL-MLL Para Professional",2026-06-11,"Support Staff/","Rawlins Elementary School","https://www.applitrack.com/crb1/onlineapp/jobpostings/view.asp?all=1","Carbon County School District 1",2026-07-10
"48","Substitute Bus Driver",2026-06-11,"Transportation","District","https://www.applitrack.com/crb1/onlineapp/jobpostings/view.asp?all=1","Carbon County School District 1",2026-07-10
"49","Bus Driver",2023-09-22,"Transportation/","District","https://www.applitrack.com/crb1/onlineapp/jobpostings/view.asp?all=1","Carbon County School District 1",2026-07-10
"50","First Assistant (Head) Middle School Boys Basketball Coach",2026-02-25,"Athletics/Activities/","Encampment K-12","https://www.applitrack.com/crb2/onlineapp/default.aspx?all=1","Carbon County School District 2",2026-07-10
"51","Other Assistant Middle School Boys Basketball Coach",2026-02-25,"Athletics/Activities/","Encampment K-12","https://www.applitrack.com/crb2/onlineapp/default.aspx?all=1","Carbon County School District 2",2026-07-10
"52","Assistant High School Volleyball Coach",2026-03-03,"Athletics/Activities/","H-E-M Junior/Senior High School","https://www.applitrack.com/crb2/onlineapp/default.aspx?all=1","Carbon County School District 2",2026-07-10
"53","Other Assistant Middle School Volleyball Coach",2026-03-06,"Athletics/Activities/","H-E-M Junior/Senior High School","https://www.applitrack.com/crb2/onlineapp/default.aspx?all=1","Carbon County School District 2",2026-07-10
"54","Other Assistant Middle School Football Coach",2026-03-10,"Athletics/Activities/","Saratoga Middle High School","https://www.applitrack.com/crb2/onlineapp/default.aspx?all=1","Carbon County School District 2",2026-07-10
"55","High School Assistant Boys Basketball Coach",2025-03-12,"Athletics/Activities/","H-E-M Junior/Senior High School","https://www.applitrack.com/crb2/onlineapp/default.aspx?all=1","Carbon County School District 2",2026-07-10
"56","2nd Assistant High School Football Coach",2026-05-29,"Athletics/Activities/","Saratoga Middle High School","https://www.applitrack.com/crb2/onlineapp/default.aspx?all=1","Carbon County School District 2",2026-07-10
"57","First Assistant Middle School Football Coach",2026-06-04,"Athletics/Activities/","Saratoga Middle High School","https://www.applitrack.com/crb2/onlineapp/default.aspx?all=1","Carbon County School District 2",2026-07-10
"58","Other Assistant Middle School Boys Wrestling Coach",2026-06-04,"Athletics/Activities/","Saratoga Middle High School","https://www.applitrack.com/crb2/onlineapp/default.aspx?all=1","Carbon County School District 2",2026-07-10
"59","Assistant High School Wrestling Coach",2026-06-04,"Athletics/Activities/","Saratoga Middle High School","https://www.applitrack.com/crb2/onlineapp/default.aspx?all=1","Carbon County School District 2",2026-07-10
"60","Other Assistant Middle School Football Coach",2026-07-06,"Athletics/Activities/","Encampment K-12","https://www.applitrack.com/crb2/onlineapp/default.aspx?all=1","Carbon County School District 2",2026-07-10
"61","First Assistant (Head) Middle School Volleyball Coach",2026-07-06,"Athletics/Activities/","Encampment K-12","https://www.applitrack.com/crb2/onlineapp/default.aspx?all=1","Carbon County School District 2",2026-07-10
"62","Other Assistant Middle School Girls Basketball Coach",2026-07-06,"Athletics/Activities/","Saratoga Middle High School","https://www.applitrack.com/crb2/onlineapp/default.aspx?all=1","Carbon County School District 2",2026-07-10
"63","Agriculture Teacher",2026-05-13,"High School Teaching/","Saratoga Middle High School","https://www.applitrack.com/crb2/onlineapp/default.aspx?all=1","Carbon County School District 2",2026-07-10
"64","District Mechanic",2026-04-23,"Other/","CCSD#2","https://www.applitrack.com/crb2/onlineapp/default.aspx?all=1","Carbon County School District 2",2026-07-10
"65","Occupational Therapist(s)",2023-12-22,"Student Support Services/","CCSD#2","https://www.applitrack.com/crb2/onlineapp/default.aspx?all=1","Carbon County School District 2",2026-07-10
"66","School Psychologist",2026-05-22,"Student Support Services/","CCSD#2","https://www.applitrack.com/crb2/onlineapp/default.aspx?all=1","Carbon County School District 2",2026-07-10
"67","Substitute Bus Driver 2026/2027 School Year",2026-06-30,"Substitute/","CCSD#2","https://www.applitrack.com/crb2/onlineapp/default.aspx?all=1","Carbon County School District 2",2026-07-10
"68","Substitute Classroom/Special Education Aide 2026/2027 School Year",2026-06-30,"Substitute/","CCSD#2","https://www.applitrack.com/crb2/onlineapp/default.aspx?all=1","Carbon County School District 2",2026-07-10
"69","Substitute Cook Helpers 2026/2027 School Year",2026-06-30,"Substitute/","CCSD#2","https://www.applitrack.com/crb2/onlineapp/default.aspx?all=1","Carbon County School District 2",2026-07-10
"70","Substitute Custodian 2026/2027 School Year",2026-06-30,"Substitute/","CCSD#2","https://www.applitrack.com/crb2/onlineapp/default.aspx?all=1","Carbon County School District 2",2026-07-10
"71","Substitute Teacher 2026/2027 School Year",2026-06-30,"Substitute/","CCSD#2","https://www.applitrack.com/crb2/onlineapp/default.aspx?all=1","Carbon County School District 2",2026-07-10
"72","Route Bus Driver",2025-12-02,"Support Staff/","Encampment K-12","https://www.applitrack.com/crb2/onlineapp/default.aspx?all=1","Carbon County School District 2",2026-07-10
"73","JH Assistant Girls Basketball Coach",2026-04-02,"Athletics/Activities/","Glenrock Jr/Sr High School","https://www.applitrack.com/converse2/onlineapp/default.aspx?all=1","Converse County School Distrcit 2",2026-07-10
"74","High School Assistant Football Coach",2026-04-13,"Athletics/Activities/","Glenrock Jr/Sr High School","https://www.applitrack.com/converse2/onlineapp/default.aspx?all=1","Converse County School Distrcit 2",2026-07-10
"75","Food Service Worker - Cook (Part -Time)",2025-12-02,"Food Service/","Converse County School District #2","https://www.applitrack.com/converse2/onlineapp/default.aspx?all=1","Converse County School Distrcit 2",2026-07-10
"76","Food Service Van Driver - (Part -Time)",2026-03-09,"Food Service/","Converse County School District #2","https://www.applitrack.com/converse2/onlineapp/default.aspx?all=1","Converse County School Distrcit 2",2026-07-10
"77","Occupational Therapist",2026-04-22,"Student Support Services Certified/","Converse County School District #2","https://www.applitrack.com/converse2/onlineapp/default.aspx?all=1","Converse County School Distrcit 2",2026-07-10
"78","Special Education Paraprofessional",2026-04-30,"Student Support Services Classified/","Converse County School District #2","https://www.applitrack.com/converse2/onlineapp/default.aspx?all=1","Converse County School Distrcit 2",2026-07-10
"79","Substitute Teacher/Aid/Cook/Custodian/Bus Driver/Summer Help",2019-03-26,"Substitute/","Converse County School District #2","https://www.applitrack.com/converse2/onlineapp/default.aspx?all=1","Converse County School Distrcit 2",2026-07-10
"80","DMS Volleyball Aide",2026-07-01,"Athletics/Activities/Extra Duty/","Activities Department","https://www.applitrack.com/ccsd1/onlineapp/default.aspx?all=1","Converse County School District 1",2026-07-10
"81","DHS Golf Coach Aide",2026-07-01,"Athletics/Activities/Extra Duty/","Activities Department","https://www.applitrack.com/ccsd1/onlineapp/default.aspx?all=1","Converse County School District 1",2026-07-10
"82","DHS Custodian",2026-05-18,"Maintenance/Custodial/","Maintenance","https://www.applitrack.com/ccsd1/onlineapp/default.aspx?all=1","Converse County School District 1",2026-07-10
"83","DMS Custodian",2026-05-26,"Maintenance/Custodial/","Maintenance","https://www.applitrack.com/ccsd1/onlineapp/default.aspx?all=1","Converse County School District 1",2026-07-10
"84","Middle School STEM Teacher",2026-06-09,"Middle School Teaching","Douglas Middle School","https://www.applitrack.com/ccsd1/onlineapp/default.aspx?all=1","Converse County School District 1",2026-07-10
"85","DRC Field Crew Workers",2026-01-12,"Recreation/","Douglas Recreation Center","https://www.applitrack.com/ccsd1/onlineapp/default.aspx?all=1","Converse County School District 1",2026-07-10
"86","DRC Lifeguard",2026-06-01,"Student/","Douglas Recreation Center","https://www.applitrack.com/ccsd1/onlineapp/default.aspx?all=1","Converse County School District 1",2026-07-10
"87","Occupational Therapist",2026-06-02,"Student Support Services","Converse County School District #1","https://www.applitrack.com/ccsd1/onlineapp/default.aspx?all=1","Converse County School District 1",2026-07-10
"88","Elementary SPED Teacher",2026-01-21,"Student Support Services","Elementary Schools","https://www.applitrack.com/ccsd1/onlineapp/default.aspx?all=1","Converse County School District 1",2026-07-10
"89","Secondary SPED Teacher",2026-01-21,"Student Support Services","Douglas Middle/High School","https://www.applitrack.com/ccsd1/onlineapp/default.aspx?all=1","Converse County School District 1",2026-07-10
"90","Certified Occupational Therapy Assistant (COTA)",2026-05-06,"Student Support Services","Converse County School District #1","https://www.applitrack.com/ccsd1/onlineapp/default.aspx?all=1","Converse County School District 1",2026-07-10
"91","Special Education Functional Life Skills Teacher (Grades 6-8)",2026-03-26,"Student Support Services/","Douglas Middle School","https://www.applitrack.com/ccsd1/onlineapp/default.aspx?all=1","Converse County School District 1",2026-07-10
"92","Crossing Guard",2026-06-23,"Transportation/","Transportation","https://www.applitrack.com/ccsd1/onlineapp/default.aspx?all=1","Converse County School District 1",2026-07-10
"93","Substitute Crossing Guard",2026-06-23,"Transportation/","Transportation","https://www.applitrack.com/ccsd1/onlineapp/default.aspx?all=1","Converse County School District 1",2026-07-10
"94","Head 7th Volleyball Coach",2025-12-16,"Athletics/Activities/","Lander Middle School","https://www.applitrack.com/fremontwy/onlineapp/jobpostings/view.asp?all=1","Fremont County School District 1",2026-07-10
"95","Nutritional Service Worker (3 hour position)",2026-07-08,"Food Service/","Gannett Peak Elementary","https://www.applitrack.com/fremontwy/onlineapp/jobpostings/view.asp?all=1","Fremont County School District 1",2026-07-10
"96","Nutritional Service Worker (4 hour position)",2026-07-08,"Food Service/","Lander Valley High School","https://www.applitrack.com/fremontwy/onlineapp/jobpostings/view.asp?all=1","Fremont County School District 1",2026-07-10
"97","Custodian",2026-06-24,"Maintenance/","Lander Middle School","https://www.applitrack.com/fremontwy/onlineapp/jobpostings/view.asp?all=1","Fremont County School District 1",2026-07-10
"98","Special Education Paraprofessional",2026-07-07,"Paraprofessional/","Gannett Peak Elementary","https://www.applitrack.com/fremontwy/onlineapp/jobpostings/view.asp?all=1","Fremont County School District 1",2026-07-10
"99","SPED Behavior Paraprofessional (Multiple Positions)",2026-07-07,"Paraprofessional/","Lander Middle School","https://www.applitrack.com/fremontwy/onlineapp/jobpostings/view.asp?all=1","Fremont County School District 1",2026-07-10
"100","Special Education Resource Paraprofessional",2026-07-07,"Paraprofessional/","Lander Middle School","https://www.applitrack.com/fremontwy/onlineapp/jobpostings/view.asp?all=1","Fremont County School District 1",2026-07-10
"101","Special Education Life Skills Paraprofessional",2026-07-07,"Paraprofessional/","Lander Middle School","https://www.applitrack.com/fremontwy/onlineapp/jobpostings/view.asp?all=1","Fremont County School District 1",2026-07-10
"102","Substitute - Classroom (At-will)",2026-07-06,"Substitute/","District-wide","https://www.applitrack.com/fremontwy/onlineapp/jobpostings/view.asp?all=1","Fremont County School District 1",2026-07-10
"103","Substitute Bus/Activity Driver (at-will)",2025-06-11,"Substitute/","Central Services","https://www.applitrack.com/fremontwy/onlineapp/jobpostings/view.asp?all=1","Fremont County School District 1",2026-07-10
"104","Substitute Bus/ Activity Driver (At-Will)",2026-07-06,"Substitute/","Central Services","https://www.applitrack.com/fremontwy/onlineapp/jobpostings/view.asp?all=1","Fremont County School District 1",2026-07-10
"105","Non-CDL Route Driver",2026-07-06,"Transportation / Warehouse/","District-wide","https://www.applitrack.com/fremontwy/onlineapp/jobpostings/view.asp?all=1","Fremont County School District 1",2026-07-10
"106","Permanent Substitute Bus Driver",2026-07-07,"Transportation / Warehouse/","District-wide","https://www.applitrack.com/fremontwy/onlineapp/jobpostings/view.asp?all=1","Fremont County School District 1",2026-07-10
"107","Special Education Director - Open Until Filled",2026-05-29,"Administration/","Fremont County School District 21","https://www.applitrack.com/fortwashakieschool/onlineapp/default.aspx?all=1","Fremont County School District 21",2026-07-10
"108","Northern Arapaho Language Teachers - Open Until Filled",2026-05-08,"Elementary School Teaching/","Fremont County School District 21","https://www.applitrack.com/fortwashakieschool/onlineapp/default.aspx?all=1","Fremont County School District 21",2026-07-10
"109","Substitute Cooks",2025-10-06,"Student Support Services/","Fort Washakie Elementary","https://www.applitrack.com/fortwashakieschool/onlineapp/default.aspx?all=1","Fremont County School District 21",2026-07-10
"110","Special Education Teachers - Open Until Filled.",2026-03-24,"Student Support Services/","Fort Washakie Elementary","https://www.applitrack.com/fortwashakieschool/onlineapp/default.aspx?all=1","Fremont County School District 21",2026-07-10
"111","Substitute Teacher",2023-09-12,"Substitute/","Fort Washakie Elementary","https://www.applitrack.com/fortwashakieschool/onlineapp/default.aspx?all=1","Fremont County School District 21",2026-07-10
"112","Paraprofessional (Special Education)",2026-03-24,"Support Staff/","Fremont County School District 21","https://www.applitrack.com/fortwashakieschool/onlineapp/default.aspx?all=1","Fremont County School District 21",2026-07-10
"113","No jobs",NA,NA,NA,"https://www.applitrack.com/fremont24/onlineapp/default.aspx?all=1","Fremont County School District 24",2026-07-10
"114","No jobs",NA,NA,NA,"https://www.applitrack.com/fcsd38/onlineapp/default.aspx?all=1","Fremont County School District 38",2026-07-10
"115","High School Assistant Volleyball Coach",2025-03-24,"Athletics/Activities","Wind River High School","https://www.applitrack.com/fre6/onlineapp/default.aspx?all=1","Fremont County School District 6",2026-07-10
"116","HS Boys Boasketball Coach HEAD",2026-03-11,"Athletics/Activities","Wind River Middle/High School","https://www.applitrack.com/fre6/onlineapp/default.aspx?all=1","Fremont County School District 6",2026-07-10
"117","Assistant HS Girls Basketball Coach",2026-03-26,"Athletics/Activities","Wind River High School","https://www.applitrack.com/fre6/onlineapp/default.aspx?all=1","Fremont County School District 6",2026-07-10
"118","Assistant High School Boys Basketball Coach",2026-04-22,"Athletics/Activities","Wind River Schools","https://www.applitrack.com/fre6/onlineapp/default.aspx?all=1","Fremont County School District 6",2026-07-10
"119","Assistant HS Football Coach",2026-04-22,"Athletics/Activities","Wind River Schools","https://www.applitrack.com/fre6/onlineapp/default.aspx?all=1","Fremont County School District 6",2026-07-10
"120","Head HS Girls Basketball Coach",2026-05-13,"Athletics/Activities","Wind River Middle/High School","https://www.applitrack.com/fre6/onlineapp/default.aspx?all=1","Fremont County School District 6",2026-07-10
"121","Head HS Wrestling Coach",2026-05-15,"Athletics/Activities","Wind River Middle/High School","https://www.applitrack.com/fre6/onlineapp/default.aspx?all=1","Fremont County School District 6",2026-07-10
"122","Youth Volleyball Coach",2026-05-20,"Athletics/Activities","Wind River Elementary","https://www.applitrack.com/fre6/onlineapp/default.aspx?all=1","Fremont County School District 6",2026-07-10
"123","Grounds Keeper/Custodian",2026-04-23,"Maintenance/Custodial/","Wind River Schools","https://www.applitrack.com/fre6/onlineapp/default.aspx?all=1","Fremont County School District 6",2026-07-10
"124","Custodian",2026-05-12,"Maintenance/Custodial/","Wind River Schools","https://www.applitrack.com/fre6/onlineapp/default.aspx?all=1","Fremont County School District 6",2026-07-10
"125","Title 1 Paraprofessional",2026-06-23,"Paraprofessional/","Wind River Elementary","https://www.applitrack.com/fre6/onlineapp/default.aspx?all=1","Fremont County School District 6",2026-07-10
"126","Substitute Teacher",2024-08-20,"Substitute/","Wind River Schools","https://www.applitrack.com/fre6/onlineapp/default.aspx?all=1","Fremont County School District 6",2026-07-10
"127","Substitute Para/Custodian/Food Service",2024-11-14,"Substitute/","Wind River Schools","https://www.applitrack.com/fre6/onlineapp/default.aspx?all=1","Fremont County School District 6",2026-07-10
"128","Bus Driver",2026-05-19,"Support Staff","Wind River Schools","https://www.applitrack.com/fre6/onlineapp/default.aspx?all=1","Fremont County School District 6",2026-07-10
"129","Assistant High School Boys Basketball Coach",2026-05-15,"Athletics/Activities/","Wyoming Indian High School","https://www.applitrack.com/fremont14/onlineapp/default.aspx?all=1","Fremont County School District 14",2026-07-10
"130","Assistant High School Girls Basketball Coach",2026-05-15,"Athletics/Activities/","Wyoming Indian High School","https://www.applitrack.com/fremont14/onlineapp/default.aspx?all=1","Fremont County School District 14",2026-07-10
"131","High School Assistant Volleyball Coach",2026-05-15,"Athletics/Activities/","Wyoming Indian High School","https://www.applitrack.com/fremont14/onlineapp/default.aspx?all=1","Fremont County School District 14",2026-07-10
"132","Middle School Assistant Volleyball Coach",2026-05-15,"Athletics/Activities/","Wyoming Indian Middle School","https://www.applitrack.com/fremont14/onlineapp/default.aspx?all=1","Fremont County School District 14",2026-07-10
"133","High School Head Robotics Coach",2026-06-16,"Athletics/Activities/","Wyoming Indian High School","https://www.applitrack.com/fremont14/onlineapp/default.aspx?all=1","Fremont County School District 14",2026-07-10
"134","High School Assistant Robotics Coach",2026-06-16,"Athletics/Activities/","Wyoming Indian High School","https://www.applitrack.com/fremont14/onlineapp/default.aspx?all=1","Fremont County School District 14",2026-07-10
"135","Groundskeeper",2026-06-16,"Maintenance/Custodial/","District Wide","https://www.applitrack.com/fremont14/onlineapp/default.aspx?all=1","Fremont County School District 14",2026-07-10
"136","Substitute School Nurse",2020-07-23,"Student Health Services/","District Wide","https://www.applitrack.com/fremont14/onlineapp/default.aspx?all=1","Fremont County School District 14",2026-07-10
"137","Substitute Teacher - Classroom",2018-10-09,"Substitute Certified/","District Wide","https://www.applitrack.com/fremont14/onlineapp/default.aspx?all=1","Fremont County School District 14",2026-07-10
"138","Substitute School Secretary",2026-02-06,"Substitute Non Certified","District Wide","https://www.applitrack.com/fremont14/onlineapp/default.aspx?all=1","Fremont County School District 14",2026-07-10
"139","Substitute Cook",2018-10-10,"Substitute Non Certified/","District Wide","https://www.applitrack.com/fremont14/onlineapp/default.aspx?all=1","Fremont County School District 14",2026-07-10
"140","Substitute Custodian",2019-09-09,"Substitute Non Certified/","District Wide","https://www.applitrack.com/fremont14/onlineapp/default.aspx?all=1","Fremont County School District 14",2026-07-10
"141","Special Education Paraprofessional",2026-03-12,"Support Staff/","Wyoming Indian Elementary School","https://www.applitrack.com/fremont14/onlineapp/default.aspx?all=1","Fremont County School District 14",2026-07-10
"142","Bus Driver",2023-09-18,"Transportation/","District Wide","https://www.applitrack.com/fremont14/onlineapp/default.aspx?all=1","Fremont County School District 14",2026-07-10
"143","Substitute Bus Driver",2021-07-09,"Transportation/","District Wide","https://www.applitrack.com/fremont14/onlineapp/default.aspx?all=1","Fremont County School District 14",2026-07-10
"144","No jobs",NA,NA,NA,"https://www.applitrack.com/rangers1/onlineapp/default.aspx?all=1","Lincoln County School District 1",2026-07-10
"145","Freshman Football Coach",2026-06-01,"Athletics/Activities/","Powell High School","https://www.applitrack.com/park1/onlineapp/default.aspx?all=1","Park County School District 1",2026-07-10
"146","Special Education Teacher",2026-06-08,"Elementary School Teaching/","Westside Elementary School","https://www.applitrack.com/park1/onlineapp/default.aspx?all=1","Park County School District 1",2026-07-10
"147","Assistant Cook",2026-06-17,"Food Service/","Powell Middle School","https://www.applitrack.com/park1/onlineapp/default.aspx?all=1","Park County School District 1",2026-07-10
"148","Assistant Cook (Part-Time)",2026-06-17,"Food Service/","Powell Middle School","https://www.applitrack.com/park1/onlineapp/default.aspx?all=1","Park County School District 1",2026-07-10
"149","Associate Custodian - Night Shift",2026-06-18,"Maintenance/Custodial/","Powell Middle School","https://www.applitrack.com/park1/onlineapp/default.aspx?all=1","Park County School District 1",2026-07-10
"150","Bus Paraeducator",2026-06-17,"Para-Educator","Transportation Department","https://www.applitrack.com/park1/onlineapp/default.aspx?all=1","Park County School District 1",2026-07-10
"151","Student Support Paraeducator",2026-06-17,"Para-Educator/","Powell Middle School","https://www.applitrack.com/park1/onlineapp/default.aspx?all=1","Park County School District 1",2026-07-10
"152","Job Coach Paraeducator",2026-06-25,"Para-Educator/","Powell High School","https://www.applitrack.com/park1/onlineapp/default.aspx?all=1","Park County School District 1",2026-07-10
"153","Elementary Paraeducators",2026-06-17,"Para-Educator/","Parkside Elementary School","https://www.applitrack.com/park1/onlineapp/default.aspx?all=1","Park County School District 1",2026-07-10
"154","Elementary Paraeducators",2026-06-17,"Para-Educator/","Southside Elementary School","https://www.applitrack.com/park1/onlineapp/default.aspx?all=1","Park County School District 1",2026-07-10
"155","Elementary Paraeducator",2026-06-17,"Para-Educator/","Westside Elementary School","https://www.applitrack.com/park1/onlineapp/default.aspx?all=1","Park County School District 1",2026-07-10
"156","Special Education Paraeducator",2026-06-17,"Para-Educator/","Southside Elementary School","https://www.applitrack.com/park1/onlineapp/default.aspx?all=1","Park County School District 1",2026-07-10
"157","Special Education Paraeducator",2026-06-17,"Para-Educator/","Powell High School","https://www.applitrack.com/park1/onlineapp/default.aspx?all=1","Park County School District 1",2026-07-10
"158","Substitute School Nurse",2025-09-18,"Student Support Services/","District-Wide K-12","https://www.applitrack.com/park1/onlineapp/default.aspx?all=1","Park County School District 1",2026-07-10
"159","Substitute Custodian",2024-07-03,"Substitute Support Services/","District-Wide K-12","https://www.applitrack.com/park1/onlineapp/default.aspx?all=1","Park County School District 1",2026-07-10
"160","Substitute Bus Driver",2021-09-27,"Transportation/","Transportation Department","https://www.applitrack.com/park1/onlineapp/default.aspx?all=1","Park County School District 1",2026-07-10
"161","Bus Route Driver - Clark Elementary School - Clark, WY",2026-06-17,"Transportation/","Transportation Department","https://www.applitrack.com/park1/onlineapp/default.aspx?all=1","Park County School District 1",2026-07-10
"162","Route Bus Driver",2026-06-17,"Transportation/","Transportation Department","https://www.applitrack.com/park1/onlineapp/default.aspx?all=1","Park County School District 1",2026-07-10
"163","Assistant Girls Volleyball Coach (6) Positions",2026-06-01,"Athletics/Activities/","Cody High School","https://www.applitrack.com/park6/onlineapp/default.aspx?all=1","Park County School District 6",2026-07-10
"164","Title I Teacher",2026-05-15,"Elementary School Teaching","Eastside Elementary School","https://www.applitrack.com/park6/onlineapp/default.aspx?all=1","Park County School District 6",2026-07-10
"165","Custodian",2026-04-10,"Maintenance/Custodial/","Cody High School","https://www.applitrack.com/park6/onlineapp/default.aspx?all=1","Park County School District 6",2026-07-10
"166","Maintenance Specialist",2026-06-30,"Maintenance/Custodial/","District Office","https://www.applitrack.com/park6/onlineapp/default.aspx?all=1","Park County School District 6",2026-07-10
"167","Administrative Assistant - High School Attendance",2026-07-08,"Secretarial/Clerical/","Cody High School","https://www.applitrack.com/park6/onlineapp/default.aspx?all=1","Park County School District 6",2026-07-10
"168","Life Skills Teacher",2026-03-27,"Student Support Services/","Cody High School","https://www.applitrack.com/park6/onlineapp/default.aspx?all=1","Park County School District 6",2026-07-10
"169","ASD Special Education Teacher",2026-03-27,"Student Support Services/","Cody Middle School","https://www.applitrack.com/park6/onlineapp/default.aspx?all=1","Park County School District 6",2026-07-10
"170","ASD Special Education Teacher",2026-05-27,"Student Support Services/","Livingston Elementary School","https://www.applitrack.com/park6/onlineapp/default.aspx?all=1","Park County School District 6",2026-07-10
"171","Elementary Special Education Resource Teacher",2026-02-06,"Student Support Services/","Eastside Elementary School","https://www.applitrack.com/park6/onlineapp/default.aspx?all=1","Park County School District 6",2026-07-10
"172","Substitute Custodian 2026-2027 School Year",2026-07-08,"Substitute/","All Schools","https://www.applitrack.com/park6/onlineapp/default.aspx?all=1","Park County School District 6",2026-07-10
"173","Rural School Paraeducator",2026-06-17,"Support Staff/","Valley Elementary School","https://www.applitrack.com/park6/onlineapp/default.aspx?all=1","Park County School District 6",2026-07-10
"174","TRE Cook",2026-06-08,"Food Service/","Tongue River Elementary","https://www.applitrack.com/sheridanwy/onlineapp/default.aspx?all=1","Sheridan County School District 1",2026-07-10
"175","BHHS Assistant Boys Basketball Coach",2026-06-08,"Athletics/Activities/","Big Horn High School","https://www.applitrack.com/sheridanwy/onlineapp/default.aspx?all=1","Sheridan County School District 1",2026-07-10
"176","TRMS Assistant Wrestling Coach",2026-06-29,"Athletics/Activities/","Tongue River Middle School","https://www.applitrack.com/sheridanwy/onlineapp/default.aspx?all=1","Sheridan County School District 1",2026-07-10
"177","TRMS Assistant Cross-Country Coach",2026-02-04,"Athletics/Activities/","Tongue River Middle School","https://www.applitrack.com/sheridanwy/onlineapp/default.aspx?all=1","Sheridan County School District 1",2026-07-10
"178","TRMS Assistant Volleyball Coach",2026-02-04,"Athletics/Activities/","Tongue River Middle School","https://www.applitrack.com/sheridanwy/onlineapp/default.aspx?all=1","Sheridan County School District 1",2026-07-10
"179","TRHS Assistant Boys Basketball Coach",2026-05-05,"Athletics/Activities/","Tongue River High School","https://www.applitrack.com/sheridanwy/onlineapp/default.aspx?all=1","Sheridan County School District 1",2026-07-10
"180","BHMS Assistant Girls Basketball Coach",2026-05-26,"Athletics/Activities/","Big Horn Middle School","https://www.applitrack.com/sheridanwy/onlineapp/default.aspx?all=1","Sheridan County School District 1",2026-07-10
"181","Big Horn Custodian",2025-12-08,"Maintenance/Custodial/","Big Horn High School","https://www.applitrack.com/sheridanwy/onlineapp/default.aspx?all=1","Sheridan County School District 1",2026-07-10
"182","Bus Driver",2025-04-01,"Transportation/","District-Wide","https://www.applitrack.com/sheridanwy/onlineapp/default.aspx?all=1","Sheridan County School District 1",2026-07-10
"183","TRMS Assistant Girls Basketball Coach",2025-05-20,"Athletics/Activities/","Tongue River Middle School","https://www.applitrack.com/sheridanwy/onlineapp/default.aspx?all=1","Sheridan County School District 1",2026-07-10
"184","TRHS Assistant Volleyball Coach",2025-05-28,"Athletics/Activities/","Tongue River High School","https://www.applitrack.com/sheridanwy/onlineapp/default.aspx?all=1","Sheridan County School District 1",2026-07-10
"185","TRHS Assistant Track Coach",2025-06-03,"Athletics/Activities/","Tongue River High School","https://www.applitrack.com/sheridanwy/onlineapp/default.aspx?all=1","Sheridan County School District 1",2026-07-10
"186","TRMS Assistant Robotics Coach",2025-08-12,"Athletics/Activities/","Tongue River Middle School","https://www.applitrack.com/sheridanwy/onlineapp/default.aspx?all=1","Sheridan County School District 1",2026-07-10
"187","TRHS Head Cross-Country Coach",2025-11-18,"Athletics/Activities/","Tongue River High School","https://www.applitrack.com/sheridanwy/onlineapp/default.aspx?all=1","Sheridan County School District 1",2026-07-10
"188","TRMS Assistant Boys Basketball Coach",2024-08-14,"Athletics/Activities/","Tongue River Middle School","https://www.applitrack.com/sheridanwy/onlineapp/default.aspx?all=1","Sheridan County School District 1",2026-07-10
"189","Substitute - Support Staff",2018-07-03,"Substitute/","District-Wide","https://www.applitrack.com/sheridanwy/onlineapp/default.aspx?all=1","Sheridan County School District 1",2026-07-10
"190","Substitute - Teacher",2018-07-09,"Substitute/","District-Wide","https://www.applitrack.com/sheridanwy/onlineapp/default.aspx?all=1","Sheridan County School District 1",2026-07-10
"191","Spring Musical Director - Sheridan High School",2026-06-10,"Activities","Sheridan High School","https://www.applitrack.com/scsd2/OnlineApp/default.aspx?all=1","Sheridan County School District 2",2026-07-10
"192","Office Paraprofessional - Sheridan High School",2026-05-06,"Administrative/Clerical","Sheridan High School","https://www.applitrack.com/scsd2/OnlineApp/default.aspx?all=1","Sheridan County School District 2",2026-07-10
"193","After School Program Site Coordinator - Highland Park Elementary",2026-05-12,"After School Program/","Highland Park","https://www.applitrack.com/scsd2/OnlineApp/default.aspx?all=1","Sheridan County School District 2",2026-07-10
"194","Boys Assistant Soccer Coach - Sheridan High School",2026-06-10,"Athletic Coaches","Sheridan High School","https://www.applitrack.com/scsd2/OnlineApp/default.aspx?all=1","Sheridan County School District 2",2026-07-10
"195","Sheridan High School Assistant Girls Soccer Coach",2026-06-08,"Athletic Coaches","Sheridan High School","https://www.applitrack.com/scsd2/OnlineApp/default.aspx?all=1","Sheridan County School District 2",2026-07-10
"196","SHS Assistant Softball Coach",2026-06-08,"Athletic Coaches","Sheridan High School","https://www.applitrack.com/scsd2/OnlineApp/default.aspx?all=1","Sheridan County School District 2",2026-07-10
"197","Girls Assistant Volleyball Coach - 7th Grade B Team - Sheridan Junior High School",2026-03-12,"Athletic Coaches","Sheridan Junior High School","https://www.applitrack.com/scsd2/OnlineApp/default.aspx?all=1","Sheridan County School District 2",2026-07-10
"198","Girls Basketball Coach - 7th Grade C Team - Sheridan Junior High School",2026-03-12,"Athletic Coaches","Sheridan Junior High School","https://www.applitrack.com/scsd2/OnlineApp/default.aspx?all=1","Sheridan County School District 2",2026-07-10
"199","Assistant Volleyball Coach - 8th Grade Girls - Sheridan Junior High School",2026-03-30,"Athletic Coaches","Sheridan Junior High School","https://www.applitrack.com/scsd2/OnlineApp/default.aspx?all=1","Sheridan County School District 2",2026-07-10
"200","Assistant Football Coach 8th Grade - Sheridan Junior High School",2026-04-21,"Athletic Coaches","Sheridan Junior High School","https://www.applitrack.com/scsd2/OnlineApp/default.aspx?all=1","Sheridan County School District 2",2026-07-10
"201","Assistant Basketball Coach - 9th Grade B Team - Sheridan High School",2026-02-10,"Athletic Coaches","Sheridan High School","https://www.applitrack.com/scsd2/OnlineApp/default.aspx?all=1","Sheridan County School District 2",2026-07-10
"202","Assistant Wrestling Coach - Sheridan Junior High School",2026-01-14,"Athletic Coaches","Sheridan Junior High School","https://www.applitrack.com/scsd2/OnlineApp/default.aspx?all=1","Sheridan County School District 2",2026-07-10
"203","Head Football Coach - 7th Grade Boys - Sheridan Junior High School",2026-01-29,"Athletic Coaches/","Sheridan Junior High School","https://www.applitrack.com/scsd2/OnlineApp/default.aspx?all=1","Sheridan County School District 2",2026-07-10
"204","Head Basketball Coach - Boys 7th Grade - Sheridan Junior High School",2026-04-21,"Athletic Coaches/","Sheridan Junior High School","https://www.applitrack.com/scsd2/OnlineApp/default.aspx?all=1","Sheridan County School District 2",2026-07-10
"205","Head 8th Grade Football Coach - Sheridan Junior High School",2026-05-06,"Athletic Coaches/","Sheridan Junior High School","https://www.applitrack.com/scsd2/OnlineApp/default.aspx?all=1","Sheridan County School District 2",2026-07-10
"206","Kitchen Supervisor - Henry A. Coffeen Elementary",2026-06-10,"Food Services Staff/","Henry A. Coffeen","https://www.applitrack.com/scsd2/OnlineApp/default.aspx?all=1","Sheridan County School District 2",2026-07-10
"207","Second Cook - Sheridan Junior High School",2026-06-10,"Food Services Staff/","Sheridan Junior High School","https://www.applitrack.com/scsd2/OnlineApp/default.aspx?all=1","Sheridan County School District 2",2026-07-10
"208","Special Education Paraprofessional - Henry A. Coffeen Elementary",2026-05-21,"Paraprofessionals","Henry A. Coffeen","https://www.applitrack.com/scsd2/OnlineApp/default.aspx?all=1","Sheridan County School District 2",2026-07-10
"209","English Language /Special Education Paraprofessional - Highland Park Elementary",2026-06-01,"Paraprofessionals","Highland Park","https://www.applitrack.com/scsd2/OnlineApp/default.aspx?all=1","Sheridan County School District 2",2026-07-10
"210","English Language Paraprofessional/ General Paraprofessional/ After School Program Paraprofessional",2026-06-28,"Paraprofessionals","Woodland Park","https://www.applitrack.com/scsd2/OnlineApp/default.aspx?all=1","Sheridan County School District 2",2026-07-10
"211","Substitute Teacher (for prior SCSD2 Teachers only)",2025-07-01,"Prior Employee/","District Wide","https://www.applitrack.com/scsd2/OnlineApp/default.aspx?all=1","Sheridan County School District 2",2026-07-10
"212","Seasonal Bus Mechanic",2026-03-27,"Seasonal Staff","Bus Barn","https://www.applitrack.com/scsd2/OnlineApp/default.aspx?all=1","Sheridan County School District 2",2026-07-10
"213","Substitute Custodian - Districtwide",2024-08-29,"Substitutes","District Wide","https://www.applitrack.com/scsd2/OnlineApp/default.aspx?all=1","Sheridan County School District 2",2026-07-10
"214","Substitute Bus Paraprofessional - Districtwide",2025-04-28,"Substitutes","Bus Barn","https://www.applitrack.com/scsd2/OnlineApp/default.aspx?all=1","Sheridan County School District 2",2026-07-10
"215","Substitute Paraprofessional",2024-07-10,"Substitutes","District Wide","https://www.applitrack.com/scsd2/OnlineApp/default.aspx?all=1","Sheridan County School District 2",2026-07-10
"216","Substitute School Nurse",2024-07-10,"Substitutes","District Wide","https://www.applitrack.com/scsd2/OnlineApp/default.aspx?all=1","Sheridan County School District 2",2026-07-10
"217","Substitute Teacher",2025-07-01,"Substitutes/","District Wide","https://www.applitrack.com/scsd2/OnlineApp/default.aspx?all=1","Sheridan County School District 2",2026-07-10
"218","IT Summer Intern",2026-06-04,"Technology Staff/","Thore","https://www.applitrack.com/scsd2/OnlineApp/default.aspx?all=1","Sheridan County School District 2",2026-07-10
"219","Substitute Bus Driver",2025-10-07,"Transportation Staff","Bus Barn","https://www.applitrack.com/scsd2/OnlineApp/default.aspx?all=1","Sheridan County School District 2",2026-07-10
"220","Bus Driver - Districtwide",2026-05-07,"Transportation Staff","Bus Barn","https://www.applitrack.com/scsd2/OnlineApp/default.aspx?all=1","Sheridan County School District 2",2026-07-10
"221","Attendance Secretary",2026-05-18,"Administrative Support Services/","Rock Springs Junior High School","https://www.applitrack.com/sweetwater/onlineapp/default.aspx?all=1","Sweetwater County School District 1",2026-07-10
"222","Warehouse-Receiving Assistant",2026-06-24,"Administrative Support Services/","Warehouse/Receiving","https://www.applitrack.com/sweetwater/onlineapp/default.aspx?all=1","Sweetwater County School District 1",2026-07-10
"223","RSHS Assistant Activity Sponsor - FBLA",2026-07-02,"Athletics/Activities/","Rock Springs High School","https://www.applitrack.com/sweetwater/onlineapp/default.aspx?all=1","Sweetwater County School District 1",2026-07-10
"224","RSHS Assistant Coach - Boys Swim",2026-06-24,"Athletics/Activities/","Rock Springs High School","https://www.applitrack.com/sweetwater/onlineapp/default.aspx?all=1","Sweetwater County School District 1",2026-07-10
"225","RSHS Assistant Coach - Girls Swim",2026-06-24,"Athletics/Activities/","Rock Springs High School","https://www.applitrack.com/sweetwater/onlineapp/default.aspx?all=1","Sweetwater County School District 1",2026-07-10
"226","RSHS Assistant Outdoor Track Coach (2)",2026-05-12,"Athletics/Activities/","Rock Springs High School","https://www.applitrack.com/sweetwater/onlineapp/default.aspx?all=1","Sweetwater County School District 1",2026-07-10
"227","RSJH Assistant Coach - Swim",2026-06-01,"Athletics/Activities/","Rock Springs Junior High School","https://www.applitrack.com/sweetwater/onlineapp/default.aspx?all=1","Sweetwater County School District 1",2026-07-10
"228","FEMS-FEHS Assistant Coach - Football",2025-03-03,"Athletics/Activities/","Farson-Eden High School","https://www.applitrack.com/sweetwater/onlineapp/default.aspx?all=1","Sweetwater County School District 1",2026-07-10
"229","RSJH Assistant Football Coach - 7th Grade",2026-02-10,"Athletics/Activities/","Rock Springs Junior High School","https://www.applitrack.com/sweetwater/onlineapp/default.aspx?all=1","Sweetwater County School District 1",2026-07-10
"230","RSHS Assistant Indoor Track Coach (3)",2026-03-10,"Athletics/Activities/","Rock Springs High School","https://www.applitrack.com/sweetwater/onlineapp/default.aspx?all=1","Sweetwater County School District 1",2026-07-10
"231","RSHS Assistant Boys Basketball Coach - (2)",2026-03-19,"Athletics/Activities/","Rock Springs High School","https://www.applitrack.com/sweetwater/onlineapp/default.aspx?all=1","Sweetwater County School District 1",2026-07-10
"232","Farson/Eden MS Boys Assistant Basketball Coach",2026-04-21,"Athletics/Activities/","Farson-Eden Middle School","https://www.applitrack.com/sweetwater/onlineapp/default.aspx?all=1","Sweetwater County School District 1",2026-07-10
"233","RSJH Assistant Coach - Track and Field",2026-04-28,"Athletics/Activities/","Rock Springs Junior High School","https://www.applitrack.com/sweetwater/onlineapp/default.aspx?all=1","Sweetwater County School District 1",2026-07-10
"234","EL Teacher",2026-05-13,"Certified Staff/","Eastside Elementary","https://www.applitrack.com/sweetwater/onlineapp/default.aspx?all=1","Sweetwater County School District 1",2026-07-10
"235","English/Language Arts",2026-04-20,"Certified Staff/","Rock Springs Junior High School","https://www.applitrack.com/sweetwater/onlineapp/default.aspx?all=1","Sweetwater County School District 1",2026-07-10
"236","Family and Consumer Science Teacher",2026-07-08,"Certified Staff/","Rock Springs Junior High School","https://www.applitrack.com/sweetwater/onlineapp/default.aspx?all=1","Sweetwater County School District 1",2026-07-10
"237","School Counselor",2026-05-20,"Certified Staff/","Eastside Elementary","https://www.applitrack.com/sweetwater/onlineapp/default.aspx?all=1","Sweetwater County School District 1",2026-07-10
"238","Industrial Arts - Welding",2026-05-04,"Certified Staff/","Rock Springs High School","https://www.applitrack.com/sweetwater/onlineapp/default.aspx?all=1","Sweetwater County School District 1",2026-07-10
"239","Library Media Specialist K-3 (Stagecoach and Wamsutter)",2025-11-03,"Certified Staff/","District Wide","https://www.applitrack.com/sweetwater/onlineapp/default.aspx?all=1","Sweetwater County School District 1",2026-07-10
"240","Music Teacher 4-6 (3)",2025-11-06,"Certified Staff/","District Wide","https://www.applitrack.com/sweetwater/onlineapp/default.aspx?all=1","Sweetwater County School District 1",2026-07-10
"241","Music Teacher K-3 (2)",2025-11-06,"Certified Staff/","District Wide","https://www.applitrack.com/sweetwater/onlineapp/default.aspx?all=1","Sweetwater County School District 1",2026-07-10
"242","School Psychologist (5)",2026-03-31,"Certified Staff/","District Wide","https://www.applitrack.com/sweetwater/onlineapp/default.aspx?all=1","Sweetwater County School District 1",2026-07-10
"243","Social Worker",2026-03-31,"Certified Staff/","Stagecoach Elementary","https://www.applitrack.com/sweetwater/onlineapp/default.aspx?all=1","Sweetwater County School District 1",2026-07-10
"244","At-Risk Coordinator",2026-06-10,"Certified Staff/","Rock Springs High School","https://www.applitrack.com/sweetwater/onlineapp/default.aspx?all=1","Sweetwater County School District 1",2026-07-10
"245","Social Worker",2026-05-20,"Certified Staff/","Lowell School","https://www.applitrack.com/sweetwater/onlineapp/default.aspx?all=1","Sweetwater County School District 1",2026-07-10
"246","Resource Teacher (2)",2026-04-08,"Certified Staff/","Rock Springs Junior High School","https://www.applitrack.com/sweetwater/onlineapp/default.aspx?all=1","Sweetwater County School District 1",2026-07-10
"247","Resource Teacher",2025-11-03,"Certified Staff/","Desert Elementary (Wamsutter)","https://www.applitrack.com/sweetwater/onlineapp/default.aspx?all=1","Sweetwater County School District 1",2026-07-10
"248","Special Education - Resource Teacher (2)",2025-11-04,"Certified Staff/","Eastside Elementary","https://www.applitrack.com/sweetwater/onlineapp/default.aspx?all=1","Sweetwater County School District 1",2026-07-10
"249","Resource Teacher",2025-11-04,"Certified Staff/","Overland Elementary","https://www.applitrack.com/sweetwater/onlineapp/default.aspx?all=1","Sweetwater County School District 1",2026-07-10
"250","Resource Teacher",2025-11-04,"Certified Staff/","Pilot Butte Elementary","https://www.applitrack.com/sweetwater/onlineapp/default.aspx?all=1","Sweetwater County School District 1",2026-07-10
"251","Alternative Communications Program",2026-02-11,"Certified Staff/","Stagecoach Elementary","https://www.applitrack.com/sweetwater/onlineapp/default.aspx?all=1","Sweetwater County School District 1",2026-07-10
"252","Speech and Language Pathologist (3)",2026-03-31,"Certified Staff/","District Wide","https://www.applitrack.com/sweetwater/onlineapp/default.aspx?all=1","Sweetwater County School District 1",2026-07-10
"253","Title One Teacher",2026-02-17,"Certified Staff/","Eastside Elementary","https://www.applitrack.com/sweetwater/onlineapp/default.aspx?all=1","Sweetwater County School District 1",2026-07-10
"254","Part-Time Daycare Assistant",2026-06-23,"Daycare/","Overland Elementary","https://www.applitrack.com/sweetwater/onlineapp/default.aspx?all=1","Sweetwater County School District 1",2026-07-10
"255","Full-Time Daycare Assistant and Preschool Teacher Assistant",2026-06-16,"Daycare/","Overland Elementary","https://www.applitrack.com/sweetwater/onlineapp/default.aspx?all=1","Sweetwater County School District 1",2026-07-10
"256","Substitute - Head Start",2018-06-12,"Head Start","Overland Elementary","https://www.applitrack.com/sweetwater/onlineapp/default.aspx?all=1","Sweetwater County School District 1",2026-07-10
"257","Activities Lead/ Full Time Custodian",2026-03-03,"Maintenance/Custodial/","District Wide","https://www.applitrack.com/sweetwater/onlineapp/default.aspx?all=1","Sweetwater County School District 1",2026-07-10
"258","Full-Time Custodian",2026-06-02,"Maintenance/Custodial/","Farson Schools","https://www.applitrack.com/sweetwater/onlineapp/default.aspx?all=1","Sweetwater County School District 1",2026-07-10
"259","Summer Student Feeding Program Assistant (2)",2026-05-27,"Nutrition Services/","District Wide","https://www.applitrack.com/sweetwater/onlineapp/default.aspx?all=1","Sweetwater County School District 1",2026-07-10
"260","Nutrition Services Manager",2026-05-19,"Nutrition Services/","Rock Springs Junior High School","https://www.applitrack.com/sweetwater/onlineapp/default.aspx?all=1","Sweetwater County School District 1",2026-07-10
"261","Nutrition Services Substitute",2026-06-09,"Nutrition Services/","District Wide","https://www.applitrack.com/sweetwater/onlineapp/default.aspx?all=1","Sweetwater County School District 1",2026-07-10
"262","Classroom Paraprofessional",2026-07-06,"Paraprofessional/","Desert View Elementary","https://www.applitrack.com/sweetwater/onlineapp/default.aspx?all=1","Sweetwater County School District 1",2026-07-10
"263","Classroom Paraprofessional",2026-05-04,"Paraprofessional/","Rock Springs High School","https://www.applitrack.com/sweetwater/onlineapp/default.aspx?all=1","Sweetwater County School District 1",2026-07-10
"264","ELL Paraprofessional",2026-03-23,"Paraprofessional/","Walnut Elementary","https://www.applitrack.com/sweetwater/onlineapp/default.aspx?all=1","Sweetwater County School District 1",2026-07-10
"265","ELL Paraprofessional",2026-01-29,"Paraprofessional/","Desert View Elementary","https://www.applitrack.com/sweetwater/onlineapp/default.aspx?all=1","Sweetwater County School District 1",2026-07-10
"266","ELL Paraprofessional",2025-12-01,"Paraprofessional/","Rock Springs Junior High School","https://www.applitrack.com/sweetwater/onlineapp/default.aspx?all=1","Sweetwater County School District 1",2026-07-10
"267","Itinerant Paraprofessional/Testing Assistant",2026-05-05,"Paraprofessional/","District Wide","https://www.applitrack.com/sweetwater/onlineapp/default.aspx?all=1","Sweetwater County School District 1",2026-07-10
"268","Resource Room Paraprofessional",2026-06-02,"Paraprofessional/","Rock Springs High School","https://www.applitrack.com/sweetwater/onlineapp/default.aspx?all=1","Sweetwater County School District 1",2026-07-10
"269","Resource Paraprofessional",2026-07-02,"Paraprofessional/","Rock Springs Junior High","https://www.applitrack.com/sweetwater/onlineapp/default.aspx?all=1","Sweetwater County School District 1",2026-07-10
"270","Resource Room Paraprofessional",2025-08-21,"Paraprofessional/","Rock Springs Satellite High School","https://www.applitrack.com/sweetwater/onlineapp/default.aspx?all=1","Sweetwater County School District 1",2026-07-10
"271","Alternative Behavior Special Programs One-on-One Paraprofessional",2026-03-05,"Paraprofessional/","Eastside Elementary","https://www.applitrack.com/sweetwater/onlineapp/default.aspx?all=1","Sweetwater County School District 1",2026-07-10
"272","Alternate Academic Special Programs One-on-One Paraprofessional",2026-03-16,"Paraprofessional/","Eastside Elementary","https://www.applitrack.com/sweetwater/onlineapp/default.aspx?all=1","Sweetwater County School District 1",2026-07-10
"273","One-On-One Paraprofessional",2026-03-16,"Paraprofessional/","Eastside Elementary","https://www.applitrack.com/sweetwater/onlineapp/default.aspx?all=1","Sweetwater County School District 1",2026-07-10
"274","Special Programs Paraprofessional (Alternative Communications Program)",2026-02-18,"Paraprofessional/","Rock Springs Junior High School","https://www.applitrack.com/sweetwater/onlineapp/default.aspx?all=1","Sweetwater County School District 1",2026-07-10
"275","Special Programs Paraprofessional (18-21 Program)",2026-06-02,"Paraprofessional/","Lowell School","https://www.applitrack.com/sweetwater/onlineapp/default.aspx?all=1","Sweetwater County School District 1",2026-07-10
"276","Alternate Behavior Paraprofessional",2026-04-16,"Paraprofessional/","Sage Elementary","https://www.applitrack.com/sweetwater/onlineapp/default.aspx?all=1","Sweetwater County School District 1",2026-07-10
"277","Special Programs One-on-One Paraprofessional",2026-05-12,"Paraprofessional/","Sage Elementary","https://www.applitrack.com/sweetwater/onlineapp/default.aspx?all=1","Sweetwater County School District 1",2026-07-10
"278","One-On-One Paraprofessional",2026-05-18,"Paraprofessional/","Rock Springs High School","https://www.applitrack.com/sweetwater/onlineapp/default.aspx?all=1","Sweetwater County School District 1",2026-07-10
"279","Certified Substitute School Nurse",2019-10-03,"Substitute","District Wide","https://www.applitrack.com/sweetwater/onlineapp/default.aspx?all=1","Sweetwater County School District 1",2026-07-10
"280","BOCES Part Time Building Substitute Teacher (2) - One Year Only",2025-06-05,"Substitute/","Overland Elementary","https://www.applitrack.com/sweetwater/onlineapp/default.aspx?all=1","Sweetwater County School District 1",2026-07-10
"281","2026-2027 Substitute Teacher - Part-Time",2026-07-06,"Substitute/","District Wide","https://www.applitrack.com/sweetwater/onlineapp/default.aspx?all=1","Sweetwater County School District 1",2026-07-10
"282","Summer Intern Transportation (2)",2026-05-21,"Transportation","Transportation","https://www.applitrack.com/sweetwater/onlineapp/default.aspx?all=1","Sweetwater County School District 1",2026-07-10
"283","Bus Aide",2026-02-04,"Transportation/","Transportation","https://www.applitrack.com/sweetwater/onlineapp/default.aspx?all=1","Sweetwater County School District 1",2026-07-10
"284","Part-Time Bus Driver (26 Hours/Week)",2026-01-19,"Transportation/","Transportation","https://www.applitrack.com/sweetwater/onlineapp/default.aspx?all=1","Sweetwater County School District 1",2026-07-10
"285","GRHS Assistant Girls Soccer Coach",2025-06-05,"Athletics/Activities/","Green River High School","https://www.applitrack.com/swcsd2/onlineapp/default.aspx?all=1","Sweetwater County School District 2",2026-07-10
"286","GRHS Asst Boys Swimming Diving Coach",2026-04-10,"Athletics/Activities/","Green River High School","https://www.applitrack.com/swcsd2/onlineapp/default.aspx?all=1","Sweetwater County School District 2",2026-07-10
"287","GRHS Assistant Girls Wrestling Coach",2026-04-10,"Athletics/Activities/","Green River High School","https://www.applitrack.com/swcsd2/onlineapp/default.aspx?all=1","Sweetwater County School District 2",2026-07-10
"288","Lincoln Middle School Assistant Boys Swimming Coach",2026-04-10,"Athletics/Activities/","Green River High School","https://www.applitrack.com/swcsd2/onlineapp/default.aspx?all=1","Sweetwater County School District 2",2026-07-10
"289","GRHS Asst Girls Swimming Diving Coach",2026-05-28,"Athletics/Activities/","Green River High School","https://www.applitrack.com/swcsd2/onlineapp/default.aspx?all=1","Sweetwater County School District 2",2026-07-10
"290","GRHS Assistant Boys Basketball Coach",2026-05-29,"Athletics/Activities/","Green River High School","https://www.applitrack.com/swcsd2/onlineapp/default.aspx?all=1","Sweetwater County School District 2",2026-07-10
"291","Substitute Custodian",2025-07-10,"Maintenance/Custodial/","Maintenance Department","https://www.applitrack.com/swcsd2/onlineapp/default.aspx?all=1","Sweetwater County School District 2",2026-07-10
"292","Special Education Teachers (Grades 6-12)",2026-03-25,"Middle School Teaching/","Location to be determined","https://www.applitrack.com/swcsd2/onlineapp/default.aspx?all=1","Sweetwater County School District 2",2026-07-10
"293","Substitute Nutrition Services",2025-07-10,"Nutrition Services/","Nutrition Services Department","https://www.applitrack.com/swcsd2/onlineapp/default.aspx?all=1","Sweetwater County School District 2",2026-07-10
"294","Substitute School Nurse",2026-05-11,"Substitute/","Central Office","https://www.applitrack.com/swcsd2/onlineapp/default.aspx?all=1","Sweetwater County School District 2",2026-07-10
"295","Substitute Teacher",2025-07-10,"Substitute/","Central Office","https://www.applitrack.com/swcsd2/onlineapp/default.aspx?all=1","Sweetwater County School District 2",2026-07-10
"296","Substitute Teacher Aide",2025-07-10,"Substitute/","Central Office","https://www.applitrack.com/swcsd2/onlineapp/default.aspx?all=1","Sweetwater County School District 2",2026-07-10
"297","Basic Life Skills Paraprofessional",2026-06-04,"Support Staff/","Green River High School","https://www.applitrack.com/swcsd2/onlineapp/default.aspx?all=1","Sweetwater County School District 2",2026-07-10
"298","Special Education Paraprofessionals",2026-06-05,"Support Staff/","Green River High School","https://www.applitrack.com/swcsd2/onlineapp/default.aspx?all=1","Sweetwater County School District 2",2026-07-10
"299","Special Education Paraprofessional",2026-06-10,"Support Staff/","Truman Elementary School","https://www.applitrack.com/swcsd2/onlineapp/default.aspx?all=1","Sweetwater County School District 2",2026-07-10
"300","Bus Aide",2026-04-01,"Transportation/","Transportation Department","https://www.applitrack.com/swcsd2/onlineapp/default.aspx?all=1","Sweetwater County School District 2",2026-07-10
"301","Bus Driver",2026-04-01,"Transportation/","Transportation Department","https://www.applitrack.com/swcsd2/onlineapp/default.aspx?all=1","Sweetwater County School District 2",2026-07-10
"302","Substitute Bus Driver",2025-07-10,"Transportation/","Transportation Department","https://www.applitrack.com/swcsd2/onlineapp/default.aspx?all=1","Sweetwater County School District 2",2026-07-10
"303","High School Assistant Boys Basketball Coach",2026-05-19,"Athletics/Activities/","TCSD Schools","https://www.applitrack.com/tcsd/onlineapp/default.aspx?all=1","Teton County School District 1",2026-07-10
"304","Middle School Assistant Football Coach",2026-05-19,"Athletics/Activities/","TCSD Schools","https://www.applitrack.com/tcsd/onlineapp/default.aspx?all=1","Teton County School District 1",2026-07-10
"305","High School Assistant Speech and Debate Coach",2026-05-27,"Athletics/Activities/","TCSD Schools","https://www.applitrack.com/tcsd/onlineapp/default.aspx?all=1","Teton County School District 1",2026-07-10
"306","Middle School Girls Assistant Wrestling Coach (Anticipated)",2026-06-05,"Athletics/Activities/","TCSD Schools","https://www.applitrack.com/tcsd/onlineapp/default.aspx?all=1","Teton County School District 1",2026-07-10
"307","High School Head Nordic Skiing Coach",2026-06-08,"Athletics/Activities/","TCSD Schools","https://www.applitrack.com/tcsd/onlineapp/default.aspx?all=1","Teton County School District 1",2026-07-10
"308","High School Assistant Cross Country Coach",2026-06-08,"Athletics/Activities/","TCSD Schools","https://www.applitrack.com/tcsd/onlineapp/default.aspx?all=1","Teton County School District 1",2026-07-10
"309","High School Assistant Track Coach",2026-06-08,"Athletics/Activities/","TCSD Schools","https://www.applitrack.com/tcsd/onlineapp/default.aspx?all=1","Teton County School District 1",2026-07-10
"310","High School Assistant Nordic Skiing Coach",2026-04-15,"Athletics/Activities/","TCSD Schools","https://www.applitrack.com/tcsd/onlineapp/default.aspx?all=1","Teton County School District 1",2026-07-10
"311","Middle School Girls Assistant Basketball Coach",2026-04-24,"Athletics/Activities/","TCSD Schools","https://www.applitrack.com/tcsd/onlineapp/default.aspx?all=1","Teton County School District 1",2026-07-10
"312","Instructional Paraprofessional",2025-12-18,"Paraprofessional/","Kelly Elementary School","https://www.applitrack.com/tcsd/onlineapp/default.aspx?all=1","Teton County School District 1",2026-07-10
"313","K-12 Special Education Paraprofessional(s)",2026-04-28,"Paraprofessional/","TCSD Schools","https://www.applitrack.com/tcsd/onlineapp/default.aspx?all=1","Teton County School District 1",2026-07-10
"314","Special Education Permanent Support Specialist (Permanent Substitute)",2026-04-07,"Substitute/","TCSD Schools","https://www.applitrack.com/tcsd/onlineapp/default.aspx?all=1","Teton County School District 1",2026-07-10
"315","Substitute Teachers/Nurses",2020-02-11,"Substitute/","TCSD Schools","https://www.applitrack.com/tcsd/onlineapp/default.aspx?all=1","Teton County School District 1",2026-07-10
"316","Long Term Sub Elementary Social Worker/School Counselor",2026-06-08,"Substitute/","Colter Elementary School","https://www.applitrack.com/tcsd/onlineapp/default.aspx?all=1","Teton County School District 1",2026-07-10
"317","Substitute Para/Secretary",2020-02-11,"Substitute/","TCSD Schools","https://www.applitrack.com/tcsd/onlineapp/default.aspx?all=1","Teton County School District 1",2026-07-10
"318","Route Driver",2026-07-01,"Transportation/","Transportation","https://www.applitrack.com/tcsd/onlineapp/default.aspx?all=1","Teton County School District 1",2026-07-10
"319","Assistant High School Golf Coach",2026-05-05,"Athletics/Activities/","Evanston High School","https://www.applitrack.com/uinta/onlineapp/jobpostings/view.asp?all=1","Uinta County School District 1",2026-07-10
"320","Boys Wrestling Varsity Head Coach",2026-06-22,"Athletics/Activities/","Evanston High School","https://www.applitrack.com/uinta/onlineapp/jobpostings/view.asp?all=1","Uinta County School District 1",2026-07-10
"321","Substitute Custodians",2026-04-13,"Maintenance/Custodial/","District Wide","https://www.applitrack.com/uinta/onlineapp/jobpostings/view.asp?all=1","Uinta County School District 1",2026-07-10
"322","Temporary Part-time School Nurses",2026-07-09,"School Nurse/","Aspen Elementary & Uinta Meadows Elementary","https://www.applitrack.com/uinta/onlineapp/jobpostings/view.asp?all=1","Uinta County School District 1",2026-07-10
"323","Bus Drivers and Substitute Bus Drivers",2026-01-09,"Support Staff/","Transportation","https://www.applitrack.com/uinta/onlineapp/jobpostings/view.asp?all=1","Uinta County School District 1",2026-07-10
"324","Full-time and Part-time Aides and Special Education Paraprofessionals",2026-07-08,"Support Staff/","District Wide","https://www.applitrack.com/uinta/onlineapp/jobpostings/view.asp?all=1","Uinta County School District 1",2026-07-10
"325","Warehouse Assistant",2026-06-22,"Support Staff/","Facilities & Maintenance","https://www.applitrack.com/uinta/onlineapp/jobpostings/view.asp?all=1","Uinta County School District 1",2026-07-10
"326","Full-Time Lifeguard",2026-06-15,"Aquatic Center Staff/","Worland Aquatic Center","https://www.applitrack.com/washakie1/onlineapp/default.aspx?all=1","Washakie County School District 1",2026-07-10
"327","Lifeguard - Student",2024-01-08,"Aquatic Center Staff/","Worland Aquatic Center","https://www.applitrack.com/washakie1/onlineapp/default.aspx?all=1","Washakie County School District 1",2026-07-10
"328","MS Assistant Volleyball Coach",2026-03-26,"Athletics/Activities","Worland Middle School","https://www.applitrack.com/washakie1/onlineapp/default.aspx?all=1","Washakie County School District 1",2026-07-10
"329","HS Assistant Forensics (Speech/Debate) Coach",2026-06-01,"Athletics/Activities","Worland High School","https://www.applitrack.com/washakie1/onlineapp/default.aspx?all=1","Washakie County School District 1",2026-07-10
"330","HS Head Forensics (Speech/Debate) Coach",2026-06-01,"Athletics/Activities","Worland High School","https://www.applitrack.com/washakie1/onlineapp/default.aspx?all=1","Washakie County School District 1",2026-07-10
"331","Secondary Reading Specialist",2026-04-15,"Middle School Teaching/","Worland Middle School","https://www.applitrack.com/washakie1/onlineapp/default.aspx?all=1","Washakie County School District 1",2026-07-10
"332","Full-Time Special Education Paraeducator (Life Skills)",2026-05-01,"Paraprofessional","East Side Elementary","https://www.applitrack.com/washakie1/onlineapp/default.aspx?all=1","Washakie County School District 1",2026-07-10
"333","Full-Time Special Education Paraeducator (Resource)",2026-05-01,"Paraprofessional","East Side Elementary","https://www.applitrack.com/washakie1/onlineapp/default.aspx?all=1","Washakie County School District 1",2026-07-10
"334","Full-Time Special Education Paraeducator (Behavior)",2026-05-01,"Paraprofessional","South Side Elementary","https://www.applitrack.com/washakie1/onlineapp/default.aspx?all=1","Washakie County School District 1",2026-07-10
"335","Full-Time Special Education Paraeducator (Life Skills)",2026-05-01,"Paraprofessional","West Side Elementary","https://www.applitrack.com/washakie1/onlineapp/default.aspx?all=1","Washakie County School District 1",2026-07-10
"336","Full-Time Special Education Paraeducator (Life Skills)",2026-05-05,"Paraprofessional","South Side Elementary","https://www.applitrack.com/washakie1/onlineapp/default.aspx?all=1","Washakie County School District 1",2026-07-10
"337","Part-Time Special Education Paraeducator (Resource)",2026-05-28,"Paraprofessional","South Side Elementary","https://www.applitrack.com/washakie1/onlineapp/default.aspx?all=1","Washakie County School District 1",2026-07-10
"338","Part-Time Special Education Paraeducator (Resource)",2026-05-28,"Paraprofessional","Worland High School","https://www.applitrack.com/washakie1/onlineapp/default.aspx?all=1","Washakie County School District 1",2026-07-10
"339","Full-Time Special Education Paraeducator",2026-06-03,"Paraprofessional","Worland High School","https://www.applitrack.com/washakie1/onlineapp/default.aspx?all=1","Washakie County School District 1",2026-07-10
"340","Administrative Professional/Accounting Staff",2026-06-10,"Secretarial/Clerical/","Central Office","https://www.applitrack.com/washakie1/onlineapp/default.aspx?all=1","Washakie County School District 1",2026-07-10
"341","Speech Language Pathologist",2024-12-18,"Special Education Services","Education Resource Center","https://www.applitrack.com/washakie1/onlineapp/default.aspx?all=1","Washakie County School District 1",2026-07-10
"342","SLP-Assistant",2025-05-14,"Special Education Services","Education Resource Center","https://www.applitrack.com/washakie1/onlineapp/default.aspx?all=1","Washakie County School District 1",2026-07-10
"343","Substitute Bus Driver",2021-07-01,"Substitute/","Bus Barn","https://www.applitrack.com/washakie1/onlineapp/default.aspx?all=1","Washakie County School District 1",2026-07-10
"344","Substitute Cook",2020-11-04,"Substitute/","District","https://www.applitrack.com/washakie1/onlineapp/default.aspx?all=1","Washakie County School District 1",2026-07-10
"345","Substitute Housekeeper",2019-01-21,"Substitute/",NA,"https://www.applitrack.com/washakie1/onlineapp/default.aspx?all=1","Washakie County School District 1",2026-07-10
"346","Substitute Paraeducator",2016-03-02,"Substitute/",NA,"https://www.applitrack.com/washakie1/onlineapp/default.aspx?all=1","Washakie County School District 1",2026-07-10
"347","Substitute Teacher",2016-03-02,"Substitute/",NA,"https://www.applitrack.com/washakie1/onlineapp/default.aspx?all=1","Washakie County School District 1",2026-07-10
"348","Route Bus Driver",2026-05-07,"Transportation/","Bus Barn","https://www.applitrack.com/washakie1/onlineapp/default.aspx?all=1","Washakie County School District 1",2026-07-10
"349","2026-2027 MS Cross Country Assistant Coach",2026-07-08,"Coaching","Dubois K-12 School","https://fremont2.tedk12.com/hire/index.aspx","Fremont County School District 2",2026-07-10
"350","Route/Activities Bus Driver",2026-07-07,"Classified","Bus Barn","https://fremont2.tedk12.com/hire/index.aspx","Fremont County School District 2",2026-07-10
"351","Special Education Paraprofessional",2026-07-07,"Classified","Dubois K-12 School","https://fremont2.tedk12.com/hire/index.aspx","Fremont County School District 2",2026-07-10
"352","2026-2027 MS Girls Basketball Assistant Coach",2026-04-15,"Coaching","Dubois K-12 School","https://fremont2.tedk12.com/hire/index.aspx","Fremont County School District 2",2026-07-10
"353","2026-2027 HS Girls Basketball Assistant Coach",2026-04-15,"Coaching","Dubois K-12 School","https://fremont2.tedk12.com/hire/index.aspx","Fremont County School District 2",2026-07-10
"354","Substitute Custodian/Food Service",2025-02-01,"Classified","Dubois K-12 School","https://fremont2.tedk12.com/hire/index.aspx","Fremont County School District 2",2026-07-10
"355","Substitute Bus Driver",2024-04-01,"Classified","Bus Barn","https://fremont2.tedk12.com/hire/index.aspx","Fremont County School District 2",2026-07-10
"356","Substitute - Classified -  Para/Secretary",2024-04-01,"Classified","Dubois K-12 School","https://fremont2.tedk12.com/hire/index.aspx","Fremont County School District 2",2026-07-10
"357","Substitute Teaching",2024-04-01,"Substitute","Dubois K-12 School","https://fremont2.tedk12.com/hire/index.aspx","Fremont County School District 2",2026-07-10
"358","District Head Cook",2026-07-08,"Food Service","Central Administration Office","https://goshen.tedk12.com/hire/index.aspx#aJobListings","Goshen County School District 1",2026-07-10
"359","Special Education Paraprofessional - Compass Academy - 18-21 Transition Program",2026-07-08,"Support","Office of Special Services","https://goshen.tedk12.com/hire/index.aspx#aJobListings","Goshen County School District 1",2026-07-10
"360","Special Education Paraprofessional - Southeast Schools",2026-07-08,"Support","Southeast Schools","https://goshen.tedk12.com/hire/index.aspx#aJobListings","Goshen County School District 1",2026-07-10
"361","Paraprofessional (Title I Intervention) - Southeast Elementary School",2026-06-26,"Support","Southeast Elementary School","https://goshen.tedk12.com/hire/index.aspx#aJobListings","Goshen County School District 1",2026-07-10
"362","Special Education Paraprofessional - Torrington Secondary Schools",2026-06-15,"Support","Torrington High School","https://goshen.tedk12.com/hire/index.aspx#aJobListings","Goshen County School District 1",2026-07-10
"363","Special Education Paraprofessional - Torrington Elementary Schools",2026-06-15,"Support","Lincoln & Trail Elementary Schools","https://goshen.tedk12.com/hire/index.aspx#aJobListings","Goshen County School District 1",2026-07-10
"364","Special Education Paraprofessional - Torrington Middle School",2026-06-15,"Support","Torrington Middle School","https://goshen.tedk12.com/hire/index.aspx#aJobListings","Goshen County School District 1",2026-07-10
"365","Academic & Behavioral Specialist - Trail Elementary",2026-06-08,"Elementary Certified","Trail Elementary School","https://goshen.tedk12.com/hire/index.aspx#aJobListings","Goshen County School District 1",2026-07-10
"366","Teacher - Elementary Reading Intervention Specialist/Title I  - Lincoln Elementary",2026-05-28,"Elementary Certified","Lincoln Elementary School","https://goshen.tedk12.com/hire/index.aspx#aJobListings","Goshen County School District 1",2026-07-10
"367","Substitute Cook",2026-03-04,"Food Service","District Food Services","https://goshen.tedk12.com/hire/index.aspx#aJobListings","Goshen County School District 1",2026-07-10
"368","Speech Language Pathologist - District",2026-03-01,"Specialist - Certified","Office of Special Services","https://goshen.tedk12.com/hire/index.aspx#aJobListings","Goshen County School District 1",2026-07-10
"369","Bus Driver/ Sub Bus Driver",2026-01-01,"Bus Driver","Transportation Services","https://goshen.tedk12.com/hire/index.aspx#aJobListings","Goshen County School District 1",2026-07-10
"370","Future Administrative Positions",2026-01-01,"Administrative - building","Central Administration Office","https://goshen.tedk12.com/hire/index.aspx#aJobListings","Goshen County School District 1",2026-07-10
"371","Future Substitute Teacher Positions",2026-01-01,"Substitute","Central Administration Office","https://goshen.tedk12.com/hire/index.aspx#aJobListings","Goshen County School District 1",2026-07-10
"372","Future Classified Positions",2026-01-01,"Support","Central Administration Office","https://goshen.tedk12.com/hire/index.aspx#aJobListings","Goshen County School District 1",2026-07-10
"373","Future Certified Positions",2026-01-01,"K-12","Central Administration Office","https://goshen.tedk12.com/hire/index.aspx#aJobListings","Goshen County School District 1",2026-07-10
"374","SPED Paraprofessional - Hu",2026-06-29,"Hulett K-12","Hulett, Wyoming","https://crook1.schoolspring.com/","Crook County School District 1",2026-07-10
"375","Elementary Classroom Teacher - MES",2026-06-18,"Moorcroft Elementary","Moorcroft, Wyoming","https://crook1.schoolspring.com/","Crook County School District 1",2026-07-10
"376","Substitute Custodian",2026-06-05,"Sundance Secondary","Sundance, Wyoming","https://crook1.schoolspring.com/","Crook County School District 1",2026-07-10
"377","Substitute Custodian",2026-06-05,"Moorcroft Secondary","Moorcroft, Wyoming","https://crook1.schoolspring.com/","Crook County School District 1",2026-07-10
"378","Substitute Custodian",2026-06-05,"Hulett K-12","Hulett, Wyoming","https://crook1.schoolspring.com/","Crook County School District 1",2026-07-10
"379","Substitute Teacher",2026-06-05,"Sundance Elementary","Sundance, Wyoming","https://crook1.schoolspring.com/","Crook County School District 1",2026-07-10
"380","Substitute Teacher",2026-06-05,"Moorcroft Elementary","Moorcroft, Wyoming","https://crook1.schoolspring.com/","Crook County School District 1",2026-07-10
"381","Substitute Teacher",2026-06-05,"Hulett K-12","Hulett, Wyoming","https://crook1.schoolspring.com/","Crook County School District 1",2026-07-10
"382","Substitute & Activity Bus Drivers",2026-06-05,"Sundance Secondary","Sundance, Wyoming","https://crook1.schoolspring.com/","Crook County School District 1",2026-07-10
"383","Substitute & Activity Bus Drivers",2026-06-05,"Moorcroft Secondary","Moorcroft, Wyoming","https://crook1.schoolspring.com/","Crook County School District 1",2026-07-10
"384","Substitute & Activity Bus Drivers",2026-06-05,"Hulett K-12","Hulett, Wyoming","https://crook1.schoolspring.com/","Crook County School District 1",2026-07-10
"385","Part-Time Custodian - HS",2026-05-29,"Hulett K-12","Hulett, Wyoming","https://crook1.schoolspring.com/","Crook County School District 1",2026-07-10
"386","Head High School Golf Coach - Fall",2026-05-29,"Moorcroft Secondary","Moorcroft, Wyoming","https://crook1.schoolspring.com/","Crook County School District 1",2026-07-10
"387","Assistant High School Boys Basketball Coach - MS",2026-05-29,"Moorcroft Secondary","Moorcroft, Wyoming","https://crook1.schoolspring.com/","Crook County School District 1",2026-07-10
"388","Assistant High School Girls Basketball Coach - Sundance",2026-05-27,"Sundance Secondary","Sundance, Wyoming","https://crook1.schoolspring.com/","Crook County School District 1",2026-07-10
"389","Assistant High School Football Coach - SS",2026-04-23,"Sundance Secondary","Sundance, Wyoming","https://crook1.schoolspring.com/","Crook County School District 1",2026-07-10
"390","Junior High Volleyball Coach - Sundance",2026-04-16,"Sundance Secondary","Sundance, Wyoming","https://crook1.schoolspring.com/","Crook County School District 1",2026-07-10
"391","Junior High Boys Basketball Coach",2026-04-16,"Moorcroft Secondary","Moorcroft, Wyoming","https://crook1.schoolspring.com/","Crook County School District 1",2026-07-10
"392","Head High School Track Coach - SS",2026-04-07,"Sundance Secondary","Sundance, Wyoming","https://crook1.schoolspring.com/","Crook County School District 1",2026-07-10
"393","Junior High Girls Wrestling Coach - SS",2026-04-07,"Sundance Secondary","Sundance, Wyoming","https://crook1.schoolspring.com/","Crook County School District 1",2026-07-10
"394","Junior High Girls Wrestling Coach - HS",2026-04-07,"Hulett K-12","Hulett, Wyoming","https://crook1.schoolspring.com/","Crook County School District 1",2026-07-10
"395","Junior High Boys Wrestling Coach - HS",2026-04-07,"Hulett K-12","Hulett, Wyoming","https://crook1.schoolspring.com/","Crook County School District 1",2026-07-10
"396","Assistant High School Football Coach - HS",2026-04-07,"Hulett K-12","Hulett, Wyoming","https://crook1.schoolspring.com/","Crook County School District 1",2026-07-10
"397","Route Bus Driver",2026-02-11,"Moorcroft Secondary","Moorcroft, Wyoming","https://crook1.schoolspring.com/","Crook County School District 1",2026-07-10
"398","Route Bus Driver - Hulett",2026-02-11,"Hulett K-12","Hulett, Wyoming","https://crook1.schoolspring.com/","Crook County School District 1",2026-07-10
"399","Route Bus Driver",2026-01-19,"Sundance Secondary","Sundance, Wyoming","https://crook1.schoolspring.com/","Crook County School District 1",2026-07-10
"400","Elementary Head Football Coach [C174]",2026-07-09,"BUFFALO RIDGE ELEMENTARY SCHL","Cheyenne, Wyoming","https://laramie1.schoolspring.com/","Laramie County School District 1",2026-07-10
"401","Elementary Assistant Football Coach [C176]",2026-07-09,"BAIN ELEMENTARY SCHOOL","Cheyenne, Wyoming","https://laramie1.schoolspring.com/","Laramie County School District 1",2026-07-10
"402","Elementary Head Football Coach [C174]",2026-07-09,"BAIN ELEMENTARY SCHOOL","Cheyenne, Wyoming","https://laramie1.schoolspring.com/","Laramie County School District 1",2026-07-10
"403","Elementary Assistant Football Coach [C176]",2026-07-09,"BAGGS ELEMENTARY SCHOOL","Cheyenne, Wyoming","https://laramie1.schoolspring.com/","Laramie County School District 1",2026-07-10
"404","Elementary Head Football Coach [C174]",2026-07-09,"BAGGS ELEMENTARY SCHOOL","Cheyenne, Wyoming","https://laramie1.schoolspring.com/","Laramie County School District 1",2026-07-10
"405","Elementary Assistant Football Coach [C176]",2026-07-09,"ALTA VISTA ELEMENTARY SCHOOL","Cheyenne, Wyoming","https://laramie1.schoolspring.com/","Laramie County School District 1",2026-07-10
"406","Elementary Head Football Coach [C174]",2026-07-09,"ALTA VISTA ELEMENTARY SCHOOL","Cheyenne, Wyoming","https://laramie1.schoolspring.com/","Laramie County School District 1",2026-07-10
"407","Elementary Assistant Football Coach [C176]",2026-07-09,"AFFLERBACH ELEMENTARY SCHOOL","Cheyenne, Wyoming","https://laramie1.schoolspring.com/","Laramie County School District 1",2026-07-10
"408","Elementary Head Football Coach [C174]",2026-07-09,"AFFLERBACH ELEMENTARY SCHOOL","Cheyenne, Wyoming","https://laramie1.schoolspring.com/","Laramie County School District 1",2026-07-10
"409","Elementary Assistant Football Coach [C176]",2026-07-09,"MEADOWLARK ELEMENTARY SCHOOL","Cheyenne, Wyoming","https://laramie1.schoolspring.com/","Laramie County School District 1",2026-07-10
"410","Elementary Head Football Coach [C174]",2026-07-09,"MEADOWLARK ELEMENTARY SCHOOL","Cheyenne, Wyoming","https://laramie1.schoolspring.com/","Laramie County School District 1",2026-07-10
"411","Elementary Head Football Coach [C174]",2026-07-08,"COYOTE RIDGE ELEMENTARY SCHOOL","Cheyenne, Wyoming","https://laramie1.schoolspring.com/","Laramie County School District 1",2026-07-10
"412","Elementary Assistant Football Coach [C176]",2026-07-08,"COYOTE RIDGE ELEMENTARY SCHOOL","Cheyenne, Wyoming","https://laramie1.schoolspring.com/","Laramie County School District 1",2026-07-10
"413","TEACHER BUS ED KEYBDG/COMP APP [TC06]",2026-07-08,"JOHNSON JUNIOR HIGH SCHOOL","Cheyenne, Wyoming","https://laramie1.schoolspring.com/","Laramie County School District 1",2026-07-10
"414","Assistant Football Coach [C146]",2026-07-08,"CAREY JUNIOR HIGH SCHOOL","Cheyenne, Wyoming","https://laramie1.schoolspring.com/","Laramie County School District 1",2026-07-10
"415","Language Arts Teacher [TC11]",2026-07-08,"EAST HIGH SCHOOL","Cheyenne, Wyoming","https://laramie1.schoolspring.com/","Laramie County School District 1",2026-07-10
"416","Transportation Dispatcher [TS58]",2026-07-08,"Laramie County School District 1","Cheyenne, Wyoming","https://laramie1.schoolspring.com/","Laramie County School District 1",2026-07-10
"417","Health Sciences Teacher [TC18]",2026-07-08,"EAST HIGH SCHOOL","Cheyenne, Wyoming","https://laramie1.schoolspring.com/","Laramie County School District 1",2026-07-10
"418","Custodial Maintenance Specialist [TS12]",2026-07-08,"Laramie County School District 1","Cheyenne, Wyoming","https://laramie1.schoolspring.com/","Laramie County School District 1",2026-07-10
"419","Paraeducator Special Education [XP08]",2026-07-07,"HEBARD ELEMENTARY SCHOOL","Cheyenne, Wyoming","https://laramie1.schoolspring.com/","Laramie County School District 1",2026-07-10
"420","Paraeducator Special Education [XP08]",2026-07-07,"SOUTH HIGH SCHOOL","Cheyenne, Wyoming","https://laramie1.schoolspring.com/","Laramie County School District 1",2026-07-10
"421","Paraeducator Title I Pre-K [PA16]",2026-07-07,"ALTA VISTA ELEMENTARY SCHOOL","Cheyenne, Wyoming","https://laramie1.schoolspring.com/","Laramie County School District 1",2026-07-10
"422","School Psychologist [XA01]",2026-07-06,"Laramie County School District 1","Cheyenne, Wyoming","https://laramie1.schoolspring.com/","Laramie County School District 1",2026-07-10
"423","Paraeducator General [PA07]",2026-07-06,"MEADOWLARK ELEMENTARY SCHOOL","Cheyenne, Wyoming","https://laramie1.schoolspring.com/","Laramie County School District 1",2026-07-10
"424","Ag Teacher [TC02]",2026-07-01,"EAST HIGH SCHOOL","Cheyenne, Wyoming","https://laramie1.schoolspring.com/","Laramie County School District 1",2026-07-10
"425","Assistant Football Coach [C146]",2026-06-29,"JOHNSON JUNIOR HIGH SCHOOL","Cheyenne, Wyoming","https://laramie1.schoolspring.com/","Laramie County School District 1",2026-07-10
"426","Math Teacher [TC23]",2026-06-25,"EAST HIGH SCHOOL","Cheyenne, Wyoming","https://laramie1.schoolspring.com/","Laramie County School District 1",2026-07-10
"427","TEACHER SCIENCE BIOLOGY/LIFE [TC26]",2026-06-25,"EAST HIGH SCHOOL","Cheyenne, Wyoming","https://laramie1.schoolspring.com/","Laramie County School District 1",2026-07-10
"428","Assistant Football Coach [C146]",2026-06-25,"MCCORMICK JUNIOR HIGH SCHOOL","Cheyenne, Wyoming","https://laramie1.schoolspring.com/","Laramie County School District 1",2026-07-10
"429","Art Teacher [TB01]",2026-06-25,"PRAIRIE WIND ELEMENTARY SCHOOL","Cheyenne, Wyoming","https://laramie1.schoolspring.com/","Laramie County School District 1",2026-07-10
"430","Senior Payroll Specialist [CS57]",2026-06-25,"Laramie County School District 1","Cheyenne, Wyoming","https://laramie1.schoolspring.com/","Laramie County School District 1",2026-07-10
"431","Assistant Girls Basketball Coach [C078]",2026-06-24,"CENTRAL HIGH SCHOOL","Cheyenne, Wyoming","https://laramie1.schoolspring.com/","Laramie County School District 1",2026-07-10
"432","Nutrition- Elementary Head Cashier [NU03]",2026-06-22,"BUFFALO RIDGE ELEMENTARY SCHL","Cheyenne, Wyoming","https://laramie1.schoolspring.com/","Laramie County School District 1",2026-07-10
"433","Custodial - General Class 3 [CU05]",2026-06-22,"Laramie County School District 1","Cheyenne, Wyoming","https://laramie1.schoolspring.com/","Laramie County School District 1",2026-07-10
"434","Production Lead [KM03]",2026-06-18,"MCCORMICK JUNIOR HIGH SCHOOL","Cheyenne, Wyoming","https://laramie1.schoolspring.com/","Laramie County School District 1",2026-07-10
"435","Physical Education",2026-06-18,"PODER ACADEMY ELEMENTARY","Cheyenne, Wyoming","https://laramie1.schoolspring.com/","Laramie County School District 1",2026-07-10
"436","Nutrition- Elementary Head Cashier [NU03]",2026-06-18,"HOBBS ELEMENTARY SCHOOL","Cheyenne, Wyoming","https://laramie1.schoolspring.com/","Laramie County School District 1",2026-07-10
"437","Nutrition- Elementary Head Cashier [NU03]",2026-06-18,"DILDINE ELEMENTARY SCHOOL","Cheyenne, Wyoming","https://laramie1.schoolspring.com/","Laramie County School District 1",2026-07-10
"438","Nutrition Services Aid [NU02]",2026-06-18,"DILDINE ELEMENTARY SCHOOL","Cheyenne, Wyoming","https://laramie1.schoolspring.com/","Laramie County School District 1",2026-07-10
"439","Nutrition Services Aid [NU02]",2026-06-18,"SOUTH HIGH SCHOOL","Cheyenne, Wyoming","https://laramie1.schoolspring.com/","Laramie County School District 1",2026-07-10
"440","Nutrition Services Aid [NU02]",2026-06-18,"AFFLERBACH ELEMENTARY SCHOOL","Cheyenne, Wyoming","https://laramie1.schoolspring.com/","Laramie County School District 1",2026-07-10
"441","Nutrition Services Aid [NU02]",2026-06-18,"MCCORMICK JUNIOR HIGH SCHOOL","Cheyenne, Wyoming","https://laramie1.schoolspring.com/","Laramie County School District 1",2026-07-10
"442","Nutrition Services Aid [NU02]",2026-06-18,"MCCORMICK JUNIOR HIGH SCHOOL","Cheyenne, Wyoming","https://laramie1.schoolspring.com/","Laramie County School District 1",2026-07-10
"443","Nutrition Services Aid [NU02]",2026-06-18,"EAST HIGH SCHOOL","Cheyenne, Wyoming","https://laramie1.schoolspring.com/","Laramie County School District 1",2026-07-10
"444","Nutrition Services Aid [NU02]",2026-06-18,"COYOTE RIDGE ELEMENTARY SCHOOL","Cheyenne, Wyoming","https://laramie1.schoolspring.com/","Laramie County School District 1",2026-07-10
"445","Nutrition Services Aid [NU02]",2026-06-18,"ALTA VISTA ELEMENTARY SCHOOL","Cheyenne, Wyoming","https://laramie1.schoolspring.com/","Laramie County School District 1",2026-07-10
"446","Nutrition- Elementary Head Cashier [NU03]",2026-06-18,"MEADOWLARK ELEMENTARY SCHOOL","Cheyenne, Wyoming","https://laramie1.schoolspring.com/","Laramie County School District 1",2026-07-10
"447","Nutrition- Elementary Head Cashier [NU03]",2026-06-18,"PRAIRIE WIND ELEMENTARY SCHOOL","Cheyenne, Wyoming","https://laramie1.schoolspring.com/","Laramie County School District 1",2026-07-10
"448","Nutrition Services Aid [NU02]",2026-06-18,"EAST HIGH SCHOOL","Cheyenne, Wyoming","https://laramie1.schoolspring.com/","Laramie County School District 1",2026-07-10
"449","Substitute On-Call Nutrition Services Aid [S020]",2026-06-17,"Laramie County School District 1","Cheyenne, Wyoming","https://laramie1.schoolspring.com/","Laramie County School District 1",2026-07-10
"450","Nutrition- Elementary Head Cashier [NU03]",2026-06-17,"TRIUMPH HIGH SCHOOL","Cheyenne, Wyoming","https://laramie1.schoolspring.com/","Laramie County School District 1",2026-07-10
"451","Assistant Cross Country Coach",2026-06-17,"JOHNSON JUNIOR HIGH SCHOOL","Cheyenne, Wyoming","https://laramie1.schoolspring.com/","Laramie County School District 1",2026-07-10
"452","Head Cross Country Coach [C144]",2026-06-17,"JOHNSON JUNIOR HIGH SCHOOL","Cheyenne, Wyoming","https://laramie1.schoolspring.com/","Laramie County School District 1",2026-07-10
"453","Assistant Volleyball Coach [C164]",2026-06-17,"CAREY JUNIOR HIGH SCHOOL","Cheyenne, Wyoming","https://laramie1.schoolspring.com/","Laramie County School District 1",2026-07-10
"454","Paraeducator Resource Room [XP08]",2026-06-17,"HENDERSON ELEMENTARY SCHOOL","Cheyenne, Wyoming","https://laramie1.schoolspring.com/","Laramie County School District 1",2026-07-10
"455","Title 1 Paraprofessional",2026-06-16,"PODER ACADEMY ELEMENTARY","Cheyenne, Wyoming","https://laramie1.schoolspring.com/","Laramie County School District 1",2026-07-10
"456","SPED Paraprofessional",2026-06-16,"PODER/PASS ACADEMY","Cheyenne, Wyoming","https://laramie1.schoolspring.com/","Laramie County School District 1",2026-07-10
"457","Reading Teacher",2026-06-16,"MCCORMICK JUNIOR HIGH SCHOOL","Cheyenne, Wyoming","https://laramie1.schoolspring.com/","Laramie County School District 1",2026-07-10
"458","Paraeducator Library - 2026/2027 Contract year only [PA10]",2026-06-12,"HENDERSON ELEMENTARY SCHOOL","Cheyenne, Wyoming","https://laramie1.schoolspring.com/","Laramie County School District 1",2026-07-10
"459","Student Sweeper [ST05]",2026-06-09,"SADDLE RIDGE ELEMENTARY SCHOOL","Cheyenne, Wyoming","https://laramie1.schoolspring.com/","Laramie County School District 1",2026-07-10
"460","Head Girls Soccer Coach [C122]",2026-06-09,"EAST HIGH SCHOOL","Cheyenne, Wyoming","https://laramie1.schoolspring.com/","Laramie County School District 1",2026-07-10
"461","Assistant Cross Country Coach [C142]",2026-06-09,"MCCORMICK JUNIOR HIGH SCHOOL","Cheyenne, Wyoming","https://laramie1.schoolspring.com/","Laramie County School District 1",2026-07-10
"462","HR Benefits Specialist",2026-06-09,"Laramie County School District 1","Cheyenne, Wyoming","https://laramie1.schoolspring.com/","Laramie County School District 1",2026-07-10
"463","Paraeducator General [PA07]",2026-06-04,"FAIRVIEW ELEMENTARY SCHOOL","Cheyenne, Wyoming","https://laramie1.schoolspring.com/","Laramie County School District 1",2026-07-10
"464","Paraeducator General [PA07]",2026-06-04,"BUFFALO RIDGE ELEMENTARY SCHL","Cheyenne, Wyoming","https://laramie1.schoolspring.com/","Laramie County School District 1",2026-07-10
"465","Resource Teacher [XT21]",2026-06-03,"BAIN ELEMENTARY SCHOOL","Cheyenne, Wyoming","https://laramie1.schoolspring.com/","Laramie County School District 1",2026-07-10
"466","Resource Teacher [XT21]",2026-06-02,"MCCORMICK JUNIOR HIGH SCHOOL","Cheyenne, Wyoming","https://laramie1.schoolspring.com/","Laramie County School District 1",2026-07-10
"467","Life Skills/PALS Teacher [XT30]",2026-06-02,"COLE ELEMENTARY SCHOOL","Cheyenne, Wyoming","https://laramie1.schoolspring.com/","Laramie County School District 1",2026-07-10
"468","Resource Teacher [XT21]",2026-06-02,"COLE ELEMENTARY SCHOOL","Cheyenne, Wyoming","https://laramie1.schoolspring.com/","Laramie County School District 1",2026-07-10
"469","Assistant Girls Wrestling Coach",2026-06-01,"SOUTH HIGH SCHOOL","Cheyenne, Wyoming","https://laramie1.schoolspring.com/","Laramie County School District 1",2026-07-10
"470","Biology/Life Science Teacher [TC26]",2026-06-01,"EDUCATION ANNEX","Cheyenne, Wyoming","https://laramie1.schoolspring.com/","Laramie County School District 1",2026-07-10
"471","Principal",2026-05-29,"PODER ACADEMY SECONDARY (PASS)","Cheyenne, Wyoming","https://laramie1.schoolspring.com/","Laramie County School District 1",2026-07-10
"472","Student Sweeper [ST05]",2026-05-28,"SUNRISE ELEMENTARY SCHOOL","Cheyenne, Wyoming","https://laramie1.schoolspring.com/","Laramie County School District 1",2026-07-10
"473","Assistant Tennis Coach [C132]",2026-05-28,"EAST HIGH SCHOOL","Cheyenne, Wyoming","https://laramie1.schoolspring.com/","Laramie County School District 1",2026-07-10
"474","Student Sweeper [ST05]",2026-05-22,"EAST HIGH SCHOOL","Cheyenne, Wyoming","https://laramie1.schoolspring.com/","Laramie County School District 1",2026-07-10
"475","Paraeducator Resource Room [XP08]",2026-05-22,"MCCORMICK JUNIOR HIGH SCHOOL","Cheyenne, Wyoming","https://laramie1.schoolspring.com/","Laramie County School District 1",2026-07-10
"476","Substitute Transportation Assistant [S051]",2026-05-22,"Laramie County School District 1","Cheyenne, Wyoming","https://laramie1.schoolspring.com/","Laramie County School District 1",2026-07-10
"477","Substitute Bus Driver [S050]",2026-05-22,"Laramie County School District 1","Cheyenne, Wyoming","https://laramie1.schoolspring.com/","Laramie County School District 1",2026-07-10
"478","Paraeducator Nurse's Office [PA11]",2026-05-21,"MCCORMICK JUNIOR HIGH SCHOOL","Cheyenne, Wyoming","https://laramie1.schoolspring.com/","Laramie County School District 1",2026-07-10
"479","Educational Sign Language Interpreter [XP05]",2026-05-18,"Laramie County School District 1","Cheyenne, Wyoming","https://laramie1.schoolspring.com/","Laramie County School District 1",2026-07-10
"480","Paraeducator Sign Support [XP05]",2026-05-18,"Laramie County School District 1","Cheyenne, Wyoming","https://laramie1.schoolspring.com/","Laramie County School District 1",2026-07-10
"481","School Psychologist [XA01]",2026-05-18,"Laramie County School District 1","Cheyenne, Wyoming","https://laramie1.schoolspring.com/","Laramie County School District 1",2026-07-10
"482","Head Cheer Coach [C108]",2026-05-18,"JOHNSON JUNIOR HIGH SCHOOL","Cheyenne, Wyoming","https://laramie1.schoolspring.com/","Laramie County School District 1",2026-07-10
"483","Paraeducator General [PA07]",2026-05-18,"EAST HIGH SCHOOL","Cheyenne, Wyoming","https://laramie1.schoolspring.com/","Laramie County School District 1",2026-07-10
"484","Head Cross Country Coach [C082]",2026-05-18,"MCCORMICK JUNIOR HIGH SCHOOL","Cheyenne, Wyoming","https://laramie1.schoolspring.com/","Laramie County School District 1",2026-07-10
"485","Assistant Cheer Coach [C080]",2026-05-18,"SOUTH HIGH SCHOOL","Cheyenne, Wyoming","https://laramie1.schoolspring.com/","Laramie County School District 1",2026-07-10
"486","School Nurse",2026-05-11,"PODER/PASS ACADEMY","Cheyenne, Wyoming","https://laramie1.schoolspring.com/","Laramie County School District 1",2026-07-10
"487","Speech Language Pathologist-4 Positions available [XT14]",2026-05-06,"Laramie County School District 1","Cheyenne, Wyoming","https://laramie1.schoolspring.com/","Laramie County School District 1",2026-07-10
"488","Assistant Volleyball Coach - 3 positions [C136]",2026-05-06,"CENTRAL HIGH SCHOOL","Cheyenne, Wyoming","https://laramie1.schoolspring.com/","Laramie County School District 1",2026-07-10
"489","Paraeducator Special Needs PALS [XP09]",2026-05-05,"CENTRAL HIGH SCHOOL","Cheyenne, Wyoming","https://laramie1.schoolspring.com/","Laramie County School District 1",2026-07-10
"490","Special Education Behavior Lab Paraeducator  [XP08]",2026-05-04,"MCCORMICK JUNIOR HIGH SCHOOL","Cheyenne, Wyoming","https://laramie1.schoolspring.com/","Laramie County School District 1",2026-07-10
"491","Student Sweeper [ST05]",2026-05-04,"TRIUMPH HIGH SCHOOL","Cheyenne, Wyoming","https://laramie1.schoolspring.com/","Laramie County School District 1",2026-07-10
"492","Sub-Custodian [S010]",2026-05-01,"Laramie County School District 1","Cheyenne, Wyoming","https://laramie1.schoolspring.com/","Laramie County School District 1",2026-07-10
"493","Physical Therapist [XT07]",2026-04-30,"Laramie County School District 1","Cheyenne, Wyoming","https://laramie1.schoolspring.com/","Laramie County School District 1",2026-07-10
"494","Student Sweeper [ST05]",2026-04-20,"FAIRVIEW ELEMENTARY SCHOOL","Cheyenne, Wyoming","https://laramie1.schoolspring.com/","Laramie County School District 1",2026-07-10
"495","Student Sweeper [ST05]",2026-04-20,"ALTA VISTA ELEMENTARY SCHOOL","Cheyenne, Wyoming","https://laramie1.schoolspring.com/","Laramie County School District 1",2026-07-10
"496","Assistant Head Custodian - Class 4 [CU01]",2026-04-20,"MCCORMICK JUNIOR HIGH SCHOOL","Cheyenne, Wyoming","https://laramie1.schoolspring.com/","Laramie County School District 1",2026-07-10
"497","Assistant Tennis Coach [C132]",2026-04-06,"CENTRAL HIGH SCHOOL","Cheyenne, Wyoming","https://laramie1.schoolspring.com/","Laramie County School District 1",2026-07-10
"498","Custodial - Head Class 5 [CU02]",2026-02-17,"JOHNSON JUNIOR HIGH SCHOOL","Cheyenne, Wyoming","https://laramie1.schoolspring.com/","Laramie County School District 1",2026-07-10
"499","Custodial - Head Class 5 [CU08]",2026-01-16,"CAREY JUNIOR HIGH SCHOOL","Cheyenne, Wyoming","https://laramie1.schoolspring.com/","Laramie County School District 1",2026-07-10
"500","Student Sweeper [ST05]",2025-11-07,"AFFLERBACH ELEMENTARY SCHOOL","Cheyenne, Wyoming","https://laramie1.schoolspring.com/","Laramie County School District 1",2026-07-10
"501","Student Sweeper [ST05]",2025-11-07,"BAGGS ELEMENTARY SCHOOL","Cheyenne, Wyoming","https://laramie1.schoolspring.com/","Laramie County School District 1",2026-07-10
"502","Student Sweeper [ST05]",2025-11-07,"DILDINE ELEMENTARY SCHOOL","Cheyenne, Wyoming","https://laramie1.schoolspring.com/","Laramie County School District 1",2026-07-10
"503","Student Sweeper [ST05]",2025-11-07,"HENDERSON ELEMENTARY SCHOOL","Cheyenne, Wyoming","https://laramie1.schoolspring.com/","Laramie County School District 1",2026-07-10
"504","Student Sweeper [ST05]",2025-11-07,"PRAIRIE WIND ELEMENTARY SCHOOL","Cheyenne, Wyoming","https://laramie1.schoolspring.com/","Laramie County School District 1",2026-07-10
"505","Paraeducator Sign Support [XP05]",2025-06-26,"BUILDING TO BE DETERMINED","Cheyenne, Wyoming","https://laramie1.schoolspring.com/","Laramie County School District 1",2026-07-10
"506","Crest Hill Education Support Specialist/Education Support Personnel",2026-07-06,"Crest Hill Elementary","Casper, Wyoming","https://natronaschools.schoolspring.com/","Natrona School District 1",2026-07-10
"507","Human Resources Administrative Specialist",2026-07-01,"Human Resources","Casper, Wyoming","https://natronaschools.schoolspring.com/","Natrona School District 1",2026-07-10
"508","Warehouse Delivery Worker",2026-07-01,"Purchasing/Warehouse","Casper, Wyoming","https://natronaschools.schoolspring.com/","Natrona School District 1",2026-07-10
"509","Midwest JH Football Aide",2026-06-30,"Midwest Schools","Midwest, Wyoming","https://natronaschools.schoolspring.com/","Natrona School District 1",2026-07-10
"510","RHS School Nurse for the 2026-2027 School Year Only",2026-06-29,"Roosevelt High School","Casper, Wyoming","https://natronaschools.schoolspring.com/","Natrona School District 1",2026-07-10
"511","Manor Heights Education Support Personnel beginning for the 26-27 school year",2026-06-29,"Manor Heights Elementary","Casper, Wyoming","https://natronaschools.schoolspring.com/","Natrona School District 1",2026-07-10
"512","Journey - Tutor for the 2026-2027 school year only",2026-06-29,"Journey Elementary","Casper, Wyoming","https://natronaschools.schoolspring.com/","Natrona School District 1",2026-07-10
"513","Cottonwood - Tutor for the 2026-2027 school year only",2026-06-29,"Cottonwood Elementary","Casper, Wyoming","https://natronaschools.schoolspring.com/","Natrona School District 1",2026-07-10
"514","Journey Preschool Education Support Specialist beginning for 26-27 school year",2026-06-25,"Journey Elementary","Casper, Wyoming","https://natronaschools.schoolspring.com/","Natrona School District 1",2026-07-10
"515","Landscape and Support Services Specialist",2026-06-25,"Plant/Maintenance","Casper, Wyoming","https://natronaschools.schoolspring.com/","Natrona School District 1",2026-07-10
"516","Evansville Tutor for the 2026-2027 School Year Only",2026-06-21,"Evansville Elementary","Evansville, Wyoming","https://natronaschools.schoolspring.com/","Natrona School District 1",2026-07-10
"517","Midwest HS Assistant Volleyball Coach",2026-06-19,"Midwest Schools","Midwest, Wyoming","https://natronaschools.schoolspring.com/","Natrona School District 1",2026-07-10
"518","Lincoln Tutor for the 2026-2027 School Year Only",2026-06-17,"Lincoln Elementary","Casper, Wyoming","https://natronaschools.schoolspring.com/","Natrona School District 1",2026-07-10
"519","Midwest HS Assistant Football Coach",2026-06-16,"Midwest Schools","Midwest, Wyoming","https://natronaschools.schoolspring.com/","Natrona School District 1",2026-07-10
"520","Student Support Services Education Support Specialist beginning for the 26-27 school year",2026-06-15,"Student Support Services","Casper, Wyoming","https://natronaschools.schoolspring.com/","Natrona School District 1",2026-07-10
"521","Classified Substitute 2026-2027 School Year",2026-06-15,"Human Resources","Casper, Wyoming","https://natronaschools.schoolspring.com/","Natrona School District 1",2026-07-10
"522","Dean Morgan Science Teacher for the 26-27 School Year Only",2026-06-11,"Dean Morgan Middle School","Casper, Wyoming","https://natronaschools.schoolspring.com/","Natrona School District 1",2026-07-10
"523","NCHS Language Arts Teacher for the 2026-27 School Year Only",2026-06-11,"Natrona County High School","Casper, Wyoming","https://natronaschools.schoolspring.com/","Natrona School District 1",2026-07-10
"524","Cottonwood Education Support Specialist-FLS beginning for the 26-27 school year",2026-06-10,"Cottonwood Elementary","Casper, Wyoming","https://natronaschools.schoolspring.com/","Natrona School District 1",2026-07-10
"525","CYMS Football Aid Position",2026-06-09,"CY Middle School","Casper, Wyoming","https://natronaschools.schoolspring.com/","Natrona School District 1",2026-07-10
"526","Dean Morgan Math Teacher for the 26-27 School Year Only",2026-06-04,"Dean Morgan Middle School","Casper, Wyoming","https://natronaschools.schoolspring.com/","Natrona School District 1",2026-07-10
"527","CCA FLS Education Support Specialist",2026-06-03,"Casper Classical Academy","Casper, Wyoming","https://natronaschools.schoolspring.com/","Natrona School District 1",2026-07-10
"528","Park Classroom Teacher- Spanish Dual Language Immersion to Begin the 2026-27 School Year",2026-06-01,"Park Elementary","Casper, Wyoming","https://natronaschools.schoolspring.com/","Natrona School District 1",2026-07-10
"529","Substitute Teacher 2026-2027 School Year",2026-06-01,"Human Resources","Casper, Wyoming","https://natronaschools.schoolspring.com/","Natrona School District 1",2026-07-10
"530","Education Interpreter-American Sign Language",2026-05-30,"Special Education Services Center","Casper, Wyoming","https://natronaschools.schoolspring.com/","Natrona School District 1",2026-07-10
"531","NCHS Head Softball Coach",2026-05-29,"Natrona County High School","Casper, Wyoming","https://natronaschools.schoolspring.com/","Natrona School District 1",2026-07-10
"532","NCHS Assistant Softball Coach",2026-05-29,"Natrona County High School","Casper, Wyoming","https://natronaschools.schoolspring.com/","Natrona School District 1",2026-07-10
"533","NCHS Softball Aide",2026-05-29,"Natrona County High School","Casper, Wyoming","https://natronaschools.schoolspring.com/","Natrona School District 1",2026-07-10
"534","NCHS Nordic Ski Assistant Coach",2026-05-29,"Natrona County High School","Casper, Wyoming","https://natronaschools.schoolspring.com/","Natrona School District 1",2026-07-10
"535","NCHS Tennis Aide",2026-05-29,"Natrona County High School","Casper, Wyoming","https://natronaschools.schoolspring.com/","Natrona School District 1",2026-07-10
"536","District Therapeutic Counselor to Begin the 2026-2027 School Year",2026-05-29,"Special Education Services Center","Casper, Wyoming","https://natronaschools.schoolspring.com/","Natrona School District 1",2026-07-10
"537","KWHS Building Food Services Manager beginning for the 2026-2027 school year",2026-05-28,"Kelly Walsh High School","Casper, Wyoming","https://natronaschools.schoolspring.com/","Natrona School District 1",2026-07-10
"538","Dean Morgan Nordic Ski Aide",2026-05-22,"Dean Morgan Middle School","Casper, Wyoming","https://natronaschools.schoolspring.com/","Natrona School District 1",2026-07-10
"539","Verda James Part-Time Education Support Personnel to Begin the 2026-27 School Year",2026-05-22,"Verda James Elementary","Casper, Wyoming","https://natronaschools.schoolspring.com/","Natrona School District 1",2026-07-10
"540","Dean Morgan Football Aide",2026-05-21,"Dean Morgan Middle School","Casper, Wyoming","https://natronaschools.schoolspring.com/","Natrona School District 1",2026-07-10
"541","CMS ILS Education Support Specialist beginning for the 26-27 school year",2026-05-21,"Centennial Middle School","Casper, Wyoming","https://natronaschools.schoolspring.com/","Natrona School District 1",2026-07-10
"542","CMS Substitute on Daily Assignment- SPED to begin the 26-27 School Year",2026-05-19,"Centennial Middle School","Casper, Wyoming","https://natronaschools.schoolspring.com/","Natrona School District 1",2026-07-10
"543","Special Education Teacher Beginning the 2026-27 School Year",2026-05-19,"Special Education Services Center","Casper, Wyoming","https://natronaschools.schoolspring.com/","Natrona School District 1",2026-07-10
"544","Pineview Education Support Specialist / Education Support Personnel / Cafeteria Technician",2026-05-19,"Pineview Elementary","Casper, Wyoming","https://natronaschools.schoolspring.com/","Natrona School District 1",2026-07-10
"545","KWHS Head Speech and Debate Coach",2026-05-18,"Kelly Walsh High School","Casper, Wyoming","https://natronaschools.schoolspring.com/","Natrona School District 1",2026-07-10
"546","KWHS Fall Assistant Tennis Coach",2026-05-18,"Kelly Walsh High School","Casper, Wyoming","https://natronaschools.schoolspring.com/","Natrona School District 1",2026-07-10
"547","KWHS Cheer Coach Aide",2026-05-18,"Kelly Walsh High School","Casper, Wyoming","https://natronaschools.schoolspring.com/","Natrona School District 1",2026-07-10
"548","Occupational Therapist Beginning the 2026-2027 School Year",2026-05-14,"Special Education Services Center","Casper, Wyoming","https://natronaschools.schoolspring.com/","Natrona School District 1",2026-07-10
"549","CCA BASE Education Support Specialist",2026-05-13,"Casper Classical Academy","Casper, Wyoming","https://natronaschools.schoolspring.com/","Natrona School District 1",2026-07-10
"550","Dean Morgan Social Studies Teacher for the 2026-2027 School Year Only",2026-05-13,"Dean Morgan Middle School","Casper, Wyoming","https://natronaschools.schoolspring.com/","Natrona School District 1",2026-07-10
"551","Assistive Technologist Special Education to Begin the 2026-27 School Year",2026-05-11,"Special Education Services Center","Casper, Wyoming","https://natronaschools.schoolspring.com/","Natrona School District 1",2026-07-10
"552","Instructional Facilitator - Behavior Interventionist Beginning the 2026-2027 School Year",2026-05-11,"Curriculum and Instruction","Casper, Wyoming","https://natronaschools.schoolspring.com/","Natrona School District 1",2026-07-10
"553","NCHS Education Support Personnel to begin the 2026-27 School Year",2026-05-07,"Natrona County High School","Casper, Wyoming","https://natronaschools.schoolspring.com/","Natrona School District 1",2026-07-10
"554","CYMS Part Time Education Support Personnel beginning for the 2026-2027 school year",2026-04-30,"CY Middle School","Casper, Wyoming","https://natronaschools.schoolspring.com/","Natrona School District 1",2026-07-10
"555","CYMS Education Support Specialist BASE beginning for the 26-27 school year",2026-04-30,"CY Middle School","Casper, Wyoming","https://natronaschools.schoolspring.com/","Natrona School District 1",2026-07-10
"556","CYMS Lead Custodian - Night",2026-04-30,"CY Middle School","Casper, Wyoming","https://natronaschools.schoolspring.com/","Natrona School District 1",2026-07-10
"557","Manor Heights BASE Education Support Specialist beginning for the 26-27 school year",2026-04-30,"Manor Heights Elementary","Casper, Wyoming","https://natronaschools.schoolspring.com/","Natrona School District 1",2026-07-10
"558","Dean Morgan Education Support Personnel Beginning 26-27 School Year",2026-04-30,"Dean Morgan Middle School","Casper, Wyoming","https://natronaschools.schoolspring.com/","Natrona School District 1",2026-07-10
"559","Sagewood Behavior and Substitute Support Personnel Beginning 26-27 School Year",2026-04-30,"Sagewood Elementary","Casper, Wyoming","https://natronaschools.schoolspring.com/","Natrona School District 1",2026-07-10
"560","CYMS Head Cheer Coach",2026-04-24,"CY Middle School","Casper, Wyoming","https://natronaschools.schoolspring.com/","Natrona School District 1",2026-07-10
"561","Substitute Custodian",2026-04-09,"Human Resources","Casper, Wyoming","https://natronaschools.schoolspring.com/","Natrona School District 1",2026-07-10
"562","Substitute Nurse",2026-04-09,"Human Resources","Casper, Wyoming","https://natronaschools.schoolspring.com/","Natrona School District 1",2026-07-10
"563","Seasonal Grounds Worker",2026-04-01,"Plant/Maintenance","Casper, Wyoming","https://natronaschools.schoolspring.com/","Natrona School District 1",2026-07-10
"564","Lincoln Art Teacher for the 26-27 School Year Only",2026-03-30,"Lincoln Elementary","Casper, Wyoming","https://natronaschools.schoolspring.com/","Natrona School District 1",2026-07-10
"565","Physical Therapist to begin 2026-2027 School Year",2026-03-18,"Special Education Services Center","Casper, Wyoming","https://natronaschools.schoolspring.com/","Natrona School District 1",2026-07-10
"566","Substitute Bus Driver",2026-02-13,"Transportation","Casper, Wyoming","https://natronaschools.schoolspring.com/","Natrona School District 1",2026-07-10
"567","Centennial Head Girls Soccer Coach",2026-01-16,"Centennial Middle School","Casper, Wyoming","https://natronaschools.schoolspring.com/","Natrona School District 1",2026-07-10
"568","KWHS - Marine Instructor (MI) OR Senior ROTC Marine Instructor (SMI)",2025-07-10,"Kelly Walsh High School","Casper, Wyoming","https://natronaschools.schoolspring.com/","Natrona School District 1",2026-07-10
"569","Academic Tutor",2026-07-08,"Burns Jr./Sr. High School","Burns, Wyoming","https://laramie2.schoolspring.com/","Laramie County School District 2",2026-07-10
"570","Secondary Counselor/Social Worker",2026-07-06,"Burns Jr./Sr. High School","Burns, Wyoming","https://laramie2.schoolspring.com/","Laramie County School District 2",2026-07-10
"571","Head Teacher 2026-2027 School Year",2026-06-09,"Carpenter Elementary","Carpenter, Wyoming","https://laramie2.schoolspring.com/","Laramie County School District 2",2026-07-10
"572","K-12 Instructional Coach",2026-05-13,"LARAMIE COUNTY SD #2","Pine Bluffs, Wyoming","https://laramie2.schoolspring.com/","Laramie County School District 2",2026-07-10
"573","Events Coordinator",2026-05-08,"Burns Jr./Sr. High School","Burns, Wyoming","https://laramie2.schoolspring.com/","Laramie County School District 2",2026-07-10
"574","Paraprofessional",2026-04-27,"LARAMIE COUNTY SD #2","Pine Bluffs, Wyoming","https://laramie2.schoolspring.com/","Laramie County School District 2",2026-07-10
"575","Speech Language Pathologist Assistant",2026-04-23,"LARAMIE COUNTY SD #2","Pine Bluffs, Wyoming","https://laramie2.schoolspring.com/","Laramie County School District 2",2026-07-10
"576","Custodian",2026-03-23,"Burns Jr./Sr. High School","Burns, Wyoming","https://laramie2.schoolspring.com/","Laramie County School District 2",2026-07-10
"577","Speech-Language Pathologist 2026-27 School Year (Signing Bonus)",2026-03-12,"LARAMIE COUNTY SD #2","Pine Bluffs, Wyoming","https://laramie2.schoolspring.com/","Laramie County School District 2",2026-07-10
"578","Assistant High School Football Coach",2026-02-24,"Burns Jr./Sr. High School","Burns, Wyoming","https://laramie2.schoolspring.com/","Laramie County School District 2",2026-07-10
"579","Elementary Teacher 2026-27 School Year",2026-02-02,"LARAMIE COUNTY SD #2","Pine Bluffs, Wyoming","https://laramie2.schoolspring.com/","Laramie County School District 2",2026-07-10
"580","Assistant JH Volleyball Numbers Coach",2025-12-02,"Burns Jr./Sr. High School","Burns, Wyoming","https://laramie2.schoolspring.com/","Laramie County School District 2",2026-07-10
"581","Substitute School Nurse",2025-09-15,"LARAMIE COUNTY SD #2","Pine Bluffs, Wyoming","https://laramie2.schoolspring.com/","Laramie County School District 2",2026-07-10
"582","ELL Parent Translator Contactor",2025-09-15,"LARAMIE COUNTY SD #2","Pine Bluffs, Wyoming","https://laramie2.schoolspring.com/","Laramie County School District 2",2026-07-10
"583","Assistant JH Football Coach",2025-08-05,"Burns Jr./Sr. High School","Burns, Wyoming","https://laramie2.schoolspring.com/","Laramie County School District 2",2026-07-10
"584","ELL Paraprofessional",2025-06-10,"LARAMIE COUNTY SD #2","Pine Bluffs, Wyoming","https://laramie2.schoolspring.com/","Laramie County School District 2",2026-07-10
"585","Sub Paraprofessional",2025-01-30,"LARAMIE COUNTY SD #2","Pine Bluffs, Wyoming","https://laramie2.schoolspring.com/","Laramie County School District 2",2026-07-10
"586","Sub Custodian",2025-01-30,"LARAMIE COUNTY SD #2","Pine Bluffs, Wyoming","https://laramie2.schoolspring.com/","Laramie County School District 2",2026-07-10
"587","Substitute Cook",2025-01-30,"LARAMIE COUNTY SD #2","Pine Bluffs, Wyoming","https://laramie2.schoolspring.com/","Laramie County School District 2",2026-07-10
"588","Substitute Teacher",2025-01-30,"LARAMIE COUNTY SD #2","Pine Bluffs, Wyoming","https://laramie2.schoolspring.com/","Laramie County School District 2",2026-07-10
"589","Substitute Bus Driver",2025-01-30,"LARAMIE COUNTY SD #2","Pine Bluffs, Wyoming","https://laramie2.schoolspring.com/","Laramie County School District 2",2026-07-10
"590","NATIVE AMERICAN STUDENT ADVOCATE",2026-07-07,"Fremont County School District 25","Riverton, Wyoming","https://fremont25.schoolspring.com/","Fremont County School District 25",2026-07-10
"591","LAWN CREW",2026-06-23,"MAINTANENCE","Riverton, Wyoming","https://fremont25.schoolspring.com/","Fremont County School District 25",2026-07-10
"592","INTERIM HIGH SCHOOL ASSISTANT COACH (MARCHING BAND)",2026-06-10,"RIVERTON HIGH SCHOOL","Riverton, Wyoming","https://fremont25.schoolspring.com/","Fremont County School District 25",2026-07-10
"593","ELEMENTARY TEACHER (SPED BSP/LR)",2026-06-02,"ASPEN ELEMENTARY","Riverton, Wyoming","https://fremont25.schoolspring.com/","Fremont County School District 25",2026-07-10
"594","MIDDLE SCHOOL ASSISTANT COACH (WRESTLING)",2026-05-27,"RIVERTON MIDDLE SCHOOL","Riverton, Wyoming","https://fremont25.schoolspring.com/","Fremont County School District 25",2026-07-10
"595","CUSTODIAN LEAD",2026-05-21,"RIVERTON HIGH SCHOOL","Riverton, Wyoming","https://fremont25.schoolspring.com/","Fremont County School District 25",2026-07-10
"596","HIGH SCHOOL ASSISTANT COACH (WRESTLING)",2026-05-21,"RIVERTON HIGH SCHOOL","Riverton, Wyoming","https://fremont25.schoolspring.com/","Fremont County School District 25",2026-07-10
"597","ELEMENTARY TEACHER (SPED)",2026-05-12,"ASPEN ELEMENTARY","Riverton, Wyoming","https://fremont25.schoolspring.com/","Fremont County School District 25",2026-07-10
"598","INSTRUCTIONAL SUPPORT SPECIALIST",2026-04-13,"Fremont County School District 25","Riverton, Wyoming","https://fremont25.schoolspring.com/","Fremont County School District 25",2026-07-10
"599","HOMEBOUND AND DISTRICT PLACEMENT SPECIAL EDUCATION TEACHER (SPED)",2026-04-08,"Fremont County School District 25","Riverton, Wyoming","https://fremont25.schoolspring.com/","Fremont County School District 25",2026-07-10
"600","2026-2027 PARAPROFESSIONAL POOL",2026-03-27,"Fremont County School District 25","Riverton, Wyoming","https://fremont25.schoolspring.com/","Fremont County School District 25",2026-07-10
"601","SUBSTITUTE BUS DRIVER",2026-03-20,"BUS GARAGE - TRANSPORTATION","Riverton, Wyoming","https://fremont25.schoolspring.com/","Fremont County School District 25",2026-07-10
"602","SPEECH LANGUAGE PATHOLOGIST",2026-02-09,"Fremont County School District 25","Riverton, Wyoming","https://fremont25.schoolspring.com/","Fremont County School District 25",2026-07-10
"603","BUS AIDE",2025-10-17,"BUS GARAGE - TRANSPORTATION","Riverton, Wyoming","https://fremont25.schoolspring.com/","Fremont County School District 25",2026-07-10
"604","BUS DRIVER (PART TIME)",2025-10-17,"BUS GARAGE - TRANSPORTATION","Riverton, Wyoming","https://fremont25.schoolspring.com/","Fremont County School District 25",2026-07-10
"605","SUBSTITUTE PARA",2025-09-26,"Fremont County School District 25","Riverton, Wyoming","https://fremont25.schoolspring.com/","Fremont County School District 25",2026-07-10
"606","HIGH SCHOOL ASSISTANT COACH (CHEER)",2025-03-23,"RIVERTON HIGH SCHOOL","Riverton, Wyoming","https://fremont25.schoolspring.com/","Fremont County School District 25",2026-07-10
"607","SUBSTITUTE INTERPRETER FOR DEAF/HARD OF HEARING STUDENTS",2025-01-16,"Fremont County School District 25","Riverton, Wyoming","https://fremont25.schoolspring.com/","Fremont County School District 25",2026-07-10
"608","SUBSTITUTE CUSTODIAN",2024-09-17,"Fremont County School District 25","Riverton, Wyoming","https://fremont25.schoolspring.com/","Fremont County School District 25",2026-07-10
"609","SUBSTITUTE DAYCARE ASSISTANT",2024-07-22,"Fremont County School District 25","Riverton, Wyoming","https://fremont25.schoolspring.com/","Fremont County School District 25",2026-07-10
"610","SUBSTITUTE TEACHER",2024-07-18,"Fremont County School District 25","Riverton, Wyoming","https://fremont25.schoolspring.com/","Fremont County School District 25",2026-07-10
"611","SUBSTITUTE NURSE",2024-07-18,"Fremont County School District 25","Riverton, Wyoming","https://fremont25.schoolspring.com/","Fremont County School District 25",2026-07-10
"612","LIFEGUARD",2024-03-01,"RIVERTON AQUATICS CENTER","Riverton, Wyoming","https://fremont25.schoolspring.com/","Fremont County School District 25",2026-07-10
"613","DESK CLERK",2024-03-01,"RIVERTON AQUATICS CENTER","Riverton, Wyoming","https://fremont25.schoolspring.com/","Fremont County School District 25",2026-07-10
"614","Behavior Support Paraprofessional",2026-07-08,"Albany County School District 1","Laramie, Wyoming","https://acsd1.schoolspring.com/","Albany Count School District 1",2026-07-10
"615","Substitute Teacher",2026-07-08,"Albany County School District 1","Laramie, Wyoming","https://acsd1.schoolspring.com/","Albany Count School District 1",2026-07-10
"616","Behavior Support Paraprofessional",2026-07-08,"Slade Elementary School","Laramie, Wyoming","https://acsd1.schoolspring.com/","Albany Count School District 1",2026-07-10
"617","Resource/Title I Paraprofessional",2026-07-08,"Spring Creek Elementary School","Laramie, Wyoming","https://acsd1.schoolspring.com/","Albany Count School District 1",2026-07-10
"618","Resource/Title I Paraprofessional",2026-07-08,"Linford Elementary School","Laramie, Wyoming","https://acsd1.schoolspring.com/","Albany Count School District 1",2026-07-10
"619","Behavior Support Paraprofessional",2026-07-08,"Linford Elementary School","Laramie, Wyoming","https://acsd1.schoolspring.com/","Albany Count School District 1",2026-07-10
"620","Personalized Learning Services Paraprofessional",2026-07-08,"Indian Paintbrush Elementary School","Laramie, Wyoming","https://acsd1.schoolspring.com/","Albany Count School District 1",2026-07-10
"621","Behavior Support Paraprofessional",2026-07-08,"Indian Paintbrush Elementary School","Laramie, Wyoming","https://acsd1.schoolspring.com/","Albany Count School District 1",2026-07-10
"622","Behavior Support Paraprofessional",2026-07-08,"Laramie High School","Laramie, Wyoming","https://acsd1.schoolspring.com/","Albany Count School District 1",2026-07-10
"623","Personalized Learning Services Paraprofessional",2026-07-08,"Laramie High School","Laramie, Wyoming","https://acsd1.schoolspring.com/","Albany Count School District 1",2026-07-10
"624","Resource/Title I Paraprofessional",2026-07-08,"Laramie High School","Laramie, Wyoming","https://acsd1.schoolspring.com/","Albany Count School District 1",2026-07-10
"625","Non-SPED Paraprofessional",2026-07-08,"Laramie High School","Laramie, Wyoming","https://acsd1.schoolspring.com/","Albany Count School District 1",2026-07-10
"626","Resource/Title I Paraprofessional",2026-07-08,"Laramie Middle School","Laramie, Wyoming","https://acsd1.schoolspring.com/","Albany Count School District 1",2026-07-10
"627","Personalized Learning Services Paraprofessional",2026-07-08,"Laramie Middle School","Laramie, Wyoming","https://acsd1.schoolspring.com/","Albany Count School District 1",2026-07-10
"628","Behavior Support Paraprofessional",2026-07-08,"Laramie Middle School","Laramie, Wyoming","https://acsd1.schoolspring.com/","Albany Count School District 1",2026-07-10
"629","Transportation Manager",2026-07-01,"Albany County School District 1","Laramie, Wyoming","https://acsd1.schoolspring.com/","Albany Count School District 1",2026-07-10
"630","Special Education Teacher",2026-06-11,"Indian Paintbrush Elementary School","Laramie, Wyoming","https://acsd1.schoolspring.com/","Albany Count School District 1",2026-07-10
"631","High School Assistant Volleyball Coach",2026-06-08,"Laramie High School","Laramie, Wyoming","https://acsd1.schoolspring.com/","Albany Count School District 1",2026-07-10
"632","Junior High School Boys' Assistant Basketball Coach",2026-06-08,"Rock River Junior High","Rock River, Wyoming","https://acsd1.schoolspring.com/","Albany Count School District 1",2026-07-10
"633","Middle School Assistant Track Coach",2026-06-08,"Laramie Middle School","Laramie, Wyoming","https://acsd1.schoolspring.com/","Albany Count School District 1",2026-07-10
"634","Educational Sign Language Interpreter",2026-05-29,"Albany County School District 1","Laramie, Wyoming","https://acsd1.schoolspring.com/","Albany Count School District 1",2026-07-10
"635","Middle School Boys' Basketball Coach",2026-05-28,"Laramie Middle School","Laramie, Wyoming","https://acsd1.schoolspring.com/","Albany Count School District 1",2026-07-10
"636","Sports Paraprofessional",2026-05-28,"Laramie Middle School","Laramie, Wyoming","https://acsd1.schoolspring.com/","Albany Count School District 1",2026-07-10
"637","Childcare/Daycare Paraprofessional",2026-05-19,"Whiting High School","Laramie, Wyoming","https://acsd1.schoolspring.com/","Albany Count School District 1",2026-07-10
"638","Middle School Girls' Basketball Coach",2026-05-18,"Laramie Middle School","Laramie, Wyoming","https://acsd1.schoolspring.com/","Albany Count School District 1",2026-07-10
"639","Special Education Teacher",2026-05-18,"Laramie Middle School","Laramie, Wyoming","https://acsd1.schoolspring.com/","Albany Count School District 1",2026-07-10
"640","Certified Occupational Therapist",2026-04-03,"Albany County School District 1","Laramie, Wyoming","https://acsd1.schoolspring.com/","Albany Count School District 1",2026-07-10
"641","Nurse Educator",2026-03-27,"Whiting High School","Laramie, Wyoming","https://acsd1.schoolspring.com/","Albany Count School District 1",2026-07-10
"642","High School Assistant Golf Coach",2026-03-04,"Laramie High School","Laramie, Wyoming","https://acsd1.schoolspring.com/","Albany Count School District 1",2026-07-10
"643","Substitute Custodian",2025-07-21,"Albany County School District 1","Laramie, Wyoming","https://acsd1.schoolspring.com/","Albany Count School District 1",2026-07-10
"644","Bus Aide",2025-06-05,"Albany County School District 1","Laramie, Wyoming","https://acsd1.schoolspring.com/","Albany Count School District 1",2026-07-10
"645","Bus Driver",2025-06-05,"Albany County School District 1","Laramie, Wyoming","https://acsd1.schoolspring.com/","Albany Count School District 1",2026-07-10
"646","Elementary Multiple Teacher",2026-07-09,"4-J ELEMENTARY SCHOOL","Gillette, Wyoming","https://campbell.schoolspring.com/","Campbell County Scholl District 1",2026-07-10
"647","Instructional Assistant - SPEA",2026-07-09,"SUNFLOWER ELEMENTARY","Gillette, Wyoming","https://campbell.schoolspring.com/","Campbell County Scholl District 1",2026-07-10
"648","Instructional Assistant - SPEA",2026-07-09,"HILLCREST ELEMENTARY","Gillette, Wyoming","https://campbell.schoolspring.com/","Campbell County Scholl District 1",2026-07-10
"649","Custodian",2026-07-08,"TWIN SPRUCE JUNIOR HIGH SCHOOL","Gillette, Wyoming","https://campbell.schoolspring.com/","Campbell County Scholl District 1",2026-07-10
"650","Instructional Assistant - SPEA",2026-07-08,"CONESTOGA ELEMENTARY","Gillette, Wyoming","https://campbell.schoolspring.com/","Campbell County Scholl District 1",2026-07-10
"651","Instructional Assistant - SPEA - High Needs",2026-07-08,"CONESTOGA ELEMENTARY","Gillette, Wyoming","https://campbell.schoolspring.com/","Campbell County Scholl District 1",2026-07-10
"652","Instructional Assistant - SPEA",2026-07-08,"LAKEVIEW ELEMENTARY","Gillette, Wyoming","https://campbell.schoolspring.com/","Campbell County Scholl District 1",2026-07-10
"653","Instructional Assistant - SPEA - ASD",2026-07-08,"LAKEVIEW ELEMENTARY","Gillette, Wyoming","https://campbell.schoolspring.com/","Campbell County Scholl District 1",2026-07-10
"654","Instructional Assistant - Jr. Kindergarten SPEA",2026-07-08,"PRAIRIE WIND ELEMENTARY","Gillette, Wyoming","https://campbell.schoolspring.com/","Campbell County Scholl District 1",2026-07-10
"655","Instructional Assistant - SPEA",2026-07-08,"PRAIRIE WIND ELEMENTARY","Gillette, Wyoming","https://campbell.schoolspring.com/","Campbell County Scholl District 1",2026-07-10
"656","Instructional Assistant - SPEA",2026-07-08,"RAWHIDE ELEMENTARY","Gillette, Wyoming","https://campbell.schoolspring.com/","Campbell County Scholl District 1",2026-07-10
"657","Instructional Assistant - SPEA - ASD",2026-07-08,"RAWHIDE ELEMENTARY","Gillette, Wyoming","https://campbell.schoolspring.com/","Campbell County Scholl District 1",2026-07-10
"658","Technology Teacher",2026-07-08,"LAKEVIEW ELEMENTARY","Gillette, Wyoming","https://campbell.schoolspring.com/","Campbell County Scholl District 1",2026-07-10
"659","Skilled Maintenance Crafts - Mechanic",2026-07-07,"CAMPBELL COUNTY SCHOOL DISTRICT #1","Gillette, Wyoming","https://campbell.schoolspring.com/","Campbell County Scholl District 1",2026-07-10
"660","Instructional Assistant - Water Safety Assistant",2026-07-02,"CAMPBELL COUNTY SCHOOL DISTRICT #1","Gillette, Wyoming","https://campbell.schoolspring.com/","Campbell County Scholl District 1",2026-07-10
"661","Junior High Head Swimming Coach",2026-07-02,"CAMPBELL COUNTY SCHOOL DISTRICT #1","Gillette, Wyoming","https://campbell.schoolspring.com/","Campbell County Scholl District 1",2026-07-10
"662","Instructional Assistant - Behavior Assistant",2026-07-01,"PAINTBRUSH ELEMENTARY","Gillette, Wyoming","https://campbell.schoolspring.com/","Campbell County Scholl District 1",2026-07-10
"663","Instructional Assistant - SPEA - ED",2026-07-01,"PAINTBRUSH ELEMENTARY","Gillette, Wyoming","https://campbell.schoolspring.com/","Campbell County Scholl District 1",2026-07-10
"664","Instructional Assistant - SPEA",2026-07-01,"PAINTBRUSH ELEMENTARY","Gillette, Wyoming","https://campbell.schoolspring.com/","Campbell County Scholl District 1",2026-07-10
"665","Nutrition Service Assistant",2026-07-01,"CAMPBELL COUNTY SCHOOL DISTRICT #1","Gillette, Wyoming","https://campbell.schoolspring.com/","Campbell County Scholl District 1",2026-07-10
"666","Cafeteria Cook",2026-07-01,"CAMPBELL COUNTY SCHOOL DISTRICT #1","Gillette, Wyoming","https://campbell.schoolspring.com/","Campbell County Scholl District 1",2026-07-10
"667","Instructional Teacher Assistant",2026-07-01,"STOCKTRAIL ELEMENTARY","Gillette, Wyoming","https://campbell.schoolspring.com/","Campbell County Scholl District 1",2026-07-10
"668","Instructional Assistant - SPEA",2026-07-01,"STOCKTRAIL ELEMENTARY","Gillette, Wyoming","https://campbell.schoolspring.com/","Campbell County Scholl District 1",2026-07-10
"669","Hearing Impaired Interpreter",2026-07-01,"PRONGHORN ELEMENTARY","Gillette, Wyoming","https://campbell.schoolspring.com/","Campbell County Scholl District 1",2026-07-10
"670","Instructional Assistant - SPEA Hearing Impaired",2026-07-01,"PRONGHORN ELEMENTARY","Gillette, Wyoming","https://campbell.schoolspring.com/","Campbell County Scholl District 1",2026-07-10
"671","Instructional Assistant - SPEA",2026-07-01,"PRONGHORN ELEMENTARY","Gillette, Wyoming","https://campbell.schoolspring.com/","Campbell County Scholl District 1",2026-07-10
"672","Instructional Assistant - SPEA - ASD",2026-07-01,"PRONGHORN ELEMENTARY","Gillette, Wyoming","https://campbell.schoolspring.com/","Campbell County Scholl District 1",2026-07-10
"673","Instructional Assistant - SPEA",2026-07-01,"BUFFALO RIDGE ELEMENTARY SCHOOL","Gillette, Wyoming","https://campbell.schoolspring.com/","Campbell County Scholl District 1",2026-07-10
"674","Instructional Assistant - SPEA - High Needs",2026-07-01,"BUFFALO RIDGE ELEMENTARY SCHOOL","Gillette, Wyoming","https://campbell.schoolspring.com/","Campbell County Scholl District 1",2026-07-10
"675","Instructional Teacher Assistant",2026-07-01,"BUFFALO RIDGE ELEMENTARY SCHOOL","Gillette, Wyoming","https://campbell.schoolspring.com/","Campbell County Scholl District 1",2026-07-10
"676","Substitute Teacher",2026-07-01,"CAMPBELL COUNTY SCHOOL DISTRICT #1","Gillette, Wyoming","https://campbell.schoolspring.com/","Campbell County Scholl District 1",2026-07-10
"677","Instructional Assistant - Special Programs Education Assistant",2026-07-01,"WESTWOOD HIGH SCHOOL","Gillette, Wyoming","https://campbell.schoolspring.com/","Campbell County Scholl District 1",2026-07-10
"678","Exceptional Child Specialist/Resource Room",2026-06-22,"THUNDER BASIN HIGH SCHOOL","Gillette, Wyoming","https://campbell.schoolspring.com/","Campbell County Scholl District 1",2026-07-10
"679","7/8 Football Coach",2026-06-11,"WRIGHT JR./SR. HIGH SCHOOL","Wright, Wyoming","https://campbell.schoolspring.com/","Campbell County Scholl District 1",2026-07-10
"680","BUS DRIVER/BUS DRIVER IN TRAINING",2026-06-10,"CAMPBELL COUNTY SCHOOL DISTRICT #1","Gillette, Wyoming","https://campbell.schoolspring.com/","Campbell County Scholl District 1",2026-07-10
"681","7/8 Football Coach",2026-06-03,"TWIN SPRUCE JUNIOR HIGH SCHOOL","Gillette, Wyoming","https://campbell.schoolspring.com/","Campbell County Scholl District 1",2026-07-10
"682","7/8 Volleyball Coach",2026-06-03,"SAGE VALLEY JUNIOR HIGH SCHOOL","Gillette, Wyoming","https://campbell.schoolspring.com/","Campbell County Scholl District 1",2026-07-10
"683","English Teacher",2026-05-28,"CAMPBELL COUNTY HIGH SCHOOL","Gillette, Wyoming","https://campbell.schoolspring.com/","Campbell County Scholl District 1",2026-07-10
"684","Speech/Language Pathologist",2026-05-14,"CAMPBELL COUNTY SCHOOL DISTRICT #1","Gillette, Wyoming","https://campbell.schoolspring.com/","Campbell County Scholl District 1",2026-07-10
"685","Vocational Job Coach",2026-05-06,"THUNDER BASIN HIGH SCHOOL","Gillette, Wyoming","https://campbell.schoolspring.com/","Campbell County Scholl District 1",2026-07-10
"686","Teacher of the Visually Impaired",2026-03-05,"CAMPBELL COUNTY SCHOOL DISTRICT #1","Gillette, Wyoming","https://campbell.schoolspring.com/","Campbell County Scholl District 1",2026-07-10
"687","Instructional Assistant - SPEA - High Needs",2025-12-19,"HILLCREST ELEMENTARY","Gillette, Wyoming","https://campbell.schoolspring.com/","Campbell County Scholl District 1",2026-07-10
"688","Orientation and Mobility Specialist",2025-12-19,"CAMPBELL COUNTY SCHOOL DISTRICT #1","Gillette, Wyoming","https://campbell.schoolspring.com/","Campbell County Scholl District 1",2026-07-10
"689","Instructional Assistant - SPEA",2025-11-26,"HILLCREST ELEMENTARY","Gillette, Wyoming","https://campbell.schoolspring.com/","Campbell County Scholl District 1",2026-07-10
"690","Substitute School Nurse",2025-06-11,"CAMPBELL COUNTY SCHOOL DISTRICT #1","Gillette, Wyoming","https://campbell.schoolspring.com/","Campbell County Scholl District 1",2026-07-10
"691","SCHOOL PSYCHOLOGIST INTERN",2025-01-31,"CAMPBELL COUNTY SCHOOL DISTRICT #1","Gillette, Wyoming","https://campbell.schoolspring.com/","Campbell County Scholl District 1",2026-07-10
"692","Sample Classified Position",2010-02-16,"CAMPBELL COUNTY SCHOOL DISTRICT #1","Gillette, Wyoming","https://campbell.schoolspring.com/","Campbell County Scholl District 1",2026-07-10
"693","Sample Certified Position",2010-02-16,"CAMPBELL COUNTY SCHOOL DISTRICT #1","Gillette, Wyoming","https://campbell.schoolspring.com/","Campbell County Scholl District 1",2026-07-10
"694","Aide Pool- Star Valley",NA,"Classified","Star Valley","https://lcsd2.org/employment-opportunities/","Lincoln County School District 2",2026-07-10
"695","Musical Costumer- Star Valley High School",NA,"Classified","Star Valley High School","https://lcsd2.org/employment-opportunities/","Lincoln County School District 2",2026-07-10
"696","Educational Sign Language Interpreter- District Wide",NA,"Certified","District Wide","https://lcsd2.org/employment-opportunities/","Lincoln County School District 2",2026-07-10
"697","Certified Substitute Teacher Pool- Cokeville",NA,"Substitute","Cokeville","https://lcsd2.org/employment-opportunities/","Lincoln County School District 2",2026-07-10
"698","Certified Substitute Teacher Pool- Star Valley",NA,"Substitute","Star Valley","https://lcsd2.org/employment-opportunities/","Lincoln County School District 2",2026-07-10
"699","Substitute Bus Aides- Star Valley",NA,"Substitute","Star Valley","https://lcsd2.org/employment-opportunities/","Lincoln County School District 2",2026-07-10
"700","Substitute Bus Drivers- Cokeville",NA,"Substitute","Cokeville","https://lcsd2.org/employment-opportunities/","Lincoln County School District 2",2026-07-10
"701","Substitute Bus Drivers- Star Valley",NA,"Substitute","Star Valley","https://lcsd2.org/employment-opportunities/","Lincoln County School District 2",2026-07-10
"702","Substitute Food Service (Cooks)",NA,"Substitute","District Wide","https://lcsd2.org/employment-opportunities/","Lincoln County School District 2",2026-07-10
"703","Substitute School Nurse- Star Valley",NA,"Substitute","Star Valley","https://lcsd2.org/employment-opportunities/","Lincoln County School District 2",2026-07-10
"704","Assistant Boys Basketball Coach- Star Valley High School",NA,"Classified","Star Valley High School","https://lcsd2.org/employment-opportunities/","Lincoln County School District 2",2026-07-10
"705","Color Guard Advisor- Star Valley High School",NA,"Classified","Star Valley High School","https://lcsd2.org/employment-opportunities/","Lincoln County School District 2",2026-07-10
"706","Head Girls Soccer Coach- Star Valley High School",NA,"Classified","Star Valley High School","https://lcsd2.org/employment-opportunities/","Lincoln County School District 2",2026-07-10
"707","Volunteer Coach/Advisor",NA,"Classified","District Wide","https://lcsd2.org/employment-opportunities/","Lincoln County School District 2",2026-07-10
"708","Elementary Teacher K-6",NA,"Certified","Lusk","https://www.growingluskleaders.org/page/human-resources","Niobrara County School District 1",2026-07-10
"709","Music/Band Teacher",NA,"Certified","Lusk","https://www.growingluskleaders.org/page/human-resources","Niobrara County School District 1",2026-07-10
"710","Secondary English Teacher (Wyoming Virtual Academy)",NA,"Certified","Wyoming Virtual Academy","https://www.growingluskleaders.org/page/human-resources","Niobrara County School District 1",2026-07-10
"711","SPED Paraprofessional",NA,"Classified","Lusk","https://www.growingluskleaders.org/page/human-resources","Niobrara County School District 1",2026-07-10
"712","Daycare Staff Provider",NA,"Classified","Lusk","https://www.growingluskleaders.org/page/human-resources","Niobrara County School District 1",2026-07-10
"713","Library/Media Support Staff",NA,"Classified","Lusk Elementary School","https://www.growingluskleaders.org/page/human-resources","Niobrara County School District 1",2026-07-10
"714","Maintenance Worker - District Wide",NA,"Classified","District Wide","https://www.growingluskleaders.org/page/human-resources","Niobrara County School District 1",2026-07-10
"715","Bus Driver Substitutes - District Wide",NA,"Substitute","District Wide","https://www.growingluskleaders.org/page/human-resources","Niobrara County School District 1",2026-07-10
"716","Custodial Substitute - District Wide",NA,"Substitute","District Wide","https://www.growingluskleaders.org/page/human-resources","Niobrara County School District 1",2026-07-10
"717","Special Education Paraprofessional",NA,"Classified","District","https://pcsd16.com/271372_2","Park County School District 16",2026-07-10
"718","7-12 Grade Science Teacher",NA,"Certified","District","https://pcsd16.com/271372_2","Park County School District 16",2026-07-10
"719","HS Head Track Coach",NA,"Coaching","District","https://pcsd16.com/271372_2","Park County School District 16",2026-07-10
"720","MS Head Track Coach",NA,"Coaching","District","https://pcsd16.com/271372_2","Park County School District 16",2026-07-10
"721","School Guidance Counselor",NA,"Certified","District","https://pcsd16.com/271372_2","Park County School District 16",2026-07-10
"722","Substitute Teachers",NA,"Substitute","Wheatland, WY","https://www.platte1.org/89574_1","Platte County School District 1",2026-07-10
"723","Custodian Subs",NA,"Substitute","Wheatland, WY","https://www.platte1.org/89574_1","Platte County School District 1",2026-07-10
"724","WMS PE Teacher",NA,"Certified","Wheatland, WY","https://www.platte1.org/89574_1","Platte County School District 1",2026-07-10
"725","VB Aide",NA,"Classified","Wheatland, WY","https://www.platte1.org/89574_1","Platte County School District 1",2026-07-10
"726","Bus Driver",NA,"Classified","Wheatland, WY","https://www.platte1.org/89574_1","Platte County School District 1",2026-07-10
"727","WHS Assist Girls BBall Coach 2",NA,"Classified","Wheatland, WY","https://www.platte1.org/89574_1","Platte County School District 1",2026-07-10
"728","Substitute Activity Drivers",NA,"Classified","District","https://www.guernseysunrise.org/page/employment","Platte County School District 2",2026-07-10
"729","Substitute Certified Teachers",NA,"Substitute","District","https://www.guernseysunrise.org/page/employment","Platte County School District 2",2026-07-10
"730","Substitute Paraeducators",NA,"Classified","District","https://www.guernseysunrise.org/page/employment","Platte County School District 2",2026-07-10
"731","7–12 Science Teacher",NA,"Certified","Clearmont, WY","https://www.sheridan3.com/page/hr-and-career-opportunities","Sheridan County School District 3",2026-07-10
"732","Transportation Supervisor",NA,"Classified","District Wide","https://www.sheridan3.com/page/hr-and-career-opportunities","Sheridan County School District 3",2026-07-10
"733","Bus Driver",NA,"Classified","District Wide","https://www.sheridan3.com/page/hr-and-career-opportunities","Sheridan County School District 3",2026-07-10
"734","Junior High Boys Head Basketball Coach",NA,"Coaching","Junior High","https://www.sheridan3.com/page/hr-and-career-opportunities","Sheridan County School District 3",2026-07-10
"735","District Librarian / Substitute Teacher",NA,"Certified","District Wide","https://www.sheridan3.com/page/hr-and-career-opportunities","Sheridan County School District 3",2026-07-10
"736","Food Service / Custodial Supervisor",NA,"Classified","District Wide","https://www.sheridan3.com/page/hr-and-career-opportunities","Sheridan County School District 3",2026-07-10
"737","7th Grade Volleyball Coach 06-16-2026.docx",NA,"Certified","District","https://www.sub1.org/en-US/employment-and-human-resources-f26202d3","Sublette County School District 1",2026-07-10
"738","HS Girls Assistant Wrestling Coach - 26-27",NA,"Coaching","District","https://www.sub1.org/en-US/employment-and-human-resources-f26202d3","Sublette County School District 1",2026-07-10
"739","PES Custodian 6/15/2026.docx",NA,"Classified","District","https://www.sub1.org/en-US/employment-and-human-resources-f26202d3","Sublette County School District 1",2026-07-10
"740","Speech Language Pathologist Assistant (SLPA) 26-27.docx",NA,"Coaching","District","https://www.sub1.org/en-US/employment-and-human-resources-f26202d3","Sublette County School District 1",2026-07-10
"741","Substitute Bus Driver",NA,"Certified","District","https://www.sub1.org/en-US/employment-and-human-resources-f26202d3","Sublette County School District 1",2026-07-10
"742","Substitute School Nurse",NA,"Classified","District","https://www.sub1.org/en-US/employment-and-human-resources-f26202d3","Sublette County School District 1",2026-07-10
"743","Substitutes",NA,"Classified","District","https://www.sub1.org/en-US/employment-and-human-resources-f26202d3","Sublette County School District 1",2026-07-10
"744","K-12 Special Education Teacher",NA,"Certified","Uinta County School District #4","https://www.uinta4.com/departments/business_office/job_opportunities/current_openings","Uinta County School District 4",2026-07-10
"745","Secondary Math Teacher",NA,"Certified","Uinta County School District #4","https://www.uinta4.com/departments/business_office/job_opportunities/current_openings","Uinta County School District 4",2026-07-10
"746","Secondary Science Teacher",NA,"Certified","Uinta County School District #4","https://www.uinta4.com/departments/business_office/job_opportunities/current_openings","Uinta County School District 4",2026-07-10
"747","SPED Consultant Case Manager (part-time)",NA,"Certified","Uinta County School District #4","https://www.uinta4.com/departments/business_office/job_opportunities/current_openings","Uinta County School District 4",2026-07-10
"748","School Bus Route Driver",NA,"Classified","Uinta County School District #4","https://www.uinta4.com/departments/business_office/job_opportunities/current_openings","Uinta County School District 4",2026-07-10
"749","HS Varsity Wrestling",NA,"Coaching","Uinta County School District #4","https://www.uinta4.com/departments/business_office/job_opportunities/current_openings","Uinta County School District 4",2026-07-10
"750","HS Assistant Boys Basketball (Freshman)",NA,"Coaching","Uinta County School District #4","https://www.uinta4.com/departments/business_office/job_opportunities/current_openings","Uinta County School District 4",2026-07-10
"751","Assistant Girls Basketball (JV and Freshman)",NA,"Coaching","Uinta County School District #4","https://www.uinta4.com/departments/business_office/job_opportunities/current_openings","Uinta County School District 4",2026-07-10
"752","Assistant Girls Wrestling (pending participation numbers)",NA,"Coaching","Uinta County School District #4","https://www.uinta4.com/departments/business_office/job_opportunities/current_openings","Uinta County School District 4",2026-07-10
"753","Assistant Volleyball (pending participation numbers)",NA,"Coaching","Uinta County School District #4","https://www.uinta4.com/departments/business_office/job_opportunities/current_openings","Uinta County School District 4",2026-07-10
"754","Head Girls Wrestling",NA,"Coaching","Uinta County School District #4","https://www.uinta4.com/departments/business_office/job_opportunities/current_openings","Uinta County School District 4",2026-07-10
"755","Assistant Girls Wrestling",NA,"Coaching","Uinta County School District #4","https://www.uinta4.com/departments/business_office/job_opportunities/current_openings","Uinta County School District 4",2026-07-10
"756","Special Education Teacher",NA,"Certified","Lyman","https://sites.google.com/lymanschools.org/ucsd6/home/job-openings?authuser=0","Uinta County School District 6",2026-07-10
"757","Substitute School Bus Driver",NA,"Classified","Lyman","https://sites.google.com/lymanschools.org/ucsd6/home/job-openings?authuser=0","Uinta County School District 6",2026-07-10
"758","Substitute School Bus Aide",NA,"Classified","Lyman","https://sites.google.com/lymanschools.org/ucsd6/home/job-openings?authuser=0","Uinta County School District 6",2026-07-10
"759","Title I Teacher",NA,"Certified","Lyman","https://sites.google.com/lymanschools.org/ucsd6/home/job-openings?authuser=0","Uinta County School District 6",2026-07-10
"760","Accompanist (Part-Time)",NA,"Classified","Lyman","https://sites.google.com/lymanschools.org/ucsd6/home/job-openings?authuser=0","Uinta County School District 6",2026-07-10
"761","High School Boys Assistant Swim Coach",NA,"Coaching","Lyman","https://sites.google.com/lymanschools.org/ucsd6/home/job-openings?authuser=0","Uinta County School District 6",2026-07-10
"762","K–12 Music Teacher (2026–27 School Year)",NA,"Certified","District","https://www.wsh2.k12.wy.us/apps/pages/index.jsp?uREC_ID=440610&type=d&pREC_ID=1008214","Washakie County School District 2",2026-07-10
"763","High School Girls Basketball Coach",NA,"Coaching","District","https://www.wsh2.k12.wy.us/apps/pages/index.jsp?uREC_ID=440610&type=d&pREC_ID=1008214","Washakie County School District 2",2026-07-10
"764","Business Manager Position",NA,"Classified","District","https://www.wcsd1.org/apps/pages/Career_Opportunities","Weston County School District 1",2026-07-10
"765","Speech Language Pathologist Job Description",NA,"Certified","District","https://www.wcsd1.org/apps/pages/Career_Opportunities","Weston County School District 1",2026-07-10
"766","Job Description - Music Teacher K12",NA,"Certified","District","https://www.wcsd1.org/apps/pages/Career_Opportunities","Weston County School District 1",2026-07-10
"767","Industrial Arts/Woodworking Teacher (9-12) Description",NA,"Certified","District","https://www.wcsd1.org/apps/pages/Career_Opportunities","Weston County School District 1",2026-07-10
"768","Special Education Case Manager Job Description",NA,"Classified","District","https://www.wcsd1.org/apps/pages/Career_Opportunities","Weston County School District 1",2026-07-10
"769","Special Education Paraprofessional Positions",NA,"Classified","District","https://www.wcsd1.org/apps/pages/Career_Opportunities","Weston County School District 1",2026-07-10
"770","Head Boys and Girls Swimming Coach",NA,"Coaching","District","https://www.wcsd1.org/apps/pages/Career_Opportunities","Weston County School District 1",2026-07-10
"771","MS HEAD BOYS SOCCER COACH",NA,"Coaching","District","https://www.wcsd1.org/apps/pages/Career_Opportunities","Weston County School District 1",2026-07-10
"772","MS Head Girls Soccer Coach",NA,"Coaching","District","https://www.wcsd1.org/apps/pages/Career_Opportunities","Weston County School District 1",2026-07-10
"773","HS assistant VB coach",NA,"Coaching","District","https://www.wcsd1.org/apps/pages/Career_Opportunities","Weston County School District 1",2026-07-10
"774","HS Assistant Cross Country Coach",NA,"Coaching","District","https://www.wcsd1.org/apps/pages/Career_Opportunities","Weston County School District 1",2026-07-10
"775","AssistantBoysSoccerCoach",NA,"Coaching","District","https://www.wcsd1.org/apps/pages/Career_Opportunities","Weston County School District 1",2026-07-10
"776","Route Bus Drivers",NA,"Classified","District","https://www.wcsd1.org/apps/pages/Career_Opportunities","Weston County School District 1",2026-07-10
"777","Substitutes",NA,"Substitute","District","https://www.wcsd1.org/apps/pages/Career_Opportunities","Weston County School District 1",2026-07-10
"778","Custodial-Kitchensubs",NA,"Classified","District","https://www.wcsd1.org/apps/pages/Career_Opportunities","Weston County School District 1",2026-07-10
"779","Sub Bus Drivers",NA,"Classified","District","https://www.wcsd1.org/apps/pages/Career_Opportunities","Weston County School District 1",2026-07-10
"780","Substitute Teacher",NA,"Substitutes","Upton, WY","https://www.weston7.org/o/wcsd/page/employment","Weston County School District 7",2026-07-10
"781","Substitute Paraprofessional",NA,"Classified","Upton, WY","https://www.weston7.org/o/wcsd/page/employment","Weston County School District 7",2026-07-10
"782","Substitute Custodian",NA,"Classified","Upton, WY","https://www.weston7.org/o/wcsd/page/employment","Weston County School District 7",2026-07-10
"783","Substitute Bus Driver",NA,"Classified","Upton, WY","https://www.weston7.org/o/wcsd/page/employment","Weston County School District 7",2026-07-10
"784","Substitute Lunchroom Cook",NA,"Classified","Upton, WY","https://www.weston7.org/o/wcsd/page/employment","Weston County School District 7",2026-07-10
"785","Substitutes (all areas: bus driver, custodial, cook, SPED aide, teacher)",NA,"Classified","Upton, WY","https://www.weston7.org/o/wcsd/page/employment","Weston County School District 7",2026-07-10
"786","Middle School Football Coach",NA,"Coaching","Upton, WY","https://www.weston7.org/o/wcsd/page/employment","Weston County School District 7",2026-07-10
"787","Assistant Middle School Boys Basketball Coach",NA,"Seasonal","Certified","https://jobs.redroverk12.com/org/hotsprings1/opening/178913","Hot Springs County School District 1",2026-07-10
"788","Title I Paraprofessional",NA,"Full Time","Classified","https://jobs.redroverk12.com/org/hotsprings1/opening/177682","Hot Springs County School District 1",2026-07-10
"789","Special Education Paraprofessional",NA,"Full Time","Classified","https://jobs.redroverk12.com/org/hotsprings1/opening/175718","Hot Springs County School District 1",2026-07-10
"790","Assistant High School Speech & Debate Sponsor",NA,"Other","Classified","https://jobs.redroverk12.com/org/hotsprings1/opening/167695","Hot Springs County School District 1",2026-07-10
"791","Part-time Custodian",NA,"Part Time","Classified","https://jobs.redroverk12.com/org/hotsprings1/opening/128761","Hot Springs County School District 1",2026-07-10
"792","Transportation Assistant",NA,"Part Time","Classified","https://jobs.redroverk12.com/org/hotsprings1/opening/162215","Hot Springs County School District 1",2026-07-10
"793","Bus Driver",NA,"Part Time","Classified","https://jobs.redroverk12.com/org/hotsprings1/opening/162208","Hot Springs County School District 1",2026-07-10
"794","Crossing Guard",NA,"Part Time","Classified","https://jobs.redroverk12.com/org/hotsprings1/opening/162209","Hot Springs County School District 1",2026-07-10
"795","Substitute Paraprofessional",NA,"Substitute","Substitute","https://jobs.redroverk12.com/org/hotsprings1/opening/128737","Hot Springs County School District 1",2026-07-10
"796","Child Nutrition Cook",NA,"Part Time","Classified","https://jobs.redroverk12.com/org/hotsprings1/opening/151103","Hot Springs County School District 1",2026-07-10
"797","Substitute Teacher",NA,"Substitute","Substitute","https://jobs.redroverk12.com/org/hotsprings1/opening/128617","Hot Springs County School District 1",2026-07-10
"798","Head Cheer Coach",NA,"Seasonal","Head Coach","https://jobs.redroverk12.com/org/jcsd1/opening/179590","Johnson County School District 1",2026-07-10
"799","Food Service Kitchen Lead",NA,"Full Time","Food Service Lead","https://jobs.redroverk12.com/org/jcsd1/opening/178704","Johnson County School District 1",2026-07-10
"800","Head Middle School Boys Basketball Coach",NA,"Other","Head Coach","https://jobs.redroverk12.com/org/jcsd1/opening/175320","Johnson County School District 1",2026-07-10
"801","FBLA Sponsor",NA,"Seasonal","Activity Sponsor","https://jobs.redroverk12.com/org/jcsd1/opening/178194","Johnson County School District 1",2026-07-10
"802","Assistant Marching Band Sponsor",NA,"Seasonal","Assistant Coach","https://jobs.redroverk12.com/org/jcsd1/opening/166153","Johnson County School District 1",2026-07-10
"803","Assistant Middle School Boys Basketball Coach",NA,"Other","Assistant Coach","https://jobs.redroverk12.com/org/jcsd1/opening/164727","Johnson County School District 1",2026-07-10
"804","Food Service Warehouse Transport",NA,"Full Time","Food Warehouse Transport","https://jobs.redroverk12.com/org/jcsd1/opening/155290","Johnson County School District 1",2026-07-10
"805","Sign Language Interpreter",NA,"Full Time","Sign Language Interpreter","https://jobs.redroverk12.com/org/jcsd1/opening/150867","Johnson County School District 1",2026-07-10
"806","Food Prep Tech",NA,"Part Time","Food Service Tech Prep","https://jobs.redroverk12.com/org/jcsd1/opening/145949","Johnson County School District 1",2026-07-10
"807","Paraprofessional Substitute",NA,"Substitute","Substitute Paraprofessional","https://jobs.redroverk12.com/org/jcsd1/opening/142219","Johnson County School District 1",2026-07-10
"808","Custodian Staff Substitute",NA,"Substitute","Custodian","https://jobs.redroverk12.com/org/jcsd1/opening/137493","Johnson County School District 1",2026-07-10
"809","Food Service Staff Substitute",NA,"Substitute","Food Service Tech Prep","https://jobs.redroverk12.com/org/jcsd1/opening/134419","Johnson County School District 1",2026-07-10
"810","Substitute Teacher",NA,"Substitute","Substitute Teacher","https://jobs.redroverk12.com/org/jcsd1/opening/132190","Johnson County School District 1",2026-07-10
"811","Substitute Buffalo Bus Route Driver",NA,"Substitute","Bus Driver","https://jobs.redroverk12.com/org/jcsd1/opening/131082","Johnson County School District 1",2026-07-10
"812","Substitute Kaycee Bus Route Driver",NA,"Substitute","Bus Driver","https://jobs.redroverk12.com/org/jcsd1/opening/131059","Johnson County School District 1",2026-07-10
"813","K-12 Special Education Para-Professional",NA,"Full Time","Paraeducator","https://jobs.redroverk12.com/org/PCSD2/opening/179982","Platte County School District 2",2026-07-10
"814","Part-Time Food Service Assistant",NA,"Part Time","Food Services","https://jobs.redroverk12.com/org/PCSD2/opening/176090","Platte County School District 2",2026-07-10
"815","Assistant Track Coach",NA,"Seasonal","Coach/Sponsor","https://jobs.redroverk12.com/org/PCSD2/opening/170973","Platte County School District 2",2026-07-10
"816","Lego League Co-Sponsor",NA,"Seasonal","Coach/Sponsor","https://jobs.redroverk12.com/org/PCSD2/opening/169186","Platte County School District 2",2026-07-10
"817","Close Up Co-Sponsor",NA,"Seasonal","Coach/Sponsor","https://jobs.redroverk12.com/org/PCSD2/opening/169154","Platte County School District 2",2026-07-10
"818","Assistant HS Volleyball Coach",NA,"Seasonal","Coach/Sponsor","https://jobs.redroverk12.com/org/PCSD2/opening/169182","Platte County School District 2",2026-07-10
"819","Prom Sponsor",NA,"Seasonal","Coach/Sponsor","https://jobs.redroverk12.com/org/PCSD2/opening/169181","Platte County School District 2",2026-07-10
"820","Jr High Boys Basketball Coach",NA,"Seasonal","Coach/Sponsor","https://jobs.redroverk12.com/org/PCSD2/opening/169168","Platte County School District 2",2026-07-10
"821","Jr High Girls Basketball Coach",NA,"Seasonal","Coach/Sponsor","https://jobs.redroverk12.com/org/PCSD2/opening/169171","Platte County School District 2",2026-07-10
"822","3rd Grade Elementary Teacher",NA,"Full Time","Teacher","https://jobs.redroverk12.com/org/PCSD2/opening/169140","Platte County School District 2",2026-07-10
"823","Jr High Girls Volleyball Coach",NA,"Seasonal","Coach/Sponsor","https://jobs.redroverk12.com/org/PCSD2/opening/143316","Platte County School District 2",2026-07-10
"824","Middle School Special Education Paraprofessional",NA,"Full Time","Paraprofessional","https://jobs.redroverk12.com/org/SCSD9/opening/171712","Sublette County School District 9",2026-07-10
"825","Elementary Special Education Paraprofessional",NA,"Full Time","Paraprofessional","https://jobs.redroverk12.com/org/SCSD9/opening/171721","Sublette County School District 9",2026-07-10
"826","Head Middle School Boys Wrestling Coach",NA,"Seasonal","Coach","https://jobs.redroverk12.com/org/SCSD9/opening/164892","Sublette County School District 9",2026-07-10
"827","Head HS Girls Basketball Coach",NA,"Seasonal","Coach","https://jobs.redroverk12.com/org/SCSD9/opening/159007","Sublette County School District 9",2026-07-10
"828","Certified Substitute Teacher",NA,"Substitute","Teacher","https://jobs.redroverk12.com/org/SCSD9/opening/151690","Sublette County School District 9",2026-07-10
"829","Substitute Bus Driver",NA,"Substitute","Bus Driver","https://jobs.redroverk12.com/org/SCSD9/opening/151630","Sublette County School District 9",2026-07-10
