"X","title","date_posted","position","location","url","District","Archive_Date"
1,"(1500) Assistant MS Track Coach-Cowley","2025-08-25","Athletics/ Activities/","Rocky Mountain Middle/High School","https://www.applitrack.com/bighorn1/onlineapp/JobPostings/view.asp?all=1","Big Horn School District 1","2026-01-30"
2,"Head Coach High School Volleyball-Burlington","2025-12-16","Athletics/ Activities/","Burlington Schools","https://www.applitrack.com/bighorn1/onlineapp/JobPostings/view.asp?all=1","Big Horn School District 1","2026-01-30"
3,"Sub Nurse","2020-09-23","Student Support Services/","Big Horn Co School District 1","https://www.applitrack.com/bighorn1/onlineapp/JobPostings/view.asp?all=1","Big Horn School District 1","2026-01-30"
4,"Sub - Teacher","2020-09-23","Substitute/","Big Horn Co School District 1","https://www.applitrack.com/bighorn1/onlineapp/JobPostings/view.asp?all=1","Big Horn School District 1","2026-01-30"
5,"Sub- Custodial/Cook/Secretary","2020-09-23","Support Staff/","Big Horn Co School District 1","https://www.applitrack.com/bighorn1/onlineapp/JobPostings/view.asp?all=1","Big Horn School District 1","2026-01-30"
6,"Sub - Paraprofessional","2020-09-23","Support Staff/","Big Horn Co School District 1","https://www.applitrack.com/bighorn1/onlineapp/JobPostings/view.asp?all=1","Big Horn School District 1","2026-01-30"
7,"Sub- Route Bus Driver - Burlington","2020-09-23","Support Staff/","Bus Barn - South","https://www.applitrack.com/bighorn1/onlineapp/JobPostings/view.asp?all=1","Big Horn School District 1","2026-01-30"
8,"Sub- Route Bus Driver - Cowley","2020-09-23","Support Staff/","Bus Barn - North","https://www.applitrack.com/bighorn1/onlineapp/JobPostings/view.asp?all=1","Big Horn School District 1","2026-01-30"
9,"High School Mathematics Teacher","2026-01-27","High School Teaching/","Lovell High School","https://www.applitrack.com/bgh2/onlineapp/default.aspx?all=1","Big Horn School District 2","2026-01-30"
10,"Substitute Teacher","2022-03-30","Substitute/","Big Horn County School District #2","https://www.applitrack.com/bgh2/onlineapp/default.aspx?all=1","Big Horn School District 2","2026-01-30"
11,"Substitute Route and Activity Bus Drivers","2022-03-29","Transportation","Big Horn County School District #2","https://www.applitrack.com/bgh2/onlineapp/default.aspx?all=1","Big Horn School District 2","2026-01-30"
12,"Route Bus Driver","2025-05-27","Transportation/","Big Horn County School District #2","https://www.applitrack.com/bgh2/onlineapp/default.aspx?all=1","Big Horn School District 2","2026-01-30"
13,"High School Assistant Track Coach","2025-07-15","Athletics/Activities","District Wide","https://www.applitrack.com/bighorn/onlineapp/default.aspx?all=1","Big Horn School District 3","2026-01-30"
14,"Substitute Teacher","2017-07-05","Substitute/","District Wide","https://www.applitrack.com/bighorn/onlineapp/default.aspx?all=1","Big Horn School District 3","2026-01-30"
15,"24-25 Substitute Bus Driver / Activity Driver","2024-12-17","Transportation/","Transportation","https://www.applitrack.com/bighorn/onlineapp/default.aspx?all=1","Big Horn School District 3","2026-01-30"
16,"Head Boys and Girls Track Coach","2025-02-12","Athletics/Activities","Riverside High School","https://www.applitrack.com/bgh4/onlineapp/default.aspx?all=1","Big Horn School District 4","2026-01-30"
17,"Drivers Ed Teacher","2026-01-12","High School Teaching","Riverside High School","https://www.applitrack.com/bgh4/onlineapp/default.aspx?all=1","Big Horn School District 4","2026-01-30"
18,"21 CCLC After School Program Activity Leaders","2020-01-21","Student Support Services","Laura Irwin Elementary","https://www.applitrack.com/bgh4/onlineapp/default.aspx?all=1","Big Horn School District 4","2026-01-30"
19,"Bus Driver","2022-01-07","Support Staff","District","https://www.applitrack.com/bgh4/onlineapp/default.aspx?all=1","Big Horn School District 4","2026-01-30"
20,"Substitute","2025-07-21","Support Staff","District","https://www.applitrack.com/bgh4/onlineapp/default.aspx?all=1","Big Horn School District 4","2026-01-30"
21,"Lifeguard","2025-08-12","Aquatics/","Rawlins Pool","https://www.applitrack.com/crb1/onlineapp/jobpostings/view.asp?all=1","Carbon County School District 1","2026-01-30"
22,"Shift Lead-Part Time","2025-08-12","Aquatics/","Rawlins Pool","https://www.applitrack.com/crb1/onlineapp/jobpostings/view.asp?all=1","Carbon County School District 1","2026-01-30"
23,"Head High School Volleyball Coach","2026-01-19","Athletics/Activities/","Little Snake River Valley School","https://www.applitrack.com/crb1/onlineapp/jobpostings/view.asp?all=1","Carbon County School District 1","2026-01-30"
24,"Asst High School Volleyball Coach","2026-01-19","Athletics/Activities/","Little Snake River Valley School","https://www.applitrack.com/crb1/onlineapp/jobpostings/view.asp?all=1","Carbon County School District 1","2026-01-30"
25,"Asst Volleyball Coach","2025-10-27","Athletics/Activities/","Rawlins Middle School","https://www.applitrack.com/crb1/onlineapp/jobpostings/view.asp?all=1","Carbon County School District 1","2026-01-30"
26,"Asst. Football Coach","2025-11-11","Athletics/Activities/","Rawlins Middle School","https://www.applitrack.com/crb1/onlineapp/jobpostings/view.asp?all=1","Carbon County School District 1","2026-01-30"
27,"Asst. Football Coach","2025-12-08","Athletics/Activities/","Rawlins High School","https://www.applitrack.com/crb1/onlineapp/jobpostings/view.asp?all=1","Carbon County School District 1","2026-01-30"
28,"Asst. Boys and Girls Soccer Coach","2025-06-09","Athletics/Activities/","Rawlins Middle School","https://www.applitrack.com/crb1/onlineapp/jobpostings/view.asp?all=1","Carbon County School District 1","2026-01-30"
29,"2nd Asst. Track Coach","2025-08-04","Athletics/Activities/","Rawlins Middle School","https://www.applitrack.com/crb1/onlineapp/jobpostings/view.asp?all=1","Carbon County School District 1","2026-01-30"
30,"STEM Teacher","2025-04-28","Elementary School Teaching","Rawlins Elementary School","https://www.applitrack.com/crb1/onlineapp/jobpostings/view.asp?all=1","Carbon County School District 1","2026-01-30"
31,"Elementary 2nd Grade Teacher","2026-01-05","Elementary School Teaching/","Little Snake River Valley School","https://www.applitrack.com/crb1/onlineapp/jobpostings/view.asp?all=1","Carbon County School District 1","2026-01-30"
32,"Food Service Worker","2026-01-07","Food Service","District","https://www.applitrack.com/crb1/onlineapp/jobpostings/view.asp?all=1","Carbon County School District 1","2026-01-30"
33,"Substitute Food Service","2025-10-09","Food Service/","Food Service","https://www.applitrack.com/crb1/onlineapp/jobpostings/view.asp?all=1","Carbon County School District 1","2026-01-30"
34,"Custodian","2026-01-15","Maintenance/Custodial","District","https://www.applitrack.com/crb1/onlineapp/jobpostings/view.asp?all=1","Carbon County School District 1","2026-01-30"
35,"Custodial - Substitute","2024-02-16","Maintenance/Custodial","Little Snake River Valley School","https://www.applitrack.com/crb1/onlineapp/jobpostings/view.asp?all=1","Carbon County School District 1","2026-01-30"
36,"Substitute Custodian","2025-07-29","Maintenance/Custodial","District","https://www.applitrack.com/crb1/onlineapp/jobpostings/view.asp?all=1","Carbon County School District 1","2026-01-30"
37,"ESL/ELL Teacher","2025-04-16","Middle School Teaching","Rawlins Middle School","https://www.applitrack.com/crb1/onlineapp/jobpostings/view.asp?all=1","Carbon County School District 1","2026-01-30"
38,"Special Education Resource Teacher","2026-01-22","Special Education/","Rawlins High School","https://www.applitrack.com/crb1/onlineapp/jobpostings/view.asp?all=1","Carbon County School District 1","2026-01-30"
39,"Substitute Teacher","2025-07-29","Substitute/","District","https://www.applitrack.com/crb1/onlineapp/jobpostings/view.asp?all=1","Carbon County School District 1","2026-01-30"
40,"Substitute Bus Driver","2025-07-29","Transportation","District","https://www.applitrack.com/crb1/onlineapp/jobpostings/view.asp?all=1","Carbon County School District 1","2026-01-30"
41,"Bus Driver","2023-09-22","Transportation/","District","https://www.applitrack.com/crb1/onlineapp/jobpostings/view.asp?all=1","Carbon County School District 1","2026-01-30"
42,"High School Assistant Boys Basketball Coach","2025-03-12","Athletics/Activities/","H-E-M Junior/Senior High School","https://www.applitrack.com/crb2/onlineapp/default.aspx?all=1","Carbon County School District 2","2026-01-30"
43,"Head High School Speech Coach","2025-06-09","Athletics/Activities/","Saratoga Middle High School","https://www.applitrack.com/crb2/onlineapp/default.aspx?all=1","Carbon County School District 2","2026-01-30"
44,"First Assistant (Head) Middle School Football Coach","2025-10-13","Athletics/Activities/","H-E-M Junior/Senior High School","https://www.applitrack.com/crb2/onlineapp/default.aspx?all=1","Carbon County School District 2","2026-01-30"
45,"Assistant Middle School Track Coach","2026-01-22","Athletics/Activities/","Saratoga Middle High School","https://www.applitrack.com/crb2/onlineapp/default.aspx?all=1","Carbon County School District 2","2026-01-30"
46,"6-12 Band Teacher","2026-01-13","High School Teaching/","Saratoga Middle High School","https://www.applitrack.com/crb2/onlineapp/default.aspx?all=1","Carbon County School District 2","2026-01-30"
47,"Head Maintenance","2025-10-15","Maintenance/Custodial/","Saratoga Elementary School","https://www.applitrack.com/crb2/onlineapp/default.aspx?all=1","Carbon County School District 2","2026-01-30"
48,"Elementary School Counselor","2026-01-28","Student Support Services/","Hanna Elementary School","https://www.applitrack.com/crb2/onlineapp/default.aspx?all=1","Carbon County School District 2","2026-01-30"
49,"Occupational Therapist(s)","2023-12-22","Student Support Services/","CCSD#2","https://www.applitrack.com/crb2/onlineapp/default.aspx?all=1","Carbon County School District 2","2026-01-30"
50,"Speech Language Pathologist(s)","2022-03-04","Student Support Services/","CCSD#2","https://www.applitrack.com/crb2/onlineapp/default.aspx?all=1","Carbon County School District 2","2026-01-30"
51,"Substitute Bus Driver 2025/2026 School Year","2025-07-15","Substitute/","CCSD#2","https://www.applitrack.com/crb2/onlineapp/default.aspx?all=1","Carbon County School District 2","2026-01-30"
52,"Substitute Classroom/Special Education Aide 2025/2026 School Year","2025-07-15","Substitute/","CCSD#2","https://www.applitrack.com/crb2/onlineapp/default.aspx?all=1","Carbon County School District 2","2026-01-30"
53,"Substitute Cook Helpers 2025/2026 School Year","2025-07-15","Substitute/","CCSD#2","https://www.applitrack.com/crb2/onlineapp/default.aspx?all=1","Carbon County School District 2","2026-01-30"
54,"Substitute Custodian 2025/2026 School Year","2025-07-15","Substitute/","CCSD#2","https://www.applitrack.com/crb2/onlineapp/default.aspx?all=1","Carbon County School District 2","2026-01-30"
55,"Substitute Teacher 2025/2026 School Year","2025-07-15","Substitute/","CCSD#2","https://www.applitrack.com/crb2/onlineapp/default.aspx?all=1","Carbon County School District 2","2026-01-30"
56,"Cooks Helper","2026-01-05","Support Staff/","Saratoga Middle High School","https://www.applitrack.com/crb2/onlineapp/default.aspx?all=1","Carbon County School District 2","2026-01-30"
57,"Route/Activity Bus Driver","2026-01-07","Support Staff/","H-E-M Junior/Senior High School","https://www.applitrack.com/crb2/onlineapp/default.aspx?all=1","Carbon County School District 2","2026-01-30"
58,"Route Bus Driver","2025-12-02","Support Staff/","Encampment K-12","https://www.applitrack.com/crb2/onlineapp/default.aspx?all=1","Carbon County School District 2","2026-01-30"
59,"High School FBLA Sponsor","2025-06-05","Athletics/Activities/","Glenrock Jr/Sr High School","https://www.applitrack.com/converse2/onlineapp/default.aspx?all=1","Converse County School Distrcit 2","2026-01-30"
60,"JH Assistant Boys Basketball Coach","2025-12-22","Athletics/Activities/","Glenrock Jr/Sr High School","https://www.applitrack.com/converse2/onlineapp/default.aspx?all=1","Converse County School Distrcit 2","2026-01-30"
61,"K-6 Music Teacher","2025-12-08","Elementary School Teaching/","Grant Elementary School","https://www.applitrack.com/converse2/onlineapp/default.aspx?all=1","Converse County School Distrcit 2","2026-01-30"
62,"Food Service Worker - Cook (Part -Time, 14 hrs)","2025-12-02","Food Service/","Converse County School District #2","https://www.applitrack.com/converse2/onlineapp/default.aspx?all=1","Converse County School Distrcit 2","2026-01-30"
63,"Substitute Teacher/Aid/Cook/Custodian/Bus Driver/Summer Help","2019-03-26","Substitute/","Converse County School District #2","https://www.applitrack.com/converse2/onlineapp/default.aspx?all=1","Converse County School Distrcit 2","2026-01-30"
64,"Bus Driver (Route, Activity, Sub)","2023-04-13","Transportation/","Converse County School District #2","https://www.applitrack.com/converse2/onlineapp/default.aspx?all=1","Converse County School Distrcit 2","2026-01-30"
65,"Assistant Transportation Director","2026-01-13","Transportation/","Converse County School District #2","https://www.applitrack.com/converse2/onlineapp/default.aspx?all=1","Converse County School Distrcit 2","2026-01-30"
66,"Business Director","2025-12-18","Converse County School District #1","Central Administration","https://www.applitrack.com/ccsd1/onlineapp/default.aspx?all=1","Converse County School District 1","2026-01-30"
67,"American Legion Assistant Legion A and C Baseball Coaches","2025-12-10","Recreation/","Douglas Recreation Center","https://www.applitrack.com/ccsd1/onlineapp/default.aspx?all=1","Converse County School District 1","2026-01-30"
68,"DRC Field Crew Supervisor","2026-01-12","Recreation/","Douglas Recreation Center","https://www.applitrack.com/ccsd1/onlineapp/default.aspx?all=1","Converse County School District 1","2026-01-30"
69,"DRC Field Crew Workers","2026-01-12","Recreation/","Douglas Recreation Center","https://www.applitrack.com/ccsd1/onlineapp/default.aspx?all=1","Converse County School District 1","2026-01-30"
70,"Recreation Youth Program Supervisor","2026-01-19","Recreation/","Douglas Recreation Center","https://www.applitrack.com/ccsd1/onlineapp/default.aspx?all=1","Converse County School District 1","2026-01-30"
71,"DRC Lifeguard","2025-08-01","Student/","Douglas Recreation Center","https://www.applitrack.com/ccsd1/onlineapp/default.aspx?all=1","Converse County School District 1","2026-01-30"
72,"Elementary SPED Teacher","2026-01-21","Student Support Services","Elementary Schools","https://www.applitrack.com/ccsd1/onlineapp/default.aspx?all=1","Converse County School District 1","2026-01-30"
73,"Secondary SPED Teacher","2026-01-21","Student Support Services","Douglas Middle/High School","https://www.applitrack.com/ccsd1/onlineapp/default.aspx?all=1","Converse County School District 1","2026-01-30"
74,"DRC Substitute Recreation Monitor","2026-01-12","Substitute","Douglas Recreation Center","https://www.applitrack.com/ccsd1/onlineapp/default.aspx?all=1","Converse County School District 1","2026-01-30"
75,"Food Service Substitute","2025-12-03","Substitute","Central Administration","https://www.applitrack.com/ccsd1/onlineapp/default.aspx?all=1","Converse County School District 1","2026-01-30"
76,"Classified Substitute Positions","2025-07-29","Substitute","Central Administration","https://www.applitrack.com/ccsd1/onlineapp/default.aspx?all=1","Converse County School District 1","2026-01-30"
77,"Substitute Custodian","2025-08-19","Substitute/","Maintenance","https://www.applitrack.com/ccsd1/onlineapp/default.aspx?all=1","Converse County School District 1","2026-01-30"
78,"Certified Substitute","2025-07-29","Substitute/","Central Administration","https://www.applitrack.com/ccsd1/onlineapp/default.aspx?all=1","Converse County School District 1","2026-01-30"
79,"Substitute Bus Monitor/Paraprofessional","2025-07-29","Support Staff/","Transportation","https://www.applitrack.com/ccsd1/onlineapp/default.aspx?all=1","Converse County School District 1","2026-01-30"
80,"DPS SPED FLS Paraprofessional","2025-12-01","Support Staff/","Douglas Primary School","https://www.applitrack.com/ccsd1/onlineapp/default.aspx?all=1","Converse County School District 1","2026-01-30"
81,"DIS/DUES SPED FLS Paraprofessional","2025-12-15","Support Staff/","Douglas Intermediate School","https://www.applitrack.com/ccsd1/onlineapp/default.aspx?all=1","Converse County School District 1","2026-01-30"
82,"Substitute Bus Driver","2025-07-29","Transportation/","Transportation","https://www.applitrack.com/ccsd1/onlineapp/default.aspx?all=1","Converse County School District 1","2026-01-30"
83,"Bus Driver","2025-07-28","Transportation/","Transportation","https://www.applitrack.com/ccsd1/onlineapp/default.aspx?all=1","Converse County School District 1","2026-01-30"
84,"Substitute Crossing Guard","2025-07-29","Transportation/","Transportation","https://www.applitrack.com/ccsd1/onlineapp/default.aspx?all=1","Converse County School District 1","2026-01-30"
85,"Assistant 8th Volleyball Coach","2025-05-22","Athletics/Activities/","Lander Middle School","https://www.applitrack.com/fremontwy/onlineapp/jobpostings/view.asp?all=1","Fremont County School District 1","2026-01-30"
86,"Assistant Swim Coach","2025-09-26","Athletics/Activities/","Lander Middle School","https://www.applitrack.com/fremontwy/onlineapp/jobpostings/view.asp?all=1","Fremont County School District 1","2026-01-30"
87,"Assistant Wrestling Coach","2025-09-26","Athletics/Activities/","Lander Middle School","https://www.applitrack.com/fremontwy/onlineapp/jobpostings/view.asp?all=1","Fremont County School District 1","2026-01-30"
88,"Head Softball Coach","2025-09-26","Athletics/Activities/","Lander Valley High School","https://www.applitrack.com/fremontwy/onlineapp/jobpostings/view.asp?all=1","Fremont County School District 1","2026-01-30"
89,"Head Girls Soccer Coach","2025-10-31","Athletics/Activities/","Lander Valley High School","https://www.applitrack.com/fremontwy/onlineapp/jobpostings/view.asp?all=1","Fremont County School District 1","2026-01-30"
90,"Head Girls Soccer Coach","2025-10-31","Athletics/Activities/","Lander Middle School","https://www.applitrack.com/fremontwy/onlineapp/jobpostings/view.asp?all=1","Fremont County School District 1","2026-01-30"
91,"Boys Soccer Coach","2025-11-11","Athletics/Activities/","Lander Middle School","https://www.applitrack.com/fremontwy/onlineapp/jobpostings/view.asp?all=1","Fremont County School District 1","2026-01-30"
92,"Assistant Girls Soccer Coach","2025-12-16","Athletics/Activities/","Lander Valley High School","https://www.applitrack.com/fremontwy/onlineapp/jobpostings/view.asp?all=1","Fremont County School District 1","2026-01-30"
93,"Head 7th Volleyball Coach","2025-12-16","Athletics/Activities/","Lander Middle School","https://www.applitrack.com/fremontwy/onlineapp/jobpostings/view.asp?all=1","Fremont County School District 1","2026-01-30"
94,"Head 8th Volleyball Coach","2025-12-19","Athletics/Activities/","Lander Middle School","https://www.applitrack.com/fremontwy/onlineapp/jobpostings/view.asp?all=1","Fremont County School District 1","2026-01-30"
95,"Assistant Girls Soccer Coach","2026-01-26","Athletics/Activities/","Lander Middle School","https://www.applitrack.com/fremontwy/onlineapp/jobpostings/view.asp?all=1","Fremont County School District 1","2026-01-30"
96,"Custodian","2026-01-19","Maintenance/","Baldwin Creek Elementary","https://www.applitrack.com/fremontwy/onlineapp/jobpostings/view.asp?all=1","Fremont County School District 1","2026-01-30"
97,"Job Training Facilitator","2025-12-04","Student Support Services/","Lander Valley High School","https://www.applitrack.com/fremontwy/onlineapp/jobpostings/view.asp?all=1","Fremont County School District 1","2026-01-30"
98,"Substitute Custodian (at-will)","2025-06-11","Substitute/","District-wide","https://www.applitrack.com/fremontwy/onlineapp/jobpostings/view.asp?all=1","Fremont County School District 1","2026-01-30"
99,"Substitute Nurse (at-will)","2025-06-11","Substitute/","District-wide","https://www.applitrack.com/fremontwy/onlineapp/jobpostings/view.asp?all=1","Fremont County School District 1","2026-01-30"
100,"Substitute Nutritional Service Worker (at-will)","2025-06-11","Substitute/","District-wide","https://www.applitrack.com/fremontwy/onlineapp/jobpostings/view.asp?all=1","Fremont County School District 1","2026-01-30"
101,"Substitute - classrooms (at-will)","2025-06-11","Substitute/","District-wide","https://www.applitrack.com/fremontwy/onlineapp/jobpostings/view.asp?all=1","Fremont County School District 1","2026-01-30"
102,"Substitute Bus/Activity Driver (at-will)","2025-06-11","Substitute/","Central Services","https://www.applitrack.com/fremontwy/onlineapp/jobpostings/view.asp?all=1","Fremont County School District 1","2026-01-30"
103,"MTSS (Multi-Tiered System of Support) Coordinator (K-8)","2025-06-30","Elementary School Teaching/","Fremont County School District 21","https://www.applitrack.com/fortwashakieschool/onlineapp/default.aspx?all=1","Fremont County School District 21","2026-01-30"
104,"Substitute Custodians","2021-09-28","Maintenance/Custodial/","Fort Washakie Elementary","https://www.applitrack.com/fortwashakieschool/onlineapp/default.aspx?all=1","Fremont County School District 21","2026-01-30"
105,"Substitute Cooks","2025-10-06","Student Support Services/","Fort Washakie Elementary","https://www.applitrack.com/fortwashakieschool/onlineapp/default.aspx?all=1","Fremont County School District 21","2026-01-30"
106,"Substitute Teacher","2023-09-12","Substitute/","Fort Washakie Elementary","https://www.applitrack.com/fortwashakieschool/onlineapp/default.aspx?all=1","Fremont County School District 21","2026-01-30"
107,"Paraprofessional","2024-09-10","Support Staff/","Fremont County School District 21","https://www.applitrack.com/fortwashakieschool/onlineapp/default.aspx?all=1","Fremont County School District 21","2026-01-30"
108,"High School Boys and Girls Wrestling Assistant Coach","2025-12-04","Athletics/Activities/","Shoshoni JH/HS","https://www.applitrack.com/fremont24/onlineapp/default.aspx?all=1","Fremont County School District 24","2026-01-30"
109,"Bus Driver Substitutes 2025-2026","2025-08-08","Substitute/","K-12 Schoolwide","https://www.applitrack.com/fremont24/onlineapp/default.aspx?all=1","Fremont County School District 24","2026-01-30"
110,"Cooks Helper Substitutes 2025-2026","2025-08-08","Substitute/","District Office","https://www.applitrack.com/fremont24/onlineapp/default.aspx?all=1","Fremont County School District 24","2026-01-30"
111,"Custodian Substitutes 2025-2026","2025-08-08","Substitute/","District Wide","https://www.applitrack.com/fremont24/onlineapp/default.aspx?all=1","Fremont County School District 24","2026-01-30"
112,"Substitute School Nurse 2025-2026","2025-08-08","Substitute/","K-12 Schoolwide","https://www.applitrack.com/fremont24/onlineapp/default.aspx?all=1","Fremont County School District 24","2026-01-30"
113,"Substitute Teacher 2025-2026","2025-08-08","Substitute/","K-12 Schoolwide","https://www.applitrack.com/fremont24/onlineapp/default.aspx?all=1","Fremont County School District 24","2026-01-30"
114,"Substitute Daycare Assistant 2025-2026","2025-08-08","Substitute/","K-12 Schoolwide","https://www.applitrack.com/fremont24/onlineapp/default.aspx?all=1","Fremont County School District 24","2026-01-30"
116,"High School Assistant Volleyball Coach","2025-03-24","Athletics/Activities","Wind River High School","https://www.applitrack.com/fre6/onlineapp/default.aspx?all=1","Fremont County School District 6","2026-01-30"
117,"Athletic Coach","2025-08-21","Athletics/Activities","Wind River Schools","https://www.applitrack.com/fre6/onlineapp/default.aspx?all=1","Fremont County School District 6","2026-01-30"
118,"Custodian","2024-12-17","Maintenance/Custodial/","Wind River Schools","https://www.applitrack.com/fre6/onlineapp/default.aspx?all=1","Fremont County School District 6","2026-01-30"
119,"Substitute Teacher","2024-08-20","Substitute/","Wind River Schools","https://www.applitrack.com/fre6/onlineapp/default.aspx?all=1","Fremont County School District 6","2026-01-30"
120,"Substitute Para/Custodian/Food Service","2024-11-14","Substitute/","Wind River Schools","https://www.applitrack.com/fre6/onlineapp/default.aspx?all=1","Fremont County School District 6","2026-01-30"
121,"High School Principal","2026-01-15","Administration/","Wyoming Indian High School","https://www.applitrack.com/fremont14/onlineapp/default.aspx?all=1","Fremont County School District 14","2026-01-30"
122,"Shoshone Language Teacher","2025-08-07","Elementary School Teaching","Wyoming Indian Elementary School","https://www.applitrack.com/fremont14/onlineapp/default.aspx?all=1","Fremont County School District 14","2026-01-30"
123,"High School Science Teacher","2026-01-15","High School Teaching/","Wyoming Indian High School","https://www.applitrack.com/fremont14/onlineapp/default.aspx?all=1","Fremont County School District 14","2026-01-30"
124,"Substitute School Nurse","2020-07-23","Student Health Services/","District Wide","https://www.applitrack.com/fremont14/onlineapp/default.aspx?all=1","Fremont County School District 14","2026-01-30"
125,"Transition Coordinator","2026-01-12","Student Support Services/","Wyoming Indian High School","https://www.applitrack.com/fremont14/onlineapp/default.aspx?all=1","Fremont County School District 14","2026-01-30"
126,"Substitute Teacher - Classroom","2018-10-09","Substitute Certified/","District Wide","https://www.applitrack.com/fremont14/onlineapp/default.aspx?all=1","Fremont County School District 14","2026-01-30"
127,"Substitute Cook","2018-10-10","Substitute Non Certified/","District Wide","https://www.applitrack.com/fremont14/onlineapp/default.aspx?all=1","Fremont County School District 14","2026-01-30"
128,"Substitute Custodian","2019-09-09","Substitute Non Certified/","District Wide","https://www.applitrack.com/fremont14/onlineapp/default.aspx?all=1","Fremont County School District 14","2026-01-30"
129,"Bus Driver","2023-09-18","Transportation/","District Wide","https://www.applitrack.com/fremont14/onlineapp/default.aspx?all=1","Fremont County School District 14","2026-01-30"
130,"Substitute Bus Driver","2021-07-09","Transportation/","District Wide","https://www.applitrack.com/fremont14/onlineapp/default.aspx?all=1","Fremont County School District 14","2026-01-30"
132,"Principal - Southside Elementary School","2026-01-27","Administration/","Southside Elementary School","https://www.applitrack.com/park1/onlineapp/default.aspx?all=1","Park County School District 1","2026-01-30"
133,"Assistant Girls Soccer Coach","2025-12-23","Athletics/Activities/","Powell High School","https://www.applitrack.com/park1/onlineapp/default.aspx?all=1","Park County School District 1","2026-01-30"
134,"Associate Custodian/Assistant Cook","2025-12-23","Dual Position Support/","Powell High School","https://www.applitrack.com/park1/onlineapp/default.aspx?all=1","Park County School District 1","2026-01-30"
135,"Assistant Cook","2025-12-23","Food Service/","Powell High School","https://www.applitrack.com/park1/onlineapp/default.aspx?all=1","Park County School District 1","2026-01-30"
136,"Associate Custodian","2025-12-23","Maintenance/Custodial/","Powell High School","https://www.applitrack.com/park1/onlineapp/default.aspx?all=1","Park County School District 1","2026-01-30"
137,"Elementary Paraeducator","2025-12-16","Para-Educator/","Parkside Elementary School","https://www.applitrack.com/park1/onlineapp/default.aspx?all=1","Park County School District 1","2026-01-30"
138,"Substitute School Nurse","2025-09-18","Student Support Services/","District-Wide K-12","https://www.applitrack.com/park1/onlineapp/default.aspx?all=1","Park County School District 1","2026-01-30"
139,"Substitute Teacher","2024-07-03","Substitute/","District-Wide K-12","https://www.applitrack.com/park1/onlineapp/default.aspx?all=1","Park County School District 1","2026-01-30"
140,"Substitute Custodian","2024-07-03","Substitute Support Services/","District-Wide K-12","https://www.applitrack.com/park1/onlineapp/default.aspx?all=1","Park County School District 1","2026-01-30"
141,"Substitute Para-Educator","2024-07-03","Substitute Support Services/","District-Wide K-12","https://www.applitrack.com/park1/onlineapp/default.aspx?all=1","Park County School District 1","2026-01-30"
142,"Substitute Bus Driver","2021-09-27","Transportation/","Transportation Department","https://www.applitrack.com/park1/onlineapp/default.aspx?all=1","Park County School District 1","2026-01-30"
143,"Middle School Assistant Track Coach","2026-01-19","Athletics/Activities/","Cody Middle School","https://www.applitrack.com/park6/onlineapp/default.aspx?all=1","Park County School District 6","2026-01-30"
144,"High School Track Coach","2026-01-19","Athletics/Activities/","Cody High School","https://www.applitrack.com/park6/onlineapp/default.aspx?all=1","Park County School District 6","2026-01-30"
145,"High School Assistant Softball Coach","2026-01-19","Athletics/Activities/","Cody High School","https://www.applitrack.com/park6/onlineapp/default.aspx?all=1","Park County School District 6","2026-01-30"
146,"High School Assistant Track Coach","2026-01-19","Athletics/Activities/","Cody High School","https://www.applitrack.com/park6/onlineapp/default.aspx?all=1","Park County School District 6","2026-01-30"
147,"School Nutrition Assistant (Part Time)","2025-07-16","Food Services/","Sunset Elementary School","https://www.applitrack.com/park6/onlineapp/default.aspx?all=1","Park County School District 6","2026-01-30"
148,"Board Certified Behavior Analyst","2025-02-07","Student Support Services/","All Schools","https://www.applitrack.com/park6/onlineapp/default.aspx?all=1","Park County School District 6","2026-01-30"
149,"Substitute Paraeducator (Aide) 2025-2026 School Year","2025-07-16","Substitute/","All Schools","https://www.applitrack.com/park6/onlineapp/default.aspx?all=1","Park County School District 6","2026-01-30"
150,"Substitute Custodian 2025-2026 School Year","2025-07-16","Substitute/","All Schools","https://www.applitrack.com/park6/onlineapp/default.aspx?all=1","Park County School District 6","2026-01-30"
151,"Substitute Nurse 2025-2026 School Year","2025-07-16","Substitute/","All Schools","https://www.applitrack.com/park6/onlineapp/default.aspx?all=1","Park County School District 6","2026-01-30"
152,"Substitute Teacher 2025-2026 School Year","2025-07-16","Substitute/","All Schools","https://www.applitrack.com/park6/onlineapp/default.aspx?all=1","Park County School District 6","2026-01-30"
153,"Special Education Resource Paraeducator","2026-01-06","Support Staff/","Sunset Elementary School","https://www.applitrack.com/park6/onlineapp/default.aspx?all=1","Park County School District 6","2026-01-30"
154,"Special Education Life Skills Paraeducator","2026-01-06","Support Staff/","Sunset Elementary School","https://www.applitrack.com/park6/onlineapp/default.aspx?all=1","Park County School District 6","2026-01-30"
155,"Special Education Life Skills Paraeducator","2026-01-27","Support Staff/","Cody High School","https://www.applitrack.com/park6/onlineapp/default.aspx?all=1","Park County School District 6","2026-01-30"
156,"Route Driver","2025-07-16","Transportation","All Schools","https://www.applitrack.com/park6/onlineapp/default.aspx?all=1","Park County School District 6","2026-01-30"
157,"Bus Aide","2025-07-16","Transportation","All Schools","https://www.applitrack.com/park6/onlineapp/default.aspx?all=1","Park County School District 6","2026-01-30"
158,"Long-Term Substitute Teacher - High School Science","2026-01-12","Substitute/","Tongue River High School","https://www.applitrack.com/sheridanwy/onlineapp/default.aspx?all=1","Sheridan County School District 1","2026-01-30"
159,"Big Horn Custodian","2025-12-08","Maintenance/Custodial/","Big Horn High School","https://www.applitrack.com/sheridanwy/onlineapp/default.aspx?all=1","Sheridan County School District 1","2026-01-30"
160,"Bus Driver","2025-04-01","Transportation/","District-Wide","https://www.applitrack.com/sheridanwy/onlineapp/default.aspx?all=1","Sheridan County School District 1","2026-01-30"
161,"TRHS Assistant Girls Wrestling Coach","2025-07-16","Athletics/Activities/","Tongue River High School","https://www.applitrack.com/sheridanwy/onlineapp/default.aspx?all=1","Sheridan County School District 1","2026-01-30"
162,"TRHS Assistant Boys Wrestling Coach","2025-07-16","Athletics/Activities/","Tongue River High School","https://www.applitrack.com/sheridanwy/onlineapp/default.aspx?all=1","Sheridan County School District 1","2026-01-30"
163,"BHMS Assistant Football Coach","2025-07-28","Athletics/Activities/","Big Horn Middle School","https://www.applitrack.com/sheridanwy/onlineapp/default.aspx?all=1","Sheridan County School District 1","2026-01-30"
164,"TRMS Assistant Robotics Coach","2025-08-12","Athletics/Activities/","Tongue River Middle School","https://www.applitrack.com/sheridanwy/onlineapp/default.aspx?all=1","Sheridan County School District 1","2026-01-30"
165,"TRMS Assistant Girls Basketball Coach","2025-05-20","Athletics/Activities/","Tongue River Middle School","https://www.applitrack.com/sheridanwy/onlineapp/default.aspx?all=1","Sheridan County School District 1","2026-01-30"
166,"TRHS Assistant Volleyball Coach","2025-05-28","Athletics/Activities/","Tongue River High School","https://www.applitrack.com/sheridanwy/onlineapp/default.aspx?all=1","Sheridan County School District 1","2026-01-30"
167,"TRHS Head Track Coach","2025-06-03","Athletics/Activities/","Tongue River High School","https://www.applitrack.com/sheridanwy/onlineapp/default.aspx?all=1","Sheridan County School District 1","2026-01-30"
168,"TRHS Assistant Track Coach","2025-06-03","Athletics/Activities/","Tongue River High School","https://www.applitrack.com/sheridanwy/onlineapp/default.aspx?all=1","Sheridan County School District 1","2026-01-30"
169,"BHMS Head Football Coach","2026-01-08","Athletics/Activities/","Big Horn Middle School","https://www.applitrack.com/sheridanwy/onlineapp/default.aspx?all=1","Sheridan County School District 1","2026-01-30"
170,"TRMS Assistant Boys Basketball Coach","2024-08-14","Athletics/Activities/","Tongue River Middle School","https://www.applitrack.com/sheridanwy/onlineapp/default.aspx?all=1","Sheridan County School District 1","2026-01-30"
171,"BHMS Assistant Boys Wrestling Coach","2025-09-08","Athletics/Activities/","Big Horn Middle School","https://www.applitrack.com/sheridanwy/onlineapp/default.aspx?all=1","Sheridan County School District 1","2026-01-30"
172,"BHMS - Assistant Girls Wrestling Coach","2025-10-30","Athletics/Activities/","Big Horn Middle School","https://www.applitrack.com/sheridanwy/onlineapp/default.aspx?all=1","Sheridan County School District 1","2026-01-30"
173,"TRHS Head Cross-Country Coach","2025-11-18","Athletics/Activities/","Tongue River High School","https://www.applitrack.com/sheridanwy/onlineapp/default.aspx?all=1","Sheridan County School District 1","2026-01-30"
174,"Substitute - Support Staff","2018-07-03","Substitute/","District-Wide","https://www.applitrack.com/sheridanwy/onlineapp/default.aspx?all=1","Sheridan County School District 1","2026-01-30"
175,"Substitute - Nurse","2025-09-04","Substitute/","TR Schools","https://www.applitrack.com/sheridanwy/onlineapp/default.aspx?all=1","Sheridan County School District 1","2026-01-30"
176,"Substitute - Teacher","2018-07-09","Substitute/","District-Wide","https://www.applitrack.com/sheridanwy/onlineapp/default.aspx?all=1","Sheridan County School District 1","2026-01-30"
177,"Sheridan High School Assistant Band Coach","2025-12-19","Activities","Sheridan High School","https://www.applitrack.com/scsd2/OnlineApp/default.aspx?all=1","Sheridan County School District 2","2026-01-30"
178,"General Office Paraprofessional - Woodland Park Elementary","2026-01-26","Administrative/Clerical","Woodland Park","https://www.applitrack.com/scsd2/OnlineApp/default.aspx?all=1","Sheridan County School District 2","2026-01-30"
179,"Assistant Softball Coach","2026-01-21","Athletic Coaches","Sheridan High School","https://www.applitrack.com/scsd2/OnlineApp/default.aspx?all=1","Sheridan County School District 2","2026-01-30"
180,"Assistant Wrestling Coach - Sheridan Junior High School","2026-01-14","Athletic Coaches","Sheridan Junior High School","https://www.applitrack.com/scsd2/OnlineApp/default.aspx?all=1","Sheridan County School District 2","2026-01-30"
181,"9th Grade Boys Basketball B Team Assistant Coach - Sheridan High School","2025-05-13","Athletic Coaches","Sheridan High School","https://www.applitrack.com/scsd2/OnlineApp/default.aspx?all=1","Sheridan County School District 2","2026-01-30"
182,"High School Computer Science/Business Teacher (Grades 9-12)","2025-10-30","High School Teaching","Sheridan High School","https://www.applitrack.com/scsd2/OnlineApp/default.aspx?all=1","Sheridan County School District 2","2026-01-30"
183,"High School Mathematics Classroom Teacher - John C. Schiffer","2026-01-07","High School Teaching/","John C. Schiffer","https://www.applitrack.com/scsd2/OnlineApp/default.aspx?all=1","Sheridan County School District 2","2026-01-30"
184,"High School Nurse","2026-01-19","Nurses/","Sheridan High School","https://www.applitrack.com/scsd2/OnlineApp/default.aspx?all=1","Sheridan County School District 2","2026-01-30"
185,"Paraprofessional - John C. Schiffer","2025-12-12","Paraprofessionals","John C. Schiffer","https://www.applitrack.com/scsd2/OnlineApp/default.aspx?all=1","Sheridan County School District 2","2026-01-30"
186,"Paraprofessional - Special Education - Meadowlark Elementary","2026-01-14","Paraprofessionals","Meadowlark","https://www.applitrack.com/scsd2/OnlineApp/default.aspx?all=1","Sheridan County School District 2","2026-01-30"
187,"Substitute Teacher (for prior SCSD2 Teachers only)","2025-07-01","Prior Employee/","District Wide","https://www.applitrack.com/scsd2/OnlineApp/default.aspx?all=1","Sheridan County School District 2","2026-01-30"
188,"Seasonal Grounds Worker - Districtwide","2026-01-16","Seasonal Staff","District Wide","https://www.applitrack.com/scsd2/OnlineApp/default.aspx?all=1","Sheridan County School District 2","2026-01-30"
189,"Substitute Cooks Helper - Districtwide","2024-08-23","Substitutes","District Wide","https://www.applitrack.com/scsd2/OnlineApp/default.aspx?all=1","Sheridan County School District 2","2026-01-30"
190,"Substitute Custodian - Districtwide","2024-08-29","Substitutes","District Wide","https://www.applitrack.com/scsd2/OnlineApp/default.aspx?all=1","Sheridan County School District 2","2026-01-30"
191,"Substitute Paraprofessional","2024-07-10","Substitutes","District Wide","https://www.applitrack.com/scsd2/OnlineApp/default.aspx?all=1","Sheridan County School District 2","2026-01-30"
192,"Substitute School Nurse","2024-07-10","Substitutes","District Wide","https://www.applitrack.com/scsd2/OnlineApp/default.aspx?all=1","Sheridan County School District 2","2026-01-30"
193,"Substitute Bus Paraprofessional - Districtwide","2025-04-28","Substitutes","Bus Barn","https://www.applitrack.com/scsd2/OnlineApp/default.aspx?all=1","Sheridan County School District 2","2026-01-30"
194,"Substitute Teacher","2025-07-01","Substitutes/","District Wide","https://www.applitrack.com/scsd2/OnlineApp/default.aspx?all=1","Sheridan County School District 2","2026-01-30"
195,"Bus Driver - Districtwide","2025-02-11","Transportation Staff","Bus Barn","https://www.applitrack.com/scsd2/OnlineApp/default.aspx?all=1","Sheridan County School District 2","2026-01-30"
196,"Substitute Bus Driver","2025-10-07","Transportation Staff","Bus Barn","https://www.applitrack.com/scsd2/OnlineApp/default.aspx?all=1","Sheridan County School District 2","2026-01-30"
197,"Skilled Bus Mechanic - Transportation","2025-12-01","Transportation Staff/","Bus Barn","https://www.applitrack.com/scsd2/OnlineApp/default.aspx?all=1","Sheridan County School District 2","2026-01-30"
198,"Bus Paraprofessional - Transportation","2025-12-17","Transportation Staff/","Bus Barn","https://www.applitrack.com/scsd2/OnlineApp/default.aspx?all=1","Sheridan County School District 2","2026-01-30"
199,"Facility Accounting and Operations Specialist I","2025-07-08","Administrative Support Services","Maintenance","https://www.applitrack.com/sweetwater/onlineapp/default.aspx?all=1","Sweetwater County School District 1","2026-01-30"
200,"Special Services Secretary and Records Compliance Specialist","2025-11-17","Administrative Support Services/","Central Administration","https://www.applitrack.com/sweetwater/onlineapp/default.aspx?all=1","Sweetwater County School District 1","2026-01-30"
201,"RSJH Dive Coach","2025-11-11","Athletics/Activities/","Rock Springs Junior High","https://www.applitrack.com/sweetwater/onlineapp/default.aspx?all=1","Sweetwater County School District 1","2026-01-30"
202,"RSHS Assistant Coach - Volleyball - Freshman","2026-01-13","Athletics/Activities/","Rock Springs High School","https://www.applitrack.com/sweetwater/onlineapp/default.aspx?all=1","Sweetwater County School District 1","2026-01-30"
203,"FEMS-FEHS Assistant Coach - Football","2025-03-03","Athletics/Activities/","Farson-Eden High School","https://www.applitrack.com/sweetwater/onlineapp/default.aspx?all=1","Sweetwater County School District 1","2026-01-30"
204,"RSJH Head Coach - Girls Swim","2025-10-21","Athletics/Activities/","Rock Springs Junior High","https://www.applitrack.com/sweetwater/onlineapp/default.aspx?all=1","Sweetwater County School District 1","2026-01-30"
205,"Art Teacher K-3","2025-11-03","Certified Staff/","District Wide","https://www.applitrack.com/sweetwater/onlineapp/default.aspx?all=1","Sweetwater County School District 1","2026-01-30"
206,"Elementary Teacher 5th Grade","2025-11-04","Certified Staff/","Pilot Butte Elementary","https://www.applitrack.com/sweetwater/onlineapp/default.aspx?all=1","Sweetwater County School District 1","2026-01-30"
207,"Elementary Teacher 5th Grade","2025-11-04","Certified Staff/","Eastside Elementary","https://www.applitrack.com/sweetwater/onlineapp/default.aspx?all=1","Sweetwater County School District 1","2026-01-30"
208,"Elementary Teacher 1st Grade","2025-11-03","Certified Staff/","Desert View Elementary","https://www.applitrack.com/sweetwater/onlineapp/default.aspx?all=1","Sweetwater County School District 1","2026-01-30"
209,"Elementary Teacher 3rd Grade","2025-11-03","Certified Staff/","Desert View Elementary","https://www.applitrack.com/sweetwater/onlineapp/default.aspx?all=1","Sweetwater County School District 1","2026-01-30"
210,"Elementary Teacher 3rd Grade","2025-11-05","Certified Staff/","Sage Elementary","https://www.applitrack.com/sweetwater/onlineapp/default.aspx?all=1","Sweetwater County School District 1","2026-01-30"
211,"EL Teacher (2)","2025-11-04","Certified Staff/","Rock Springs High School","https://www.applitrack.com/sweetwater/onlineapp/default.aspx?all=1","Sweetwater County School District 1","2026-01-30"
212,"English/Language Arts","2025-12-12","Certified Staff/","Farson-Eden High School","https://www.applitrack.com/sweetwater/onlineapp/default.aspx?all=1","Sweetwater County School District 1","2026-01-30"
213,"Graduation Coach - Grant Funded","2025-11-04","Certified Staff/","Rock Springs High School","https://www.applitrack.com/sweetwater/onlineapp/default.aspx?all=1","Sweetwater County School District 1","2026-01-30"
214,"Guidance Counselor","2026-01-07","Certified Staff/","Rock Springs High School","https://www.applitrack.com/sweetwater/onlineapp/default.aspx?all=1","Sweetwater County School District 1","2026-01-30"
215,"Library Media Specialist K-3 (Stagecoach and Wamsutter)","2025-11-03","Certified Staff/","District Wide","https://www.applitrack.com/sweetwater/onlineapp/default.aspx?all=1","Sweetwater County School District 1","2026-01-30"
216,"Library Media Specialist K-3 (Desert View and North Park Elementary)","2025-11-03","Certified Staff/","District Wide","https://www.applitrack.com/sweetwater/onlineapp/default.aspx?all=1","Sweetwater County School District 1","2026-01-30"
217,"Math Teacher (2)","2025-11-05","Certified Staff/","Rock Springs High School","https://www.applitrack.com/sweetwater/onlineapp/default.aspx?all=1","Sweetwater County School District 1","2026-01-30"
218,"Band Teacher - Pilot Butte and Eastside Elementary","2025-09-10","Certified Staff/","District Wide","https://www.applitrack.com/sweetwater/onlineapp/default.aspx?all=1","Sweetwater County School District 1","2026-01-30"
219,"Music Teacher 4-6 (4)","2025-11-06","Certified Staff/","District Wide","https://www.applitrack.com/sweetwater/onlineapp/default.aspx?all=1","Sweetwater County School District 1","2026-01-30"
220,"Music Teacher K-3 (2)","2025-11-06","Certified Staff/","District Wide","https://www.applitrack.com/sweetwater/onlineapp/default.aspx?all=1","Sweetwater County School District 1","2026-01-30"
221,"Preschool Teacher","2026-01-04","Certified Staff/","Overland Elementary","https://www.applitrack.com/sweetwater/onlineapp/default.aspx?all=1","Sweetwater County School District 1","2026-01-30"
222,"Social Studies Teacher","2025-11-05","Certified Staff/","Rock Springs Junior High","https://www.applitrack.com/sweetwater/onlineapp/default.aspx?all=1","Sweetwater County School District 1","2026-01-30"
223,"Social Worker","2025-11-06","Certified Staff/","Rock Springs High School","https://www.applitrack.com/sweetwater/onlineapp/default.aspx?all=1","Sweetwater County School District 1","2026-01-30"
224,"Resource Teacher","2025-11-03","Certified Staff/","Desert Elementary (Wamsutter)","https://www.applitrack.com/sweetwater/onlineapp/default.aspx?all=1","Sweetwater County School District 1","2026-01-30"
225,"Resource Teacher","2025-11-05","Certified Staff/","Stagecoach Elementary","https://www.applitrack.com/sweetwater/onlineapp/default.aspx?all=1","Sweetwater County School District 1","2026-01-30"
226,"Special Education - Resource Teacher (2)","2025-11-04","Certified Staff/","Eastside Elementary","https://www.applitrack.com/sweetwater/onlineapp/default.aspx?all=1","Sweetwater County School District 1","2026-01-30"
227,"Resource Teacher","2025-11-04","Certified Staff/","Overland Elementary","https://www.applitrack.com/sweetwater/onlineapp/default.aspx?all=1","Sweetwater County School District 1","2026-01-30"
228,"Resource Teacher (2)","2025-11-05","Certified Staff/","Rock Springs High School","https://www.applitrack.com/sweetwater/onlineapp/default.aspx?all=1","Sweetwater County School District 1","2026-01-30"
229,"Resource Teacher (2)","2025-11-05","Certified Staff/","Rock Springs Junior High School","https://www.applitrack.com/sweetwater/onlineapp/default.aspx?all=1","Sweetwater County School District 1","2026-01-30"
230,"Resource Teacher (2)","2025-11-04","Certified Staff/","Pilot Butte Elementary","https://www.applitrack.com/sweetwater/onlineapp/default.aspx?all=1","Sweetwater County School District 1","2026-01-30"
231,"Alternative Behavior Program Teacher","2025-11-04","Certified Staff/","Rock Springs High School","https://www.applitrack.com/sweetwater/onlineapp/default.aspx?all=1","Sweetwater County School District 1","2026-01-30"
232,"Alternative Communication Program (ACP) Teacher","2025-11-04","Certified Staff/","Rock Springs High School","https://www.applitrack.com/sweetwater/onlineapp/default.aspx?all=1","Sweetwater County School District 1","2026-01-30"
233,"Alternative Behavior Program (ABP)","2025-11-05","Certified Staff/","Sage Elementary","https://www.applitrack.com/sweetwater/onlineapp/default.aspx?all=1","Sweetwater County School District 1","2026-01-30"
234,"Alternative Academic-Daily Living Skills Program Teacher","2025-10-22","Certified Staff/","Rock Springs High School","https://www.applitrack.com/sweetwater/onlineapp/default.aspx?all=1","Sweetwater County School District 1","2026-01-30"
235,"Alternative Daily Living Skills Program Teacher","2025-11-05","Certified Staff/","Stagecoach Elementary","https://www.applitrack.com/sweetwater/onlineapp/default.aspx?all=1","Sweetwater County School District 1","2026-01-30"
236,"Bus Driver/Classroom Paraprofessional","2025-08-11","Combined Positions/","Desert Elementary (Wamsutter)","https://www.applitrack.com/sweetwater/onlineapp/default.aspx?all=1","Sweetwater County School District 1","2026-01-30"
237,"Part-Time Daycare Assistant (3)","2025-12-05","Daycare/","Overland Elementary","https://www.applitrack.com/sweetwater/onlineapp/default.aspx?all=1","Sweetwater County School District 1","2026-01-30"
238,"Substitute - Head Start","2018-06-12","Head Start","Overland Elementary","https://www.applitrack.com/sweetwater/onlineapp/default.aspx?all=1","Sweetwater County School District 1","2026-01-30"
239,"Head Start Part-Time Building Aide","2025-10-29","Head Start/","Overland Elementary","https://www.applitrack.com/sweetwater/onlineapp/default.aspx?all=1","Sweetwater County School District 1","2026-01-30"
240,"Head Start Part-Time Assistant Teacher","2026-01-29","Head Start/","Overland Elementary","https://www.applitrack.com/sweetwater/onlineapp/default.aspx?all=1","Sweetwater County School District 1","2026-01-30"
241,"Maintenance Technician","2026-01-06","Maintenance/Custodial","Maintenance","https://www.applitrack.com/sweetwater/onlineapp/default.aspx?all=1","Sweetwater County School District 1","2026-01-30"
242,"Night Lead Custodian","2026-01-13","Maintenance/Custodial/","Rock Springs Junior High","https://www.applitrack.com/sweetwater/onlineapp/default.aspx?all=1","Sweetwater County School District 1","2026-01-30"
243,"Full-Time Custodian","2026-01-20","Maintenance/Custodial/","Rock Springs High School","https://www.applitrack.com/sweetwater/onlineapp/default.aspx?all=1","Sweetwater County School District 1","2026-01-30"
244,"Nutrition Services Assistant","2026-01-27","Nutrition Services/","Rock Springs High School","https://www.applitrack.com/sweetwater/onlineapp/default.aspx?all=1","Sweetwater County School District 1","2026-01-30"
245,"Nutrition Services Manager","2026-01-27","Nutrition Services/","Eastside Elementary","https://www.applitrack.com/sweetwater/onlineapp/default.aspx?all=1","Sweetwater County School District 1","2026-01-30"
246,"Nutrition Services Substitute","2024-07-18","Nutrition Services/","District Wide","https://www.applitrack.com/sweetwater/onlineapp/default.aspx?all=1","Sweetwater County School District 1","2026-01-30"
247,"ELL Paraprofessional","2026-01-29","Paraprofessional/","Desert View Elementary","https://www.applitrack.com/sweetwater/onlineapp/default.aspx?all=1","Sweetwater County School District 1","2026-01-30"
248,"ELL Paraprofessional","2025-12-01","Paraprofessional/","Rock Springs Junior High School","https://www.applitrack.com/sweetwater/onlineapp/default.aspx?all=1","Sweetwater County School District 1","2026-01-30"
249,"Itinerant Paraprofessional/Testing Assistant","2026-01-20","Paraprofessional/","District Wide","https://www.applitrack.com/sweetwater/onlineapp/default.aspx?all=1","Sweetwater County School District 1","2026-01-30"
250,"Special Education Paraprofessional","2025-04-02","Paraprofessional/","Lowell School","https://www.applitrack.com/sweetwater/onlineapp/default.aspx?all=1","Sweetwater County School District 1","2026-01-30"
251,"Resource Room Paraprofessional (3)","2025-08-21","Paraprofessional/","Rock Springs Satellite High School","https://www.applitrack.com/sweetwater/onlineapp/default.aspx?all=1","Sweetwater County School District 1","2026-01-30"
252,"Resource Room Paraprofessional (2)","2025-09-10","Paraprofessional/","Rock Springs High School","https://www.applitrack.com/sweetwater/onlineapp/default.aspx?all=1","Sweetwater County School District 1","2026-01-30"
253,"Special Programs One-on-One Paraprofessional","2025-09-25","Paraprofessional/","Sage Elementary","https://www.applitrack.com/sweetwater/onlineapp/default.aspx?all=1","Sweetwater County School District 1","2026-01-30"
254,"Alternate Academic Special Programs One-on-One Paraprofessional","2025-05-05","Paraprofessional/","Rock Springs Junior High","https://www.applitrack.com/sweetwater/onlineapp/default.aspx?all=1","Sweetwater County School District 1","2026-01-30"
255,"Full-Time High School Special Education Paraprofessional and Daycare Assistant - Overland/RSHS","2024-11-04","Paraprofessional/","Overland/RSHS","https://www.applitrack.com/sweetwater/onlineapp/default.aspx?all=1","Sweetwater County School District 1","2026-01-30"
256,"Special Programs One-on-One Paraprofessional","2026-01-14","Paraprofessional/","Sage Elementary","https://www.applitrack.com/sweetwater/onlineapp/default.aspx?all=1","Sweetwater County School District 1","2026-01-30"
257,"Special Programs One-on-One Paraprofessional","2025-11-24","Paraprofessional/","Rock Springs High School","https://www.applitrack.com/sweetwater/onlineapp/default.aspx?all=1","Sweetwater County School District 1","2026-01-30"
258,"Full-Time High School Special Education Paraprofessional and Daycare Assistant - Overland/RSHS","2025-11-11","Paraprofessional/","Overland/RSHS","https://www.applitrack.com/sweetwater/onlineapp/default.aspx?all=1","Sweetwater County School District 1","2026-01-30"
259,"Certified Substitute School Nurse","2019-10-03","Substitute","District Wide","https://www.applitrack.com/sweetwater/onlineapp/default.aspx?all=1","Sweetwater County School District 1","2026-01-30"
260,"BOCES Full Time Building Substitute Teacher (1) - One Year Only","2025-02-04","Substitute/","Overland Elementary","https://www.applitrack.com/sweetwater/onlineapp/default.aspx?all=1","Sweetwater County School District 1","2026-01-30"
261,"BOCES Part Time Building Substitute Teacher (2) - One Year Only","2025-06-05","Substitute/","Overland Elementary","https://www.applitrack.com/sweetwater/onlineapp/default.aspx?all=1","Sweetwater County School District 1","2026-01-30"
262,"Substitute Teacher","2025-07-07","Substitute/","District Wide","https://www.applitrack.com/sweetwater/onlineapp/default.aspx?all=1","Sweetwater County School District 1","2026-01-30"
263,"Over The Road Activity Bus Driver (4)","2025-11-03","Transportation/","Transportation","https://www.applitrack.com/sweetwater/onlineapp/default.aspx?all=1","Sweetwater County School District 1","2026-01-30"
264,"Part-Time Bus Driver (26 Hours/Week)","2026-01-19","Transportation/","Transportation","https://www.applitrack.com/sweetwater/onlineapp/default.aspx?all=1","Sweetwater County School District 1","2026-01-30"
265,"Auto/Bus Mechanic (2)","2025-11-12","Transportation/","Transportation","https://www.applitrack.com/sweetwater/onlineapp/default.aspx?all=1","Sweetwater County School District 1","2026-01-30"
266,"GRHS Assistant Girls Soccer Coach","2025-06-05","Athletics/Activities/","Green River High School","https://www.applitrack.com/swcsd2/onlineapp/default.aspx?all=1","Sweetwater County School District 2","2026-01-30"
267,"LMS Head Co-Ed Soccer Coach","2025-06-05","Athletics/Activities/","Lincoln Middle School","https://www.applitrack.com/swcsd2/onlineapp/default.aspx?all=1","Sweetwater County School District 2","2026-01-30"
268,"LMS Assistant Co-Ed Soccer Coach","2025-06-05","Athletics/Activities/","Lincoln Middle School","https://www.applitrack.com/swcsd2/onlineapp/default.aspx?all=1","Sweetwater County School District 2","2026-01-30"
269,"Elementary Special Education Classroom Teacher","2026-01-19","Elementary School Teaching/","Harrison Elementary School","https://www.applitrack.com/swcsd2/onlineapp/default.aspx?all=1","Sweetwater County School District 2","2026-01-30"
270,"Substitute Custodian","2025-07-10","Maintenance/Custodial/","Maintenance Department","https://www.applitrack.com/swcsd2/onlineapp/default.aspx?all=1","Sweetwater County School District 2","2026-01-30"
271,"English Language Learning Paraprofessional","2025-10-13","Paraprofessional/","Monroe Elementary School","https://www.applitrack.com/swcsd2/onlineapp/default.aspx?all=1","Sweetwater County School District 2","2026-01-30"
272,"Substitute Teacher","2025-07-10","Substitute/","Central Office","https://www.applitrack.com/swcsd2/onlineapp/default.aspx?all=1","Sweetwater County School District 2","2026-01-30"
273,"Substitute Teacher Aide","2025-07-10","Substitute/","Central Office","https://www.applitrack.com/swcsd2/onlineapp/default.aspx?all=1","Sweetwater County School District 2","2026-01-30"
274,"Special Education Paraprofessional","2026-01-08","Support Staff/","Lincoln Middle School","https://www.applitrack.com/swcsd2/onlineapp/default.aspx?all=1","Sweetwater County School District 2","2026-01-30"
275,"Substitute Mechanic","2025-07-10","Transportation","Transportation Department","https://www.applitrack.com/swcsd2/onlineapp/default.aspx?all=1","Sweetwater County School District 2","2026-01-30"
276,"ATHLETIC TRAINER","2025-07-15","Athletics/Activities/","TCSD Schools","https://www.applitrack.com/tcsd/onlineapp/default.aspx?all=1","Teton County School District 1","2026-01-30"
277,"Middle School Assistant Track Coach","2025-06-10","Athletics/Activities/","TCSD Schools","https://www.applitrack.com/tcsd/onlineapp/default.aspx?all=1","Teton County School District 1","2026-01-30"
278,"Instructional Para","2025-12-18","Paraprofessional/","Kelly Elementary School","https://www.applitrack.com/tcsd/onlineapp/default.aspx?all=1","Teton County School District 1","2026-01-30"
279,"Special Education Paraprofessional Grades K-5","2025-12-08","Paraprofessional/","Alta Elementary School","https://www.applitrack.com/tcsd/onlineapp/default.aspx?all=1","Teton County School District 1","2026-01-30"
280,"Special Education Paraprofessional(s) Grades 6-12","2025-09-18","Paraprofessional/","Jackson Hole High School","https://www.applitrack.com/tcsd/onlineapp/default.aspx?all=1","Teton County School District 1","2026-01-30"
281,"Early Education Teacher, Birth to age 3","2026-01-14","Student Support Services/","TCSD Cubs","https://www.applitrack.com/tcsd/onlineapp/default.aspx?all=1","Teton County School District 1","2026-01-30"
282,"Substitute Teachers/Nurses","2020-02-11","Substitute/","TCSD Schools","https://www.applitrack.com/tcsd/onlineapp/default.aspx?all=1","Teton County School District 1","2026-01-30"
283,"Substitute Para/Secretary","2020-02-11","Substitute/","TCSD Schools","https://www.applitrack.com/tcsd/onlineapp/default.aspx?all=1","Teton County School District 1","2026-01-30"
284,"MORAN Route Driver","2024-11-20","Transportation/","Transportation","https://www.applitrack.com/tcsd/onlineapp/default.aspx?all=1","Teton County School District 1","2026-01-30"
285,"Route Bus Driver","2019-10-29","Transportation/","Transportation","https://www.applitrack.com/tcsd/onlineapp/default.aspx?all=1","Teton County School District 1","2026-01-30"
286,"Walking School Bus","2025-10-29","Transportation/","Transportation","https://www.applitrack.com/tcsd/onlineapp/default.aspx?all=1","Teton County School District 1","2026-01-30"
287,"Substitute Bus Drivers","2019-10-29","Transportation/","Transportation","https://www.applitrack.com/tcsd/onlineapp/default.aspx?all=1","Teton County School District 1","2026-01-30"
288,"Temporary SPED Resource Teacher","2026-01-19","Student Support Services/","Evanston Middle School","https://www.applitrack.com/uinta/onlineapp/jobpostings/view.asp?all=1","Uinta County School District 1","2026-01-30"
289,"Bus Drivers and Substitute Bus Drivers","2026-01-09","Support Staff/","Transportation","https://www.applitrack.com/uinta/onlineapp/jobpostings/view.asp?all=1","Uinta County School District 1","2026-01-30"
290,"Full-time and Part-time Classroom Aides and SPED Paraprofessionals","2025-07-16","Support Staff/","District Wide","https://www.applitrack.com/uinta/onlineapp/jobpostings/view.asp?all=1","Uinta County School District 1","2026-01-30"
291,"Full-Time Lifeguard","2025-12-09","Aquatic Center Staff/","Worland Aquatic Center","https://www.applitrack.com/washakie1/onlineapp/default.aspx?all=1","Washakie County School District 1","2026-01-30"
292,"Lifeguard - HS Student","2024-01-08","Aquatic Center Staff/","Worland Aquatic Center","https://www.applitrack.com/washakie1/onlineapp/default.aspx?all=1","Washakie County School District 1","2026-01-30"
293,"Elementary Teacher","2025-12-09","Elementary School Teaching","08/05/2026","https://www.applitrack.com/washakie1/onlineapp/default.aspx?all=1","Washakie County School District 1","2026-01-30"
294,"Special Education Life Skills Teacher","2026-01-27","Elementary School Teaching","08/03/2026","https://www.applitrack.com/washakie1/onlineapp/default.aspx?all=1","Washakie County School District 1","2026-01-30"
295,"Alternative High School Teacher","2025-12-16","High School Teaching","White Hawk Academy","https://www.applitrack.com/washakie1/onlineapp/default.aspx?all=1","Washakie County School District 1","2026-01-30"
296,"Housekeeper, Part-Time","2026-01-14","Maintenance/Custodial/","South Side Elementary","https://www.applitrack.com/washakie1/onlineapp/default.aspx?all=1","Washakie County School District 1","2026-01-30"
297,"Middle School Language Arts Teacher","2026-01-07","Middle School Teaching/","Worland Middle School","https://www.applitrack.com/washakie1/onlineapp/default.aspx?all=1","Washakie County School District 1","2026-01-30"
298,"Speech Language Pathologist","2024-12-18","Special Education Services","Education Resource Center","https://www.applitrack.com/washakie1/onlineapp/default.aspx?all=1","Washakie County School District 1","2026-01-30"
299,"SLP-Assistant","2025-05-14","Special Education Services","Education Resource Center","https://www.applitrack.com/washakie1/onlineapp/default.aspx?all=1","Washakie County School District 1","2026-01-30"
300,"Special Education Teacher","2025-12-02","Special Education Services","Education Resource Center","https://www.applitrack.com/washakie1/onlineapp/default.aspx?all=1","Washakie County School District 1","2026-01-30"
301,"Substitute Bus Driver","2021-07-01","Substitute/","Bus Barn","https://www.applitrack.com/washakie1/onlineapp/default.aspx?all=1","Washakie County School District 1","2026-01-30"
302,"Substitute Cook","2020-11-04","Substitute/","District","https://www.applitrack.com/washakie1/onlineapp/default.aspx?all=1","Washakie County School District 1","2026-01-30"
303,"Substitute Housekeeper","2019-01-21","Substitute/",NA,"https://www.applitrack.com/washakie1/onlineapp/default.aspx?all=1","Washakie County School District 1","2026-01-30"
304,"Substitute Paraeducator","2016-03-02","Substitute/",NA,"https://www.applitrack.com/washakie1/onlineapp/default.aspx?all=1","Washakie County School District 1","2026-01-30"
305,"Substitute Teacher","2016-03-02","Substitute/",NA,"https://www.applitrack.com/washakie1/onlineapp/default.aspx?all=1","Washakie County School District 1","2026-01-30"
306,"Administrative Assistant: K-12 Secretary","2025-12-29","Classified","Dubois K-12 School","https://fremont2.tedk12.com/hire/index.aspx","Fremont County School District 2","2026-01-30"
307,"2025-2026 Drama Club Sponsor Assistant","2025-12-22","Coaching","Dubois K-12 School","https://fremont2.tedk12.com/hire/index.aspx","Fremont County School District 2","2026-01-30"
308,"Part-Time (75%) Special Education Paraprofessional","2025-12-22","Classified","Dubois K-12 School","https://fremont2.tedk12.com/hire/index.aspx","Fremont County School District 2","2026-01-30"
309,"2025-2026 Drama Club Sponsor","2025-12-22","Coaching","Dubois K-12 School","https://fremont2.tedk12.com/hire/index.aspx","Fremont County School District 2","2026-01-30"
310,"Substitute Custodian/Food Service","2025-02-01","Classified","Dubois K-12 School","https://fremont2.tedk12.com/hire/index.aspx","Fremont County School District 2","2026-01-30"
311,"Substitute Bus Driver","2024-04-01","Classified","Bus Barn","https://fremont2.tedk12.com/hire/index.aspx","Fremont County School District 2","2026-01-30"
312,"Substitute - Classified -  Para/Secretary","2024-04-01","Classified","Dubois K-12 School","https://fremont2.tedk12.com/hire/index.aspx","Fremont County School District 2","2026-01-30"
313,"Substitute Teaching","2024-04-01","Substitute","Dubois K-12 School","https://fremont2.tedk12.com/hire/index.aspx","Fremont County School District 2","2026-01-30"
314,"Custodian (part-time) - Torrington High School","2026-01-23","Maintenance","Torrington High School","https://goshen.tedk12.com/hire/index.aspx#aJobListings","Goshen County School District 1","2026-01-30"
315,"Library Media Clerk - Trail Elementary","2026-01-23","Support","Trail Elementary School","https://goshen.tedk12.com/hire/index.aspx#aJobListings","Goshen County School District 1","2026-01-30"
316,"Secondary English Teacher - Lingle Ft. Laramie Middle School","2026-01-23","Secondary Certified","Lingle Ft. Laramie Middle/High School","https://goshen.tedk12.com/hire/index.aspx#aJobListings","Goshen County School District 1","2026-01-30"
317,"Bus Driver/ Sub Bus Driver","2026-01-01","Bus Driver","Transportation Services","https://goshen.tedk12.com/hire/index.aspx#aJobListings","Goshen County School District 1","2026-01-30"
318,"Future Administrative Positions","2026-01-01","Administrative - building","Central Administration Office","https://goshen.tedk12.com/hire/index.aspx#aJobListings","Goshen County School District 1","2026-01-30"
319,"Future Substitute Teacher Positions","2026-01-01","Substitute","Central Administration Office","https://goshen.tedk12.com/hire/index.aspx#aJobListings","Goshen County School District 1","2026-01-30"
320,"Future Classified Positions","2026-01-01","Support","Central Administration Office","https://goshen.tedk12.com/hire/index.aspx#aJobListings","Goshen County School District 1","2026-01-30"
321,"Future Certified Positions","2026-01-01","K-12","Central Administration Office","https://goshen.tedk12.com/hire/index.aspx#aJobListings","Goshen County School District 1","2026-01-30"
322,"Special Education Paraprofessional - Compass Academy - 18-21 Transition Program","2025-12-04","Support","Office of Special Services","https://goshen.tedk12.com/hire/index.aspx#aJobListings","Goshen County School District 1","2026-01-30"
323,"Science Teacher (Lingle Ft. Laramie Middle & High School) - Eligible for $15,000 Hiring Incentive Based on Certification","2025-11-17","Secondary Certified","Lingle Ft. Laramie Middle/High School","https://goshen.tedk12.com/hire/index.aspx#aJobListings","Goshen County School District 1","2026-01-30"
324,"Teacher - Secondary Math - Torrington High School - Eligible for $15,000 Hiring Incentive Based on Certification","2025-09-18","Secondary Certified","Torrington High School","https://goshen.tedk12.com/hire/index.aspx#aJobListings","Goshen County School District 1","2026-01-30"
325,"Speech Language Pathologist - District","2023-07-11","Specialist - Certified","Office of Special Services","https://goshen.tedk12.com/hire/index.aspx#aJobListings","Goshen County School District 1","2026-01-30"
326,"HS Assistant Track Coach","2026-01-25","Coaching","Pine Bluffs Jr./Sr. High School","https://laramie2.tedk12.com/hire/index.aspx","Laramie County School District 2","2026-01-30"
327,"District Data/Information Specialist","2026-01-08","Classified","District","https://laramie2.tedk12.com/hire/index.aspx","Laramie County School District 2","2026-01-30"
328,"Industrial Arts Teacher 2026-27 School Year","2026-01-08","Certified","Pine Bluffs Jr./Sr. High School","https://laramie2.tedk12.com/hire/index.aspx","Laramie County School District 2","2026-01-30"
329,"Elementary Principal","2026-01-08","Certified","Burns Elementary","https://laramie2.tedk12.com/hire/index.aspx","Laramie County School District 2","2026-01-30"
330,"Assistant JH Volleyball Coach","2025-12-02","Coaching","Burns Jr./Sr. High School","https://laramie2.tedk12.com/hire/index.aspx","Laramie County School District 2","2026-01-30"
331,"JH Girls Wrestling Assistant Coach","2025-10-01","Coaching","Burns Jr./Sr. High School","https://laramie2.tedk12.com/hire/index.aspx","Laramie County School District 2","2026-01-30"
332,"Substitute School Nurse","2025-09-15","Substitute","District","https://laramie2.tedk12.com/hire/index.aspx","Laramie County School District 2","2026-01-30"
333,"ELL Parent Translator Contactor","2025-09-15","Classified","District","https://laramie2.tedk12.com/hire/index.aspx","Laramie County School District 2","2026-01-30"
334,"Assistant JH Football Coach","2025-08-05","Coaching","Burns Jr./Sr. High School","https://laramie2.tedk12.com/hire/index.aspx","Laramie County School District 2","2026-01-30"
335,"ELL Paraprofessional","2025-06-10","Classified","District","https://laramie2.tedk12.com/hire/index.aspx","Laramie County School District 2","2026-01-30"
336,"JH Assistant Track Coach","2025-05-27","Coaching","Pine Bluffs Jr./Sr. High School","https://laramie2.tedk12.com/hire/index.aspx","Laramie County School District 2","2026-01-30"
337,"Sub Paraprofessional","2025-01-30","Classified","District","https://laramie2.tedk12.com/hire/index.aspx","Laramie County School District 2","2026-01-30"
338,"Sub Custodian","2025-01-30","Classified","District","https://laramie2.tedk12.com/hire/index.aspx","Laramie County School District 2","2026-01-30"
339,"Substitute Cook","2025-01-30","Food Service","District","https://laramie2.tedk12.com/hire/index.aspx","Laramie County School District 2","2026-01-30"
340,"Substitute Teacher","2025-01-30","Substitute","District","https://laramie2.tedk12.com/hire/index.aspx","Laramie County School District 2","2026-01-30"
341,"Substitute Bus Driver","2025-01-30","Substitute","District","https://laramie2.tedk12.com/hire/index.aspx","Laramie County School District 2","2026-01-30"
342,"High School Math Teacher","2026-01-28","Moorcroft Secondary","Moorcroft, Wyoming","https://crook1.schoolspring.com/","Crook County School District 1","2026-01-30"
343,"Elementary Principal","2026-01-26","Moorcroft Elementary","Moorcroft, Wyoming","https://crook1.schoolspring.com/","Crook County School District 1","2026-01-30"
344,"Secondary School Counselor","2026-01-21","Moorcroft Secondary","Moorcroft, Wyoming","https://crook1.schoolspring.com/","Crook County School District 1","2026-01-30"
345,"Early Intervening & Behavior Support Specialist","2026-01-21","Crook County School District 1","Sundance, Wyoming","https://crook1.schoolspring.com/","Crook County School District 1","2026-01-30"
346,"Route Bus Driver","2026-01-19","Sundance Secondary","Sundance, Wyoming","https://crook1.schoolspring.com/","Crook County School District 1","2026-01-30"
347,"Full-Time Custodian","2026-01-14","Hulett K-12","Hulett, Wyoming","https://crook1.schoolspring.com/","Crook County School District 1","2026-01-30"
348,"Assistant Golf Coach","2026-01-05","Moorcroft Secondary","Moorcroft, Wyoming","https://crook1.schoolspring.com/","Crook County School District 1","2026-01-30"
349,"Part-Time Custodian","2026-01-05","Crook County School District 1","Sundance, Wyoming","https://crook1.schoolspring.com/","Crook County School District 1","2026-01-30"
350,"Secondary Principal","2025-12-01","Sundance Secondary","Sundance, Wyoming","https://crook1.schoolspring.com/","Crook County School District 1","2026-01-30"
351,"Substitute Custodian","2025-08-06","Sundance Secondary","Sundance, Wyoming","https://crook1.schoolspring.com/","Crook County School District 1","2026-01-30"
352,"Substitute Custodian","2025-08-06","Moorcroft Secondary","Moorcroft, Wyoming","https://crook1.schoolspring.com/","Crook County School District 1","2026-01-30"
353,"Substitute Custodian","2025-08-06","Hulett K-12","Hulett, Wyoming","https://crook1.schoolspring.com/","Crook County School District 1","2026-01-30"
354,"Substitute Teacher","2025-08-06","Sundance Elementary","Sundance, Wyoming","https://crook1.schoolspring.com/","Crook County School District 1","2026-01-30"
355,"Substitute Teacher","2025-08-06","Moorcroft Elementary","Moorcroft, Wyoming","https://crook1.schoolspring.com/","Crook County School District 1","2026-01-30"
356,"Substitute Teacher","2025-08-06","Hulett K-12","Hulett, Wyoming","https://crook1.schoolspring.com/","Crook County School District 1","2026-01-30"
357,"Substitute & Activity Bus Drivers","2025-08-06","Sundance Secondary","Sundance, Wyoming","https://crook1.schoolspring.com/","Crook County School District 1","2026-01-30"
358,"Substitute & Activity Bus Drivers","2025-08-06","Moorcroft Secondary","Moorcroft, Wyoming","https://crook1.schoolspring.com/","Crook County School District 1","2026-01-30"
359,"Substitute & Activity Bus Drivers","2025-08-06","Hulett K-12","Hulett, Wyoming","https://crook1.schoolspring.com/","Crook County School District 1","2026-01-30"
360,"Cook","2025-07-31","Hulett K-12","Hulett, Wyoming","https://crook1.schoolspring.com/","Crook County School District 1","2026-01-30"
361,"Route Bus Driver","2025-06-25","Moorcroft Secondary","Moorcroft, Wyoming","https://crook1.schoolspring.com/","Crook County School District 1","2026-01-30"
362,"Junior High Track Coach","2025-06-25","Hulett K-12","Hulett, Wyoming","https://crook1.schoolspring.com/","Crook County School District 1","2026-01-30"
363,"K-12 Music Teacher","2025-06-24","Hulett K-12","Hulett, Wyoming","https://crook1.schoolspring.com/","Crook County School District 1","2026-01-30"
364,"Assistant Outdoor Track Coach [C094]","2026-01-29","CENTRAL HIGH SCHOOL","Cheyenne, Wyoming","https://laramie1.schoolspring.com/","Laramie County School District 1","2026-01-30"
365,"Assistant Boys Soccer Coach - 2 positions [C120]","2026-01-29","CENTRAL HIGH SCHOOL","Cheyenne, Wyoming","https://laramie1.schoolspring.com/","Laramie County School District 1","2026-01-30"
366,"Elementary/Jr High Athletic Director","2026-01-26","JOHNSON JUNIOR HIGH SCHOOL","Cheyenne, Wyoming","https://laramie1.schoolspring.com/","Laramie County School District 1","2026-01-30"
367,"Facility Technician - Steam Fitter/Boiler [TS19]","2026-01-23","Laramie County School District 1","Cheyenne, Wyoming","https://laramie1.schoolspring.com/","Laramie County School District 1","2026-01-30"
368,"Nutrition- Elementary Head Cashier [NU03]","2026-01-20","PRAIRIE WIND ELEMENTARY SCHOOL","Cheyenne, Wyoming","https://laramie1.schoolspring.com/","Laramie County School District 1","2026-01-30"
369,"Principal - Junior High","2026-01-20","JOHNSON JUNIOR HIGH SCHOOL","Cheyenne, Wyoming","https://laramie1.schoolspring.com/","Laramie County School District 1","2026-01-30"
370,"Custodial - Head Class 5 [CU08]","2026-01-16","CAREY JUNIOR HIGH SCHOOL","Cheyenne, Wyoming","https://laramie1.schoolspring.com/","Laramie County School District 1","2026-01-30"
371,"Student Sweeper [ST05]","2026-01-16","COYOTE RIDGE ELEMENTARY SCHOOL","Cheyenne, Wyoming","https://laramie1.schoolspring.com/","Laramie County School District 1","2026-01-30"
372,"Nutrition Services Aid [NU02]","2026-01-09","MCCORMICK JUNIOR HIGH SCHOOL","Cheyenne, Wyoming","https://laramie1.schoolspring.com/","Laramie County School District 1","2026-01-30"
373,"Transportation Assistant [TR01]","2026-01-05","Laramie County School District 1","Cheyenne, Wyoming","https://laramie1.schoolspring.com/","Laramie County School District 1","2026-01-30"
374,"Bus Driver [TR04]","2026-01-05","Laramie County School District 1","Cheyenne, Wyoming","https://laramie1.schoolspring.com/","Laramie County School District 1","2026-01-30"
375,"Head Cheer Coach [C108]","2025-12-19","JOHNSON JUNIOR HIGH SCHOOL","Cheyenne, Wyoming","https://laramie1.schoolspring.com/","Laramie County School District 1","2026-01-30"
376,"Certified Occupational Therapy Assistant","2025-12-16","Laramie County School District 1","Cheyenne, Wyoming","https://laramie1.schoolspring.com/","Laramie County School District 1","2026-01-30"
377,"Nutrition Services Aid [NU02]","2025-12-16","MCCORMICK JUNIOR HIGH SCHOOL","Cheyenne, Wyoming","https://laramie1.schoolspring.com/","Laramie County School District 1","2026-01-30"
378,"Student Sweeper [ST05]","2025-12-12","ANDERSON ELEMENTARY SCHOOL","Cheyenne, Wyoming","https://laramie1.schoolspring.com/","Laramie County School District 1","2026-01-30"
379,"3rd Grade Teacher DLI Spanish-2026/2027 Contract Year [TA40]","2025-12-11","HOBBS ELEMENTARY SCHOOL","Cheyenne, Wyoming","https://laramie1.schoolspring.com/","Laramie County School District 1","2026-01-30"
380,"3rd Grade Teacher DLI Spanish-2026/2027 Contract year [TA40]","2025-12-11","AFFLERBACH ELEMENTARY SCHOOL","Cheyenne, Wyoming","https://laramie1.schoolspring.com/","Laramie County School District 1","2026-01-30"
381,"Custodial-Head Class 4 - Remainder of the 2025/2026 Contract Year only[CU07]","2025-12-09","DEMING ELEMENTARY SCHOOL","Cheyenne, Wyoming","https://laramie1.schoolspring.com/","Laramie County School District 1","2026-01-30"
382,"Student Sweeper [ST05]","2025-12-03","SOUTH HIGH SCHOOL","Cheyenne, Wyoming","https://laramie1.schoolspring.com/","Laramie County School District 1","2026-01-30"
383,"Elementary Head Basketball Coach [C178]","2025-12-01","BUFFALO RIDGE ELEMENTARY SCHL","Cheyenne, Wyoming","https://laramie1.schoolspring.com/","Laramie County School District 1","2026-01-30"
384,"Elementary Assistant Basketball Coach [C179]","2025-12-01","GOINS ELEMENTARY SCHOOL","Cheyenne, Wyoming","https://laramie1.schoolspring.com/","Laramie County School District 1","2026-01-30"
385,"Custodial-Assistant Head Custodian - Class 5 [CU02]","2025-11-19","SOUTH HIGH SCHOOL","Cheyenne, Wyoming","https://laramie1.schoolspring.com/","Laramie County School District 1","2026-01-30"
386,"We The People Sponsor","2025-11-18","SOUTH HIGH SCHOOL","Cheyenne, Wyoming","https://laramie1.schoolspring.com/","Laramie County School District 1","2026-01-30"
387,"Nutrition Services Aid [NU02]","2025-11-07","EAST HIGH SCHOOL","Cheyenne, Wyoming","https://laramie1.schoolspring.com/","Laramie County School District 1","2026-01-30"
388,"Student Sweeper [ST05]","2025-11-07","AFFLERBACH ELEMENTARY SCHOOL","Cheyenne, Wyoming","https://laramie1.schoolspring.com/","Laramie County School District 1","2026-01-30"
389,"Student Sweeper [ST05]","2025-11-07","ARP ELEMENTARY SCHOOL","Cheyenne, Wyoming","https://laramie1.schoolspring.com/","Laramie County School District 1","2026-01-30"
390,"Student Sweeper [ST05]","2025-11-07","BAGGS ELEMENTARY SCHOOL","Cheyenne, Wyoming","https://laramie1.schoolspring.com/","Laramie County School District 1","2026-01-30"
391,"Student Sweeper [ST05]","2025-11-07","BUFFALO RIDGE ELEMENTARY SCHL","Cheyenne, Wyoming","https://laramie1.schoolspring.com/","Laramie County School District 1","2026-01-30"
392,"Student Sweeper [ST05]","2025-11-07","DILDINE ELEMENTARY SCHOOL","Cheyenne, Wyoming","https://laramie1.schoolspring.com/","Laramie County School District 1","2026-01-30"
393,"Student Sweeper [ST05]","2025-11-07","GILCHRIST ELEMENTARY SCHOOL","Cheyenne, Wyoming","https://laramie1.schoolspring.com/","Laramie County School District 1","2026-01-30"
394,"Student Sweeper [ST05]","2025-11-07","HENDERSON ELEMENTARY SCHOOL","Cheyenne, Wyoming","https://laramie1.schoolspring.com/","Laramie County School District 1","2026-01-30"
395,"Student Sweeper [ST05]","2025-11-07","PRAIRIE WIND ELEMENTARY SCHOOL","Cheyenne, Wyoming","https://laramie1.schoolspring.com/","Laramie County School District 1","2026-01-30"
396,"Student Sweeper [ST05]","2025-11-07","CAREY JUNIOR HIGH SCHOOL","Cheyenne, Wyoming","https://laramie1.schoolspring.com/","Laramie County School District 1","2026-01-30"
397,"Student Sweeper [ST05]","2025-11-07","ROSSMAN ELEMENTARY SCHOOL","Cheyenne, Wyoming","https://laramie1.schoolspring.com/","Laramie County School District 1","2026-01-30"
398,"Paraeducator Special Needs PALS [XP09]","2025-11-07","CENTRAL HIGH SCHOOL","Cheyenne, Wyoming","https://laramie1.schoolspring.com/","Laramie County School District 1","2026-01-30"
399,"Sub-Custodian [S010]","2025-11-06","Laramie County School District 1","Cheyenne, Wyoming","https://laramie1.schoolspring.com/","Laramie County School District 1","2026-01-30"
400,"Physical Therapist [XT07]","2025-10-23","Laramie County School District 1","Cheyenne, Wyoming","https://laramie1.schoolspring.com/","Laramie County School District 1","2026-01-30"
401,"School Psychologist Intern [XT32]","2025-10-23","Laramie County School District 1","Cheyenne, Wyoming","https://laramie1.schoolspring.com/","Laramie County School District 1","2026-01-30"
402,"Paraprofessional","2025-10-20","PODER ACADEMY SECONDARY (PASS)","Cheyenne, Wyoming","https://laramie1.schoolspring.com/","Laramie County School District 1","2026-01-30"
403,"Custodial - Head Class 4 [CU07]","2025-10-07","MEADOWLARK ELEMENTARY SCHOOL","Cheyenne, Wyoming","https://laramie1.schoolspring.com/","Laramie County School District 1","2026-01-30"
404,"Occupational Therapist [XT06]","2025-09-12","Laramie County School District 1","Cheyenne, Wyoming","https://laramie1.schoolspring.com/","Laramie County School District 1","2026-01-30"
405,"Assistant - Speech Language Pathology [XI02]","2025-09-11","HOBBS ELEMENTARY SCHOOL","Cheyenne, Wyoming","https://laramie1.schoolspring.com/","Laramie County School District 1","2026-01-30"
406,"Nutrition Services Aid [NU02]","2025-08-27","JOHNSON JUNIOR HIGH SCHOOL","Cheyenne, Wyoming","https://laramie1.schoolspring.com/","Laramie County School District 1","2026-01-30"
407,"Speech Language Pathologist [XT14]","2025-08-08","Laramie County School District 1","Cheyenne, Wyoming","https://laramie1.schoolspring.com/","Laramie County School District 1","2026-01-30"
408,"Custodial - Head Class 5 [CU02]","2025-08-06","MCCORMICK JUNIOR HIGH SCHOOL","Cheyenne, Wyoming","https://laramie1.schoolspring.com/","Laramie County School District 1","2026-01-30"
409,"Custodial - Head Class 5 [CU02]","2025-08-06","JOHNSON JUNIOR HIGH SCHOOL","Cheyenne, Wyoming","https://laramie1.schoolspring.com/","Laramie County School District 1","2026-01-30"
410,"Applicant Pool - Substitute Teacher [S035]","2025-07-31","SUBSTITUTE TEACHERS","Cheyenne, Wyoming","https://laramie1.schoolspring.com/","Laramie County School District 1","2026-01-30"
411,"Paraeducator Sign Support [XP05]","2025-06-26","BUILDING TO BE DETERMINED","Cheyenne, Wyoming","https://laramie1.schoolspring.com/","Laramie County School District 1","2026-01-30"
412,"Paraeducator Resource Room [XP08]","2025-06-24","CAREY JUNIOR HIGH SCHOOL","Cheyenne, Wyoming","https://laramie1.schoolspring.com/","Laramie County School District 1","2026-01-30"
413,"School Psychologist [XA01]","2025-06-17","BUILDING TO BE DETERMINED","Cheyenne, Wyoming","https://laramie1.schoolspring.com/","Laramie County School District 1","2026-01-30"
414,"Dean Morgan Education Support Personnel/ Office and Records","2026-01-27","Dean Morgan Middle School","Casper, Wyoming","https://natronaschools.schoolspring.com/","Natrona School District 1","2026-01-30"
415,"CYMS Head Track Coach","2026-01-26","CY Middle School","Casper, Wyoming","https://natronaschools.schoolspring.com/","Natrona School District 1","2026-01-30"
416,"CYMS Track Aide","2026-01-26","CY Middle School","Casper, Wyoming","https://natronaschools.schoolspring.com/","Natrona School District 1","2026-01-30"
417,"CYMS Golf Aide","2026-01-26","CY Middle School","Casper, Wyoming","https://natronaschools.schoolspring.com/","Natrona School District 1","2026-01-30"
418,"Education Support Personnel: Southridge Elementary School","2026-01-26","Southridge Elementary","Casper, Wyoming","https://natronaschools.schoolspring.com/","Natrona School District 1","2026-01-30"
419,"Centennial Head Boys Soccer Coach","2026-01-16","Centennial Middle School","Casper, Wyoming","https://natronaschools.schoolspring.com/","Natrona School District 1","2026-01-30"
420,"Centennial Head Girls Soccer Coach","2026-01-16","Centennial Middle School","Casper, Wyoming","https://natronaschools.schoolspring.com/","Natrona School District 1","2026-01-30"
421,"CMS Swim Aide","2026-01-16","Centennial Middle School","Casper, Wyoming","https://natronaschools.schoolspring.com/","Natrona School District 1","2026-01-30"
422,"DM Basketball Aide","2026-01-15","Dean Morgan Middle School","Casper, Wyoming","https://natronaschools.schoolspring.com/","Natrona School District 1","2026-01-30"
423,"CCA Track Coach","2026-01-14","Casper Classical Academy","Casper, Wyoming","https://natronaschools.schoolspring.com/","Natrona School District 1","2026-01-30"
424,"Park Behavior and Substitute Support Personnel","2026-01-14","Park Elementary","Casper, Wyoming","https://natronaschools.schoolspring.com/","Natrona School District 1","2026-01-30"
425,"Dean Morgan Custodian","2026-01-12","Dean Morgan Middle School","Casper, Wyoming","https://natronaschools.schoolspring.com/","Natrona School District 1","2026-01-30"
426,"Bar Nunn Behavior and Substitute Support Personnel","2026-01-09","Bar Nunn Elementary","Bar Nunn, Wyoming","https://natronaschools.schoolspring.com/","Natrona School District 1","2026-01-30"
427,"Education Support Personnel: CY Middle School","2026-01-08","CY Middle School","Casper, Wyoming","https://natronaschools.schoolspring.com/","Natrona School District 1","2026-01-30"
428,"Casper Mountain Science Program Teacher on Special Assignment","2026-01-07","Curriculum and Instruction","Casper, Wyoming","https://natronaschools.schoolspring.com/","Natrona School District 1","2026-01-30"
429,"NCHS Cafeteria Technician","2026-01-06","Natrona County High School","Casper, Wyoming","https://natronaschools.schoolspring.com/","Natrona School District 1","2026-01-30"
430,"Evansville Education Support Personnel/Cafeteria Technician","2026-01-05","Evansville Elementary","Evansville, Wyoming","https://natronaschools.schoolspring.com/","Natrona School District 1","2026-01-30"
431,"CYMS Swim Aide","2026-01-05","CY Middle School","Casper, Wyoming","https://natronaschools.schoolspring.com/","Natrona School District 1","2026-01-30"
432,"NCHS Outdoor Track Assistant Coach","2025-12-26","Natrona County High School","Casper, Wyoming","https://natronaschools.schoolspring.com/","Natrona School District 1","2026-01-30"
433,"Cottonwood Education Support Personnel","2025-12-16","Cottonwood Elementary","Casper, Wyoming","https://natronaschools.schoolspring.com/","Natrona School District 1","2026-01-30"
434,"Sagewood Behavior and Substitute Support Personnel","2025-12-02","Sagewood Elementary","Casper, Wyoming","https://natronaschools.schoolspring.com/","Natrona School District 1","2026-01-30"
435,"Special Education Teacher","2025-11-22","Special Education Services Center","Casper, Wyoming","https://natronaschools.schoolspring.com/","Natrona School District 1","2026-01-30"
436,"CCA Behavior and Substitute Support Personnel","2025-11-21","Casper Classical Academy","Casper, Wyoming","https://natronaschools.schoolspring.com/","Natrona School District 1","2026-01-30"
437,"CCA Part-Time Education Support Personnel / Office and Records","2025-11-21","Casper Classical Academy","Casper, Wyoming","https://natronaschools.schoolspring.com/","Natrona School District 1","2026-01-30"
438,"Dean Morgan Nordic Ski Aide","2025-11-12","Dean Morgan Middle School","Casper, Wyoming","https://natronaschools.schoolspring.com/","Natrona School District 1","2026-01-30"
439,"Manor Heights Classroom K-5 Art Teacher for the 2025-2026 School Year Only","2025-11-10","Manor Heights Elementary","Casper, Wyoming","https://natronaschools.schoolspring.com/","Natrona School District 1","2026-01-30"
440,"KWHS Girls Soccer Coach Aide","2025-11-07","Kelly Walsh High School","Casper, Wyoming","https://natronaschools.schoolspring.com/","Natrona School District 1","2026-01-30"
441,"NCHS Education Support Specialist/Education Support Personnel","2025-11-07","Natrona County High School","Casper, Wyoming","https://natronaschools.schoolspring.com/","Natrona School District 1","2026-01-30"
442,"NCHS Education Support Personnel","2025-11-07","Natrona County High School","Casper, Wyoming","https://natronaschools.schoolspring.com/","Natrona School District 1","2026-01-30"
443,"Pineview Education Support Specialist / Education Support Personnel / Cafeteria Technician","2025-10-21","Pineview Elementary","Casper, Wyoming","https://natronaschools.schoolspring.com/","Natrona School District 1","2026-01-30"
444,"Woods Education Support Personnel","2025-10-03","Woods Learning Center","Casper, Wyoming","https://natronaschools.schoolspring.com/","Natrona School District 1","2026-01-30"
445,"Paradise Valley Education Support Personnel/Cafeteria Technician","2025-08-25","Paradise Valley Elementary","Casper, Wyoming","https://natronaschools.schoolspring.com/","Natrona School District 1","2026-01-30"
446,"Education Support Specialist/Education Support Personnel","2025-08-07","Centennial Middle School","Casper, Wyoming","https://natronaschools.schoolspring.com/","Natrona School District 1","2026-01-30"
447,"Dean Morgan Substitute on Daily Assignment","2025-08-05","Dean Morgan Middle School","Casper, Wyoming","https://natronaschools.schoolspring.com/","Natrona School District 1","2026-01-30"
448,"Verda James Education Support Personnel (Part-Time)","2025-07-28","Verda James Elementary","Casper, Wyoming","https://natronaschools.schoolspring.com/","Natrona School District 1","2026-01-30"
449,"Verda James Education Support Personnel","2025-07-24","Verda James Elementary","Casper, Wyoming","https://natronaschools.schoolspring.com/","Natrona School District 1","2026-01-30"
450,"KWHS - Marine Instructor (MI) OR Senior ROTC Marine Instructor (SMI)","2025-07-10","Kelly Walsh High School","Casper, Wyoming","https://natronaschools.schoolspring.com/","Natrona School District 1","2026-01-30"
451,"Classified Substitute 2025-26 School Year","2025-06-12","NCSD","Casper, Wyoming","https://natronaschools.schoolspring.com/","Natrona School District 1","2026-01-30"
452,"Substitute Teacher 2025-26 School Year","2025-06-12","NCSD","Casper, Wyoming","https://natronaschools.schoolspring.com/","Natrona School District 1","2026-01-30"
453,"CYMS At-Will Co-Curricular-Football Coach Aide","2025-05-22","CY Middle School","Casper, Wyoming","https://natronaschools.schoolspring.com/","Natrona School District 1","2026-01-30"
454,"District Counselor/Social Worker to Begin the 2025-2026 School Year","2025-05-02","Special Education Services Center","Casper, Wyoming","https://natronaschools.schoolspring.com/","Natrona School District 1","2026-01-30"
455,"Education Interpreter","2025-05-01","Special Education Services Center","Casper, Wyoming","https://natronaschools.schoolspring.com/","Natrona School District 1","2026-01-30"
456,"District Physical Therapist Beginning 2025-26 School Year","2025-04-21","Special Education Services Center","Casper, Wyoming","https://natronaschools.schoolspring.com/","Natrona School District 1","2026-01-30"
457,"Substitute Custodian","2025-01-29","Human Resources","Casper, Wyoming","https://natronaschools.schoolspring.com/","Natrona School District 1","2026-01-30"
458,"Substitute Nurse","2023-03-07","Natrona County School District","Casper, Wyoming","https://natronaschools.schoolspring.com/","Natrona School District 1","2026-01-30"
459,"HS Assistant Track Coach","2026-01-25","Pine Bluffs Jr./Sr. High School","Pine Bluffs, Wyoming","https://laramie2.schoolspring.com/","Laramie County School District 2","2026-01-30"
460,"District Data/Information Specialist","2026-01-08","LARAMIE COUNTY SD #2","Pine Bluffs, Wyoming","https://laramie2.schoolspring.com/","Laramie County School District 2","2026-01-30"
461,"Industrial Arts Teacher 2026-27 School Year","2026-01-08","Pine Bluffs Jr./Sr. High School","Pine Bluffs, Wyoming","https://laramie2.schoolspring.com/","Laramie County School District 2","2026-01-30"
462,"Elementary Principal","2026-01-08","Burns Elementary","Burns, Wyoming","https://laramie2.schoolspring.com/","Laramie County School District 2","2026-01-30"
463,"Assistant JH Volleyball Coach","2025-12-02","Burns Jr./Sr. High School","Burns, Wyoming","https://laramie2.schoolspring.com/","Laramie County School District 2","2026-01-30"
464,"JH Girls Wrestling Assistant Coach","2025-10-01","Burns Jr./Sr. High School","Burns, Wyoming","https://laramie2.schoolspring.com/","Laramie County School District 2","2026-01-30"
465,"Substitute School Nurse","2025-09-15","LARAMIE COUNTY SD #2","Pine Bluffs, Wyoming","https://laramie2.schoolspring.com/","Laramie County School District 2","2026-01-30"
466,"ELL Parent Translator Contactor","2025-09-15","LARAMIE COUNTY SD #2","Pine Bluffs, Wyoming","https://laramie2.schoolspring.com/","Laramie County School District 2","2026-01-30"
467,"Assistant JH Football Coach","2025-08-05","Burns Jr./Sr. High School","Burns, Wyoming","https://laramie2.schoolspring.com/","Laramie County School District 2","2026-01-30"
468,"ELL Paraprofessional","2025-06-10","LARAMIE COUNTY SD #2","Pine Bluffs, Wyoming","https://laramie2.schoolspring.com/","Laramie County School District 2","2026-01-30"
469,"JH Assistant Track Coach","2025-05-27","Pine Bluffs Jr./Sr. High School","Pine Bluffs, Wyoming","https://laramie2.schoolspring.com/","Laramie County School District 2","2026-01-30"
470,"Sub Paraprofessional","2025-01-30","LARAMIE COUNTY SD #2","Pine Bluffs, Wyoming","https://laramie2.schoolspring.com/","Laramie County School District 2","2026-01-30"
471,"Sub Custodian","2025-01-30","LARAMIE COUNTY SD #2","Pine Bluffs, Wyoming","https://laramie2.schoolspring.com/","Laramie County School District 2","2026-01-30"
472,"Substitute Cook","2025-01-30","LARAMIE COUNTY SD #2","Pine Bluffs, Wyoming","https://laramie2.schoolspring.com/","Laramie County School District 2","2026-01-30"
473,"Substitute Teacher","2025-01-30","LARAMIE COUNTY SD #2","Pine Bluffs, Wyoming","https://laramie2.schoolspring.com/","Laramie County School District 2","2026-01-30"
474,"Substitute Bus Driver","2025-01-30","LARAMIE COUNTY SD #2","Pine Bluffs, Wyoming","https://laramie2.schoolspring.com/","Laramie County School District 2","2026-01-30"
475,"INTERPRETER FOR DEAF/HARD OF HEARING STUDENTS","2026-01-22","Fremont County School District 25","Riverton, Wyoming","https://fremont25.schoolspring.com/","Fremont County School District 25","2026-01-30"
476,"OCCUPATIONAL THERAPIST","2026-01-22","Fremont County School District 25","Riverton, Wyoming","https://fremont25.schoolspring.com/","Fremont County School District 25","2026-01-30"
477,"TEACHER (ADAPTIVE PE)","2026-01-20","Fremont County School District 25","Riverton, Wyoming","https://fremont25.schoolspring.com/","Fremont County School District 25","2026-01-30"
478,"WILLOW CREEK ELEMENTARY PARA (TITLE I)","2026-01-19","WILLOW CREEK","Riverton, Wyoming","https://fremont25.schoolspring.com/","Fremont County School District 25","2026-01-30"
479,"INTERIM MIDDLE SCHOOL COACH (ASSISTANT TRACK)","2026-01-13","RIVERTON MIDDLE SCHOOL","Riverton, Wyoming","https://fremont25.schoolspring.com/","Fremont County School District 25","2026-01-30"
480,"ELEMENTARY TEACHER (3RD GRADE)","2026-01-09","RENDEZVOUS ELEMENTARY","Riverton, Wyoming","https://fremont25.schoolspring.com/","Fremont County School District 25","2026-01-30"
481,"INSTRUCTIONAL COACH (ST. MARGARET'S SCHOOL)","2026-01-09","ST.MARGARET'S SCHOOL","Riverton, Wyoming","https://fremont25.schoolspring.com/","Fremont County School District 25","2026-01-30"
482,"SOCIAL WORKER/COUNSELOR","2026-01-05","FRONTIER ACADEMY","Riverton, Wyoming","https://fremont25.schoolspring.com/","Fremont County School District 25","2026-01-30"
483,"HIGH SCHOOL ASSISTANT COACH (VOLLEYBALL)","2025-12-22","RIVERTON HIGH SCHOOL","Riverton, Wyoming","https://fremont25.schoolspring.com/","Fremont County School District 25","2026-01-30"
484,"HIGH SCHOOL HEAD COACH (VOLLEYBALL)","2025-12-22","RIVERTON HIGH SCHOOL","Riverton, Wyoming","https://fremont25.schoolspring.com/","Fremont County School District 25","2026-01-30"
485,"NATIVE AMERICAN EDUCATION STUDENT AMBASSADOR","2025-12-12","Fremont County School District 25","Riverton, Wyoming","https://fremont25.schoolspring.com/","Fremont County School District 25","2026-01-30"
486,"BUS AIDE","2025-10-17","BUS GARAGE - TRANSPORTATION","Riverton, Wyoming","https://fremont25.schoolspring.com/","Fremont County School District 25","2026-01-30"
487,"BUS DRIVER (PART TIME)","2025-10-17","BUS GARAGE - TRANSPORTATION","Riverton, Wyoming","https://fremont25.schoolspring.com/","Fremont County School District 25","2026-01-30"
488,"SUBSTITUTE PARA","2025-09-26","Fremont County School District 25","Riverton, Wyoming","https://fremont25.schoolspring.com/","Fremont County School District 25","2026-01-30"
489,"HIGH SCHOOL ASSISTANT COACH (TRACK)","2025-07-31","RIVERTON HIGH SCHOOL","Riverton, Wyoming","https://fremont25.schoolspring.com/","Fremont County School District 25","2026-01-30"
490,"SUBSTITUTE INTERPRETER FOR DEAF/HARD OF HEARING STUDENTS","2025-01-16","Fremont County School District 25","Riverton, Wyoming","https://fremont25.schoolspring.com/","Fremont County School District 25","2026-01-30"
491,"SUBSTITUTE CUSTODIAN","2024-09-17","Fremont County School District 25","Riverton, Wyoming","https://fremont25.schoolspring.com/","Fremont County School District 25","2026-01-30"
492,"SUBSTITUTE DAYCARE ASSISTANT","2024-07-22","Fremont County School District 25","Riverton, Wyoming","https://fremont25.schoolspring.com/","Fremont County School District 25","2026-01-30"
493,"SUBSTITUTE TEACHER","2024-07-18","Fremont County School District 25","Riverton, Wyoming","https://fremont25.schoolspring.com/","Fremont County School District 25","2026-01-30"
494,"SUBSTITUTE NURSE","2024-07-18","Fremont County School District 25","Riverton, Wyoming","https://fremont25.schoolspring.com/","Fremont County School District 25","2026-01-30"
495,"LIFEGUARD","2024-03-01","RIVERTON AQUATICS CENTER","Riverton, Wyoming","https://fremont25.schoolspring.com/","Fremont County School District 25","2026-01-30"
496,"DESK CLERK","2024-03-01","RIVERTON AQUATICS CENTER","Riverton, Wyoming","https://fremont25.schoolspring.com/","Fremont County School District 25","2026-01-30"
497,"SUBSTITUTE BUS DRIVER","2023-11-06","BUS GARAGE - TRANSPORTATION","Riverton, Wyoming","https://fremont25.schoolspring.com/","Fremont County School District 25","2026-01-30"
498,"Assistant Superintendent of School Leadership & Performance","2026-01-27","Albany County School District 1","Laramie, Wyoming","https://acsd1.schoolspring.com/","Albany Count School District 1","2026-01-30"
499,"Evening Custodian - High School","2026-01-08","Laramie High School","Laramie, Wyoming","https://acsd1.schoolspring.com/","Albany Count School District 1","2026-01-30"
500,"Personalized Learning Services Paraprofessional","2025-12-09","Indian Paintbrush Elementary School","Laramie, Wyoming","https://acsd1.schoolspring.com/","Albany Count School District 1","2026-01-30"
501,"Substitute Teacher","2025-07-31","Albany County School District 1","Laramie, Wyoming","https://acsd1.schoolspring.com/","Albany Count School District 1","2026-01-30"
502,"Substitute Nurse","2025-07-31","Albany County School District 1","Laramie, Wyoming","https://acsd1.schoolspring.com/","Albany Count School District 1","2026-01-30"
503,"Substitute Custodian","2025-07-21","Albany County School District 1","Laramie, Wyoming","https://acsd1.schoolspring.com/","Albany Count School District 1","2026-01-30"
504,"Bus Aide","2025-06-05","Albany County School District 1","Laramie, Wyoming","https://acsd1.schoolspring.com/","Albany Count School District 1","2026-01-30"
505,"Bus Driver","2025-06-05","Albany County School District 1","Laramie, Wyoming","https://acsd1.schoolspring.com/","Albany Count School District 1","2026-01-30"
506,"Special Programs Education Assistant","2026-01-29","CAMPBELL COUNTY HIGH SCHOOL","Gillette, Wyoming","https://campbell.schoolspring.com/","Campbell County Scholl District 1","2026-01-30"
507,"Special Programs Education Assistant for Students with High Needs","2026-01-29","CAMPBELL COUNTY HIGH SCHOOL","Gillette, Wyoming","https://campbell.schoolspring.com/","Campbell County Scholl District 1","2026-01-30"
508,"Special Programs Education Assistant for Students with High Needs","2026-01-28","TWIN SPRUCE JUNIOR HIGH SCHOOL","Gillette, Wyoming","https://campbell.schoolspring.com/","Campbell County Scholl District 1","2026-01-30"
509,"Emotionally Disabled Special Programs Education Assistant","2026-01-28","CONESTOGA ELEMENTARY","Gillette, Wyoming","https://campbell.schoolspring.com/","Campbell County Scholl District 1","2026-01-30"
510,"Custodian","2026-01-28","ROZET ELEMENTARY","Rozet, Wyoming","https://campbell.schoolspring.com/","Campbell County Scholl District 1","2026-01-30"
511,"Special Programs Education Assistant/ASD","2026-01-28","LAKEVIEW ELEMENTARY","Gillette, Wyoming","https://campbell.schoolspring.com/","Campbell County Scholl District 1","2026-01-30"
512,"0.5 Asst. HS Track Coach","2026-01-28","THUNDER BASIN HIGH SCHOOL","Gillette, Wyoming","https://campbell.schoolspring.com/","Campbell County Scholl District 1","2026-01-30"
513,"Head Cross Country Coach","2026-01-28","THUNDER BASIN HIGH SCHOOL","Gillette, Wyoming","https://campbell.schoolspring.com/","Campbell County Scholl District 1","2026-01-30"
514,"Assistant Head Custodian","2026-01-28","THUNDER BASIN HIGH SCHOOL","Gillette, Wyoming","https://campbell.schoolspring.com/","Campbell County Scholl District 1","2026-01-30"
515,"Custodian","2026-01-28","CAMPBELL COUNTY HIGH SCHOOL","Gillette, Wyoming","https://campbell.schoolspring.com/","Campbell County Scholl District 1","2026-01-30"
516,"BUS ASSISTANT - SPECIAL PROGRAMS","2026-01-28","CAMPBELL COUNTY SCHOOL DISTRICT #1","Gillette, Wyoming","https://campbell.schoolspring.com/","Campbell County Scholl District 1","2026-01-30"
517,"Special Programs Education Assistant","2026-01-26","ROZET ELEMENTARY","Rozet, Wyoming","https://campbell.schoolspring.com/","Campbell County Scholl District 1","2026-01-30"
518,"Exceptional Child Specialist/Resource Room","2026-01-26","THUNDER BASIN HIGH SCHOOL","Gillette, Wyoming","https://campbell.schoolspring.com/","Campbell County Scholl District 1","2026-01-30"
519,"7/8 Boys Soccer Coach","2026-01-22","TWIN SPRUCE JUNIOR HIGH SCHOOL","Gillette, Wyoming","https://campbell.schoolspring.com/","Campbell County Scholl District 1","2026-01-30"
520,"Science Teacher","2026-01-21","THUNDER BASIN HIGH SCHOOL","Gillette, Wyoming","https://campbell.schoolspring.com/","Campbell County Scholl District 1","2026-01-30"
521,"Foreign Language Teacher - German","2026-01-21","CAMPBELL COUNTY HIGH SCHOOL","Gillette, Wyoming","https://campbell.schoolspring.com/","Campbell County Scholl District 1","2026-01-30"
522,"Dual Language Immersion Teacher - Spanish","2026-01-21","STOCKTRAIL ELEMENTARY","Gillette, Wyoming","https://campbell.schoolspring.com/","Campbell County Scholl District 1","2026-01-30"
523,"Special Programs Education Assistant for Students with High Needs","2026-01-21","BUFFALO RIDGE ELEMENTARY SCHOOL","Gillette, Wyoming","https://campbell.schoolspring.com/","Campbell County Scholl District 1","2026-01-30"
524,"Special Programs Education Assistant","2026-01-21","BUFFALO RIDGE ELEMENTARY SCHOOL","Gillette, Wyoming","https://campbell.schoolspring.com/","Campbell County Scholl District 1","2026-01-30"
525,"Special Programs Education Assistant","2026-01-20","RAWHIDE ELEMENTARY","Gillette, Wyoming","https://campbell.schoolspring.com/","Campbell County Scholl District 1","2026-01-30"
526,"Behavior Assistant","2026-01-15","RAWHIDE ELEMENTARY","Gillette, Wyoming","https://campbell.schoolspring.com/","Campbell County Scholl District 1","2026-01-30"
527,"Head Volleyball Coach","2026-01-14","CAMPBELL COUNTY HIGH SCHOOL","Gillette, Wyoming","https://campbell.schoolspring.com/","Campbell County Scholl District 1","2026-01-30"
528,"Head Football Coach","2026-01-14","CAMPBELL COUNTY HIGH SCHOOL","Gillette, Wyoming","https://campbell.schoolspring.com/","Campbell County Scholl District 1","2026-01-30"
529,"Foreign Language Teacher - Spanish","2026-01-14","CAMPBELL COUNTY HIGH SCHOOL","Gillette, Wyoming","https://campbell.schoolspring.com/","Campbell County Scholl District 1","2026-01-30"
530,"School Counselor","2026-01-14","CAMPBELL COUNTY HIGH SCHOOL","Gillette, Wyoming","https://campbell.schoolspring.com/","Campbell County Scholl District 1","2026-01-30"
531,"Emotionally Disabled Special Programs Education Assistant","2026-01-14","PAINTBRUSH ELEMENTARY","Gillette, Wyoming","https://campbell.schoolspring.com/","Campbell County Scholl District 1","2026-01-30"
532,"Vocational Job Coach","2026-01-14","THUNDER BASIN HIGH SCHOOL","Gillette, Wyoming","https://campbell.schoolspring.com/","Campbell County Scholl District 1","2026-01-30"
533,"Special Programs Education Assistant for Students with High Needs","2025-12-19","HILLCREST ELEMENTARY","Gillette, Wyoming","https://campbell.schoolspring.com/","Campbell County Scholl District 1","2026-01-30"
534,"Teacher for the Deaf and Hard of Hearing","2025-12-19","CAMPBELL COUNTY SCHOOL DISTRICT #1","Gillette, Wyoming","https://campbell.schoolspring.com/","Campbell County Scholl District 1","2026-01-30"
535,"Orientation and Mobility Specialist","2025-12-19","CAMPBELL COUNTY SCHOOL DISTRICT #1","Gillette, Wyoming","https://campbell.schoolspring.com/","Campbell County Scholl District 1","2026-01-30"
536,"Special Programs Education Assistant","2025-11-26","HILLCREST ELEMENTARY","Gillette, Wyoming","https://campbell.schoolspring.com/","Campbell County Scholl District 1","2026-01-30"
537,"Wright - Safety Patrol","2025-10-29","CAMPBELL COUNTY SCHOOL DISTRICT #1","Gillette, Wyoming","https://campbell.schoolspring.com/","Campbell County Scholl District 1","2026-01-30"
538,"Safety Patrol","2025-10-29","CAMPBELL COUNTY SCHOOL DISTRICT #1","Gillette, Wyoming","https://campbell.schoolspring.com/","Campbell County Scholl District 1","2026-01-30"
539,"Safety Patrol","2025-10-29","CAMPBELL COUNTY SCHOOL DISTRICT #1","Gillette, Wyoming","https://campbell.schoolspring.com/","Campbell County Scholl District 1","2026-01-30"
540,"Special Programs Education Assistant","2025-10-24","PAINTBRUSH ELEMENTARY","Gillette, Wyoming","https://campbell.schoolspring.com/","Campbell County Scholl District 1","2026-01-30"
541,"Hearing Impaired Interpreter","2025-09-03","PRONGHORN ELEMENTARY","Gillette, Wyoming","https://campbell.schoolspring.com/","Campbell County Scholl District 1","2026-01-30"
542,"BUS DRIVER/BUS DRIVER IN TRAINING","2025-07-02","CAMPBELL COUNTY SCHOOL DISTRICT #1","Gillette, Wyoming","https://campbell.schoolspring.com/","Campbell County Scholl District 1","2026-01-30"
543,"Substitute School Nurse","2025-06-11","CAMPBELL COUNTY SCHOOL DISTRICT #1","Gillette, Wyoming","https://campbell.schoolspring.com/","Campbell County Scholl District 1","2026-01-30"
544,"Substitute Teacher","2025-06-11","CAMPBELL COUNTY SCHOOL DISTRICT #1","Gillette, Wyoming","https://campbell.schoolspring.com/","Campbell County Scholl District 1","2026-01-30"
545,"SCHOOL PSYCHOLOGIST INTERN","2025-01-31","CAMPBELL COUNTY SCHOOL DISTRICT #1","Gillette, Wyoming","https://campbell.schoolspring.com/","Campbell County Scholl District 1","2026-01-30"
546,"Sample Classified Position","2010-02-16","CAMPBELL COUNTY SCHOOL DISTRICT #1","Gillette, Wyoming","https://campbell.schoolspring.com/","Campbell County Scholl District 1","2026-01-30"
547,"Sample Certified Position","2010-02-16","CAMPBELL COUNTY SCHOOL DISTRICT #1","Gillette, Wyoming","https://campbell.schoolspring.com/","Campbell County Scholl District 1","2026-01-30"
548,"ELL Aide- 6 hours pay- remainder of 2025-26 AY",NA,"Classified","Star Valley Middle School/Star Valley High School","https://lcsd2.org/employment-opportunities/","Lincoln County School District 2","2026-01-30"
549,"Special Education Aide",NA,"Classified","Star Valley Middle School","https://lcsd2.org/employment-opportunities/","Lincoln County School District 2","2026-01-30"
550,"Special Education Aide",NA,"Classified","Etna Elementary","https://lcsd2.org/employment-opportunities/","Lincoln County School District 2","2026-01-30"
551,"Groundskeeper",NA,"Classified","Cokeville","https://lcsd2.org/employment-opportunities/","Lincoln County School District 2","2026-01-30"
552,"Bus Aide- Part Time",NA,"Classified","Part Time","https://lcsd2.org/employment-opportunities/","Lincoln County School District 2","2026-01-30"
553,"Speech Language Pathologist 2027 School Year",NA,"Certified","Star Valley","https://lcsd2.org/employment-opportunities/","Lincoln County School District 2","2026-01-30"
554,"Substitute School Nurse",NA,"Classified","Star Valley","https://lcsd2.org/employment-opportunities/","Lincoln County School District 2","2026-01-30"
555,"Certified Substitute Teacher Pool",NA,"Substitute","Star Valley","https://lcsd2.org/employment-opportunities/","Lincoln County School District 2","2026-01-30"
556,"Certified Substitute Teacher Pool",NA,"Substitute","Cokeville","https://lcsd2.org/employment-opportunities/","Lincoln County School District 2","2026-01-30"
557,"Substitute Bus Drivers",NA,"Classified","Cokeville","https://lcsd2.org/employment-opportunities/","Lincoln County School District 2","2026-01-30"
558,"Substitute Bus Drivers",NA,"Classified","Star Valley","https://lcsd2.org/employment-opportunities/","Lincoln County School District 2","2026-01-30"
559,"Substitute Bus Aides",NA,"Classified","Star Valley","https://lcsd2.org/employment-opportunities/","Lincoln County School District 2","2026-01-30"
560,"Substitute Food Service (Cooks)",NA,"Classified","District","https://lcsd2.org/employment-opportunities/","Lincoln County School District 2","2026-01-30"
561,"Assistant Boys Soccer Coach",NA,"Coaching","Star Valley High School","https://lcsd2.org/employment-opportunities/","Lincoln County School District 2","2026-01-30"
562,"Head Volleyball Coach",NA,"Coaching","Cokeville High School","https://lcsd2.org/employment-opportunities/","Lincoln County School District 2","2026-01-30"
563,"Head Cheer Coach",NA,"Coaching","Star Valley High School","https://lcsd2.org/employment-opportunities/","Lincoln County School District 2","2026-01-30"
564,"Assistant Volleyball Coach",NA,"Coaching","Star Valley High School","https://lcsd2.org/employment-opportunities/","Lincoln County School District 2","2026-01-30"
565,"Volunteer Coach/Advisor",NA,"Coaching","District","https://lcsd2.org/employment-opportunities/","Lincoln County School District 2","2026-01-30"
566,"Yearbook Sponsor",NA,"Coaching","District","https://www.growingluskleaders.org/page/human-resources","Niobrara County School District 1","2026-01-30"
567,"Maintenance Worker",NA,"Classified","District","https://www.growingluskleaders.org/page/human-resources","Niobrara County School District 1","2026-01-30"
568,"BUS DRIVER SUBSTITUTES- District Wide",NA,"Classified","District","https://www.growingluskleaders.org/page/human-resources","Niobrara County School District 1","2026-01-30"
569,"CUSTODIAL SUBSTITUTE- District Wide",NA,"Classified","District","https://www.growingluskleaders.org/page/human-resources","Niobrara County School District 1","2026-01-30"
570,"HS Assistant Track Coach",NA,"Coaching","District","https://pcsd16.com/271372_2","Park County School District 16","2026-01-30"
571,"SPECIAL EDUCATION PARAPROFESSIONAL",NA,"Classified","District","https://pcsd16.com/271372_2","Park County School District 16","2026-01-30"
572,"Substitutes for all Postions",NA,"Substitute","PCSD#1 Schools, Glendo and Wheatland","https://www.platte1.org/89574_1","Platte County School District 1","2026-01-30"
573,"Substitutes for Custodians",NA,"Classified","District","https://www.platte1.org/89574_1","Platte County School District 1","2026-01-30"
574,"Assistant Softball Coach",NA,"Coaching","Wheatland High School","https://www.platte1.org/89574_1","Platte County School District 1","2026-01-30"
575,"District Psychology Intern",NA,"Certified","District Wide","https://www.platte1.org/89574_1","Platte County School District 1","2026-01-30"
576,"K-12 Art Teacher",NA,"Certified","District","https://www.guernseysunrise.org/page/employment","Platte County School District 2","2026-01-30"
577,"K-12 Principal",NA,"Certified","District","https://www.guernseysunrise.org/page/employment","Platte County School District 2","2026-01-30"
578,"Special Education Paraeducator",NA,"Classified","District","https://www.guernseysunrise.org/page/employment","Platte County School District 2","2026-01-30"
579,"Custodial/Maintenance Position",NA,"Classified","District","https://www.guernseysunrise.org/page/employment","Platte County School District 2","2026-01-30"
580,"Jr High Girls Volleyball Coach",NA,"Coaching","District","https://www.guernseysunrise.org/page/employment","Platte County School District 2","2026-01-30"
581,"Substitute Certified Teachers",NA,"Substitute","District","https://www.guernseysunrise.org/page/employment","Platte County School District 2","2026-01-30"
582,"Substitute Paraeducators",NA,"Classified","District","https://www.guernseysunrise.org/page/employment","Platte County School District 2","2026-01-30"
583,"7-12 Social Studies Teacher",NA,"Certified","District","https://www.sheridan3.com/page/hr-and-career-opportunities","Sheridan County School District 3","2026-01-30"
584,"Bus Driver",NA,"Classified","District","https://www.sheridan3.com/page/hr-and-career-opportunities","Sheridan County School District 3","2026-01-30"
585,"Volleyball-Head Coach",NA,"Coach","District","https://www.sheridan3.com/page/hr-and-career-opportunities","Sheridan County School District 3","2026-01-30"
586,"Elementary Special Education Teacher",NA,"Certified","District","https://www.sub1.org/en-US/employment-and-human-resources-f26202d3","Sublette County School District 1","2026-01-30"
587,"Elementary School Sped Paraprofessional",NA,"Classified","District","https://www.sub1.org/en-US/employment-and-human-resources-f26202d3","Sublette County School District 1","2026-01-30"
588,"Substitute School Bus Driver",NA,"Classified","District","https://www.sub1.org/en-US/employment-and-human-resources-f26202d3","Sublette County School District 1","2026-01-30"
589,"Substitute School Nurse",NA,"Classified","District","https://www.sub1.org/en-US/employment-and-human-resources-f26202d3","Sublette County School District 1","2026-01-30"
590,"Substitutes",NA,"Substitute","District","https://www.sub1.org/en-US/employment-and-human-resources-f26202d3","Sublette County School District 1","2026-01-30"
591,"Bus Driver (Internal Candidates Only)",NA,"Classified","District","https://www.sublette9.org/apps/pages/index.jsp?uREC_ID=4445550&type=d&pREC_ID=2685329","Sublette County School District 9","2026-01-30"
592,"Mechanic/Bus Driver (Internal Candidates Only)",NA,"Classified","District","https://www.sublette9.org/apps/pages/index.jsp?uREC_ID=4445550&type=d&pREC_ID=2685329","Sublette County School District 9","2026-01-30"
593,"Mechanic/Bus Driver",NA,"Classified","District","https://www.sublette9.org/apps/pages/index.jsp?uREC_ID=4445550&type=d&pREC_ID=2685329","Sublette County School District 9","2026-01-30"
594,"FT Special Education Paraprofessional (Internal Candidates only)",NA,"Classified","District","https://www.sublette9.org/apps/pages/index.jsp?uREC_ID=4445550&type=d&pREC_ID=2685329","Sublette County School District 9","2026-01-30"
595,"Bus Driver",NA,"Coaching","District","https://www.sublette9.org/apps/pages/index.jsp?uREC_ID=4445550&type=d&pREC_ID=2685329","Sublette County School District 9","2026-01-30"
596,"FT Special Education Paraprofessional",NA,"Substitute","District","https://www.sublette9.org/apps/pages/index.jsp?uREC_ID=4445550&type=d&pREC_ID=2685329","Sublette County School District 9","2026-01-30"
597,"K12 Special Education Teacher",NA,"Certified","District","https://www.uinta4.com/departments/business_office/job_opportunities/current_openings","Uinta County School District 4","2026-01-30"
598,"High School Spanish Teacher",NA,"Certified","District","https://www.uinta4.com/departments/business_office/job_opportunities/current_openings","Uinta County School District 4","2026-01-30"
599,"Substitutes- all positions",NA,"Substitute","District","https://www.uinta4.com/departments/business_office/job_opportunities/current_openings","Uinta County School District 4","2026-01-30"
600,"Substitute Bus Drivers",NA,"Classified","District","https://sites.google.com/lymanschools.org/ucsd6/home/job-openings?authuser=0","Uinta County School District 6","2026-01-30"
601,"Substitute School Bus Aides",NA,"Classified","District","https://sites.google.com/lymanschools.org/ucsd6/home/job-openings?authuser=0","Uinta County School District 6","2026-01-30"
602,"Head HS Cross Country Coach",NA,"Coaching","District","https://sites.google.com/lymanschools.org/ucsd6/home/job-openings?authuser=0","Uinta County School District 6","2026-01-30"
603,"Always in need of substitutes",NA,"Substitute","District","https://sites.google.com/lymanschools.org/ucsd6/home/job-openings?authuser=0","Uinta County School District 6","2026-01-30"
604,"Substitute and activity BUS DRIVER",NA,"Classified","District","https://www.wsh2.k12.wy.us/apps/pages/index.jsp?uREC_ID=440610&type=d&pREC_ID=1008214","Washakie County School District 2","2026-01-30"
605,"High School Girls Basketball Coach",NA,"Coaching","District","https://www.wsh2.k12.wy.us/apps/pages/index.jsp?uREC_ID=440610&type=d&pREC_ID=1008214","Washakie County School District 2","2026-01-30"
606,"Special Education Case Manager Job Description",NA,"Certified","District","https://www.wcsd1.org/apps/pages/Career_Opportunities","Weston County School District 1","2026-01-30"
607,"Paraprofessionals",NA,"Classified","District","https://www.wcsd1.org/apps/pages/Career_Opportunities","Weston County School District 1","2026-01-30"
608,"Middle School Football Coach",NA,"Coaching","District","https://www.wcsd1.org/apps/pages/Career_Opportunities","Weston County School District 1","2026-01-30"
609,"Route Bus Drivers",NA,"Classified","District","https://www.wcsd1.org/apps/pages/Career_Opportunities","Weston County School District 1","2026-01-30"
610,"Substitutes",NA,"Substitute","District","https://www.wcsd1.org/apps/pages/Career_Opportunities","Weston County School District 1","2026-01-30"
611,"Custodial-Kitchen subs",NA,"Classified","District","https://www.wcsd1.org/apps/pages/Career_Opportunities","Weston County School District 1","2026-01-30"
612,"Sub Bus Driver",NA,"Classified","District","https://www.wcsd1.org/apps/pages/Career_Opportunities","Weston County School District 1","2026-01-30"
613,"Student Teaching Opportunities",NA,"Student Teaching","District","https://www.wcsd1.org/apps/pages/Career_Opportunities","Weston County School District 1","2026-01-30"
614,"Substitute Teacher",NA,"Substitute","District","https://www.weston7.org/o/wcsd/page/employment","Weston County School District 7","2026-01-30"
615,"Substitute Paraprofessional",NA,"Classified","District","https://www.weston7.org/o/wcsd/page/employment","Weston County School District 7","2026-01-30"
616,"Substitute Custodian",NA,"Classified","District","https://www.weston7.org/o/wcsd/page/employment","Weston County School District 7","2026-01-30"
617,"Substitute Bus Driver (CDL preferred but willing to train)",NA,"Classified","District","https://www.weston7.org/o/wcsd/page/employment","Weston County School District 7","2026-01-30"
618,"Substitute Lunchroom Cook",NA,"Classified","District","https://www.weston7.org/o/wcsd/page/employment","Weston County School District 7","2026-01-30"
619,"Substitute Special Education Aides",NA,"Classified","District","https://www.weston7.org/o/wcsd/page/employment","Weston County School District 7","2026-01-30"
620,"Child Nutrition Cook",NA,"Classified","District","https://jobs.redroverk12.com/org/hotsprings1","Hot Springs County School District 1","2026-01-30"
621,"Speech Language Pathologist",NA,"Certified","District","https://jobs.redroverk12.com/org/hotsprings1","Hot Springs County School District 1","2026-01-30"
622,"Life Skills Teacher",NA,"Certified","District","https://jobs.redroverk12.com/org/hotsprings1","Hot Springs County School District 1","2026-01-30"
623,"Elementary Teacher",NA,"Certified","Ralph Witters Elementary","https://jobs.redroverk12.com/org/hotsprings1","Hot Springs County School District 1","2026-01-30"
624,"Behavior Teacher",NA,"Certified","Ralph Witters Elementary","https://jobs.redroverk12.com/org/hotsprings1","Hot Springs County School District 1","2026-01-30"
625,"Head Cross Country Coach",NA,"Coaching","Hot Springs County High School","https://jobs.redroverk12.com/org/hotsprings1","Hot Springs County School District 1","2026-01-30"
626,"Head High School Volleyball",NA,"Coaching","District","https://jobs.redroverk12.com/org/hotsprings1","Hot Springs County School District 1","2026-01-30"
627,"Daycare Support Staff",NA,"Classified","District","https://jobs.redroverk12.com/org/hotsprings1","Hot Springs County School District 1","2026-01-30"
628,"Custodian",NA,"Classified","District","https://jobs.redroverk12.com/org/hotsprings1","Hot Springs County School District 1","2026-01-30"
629,"Transportation Assistant",NA,"Classified","District","https://jobs.redroverk12.com/org/hotsprings1","Hot Springs County School District 1","2026-01-30"
630,"Crossing Guard",NA,"Classified","District","https://jobs.redroverk12.com/org/hotsprings1","Hot Springs County School District 1","2026-01-30"
631,"Bus Driver",NA,"Classified","District","https://jobs.redroverk12.com/org/hotsprings1","Hot Springs County School District 1","2026-01-30"
632,"Part-Time Custodian",NA,"Classified","District","https://jobs.redroverk12.com/org/hotsprings1","Hot Springs County School District 1","2026-01-30"
633,"Substitute Teacher",NA,"Classified","District","https://jobs.redroverk12.com/org/hotsprings1","Hot Springs County School District 1","2026-01-30"
634,"Paraprofessional",NA,"Classified","District","https://jobs.redroverk12.com/org/hotsprings1","Hot Springs County School District 1","2026-01-30"
635,"Sign Language Interpreter",NA,"Certified","Meadowlark Elementary","https://jobs.redroverk12.com/org/jcsd1","Johnson County School District 1","2026-01-30"
636,"Ag Program Instructor",NA,"Certified","Buffalo High School","https://jobs.redroverk12.com/org/jcsd1","Johnson County School District 1","2026-01-30"
637,"Food Prep Tech",NA,"Classified","JCSD#1","https://jobs.redroverk12.com/org/jcsd1","Johnson County School District 1","2026-01-30"
638,"Student Support Specialist/Homeless Liaison",NA,"Certified","New West High School","https://jobs.redroverk12.com/org/jcsd1","Johnson County School District 1","2026-01-30"
639,"Special Education Paraprofessional",NA,"Classified","JCSD #1","https://jobs.redroverk12.com/org/jcsd1","Johnson County School District 1","2026-01-30"
640,"Paraprofessional Substitute",NA,"Classified","JCSD #1","https://jobs.redroverk12.com/org/jcsd1","Johnson County School District 1","2026-01-30"
641,"Custodian Staff Substitute",NA,"Classified","JCSD #1","https://jobs.redroverk12.com/org/jcsd1","Johnson County School District 1","2026-01-30"
642,"Food Service Staff Substitute",NA,"Classified","JCSD #1","https://jobs.redroverk12.com/org/jcsd1","Johnson County School District 1","2026-01-30"
643,"Substitute Teacher",NA,"Substitute","JCSD #1","https://jobs.redroverk12.com/org/jcsd1","Johnson County School District 1","2026-01-30"
644,"Substitute Buffalo Bus Route Driver",NA,"Classified","JCSD #1","https://jobs.redroverk12.com/org/jcsd1","Johnson County School District 1","2026-01-30"
645,"Substitute Kaycee Bus Route Driver",NA,"Classified","Kaycee K-12 School","https://jobs.redroverk12.com/org/jcsd1","Johnson County School District 1","2026-01-30"
646,"Asst. Track Coach",NA,"Coaching","Clear Creek Middle School","https://jobs.redroverk12.com/org/jcsd1","Johnson County School District 1","2026-01-30"
647,"Child Nutrition Cook",NA,"Part Time","Classified","https://jobs.redroverk12.com/org/hotsprings1/opening/151103","Hot Springs County School District 1","2026-01-30"
648,"Speech / Language Pathologist",NA,"Full Time","Certified","https://jobs.redroverk12.com/org/hotsprings1/opening/150265","Hot Springs County School District 1","2026-01-30"
649,"Life Skills Teacher",NA,"Full Time","Certified","https://jobs.redroverk12.com/org/hotsprings1/opening/149723","Hot Springs County School District 1","2026-01-30"
650,"Elementary Teacher",NA,"Full Time","Certified","https://jobs.redroverk12.com/org/hotsprings1/opening/148328","Hot Springs County School District 1","2026-01-30"
651,"Behavior Teacher",NA,"Full Time","Certified","https://jobs.redroverk12.com/org/hotsprings1/opening/148333","Hot Springs County School District 1","2026-01-30"
652,"Head Cross Country Coach",NA,"Seasonal","Certified","https://jobs.redroverk12.com/org/hotsprings1/opening/148308","Hot Springs County School District 1","2026-01-30"
653,"Head High School Volleyball Coach",NA,"Seasonal","Certified","https://jobs.redroverk12.com/org/hotsprings1/opening/148302","Hot Springs County School District 1","2026-01-30"
654,"Daycare Support Staff",NA,"Full Time","Classified","https://jobs.redroverk12.com/org/hotsprings1/opening/148304","Hot Springs County School District 1","2026-01-30"
655,"Custodian",NA,"Full Time","Classified","https://jobs.redroverk12.com/org/hotsprings1/opening/142823","Hot Springs County School District 1","2026-01-30"
656,"Transportation Assistant",NA,"Part Time","Classified","https://jobs.redroverk12.com/org/hotsprings1/opening/131221","Hot Springs County School District 1","2026-01-30"
657,"Crossing Guard",NA,"Part Time","Classified","https://jobs.redroverk12.com/org/hotsprings1/opening/131249","Hot Springs County School District 1","2026-01-30"
658,"Bus Driver",NA,"Part Time","Classified","https://jobs.redroverk12.com/org/hotsprings1/opening/131244","Hot Springs County School District 1","2026-01-30"
659,"Part-time Custodian",NA,"Part Time","Classified","https://jobs.redroverk12.com/org/hotsprings1/opening/128761","Hot Springs County School District 1","2026-01-30"
660,"Substitute Teacher",NA,"Substitute","Substitute","https://jobs.redroverk12.com/org/hotsprings1/opening/128617","Hot Springs County School District 1","2026-01-30"
661,"Paraprofessional",NA,"Full Time","Classified","https://jobs.redroverk12.com/org/hotsprings1/opening/128613","Hot Springs County School District 1","2026-01-30"
662,"Sign Language Interpreter",NA,"Full Time","Sign Language Interpreter","https://jobs.redroverk12.com/org/jcsd1/opening/150867","Johnson County School District 1","2026-01-30"
663,"Ag Program Instructor",NA,"Full Time","Teacher","https://jobs.redroverk12.com/org/jcsd1/opening/149157","Johnson County School District 1","2026-01-30"
664,"Food Prep Tech",NA,"Part Time","Food Service Tech Prep","https://jobs.redroverk12.com/org/jcsd1/opening/145949","Johnson County School District 1","2026-01-30"
665,"Student Support Specialist/Homeless Liaison",NA,"Full Time","School Counselor","https://jobs.redroverk12.com/org/jcsd1/opening/145931","Johnson County School District 1","2026-01-30"
666,"Special Education Paraprofessional",NA,"Full Time","Special Education Paraprofessional","https://jobs.redroverk12.com/org/jcsd1/opening/145896","Johnson County School District 1","2026-01-30"
667,"Paraprofessional Substitute",NA,"Substitute","Substitute Paraprofessional","https://jobs.redroverk12.com/org/jcsd1/opening/142219","Johnson County School District 1","2026-01-30"
668,"Custodian Staff Substitute",NA,"Substitute","Custodian","https://jobs.redroverk12.com/org/jcsd1/opening/137493","Johnson County School District 1","2026-01-30"
669,"Food Service Staff Substitute",NA,"Substitute","Food Service Tech Prep","https://jobs.redroverk12.com/org/jcsd1/opening/134419","Johnson County School District 1","2026-01-30"
670,"Substitute Teacher",NA,"Substitute","Substitute Teacher","https://jobs.redroverk12.com/org/jcsd1/opening/132190","Johnson County School District 1","2026-01-30"
671,"Substitute Buffalo Bus Route Driver",NA,"Substitute","Bus Driver","https://jobs.redroverk12.com/org/jcsd1/opening/131082","Johnson County School District 1","2026-01-30"
672,"Substitute Kaycee Bus Route Driver",NA,"Substitute","Bus Driver","https://jobs.redroverk12.com/org/jcsd1/opening/131059","Johnson County School District 1","2026-01-30"
673,"Asst. Track Coach",NA,"Seasonal","Assistant Coach","https://jobs.redroverk12.com/org/jcsd1/opening/127811","Johnson County School District 1","2026-01-30"
674,"K-12 Art Teacher",NA,"Full Time","Teacher","https://jobs.redroverk12.com/org/PCSD2/opening/149113","Platte County School District 2","2026-01-30"
675,"K-12 Principal",NA,"Full Time","Administration","https://jobs.redroverk12.com/org/PCSD2/opening/149106","Platte County School District 2","2026-01-30"
676,"Food Service Coordinator",NA,"Part Time","Food Services","https://jobs.redroverk12.com/org/PCSD2/opening/146075","Platte County School District 2","2026-01-30"
677,"Special Education Paraeducator",NA,"Full Time","Paraeducator","https://jobs.redroverk12.com/org/PCSD2/opening/144271","Platte County School District 2","2026-01-30"
678,"Custodial/Maintenance Position",NA,"Full Time","Custodial/Maintenance","https://jobs.redroverk12.com/org/PCSD2/opening/143737","Platte County School District 2","2026-01-30"
679,"Jr High Girls Volleyball Coach",NA,"Seasonal","Coach/Sponsor","https://jobs.redroverk12.com/org/PCSD2/opening/143316","Platte County School District 2","2026-01-30"
680,"Bus Driver",NA,"Full Time","Bus Driver","https://jobs.redroverk12.com/org/SCSD9/opening/151079","Sublette County School District 9","2026-01-30"
681,"Mechanic / Bus Driver",NA,"Full Time","Bus Driver","https://jobs.redroverk12.com/org/SCSD9/opening/151077","Sublette County School District 9","2026-01-30"
682,"Mechanic / Bus Driver",NA,"Full Time","Bus Driver","https://jobs.redroverk12.com/org/SCSD9/opening/150859","Sublette County School District 9","2026-01-30"
683,"FT Special Education Paraprofessional",NA,"Full Time","Paraprofessional","https://jobs.redroverk12.com/org/SCSD9/opening/151064","Sublette County School District 9","2026-01-30"
684,"Bus Driver",NA,"Full Time","Bus Driver","https://jobs.redroverk12.com/org/SCSD9/opening/150861","Sublette County School District 9","2026-01-30"
685,"FT Special Education Paraprofessional",NA,"Full Time","Paraprofessional","https://jobs.redroverk12.com/org/SCSD9/opening/150863","Sublette County School District 9","2026-01-30"
