"","title","date_posted","position","location","url","District","Archive_Date"
"1","Head Coach High School Volleyball-Burlington",2025-12-16,"Athletics/ Activities/","Burlington Schools","https://www.applitrack.com/bighorn1/onlineapp/JobPostings/view.asp?all=1","Big Horn School District 1",2026-03-27
"2","Middle School Head Wrestling Coach (RMMHS)",2026-02-24,"Athletics/ Activities/","Rocky Mountain Middle/High School","https://www.applitrack.com/bighorn1/onlineapp/JobPostings/view.asp?all=1","Big Horn School District 1",2026-03-27
"3","Assistant Middle School Football Coach RMMS",2026-03-04,"Athletics/ Activities/","Rocky Mountain Middle/High School","https://www.applitrack.com/bighorn1/onlineapp/JobPostings/view.asp?all=1","Big Horn School District 1",2026-03-27
"4","Head Middle School Cross Country Coach-RMMS",2026-03-17,"Athletics/ Activities/","Rocky Mountain Middle/High School","https://www.applitrack.com/bighorn1/onlineapp/JobPostings/view.asp?all=1","Big Horn School District 1",2026-03-27
"5","Elementary Classroom Teacher-RMES 185 days (2 positions available)",2026-03-25,"Elementary Teaching/","Rocky Mountain Elementary","https://www.applitrack.com/bighorn1/onlineapp/JobPostings/view.asp?all=1","Big Horn School District 1",2026-03-27
"6","Summer Food Program Cook x2 High School Students 16 and older",2026-03-13,"Food Service/","Burlington Schools","https://www.applitrack.com/bighorn1/onlineapp/JobPostings/view.asp?all=1","Big Horn School District 1",2026-03-27
"7","Secondary ELA /Business Teacher",2026-03-20,"High School Teaching/","Burlington Schools","https://www.applitrack.com/bighorn1/onlineapp/JobPostings/view.asp?all=1","Big Horn School District 1",2026-03-27
"8","Middle/High School Agriculture or CTE Industrial Arts-Burlingotn",2026-03-17,"Middle / High School/","Burlington Schools","https://www.applitrack.com/bighorn1/onlineapp/JobPostings/view.asp?all=1","Big Horn School District 1",2026-03-27
"9","Special Education MS/HS Life Skills Teacher RMMHS",2026-03-25,"Special Education Teaching/","Rocky Mountain Middle/High School","https://www.applitrack.com/bighorn1/onlineapp/JobPostings/view.asp?all=1","Big Horn School District 1",2026-03-27
"10","Special Education Classroom Teacher (9-12) 185 days",2026-03-13,"Special Education Teaching/","Burlington Schools","https://www.applitrack.com/bighorn1/onlineapp/JobPostings/view.asp?all=1","Big Horn School District 1",2026-03-27
"11","School Counselor (Grades 6-12) RMMHS",2026-02-19,"Student Support Services/","Rocky Mountain Middle/High School","https://www.applitrack.com/bighorn1/onlineapp/JobPostings/view.asp?all=1","Big Horn School District 1",2026-03-27
"12","Sub Nurse",2020-09-23,"Student Support Services/","Big Horn Co School District 1","https://www.applitrack.com/bighorn1/onlineapp/JobPostings/view.asp?all=1","Big Horn School District 1",2026-03-27
"13","Sub - Teacher",2020-09-23,"Substitute/","Big Horn Co School District 1","https://www.applitrack.com/bighorn1/onlineapp/JobPostings/view.asp?all=1","Big Horn School District 1",2026-03-27
"14","Sub- Custodial/Cook/Secretary",2020-09-23,"Support Staff/","Big Horn Co School District 1","https://www.applitrack.com/bighorn1/onlineapp/JobPostings/view.asp?all=1","Big Horn School District 1",2026-03-27
"15","Sub - Paraprofessional",2020-09-23,"Support Staff/","Big Horn Co School District 1","https://www.applitrack.com/bighorn1/onlineapp/JobPostings/view.asp?all=1","Big Horn School District 1",2026-03-27
"16","Sub- Route Bus Driver - Burlington",2020-09-23,"Support Staff/","Bus Barn - South","https://www.applitrack.com/bighorn1/onlineapp/JobPostings/view.asp?all=1","Big Horn School District 1",2026-03-27
"17","Sub- Route Bus Driver - Cowley",2020-09-23,"Support Staff/","Bus Barn - North","https://www.applitrack.com/bighorn1/onlineapp/JobPostings/view.asp?all=1","Big Horn School District 1",2026-03-27
"18","High School Principal",2026-03-05,"Administration/","Lovell High School","https://www.applitrack.com/bgh2/onlineapp/default.aspx?all=1","Big Horn School District 2",2026-03-27
"19","Family and Consumer Science Teacher - Middle and High School",2026-03-04,"High School Teaching/","Big Horn County School District #2","https://www.applitrack.com/bgh2/onlineapp/default.aspx?all=1","Big Horn School District 2",2026-03-27
"20","Substitute Teacher",2022-03-30,"Substitute/","Big Horn County School District #2","https://www.applitrack.com/bgh2/onlineapp/default.aspx?all=1","Big Horn School District 2",2026-03-27
"21","Substitute Route and Activity Bus Drivers",2022-03-29,"Transportation","Big Horn County School District #2","https://www.applitrack.com/bgh2/onlineapp/default.aspx?all=1","Big Horn School District 2",2026-03-27
"22","Route Bus Driver",2025-05-27,"Transportation/","Big Horn County School District #2","https://www.applitrack.com/bgh2/onlineapp/default.aspx?all=1","Big Horn School District 2",2026-03-27
"23","Middle School English-Language Arts Teacher",2026-03-16,"Middle School Teaching","Greybull Middle School","https://www.applitrack.com/bighorn/onlineapp/default.aspx?all=1","Big Horn School District 3",2026-03-27
"24","Paraprofessional- Elementary School",2026-03-25,"Support Staff/","Greybull Elementary School(High-Needs School)","https://www.applitrack.com/bighorn/onlineapp/default.aspx?all=1","Big Horn School District 3",2026-03-27
"25","Substitute Teacher",2017-07-05,"Substitute/","District Wide","https://www.applitrack.com/bighorn/onlineapp/default.aspx?all=1","Big Horn School District 3",2026-03-27
"26","Substitute Bus Driver / Activity Driver",2024-12-17,"Transportation/","Transportation","https://www.applitrack.com/bighorn/onlineapp/default.aspx?all=1","Big Horn School District 3",2026-03-27
"27","Assistant Middle School Track Coach",2026-02-18,"Athletics/Activities","Riverside Middle School","https://www.applitrack.com/bgh4/onlineapp/default.aspx?all=1","Big Horn School District 4",2026-03-27
"28","Drivers Ed Teacher",2026-01-12,"High School Teaching","Riverside High School","https://www.applitrack.com/bgh4/onlineapp/default.aspx?all=1","Big Horn School District 4",2026-03-27
"29","Secondary English Teacher",2026-02-11,"High School Teaching/","RMS/RHS","https://www.applitrack.com/bgh4/onlineapp/default.aspx?all=1","Big Horn School District 4",2026-03-27
"30","21 CCLC After School Program Activity Leaders",2020-01-21,"Student Support Services","Laura Irwin Elementary","https://www.applitrack.com/bgh4/onlineapp/default.aspx?all=1","Big Horn School District 4",2026-03-27
"31","Bus Driver",2022-01-07,"Support Staff","District","https://www.applitrack.com/bgh4/onlineapp/default.aspx?all=1","Big Horn School District 4",2026-03-27
"32","Substitute",2025-07-21,"Support Staff","District","https://www.applitrack.com/bgh4/onlineapp/default.aspx?all=1","Big Horn School District 4",2026-03-27
"33","Lifeguard",2025-08-12,"Aquatics/","Rawlins Pool","https://www.applitrack.com/crb1/onlineapp/jobpostings/view.asp?all=1","Carbon County School District 1",2026-03-27
"34","Head Girls Basketball Coach",2026-03-12,"Athletics/Activities/","Rawlins High School","https://www.applitrack.com/crb1/onlineapp/jobpostings/view.asp?all=1","Carbon County School District 1",2026-03-27
"35","Asst Volleyball Coach",2025-10-27,"Athletics/Activities/","Rawlins Middle School","https://www.applitrack.com/crb1/onlineapp/jobpostings/view.asp?all=1","Carbon County School District 1",2026-03-27
"36","Asst. Football Coach",2025-11-11,"Athletics/Activities/","Rawlins Middle School","https://www.applitrack.com/crb1/onlineapp/jobpostings/view.asp?all=1","Carbon County School District 1",2026-03-27
"37","Head High School Volleyball Coach",2026-01-19,"Athletics/Activities/","Little Snake River Valley School","https://www.applitrack.com/crb1/onlineapp/jobpostings/view.asp?all=1","Carbon County School District 1",2026-03-27
"38","Asst High School Volleyball Coach",2026-01-19,"Athletics/Activities/","Little Snake River Valley School","https://www.applitrack.com/crb1/onlineapp/jobpostings/view.asp?all=1","Carbon County School District 1",2026-03-27
"39","STEM Teacher",2026-02-10,"Elementary School Teaching","Rawlins Elementary School","https://www.applitrack.com/crb1/onlineapp/jobpostings/view.asp?all=1","Carbon County School District 1",2026-03-27
"40","Substitute Food Service",2025-10-09,"Food Service/","Food Service","https://www.applitrack.com/crb1/onlineapp/jobpostings/view.asp?all=1","Carbon County School District 1",2026-03-27
"41","Substitute Custodian",2025-07-29,"Maintenance/Custodial","District","https://www.applitrack.com/crb1/onlineapp/jobpostings/view.asp?all=1","Carbon County School District 1",2026-03-27
"42","Special Education Teacher",2026-03-10,"Special Education","Rawlins Elementary School","https://www.applitrack.com/crb1/onlineapp/jobpostings/view.asp?all=1","Carbon County School District 1",2026-03-27
"43","Substitute Teacher",2025-07-29,"Substitute/","District","https://www.applitrack.com/crb1/onlineapp/jobpostings/view.asp?all=1","Carbon County School District 1",2026-03-27
"44","Building (Office) Para Professional",2026-03-10,"Support Staff/","Rawlins High School","https://www.applitrack.com/crb1/onlineapp/jobpostings/view.asp?all=1","Carbon County School District 1",2026-03-27
"45","Substitute Bus Driver",2025-07-29,"Transportation","District","https://www.applitrack.com/crb1/onlineapp/jobpostings/view.asp?all=1","Carbon County School District 1",2026-03-27
"46","Bus Driver",2023-09-22,"Transportation/","District","https://www.applitrack.com/crb1/onlineapp/jobpostings/view.asp?all=1","Carbon County School District 1",2026-03-27
"47","High School Assistant Boys Basketball Coach",2025-03-12,"Athletics/Activities/","H-E-M Junior/Senior High School","https://www.applitrack.com/crb2/onlineapp/default.aspx?all=1","Carbon County School District 2",2026-03-27
"48","Head High School Speech Coach",2025-06-09,"Athletics/Activities/","Saratoga Middle High School","https://www.applitrack.com/crb2/onlineapp/default.aspx?all=1","Carbon County School District 2",2026-03-27
"49","First Assistant (Head) Middle School Boys Basketball Coach",2026-02-25,"Athletics/Activities/","Encampment K-12","https://www.applitrack.com/crb2/onlineapp/default.aspx?all=1","Carbon County School District 2",2026-03-27
"50","Other Assistant Middle School Boys Basketball Coach",2026-02-25,"Athletics/Activities/","Encampment K-12","https://www.applitrack.com/crb2/onlineapp/default.aspx?all=1","Carbon County School District 2",2026-03-27
"51","Assistant High School Volleyball Coach",2026-03-03,"Athletics/Activities/","H-E-M Junior/Senior High School","https://www.applitrack.com/crb2/onlineapp/default.aspx?all=1","Carbon County School District 2",2026-03-27
"52","Other Assistant Middle School Volleyball Coach",2026-03-06,"Athletics/Activities/","H-E-M Junior/Senior High School","https://www.applitrack.com/crb2/onlineapp/default.aspx?all=1","Carbon County School District 2",2026-03-27
"53","Assistant High School Girls Basketball Coach",2026-03-10,"Athletics/Activities/","Saratoga Middle High School","https://www.applitrack.com/crb2/onlineapp/default.aspx?all=1","Carbon County School District 2",2026-03-27
"54","Other Assistant Middle School Girls Basketball Coach",2026-03-10,"Athletics/Activities/","Saratoga Middle High School","https://www.applitrack.com/crb2/onlineapp/default.aspx?all=1","Carbon County School District 2",2026-03-27
"55","Other Assistant Middle School Football Coach",2026-03-10,"Athletics/Activities/","Saratoga Middle High School","https://www.applitrack.com/crb2/onlineapp/default.aspx?all=1","Carbon County School District 2",2026-03-27
"56","First Assistant (Head) Middle School Boys Basketball Coach",2026-03-10,"Athletics/Activities/","Saratoga Middle High School","https://www.applitrack.com/crb2/onlineapp/default.aspx?all=1","Carbon County School District 2",2026-03-27
"57","Other Assistant Middle School Track Coach",2026-03-16,"Athletics/Activities/","H-E-M Junior/Senior High School","https://www.applitrack.com/crb2/onlineapp/default.aspx?all=1","Carbon County School District 2",2026-03-27
"58","Half Time or Full Time Math Teacher",2026-03-09,"High School Teaching/","Saratoga Middle High School","https://www.applitrack.com/crb2/onlineapp/default.aspx?all=1","Carbon County School District 2",2026-03-27
"59","6-12 Band Teacher",2026-01-13,"High School Teaching/","Saratoga Middle High School","https://www.applitrack.com/crb2/onlineapp/default.aspx?all=1","Carbon County School District 2",2026-03-27
"60","K-12 Music Teacher",2026-03-09,"K-12 Teacher/","Encampment K-12","https://www.applitrack.com/crb2/onlineapp/default.aspx?all=1","Carbon County School District 2",2026-03-27
"61","Elementary School Counselor",2026-01-28,"Student Support Services/","Hanna Elementary School","https://www.applitrack.com/crb2/onlineapp/default.aspx?all=1","Carbon County School District 2",2026-03-27
"62","Occupational Therapist(s)",2023-12-22,"Student Support Services/","CCSD#2","https://www.applitrack.com/crb2/onlineapp/default.aspx?all=1","Carbon County School District 2",2026-03-27
"63","Speech Language Pathologist(s)",2022-03-04,"Student Support Services/","CCSD#2","https://www.applitrack.com/crb2/onlineapp/default.aspx?all=1","Carbon County School District 2",2026-03-27
"64","Substitute Bus Driver 2025/2026 School Year",2025-07-15,"Substitute/","CCSD#2","https://www.applitrack.com/crb2/onlineapp/default.aspx?all=1","Carbon County School District 2",2026-03-27
"65","Substitute Classroom/Special Education Aide 2025/2026 School Year",2025-07-15,"Substitute/","CCSD#2","https://www.applitrack.com/crb2/onlineapp/default.aspx?all=1","Carbon County School District 2",2026-03-27
"66","Substitute Cook Helpers 2025/2026 School Year",2025-07-15,"Substitute/","CCSD#2","https://www.applitrack.com/crb2/onlineapp/default.aspx?all=1","Carbon County School District 2",2026-03-27
"67","Substitute Custodian 2025/2026 School Year",2025-07-15,"Substitute/","CCSD#2","https://www.applitrack.com/crb2/onlineapp/default.aspx?all=1","Carbon County School District 2",2026-03-27
"68","Substitute Teacher 2025/2026 School Year",2025-07-15,"Substitute/","CCSD#2","https://www.applitrack.com/crb2/onlineapp/default.aspx?all=1","Carbon County School District 2",2026-03-27
"69","Route Bus Driver",2025-12-02,"Support Staff/","Encampment K-12","https://www.applitrack.com/crb2/onlineapp/default.aspx?all=1","Carbon County School District 2",2026-03-27
"70","Music Classroom Aide-Saratoga Schools",2026-02-17,"Support Staff/","Saratoga Elementary School","https://www.applitrack.com/crb2/onlineapp/default.aspx?all=1","Carbon County School District 2",2026-03-27
"71","High School FBLA Sponsor",2025-06-05,"Athletics/Activities/","Glenrock Jr/Sr High School","https://www.applitrack.com/converse2/onlineapp/default.aspx?all=1","Converse County School Distrcit 2",2026-03-27
"72","HS Assistant Volleyball Coach",2026-02-18,"Athletics/Activities/","Glenrock Jr/Sr High School","https://www.applitrack.com/converse2/onlineapp/default.aspx?all=1","Converse County School Distrcit 2",2026-03-27
"73","JH/HS Assistant Track Coach - Specializing in Shot Put and Discus",2026-02-18,"Athletics/Activities/","Glenrock Jr/Sr High School","https://www.applitrack.com/converse2/onlineapp/default.aspx?all=1","Converse County School Distrcit 2",2026-03-27
"74","Elementary Classroom Teacher (5th Grade)",2026-02-11,"Elementary School Teaching/","Glenrock Intermediate School","https://www.applitrack.com/converse2/onlineapp/default.aspx?all=1","Converse County School Distrcit 2",2026-03-27
"75","K-6 Music Teacher",2025-12-08,"Elementary School Teaching/","Grant Elementary School","https://www.applitrack.com/converse2/onlineapp/default.aspx?all=1","Converse County School Distrcit 2",2026-03-27
"76","Elementary Classroom Teacher (3rd Grade)",2026-02-23,"Elementary School Teaching/","Grant Elementary School","https://www.applitrack.com/converse2/onlineapp/default.aspx?all=1","Converse County School Distrcit 2",2026-03-27
"77","Elementary Teacher (Title I)",2026-02-23,"Elementary School Teaching/","Grant Elementary School","https://www.applitrack.com/converse2/onlineapp/default.aspx?all=1","Converse County School Distrcit 2",2026-03-27
"78","Food Service Worker - Cook (Part -Time, 14 hrs)",2025-12-02,"Food Service/","Converse County School District #2","https://www.applitrack.com/converse2/onlineapp/default.aspx?all=1","Converse County School Distrcit 2",2026-03-27
"79","Food Service Van Driver - (Part -Time)",2026-03-09,"Food Service/","Converse County School District #2","https://www.applitrack.com/converse2/onlineapp/default.aspx?all=1","Converse County School Distrcit 2",2026-03-27
"80","Band/Choir Teacher (7-12)",2026-02-10,"High School Teaching/","Glenrock Jr/Sr High School","https://www.applitrack.com/converse2/onlineapp/default.aspx?all=1","Converse County School Distrcit 2",2026-03-27
"81","Social Studies Teacher (Grades 9-12)",2026-02-10,"High School Teaching/","Glenrock Jr/Sr High School","https://www.applitrack.com/converse2/onlineapp/default.aspx?all=1","Converse County School Distrcit 2",2026-03-27
"82","Junior High Language Arts Teacher (Grades 7-8)",2026-02-25,"Junior High Teaching/","Glenrock Jr/Sr High School","https://www.applitrack.com/converse2/onlineapp/default.aspx?all=1","Converse County School Distrcit 2",2026-03-27
"83","K-6 School Counselor/Social Worker",2026-03-03,"Student Support Services Certified/","Grant Elementary School","https://www.applitrack.com/converse2/onlineapp/default.aspx?all=1","Converse County School Distrcit 2",2026-03-27
"84","Substitute Teacher/Aid/Cook/Custodian/Bus Driver/Summer Help",2019-03-26,"Substitute/","Converse County School District #2","https://www.applitrack.com/converse2/onlineapp/default.aspx?all=1","Converse County School Distrcit 2",2026-03-27
"85","Technology Director",2026-02-23,"Technology/","Converse County School District #2","https://www.applitrack.com/converse2/onlineapp/default.aspx?all=1","Converse County School Distrcit 2",2026-03-27
"86","Bus Driver (Route, Activity, Sub)",2023-04-13,"Transportation/","Converse County School District #2","https://www.applitrack.com/converse2/onlineapp/default.aspx?all=1","Converse County School Distrcit 2",2026-03-27
"87","DHS Golf Coach Aide",2026-03-26,"Athletics/Activities/Extra Duty/","Activities Department","https://www.applitrack.com/ccsd1/onlineapp/default.aspx?all=1","Converse County School District 1",2026-03-27
"88","DIS Secretary",2026-03-24,"Clerical/Secretarial/","Douglas Intermediate School","https://www.applitrack.com/ccsd1/onlineapp/default.aspx?all=1","Converse County School District 1",2026-03-27
"89","ESY Paraprofessionals",2026-02-23,"ESY/","Student Support Services","https://www.applitrack.com/ccsd1/onlineapp/default.aspx?all=1","Converse County School District 1",2026-03-27
"90","Maintenance - Summer Crew",2026-03-23,"Maintenance/Custodial/","Maintenance","https://www.applitrack.com/ccsd1/onlineapp/default.aspx?all=1","Converse County School District 1",2026-03-27
"91","DMS Science Teacher",2026-03-03,"Middle School Teaching/","Douglas Middle School","https://www.applitrack.com/ccsd1/onlineapp/default.aspx?all=1","Converse County School District 1",2026-03-27
"92","DRC Field Crew Workers",2026-01-12,"Recreation/","Douglas Recreation Center","https://www.applitrack.com/ccsd1/onlineapp/default.aspx?all=1","Converse County School District 1",2026-03-27
"93","DRC Lifeguard Supervisor",2026-03-09,"Recreation/","Douglas Recreation Center","https://www.applitrack.com/ccsd1/onlineapp/default.aspx?all=1","Converse County School District 1",2026-03-27
"94","Part-Time Recreation Center Building Monitor",2026-02-23,"Recreation/","Douglas Recreation Center","https://www.applitrack.com/ccsd1/onlineapp/default.aspx?all=1","Converse County School District 1",2026-03-27
"95","Recreation/Nutrition Secretary",2026-03-24,"Recreation/","Douglas Recreation Center","https://www.applitrack.com/ccsd1/onlineapp/default.aspx?all=1","Converse County School District 1",2026-03-27
"96","Elementary SPED Teacher",2026-01-21,"Student Support Services","Elementary Schools","https://www.applitrack.com/ccsd1/onlineapp/default.aspx?all=1","Converse County School District 1",2026-03-27
"97","Secondary SPED Teacher",2026-01-21,"Student Support Services","Douglas Middle/High School","https://www.applitrack.com/ccsd1/onlineapp/default.aspx?all=1","Converse County School District 1",2026-03-27
"98","School Psychologist",2026-03-12,"Student Support Services/","Converse County School District #1","https://www.applitrack.com/ccsd1/onlineapp/default.aspx?all=1","Converse County School District 1",2026-03-27
"99","DRC Substitute Recreation Monitor",2026-01-12,"Substitute","Douglas Recreation Center","https://www.applitrack.com/ccsd1/onlineapp/default.aspx?all=1","Converse County School District 1",2026-03-27
"100","Classified Substitute Positions",2025-07-29,"Substitute","Central Administration","https://www.applitrack.com/ccsd1/onlineapp/default.aspx?all=1","Converse County School District 1",2026-03-27
"101","Food Service Substitute",2025-12-03,"Substitute","Central Administration","https://www.applitrack.com/ccsd1/onlineapp/default.aspx?all=1","Converse County School District 1",2026-03-27
"102","Substitute Custodian",2025-08-19,"Substitute/","Maintenance","https://www.applitrack.com/ccsd1/onlineapp/default.aspx?all=1","Converse County School District 1",2026-03-27
"103","Certified Substitute",2025-07-29,"Substitute/","Central Administration","https://www.applitrack.com/ccsd1/onlineapp/default.aspx?all=1","Converse County School District 1",2026-03-27
"104","Substitute Bus Monitor/Paraprofessional",2025-07-29,"Support Staff/","Transportation","https://www.applitrack.com/ccsd1/onlineapp/default.aspx?all=1","Converse County School District 1",2026-03-27
"105","Substitute Bus Driver",2025-07-29,"Transportation/","Transportation","https://www.applitrack.com/ccsd1/onlineapp/default.aspx?all=1","Converse County School District 1",2026-03-27
"106","Bus Driver",2025-07-28,"Transportation/","Transportation","https://www.applitrack.com/ccsd1/onlineapp/default.aspx?all=1","Converse County School District 1",2026-03-27
"107","Substitute Crossing Guard",2025-07-29,"Transportation/","Transportation","https://www.applitrack.com/ccsd1/onlineapp/default.aspx?all=1","Converse County School District 1",2026-03-27
"108","Crossing Guard",2026-03-23,"Transportation/","Transportation","https://www.applitrack.com/ccsd1/onlineapp/default.aspx?all=1","Converse County School District 1",2026-03-27
"109","Assistant 8th Volleyball Coach",2025-05-22,"Athletics/Activities/","Lander Middle School","https://www.applitrack.com/fremontwy/onlineapp/jobpostings/view.asp?all=1","Fremont County School District 1",2026-03-27
"110","Assistant Wrestling Coach",2025-09-26,"Athletics/Activities/","Lander Middle School","https://www.applitrack.com/fremontwy/onlineapp/jobpostings/view.asp?all=1","Fremont County School District 1",2026-03-27
"111","Head 7th Volleyball Coach",2025-12-16,"Athletics/Activities/","Lander Middle School","https://www.applitrack.com/fremontwy/onlineapp/jobpostings/view.asp?all=1","Fremont County School District 1",2026-03-27
"112","Head 8th Volleyball Coach",2025-12-19,"Athletics/Activities/","Lander Middle School","https://www.applitrack.com/fremontwy/onlineapp/jobpostings/view.asp?all=1","Fremont County School District 1",2026-03-27
"113","Music Teacher (Instrumental)",2026-03-13,"Certified Teaching/","LVHS/LMS","https://www.applitrack.com/fremontwy/onlineapp/jobpostings/view.asp?all=1","Fremont County School District 1",2026-03-27
"114","Science Teacher",2026-03-12,"Certified Teaching/","Lander Middle School","https://www.applitrack.com/fremontwy/onlineapp/jobpostings/view.asp?all=1","Fremont County School District 1",2026-03-27
"115","Special Education Coordinator",2026-02-13,"Certified Teaching/","Baldwin Creek Elementary & Pathfinder High School","https://www.applitrack.com/fremontwy/onlineapp/jobpostings/view.asp?all=1","Fremont County School District 1",2026-03-27
"116","Special Education Teacher - Resource",2026-03-23,"Certified Teaching/","Lander Middle School","https://www.applitrack.com/fremontwy/onlineapp/jobpostings/view.asp?all=1","Fremont County School District 1",2026-03-27
"117","Special Education Teacher - Behavior",2026-03-24,"Certified Teaching/","Lander Valley High School","https://www.applitrack.com/fremontwy/onlineapp/jobpostings/view.asp?all=1","Fremont County School District 1",2026-03-27
"118","Speech-Language Pathologist",2026-03-05,"Student Support Services/","District-wide","https://www.applitrack.com/fremontwy/onlineapp/jobpostings/view.asp?all=1","Fremont County School District 1",2026-03-27
"119","Substitute Custodian (at-will)",2025-06-11,"Substitute/","District-wide","https://www.applitrack.com/fremontwy/onlineapp/jobpostings/view.asp?all=1","Fremont County School District 1",2026-03-27
"120","Substitute Nurse (at-will)",2025-06-11,"Substitute/","District-wide","https://www.applitrack.com/fremontwy/onlineapp/jobpostings/view.asp?all=1","Fremont County School District 1",2026-03-27
"121","Substitute Nutritional Service Worker (at-will)",2025-06-11,"Substitute/","District-wide","https://www.applitrack.com/fremontwy/onlineapp/jobpostings/view.asp?all=1","Fremont County School District 1",2026-03-27
"122","Substitute - classrooms (at-will)",2025-06-11,"Substitute/","District-wide","https://www.applitrack.com/fremontwy/onlineapp/jobpostings/view.asp?all=1","Fremont County School District 1",2026-03-27
"123","Substitute Bus/Activity Driver (at-will)",2025-06-11,"Substitute/","Central Services","https://www.applitrack.com/fremontwy/onlineapp/jobpostings/view.asp?all=1","Fremont County School District 1",2026-03-27
"124","Summer ESY Paraprofessional",2026-03-16,"Temporary/","District-wide","https://www.applitrack.com/fremontwy/onlineapp/jobpostings/view.asp?all=1","Fremont County School District 1",2026-03-27
"125","Summer ESY Speech-Language Pathologist",2026-03-16,"Temporary/","District-wide","https://www.applitrack.com/fremontwy/onlineapp/jobpostings/view.asp?all=1","Fremont County School District 1",2026-03-27
"126","Summer ESY Special Education Teachers",2026-03-16,"Temporary/","District-wide","https://www.applitrack.com/fremontwy/onlineapp/jobpostings/view.asp?all=1","Fremont County School District 1",2026-03-27
"127","Adaptive PE Teacher",2026-03-18,"Temporary/","District-wide","https://www.applitrack.com/fremontwy/onlineapp/jobpostings/view.asp?all=1","Fremont County School District 1",2026-03-27
"128","Lights On Summer Program Site Coordinator",2026-03-16,"Temporary/","Lights On","https://www.applitrack.com/fremontwy/onlineapp/jobpostings/view.asp?all=1","Fremont County School District 1",2026-03-27
"129","Lights On Classroom Helper - High School Students May Apply",2026-03-16,"Temporary/","Lights On","https://www.applitrack.com/fremontwy/onlineapp/jobpostings/view.asp?all=1","Fremont County School District 1",2026-03-27
"130","Lights On Summer Classroom Helper",2026-03-16,"Temporary/","Lights On","https://www.applitrack.com/fremontwy/onlineapp/jobpostings/view.asp?all=1","Fremont County School District 1",2026-03-27
"131","Lights On Summer Pre-K Classroom Helper",2026-03-16,"Temporary/","Lights On","https://www.applitrack.com/fremontwy/onlineapp/jobpostings/view.asp?all=1","Fremont County School District 1",2026-03-27
"132","Lights On Summer Classroom Leader",2026-03-16,"Temporary/","Lights On","https://www.applitrack.com/fremontwy/onlineapp/jobpostings/view.asp?all=1","Fremont County School District 1",2026-03-27
"133","Lights On Summer One-on-One Paraprofessional",2026-03-16,"Temporary/","Lights On","https://www.applitrack.com/fremontwy/onlineapp/jobpostings/view.asp?all=1","Fremont County School District 1",2026-03-27
"134","Lights On Summer Pre-K Teacher",2026-03-16,"Temporary/","Lights On","https://www.applitrack.com/fremontwy/onlineapp/jobpostings/view.asp?all=1","Fremont County School District 1",2026-03-27
"135","Summer Food Service - 7 Hrs/Day at BCE",2026-03-16,"Temporary/","Baldwin Creek Elementary","https://www.applitrack.com/fremontwy/onlineapp/jobpostings/view.asp?all=1","Fremont County School District 1",2026-03-27
"136","Summer Food Service - 6 Hrs/Day at BCE, LVHS, PHS",2026-03-16,"Temporary/","Baldwin Creek Elementary & Pathfinder High School","https://www.applitrack.com/fremontwy/onlineapp/jobpostings/view.asp?all=1","Fremont County School District 1",2026-03-27
"137","Summer Food Service - 3 Hrs/Day at BCE",2026-03-16,"Temporary/","Baldwin Creek Elementary","https://www.applitrack.com/fremontwy/onlineapp/jobpostings/view.asp?all=1","Fremont County School District 1",2026-03-27
"138","High School Online Coordinator - Summer Position",2026-03-18,"Temporary/","Lander Valley High School","https://www.applitrack.com/fremontwy/onlineapp/jobpostings/view.asp?all=1","Fremont County School District 1",2026-03-27
"139","Summer School SPED Paraprofessionals - LVHS (Multiple Positions)",2026-03-18,"Temporary/","Lander Valley High School","https://www.applitrack.com/fremontwy/onlineapp/jobpostings/view.asp?all=1","Fremont County School District 1",2026-03-27
"140","LVHS Jump Start Teachers (Multiple Positions)",2026-03-18,"Temporary/","Lander Valley High School","https://www.applitrack.com/fremontwy/onlineapp/jobpostings/view.asp?all=1","Fremont County School District 1",2026-03-27
"141","Summer School Teachers",2026-03-19,"Temporary/","Pathfinder High School","https://www.applitrack.com/fremontwy/onlineapp/jobpostings/view.asp?all=1","Fremont County School District 1",2026-03-27
"142","Summer School Teachers - LVHS (Multiple Positions)",2026-03-18,"Temporary/","Lander Valley High School","https://www.applitrack.com/fremontwy/onlineapp/jobpostings/view.asp?all=1","Fremont County School District 1",2026-03-27
"143","Business Manager (Open until filled)",2026-03-19,"Administration/","Fremont County School District 21","https://www.applitrack.com/fortwashakieschool/onlineapp/default.aspx?all=1","Fremont County School District 21",2026-03-27
"144","High School Social Studies Teacher 2026-2027 School Year",2026-03-03,"High School Teaching/","Fort Washakie High School","https://www.applitrack.com/fortwashakieschool/onlineapp/default.aspx?all=1","Fremont County School District 21",2026-03-27
"145","Substitute Custodians",2021-09-28,"Maintenance/Custodial/","Fort Washakie Elementary","https://www.applitrack.com/fortwashakieschool/onlineapp/default.aspx?all=1","Fremont County School District 21",2026-03-27
"146","Substitute Cooks",2025-10-06,"Student Support Services/","Fort Washakie Elementary","https://www.applitrack.com/fortwashakieschool/onlineapp/default.aspx?all=1","Fremont County School District 21",2026-03-27
"147","Special Education Teachers (Grades K-12)",2026-03-24,"Student Support Services/","Fort Washakie Middle School","https://www.applitrack.com/fortwashakieschool/onlineapp/default.aspx?all=1","Fremont County School District 21",2026-03-27
"148","Substitute Teacher",2023-09-12,"Substitute/","Fort Washakie Elementary","https://www.applitrack.com/fortwashakieschool/onlineapp/default.aspx?all=1","Fremont County School District 21",2026-03-27
"149","Paraprofessional (Special Education)",2026-03-24,"Support Staff/","Fremont County School District 21","https://www.applitrack.com/fortwashakieschool/onlineapp/default.aspx?all=1","Fremont County School District 21",2026-03-27
"150","Secondary English Teacher",2026-02-17,"High School Teaching/","Shoshoni JH/HS","https://www.applitrack.com/fremont24/onlineapp/default.aspx?all=1","Fremont County School District 24",2026-03-27
"151","Bus Driver Substitutes 2025-2026",2025-08-08,"Substitute/","K-12 Schoolwide","https://www.applitrack.com/fremont24/onlineapp/default.aspx?all=1","Fremont County School District 24",2026-03-27
"152","Cooks Helper Substitutes 2025-2026",2025-08-08,"Substitute/","District Office","https://www.applitrack.com/fremont24/onlineapp/default.aspx?all=1","Fremont County School District 24",2026-03-27
"153","Custodian Substitutes 2025-2026",2025-08-08,"Substitute/","District Wide","https://www.applitrack.com/fremont24/onlineapp/default.aspx?all=1","Fremont County School District 24",2026-03-27
"154","Substitute School Nurse 2025-2026",2025-08-08,"Substitute/","K-12 Schoolwide","https://www.applitrack.com/fremont24/onlineapp/default.aspx?all=1","Fremont County School District 24",2026-03-27
"155","Substitute Teacher 2025-2026",2025-08-08,"Substitute/","K-12 Schoolwide","https://www.applitrack.com/fremont24/onlineapp/default.aspx?all=1","Fremont County School District 24",2026-03-27
"156","Substitute Daycare Assistant 2025-2026",2025-08-08,"Substitute/","K-12 Schoolwide","https://www.applitrack.com/fremont24/onlineapp/default.aspx?all=1","Fremont County School District 24",2026-03-27
"157","No jobs",NA,NA,NA,"https://www.applitrack.com/fcsd38/onlineapp/default.aspx?all=1","Fremont County School District 38",2026-03-27
"158","High School Assistant Volleyball Coach",2025-03-24,"Athletics/Activities","Wind River High School","https://www.applitrack.com/fre6/onlineapp/default.aspx?all=1","Fremont County School District 6",2026-03-27
"159","HS Boys Boasketball Coach HEAD",2026-03-11,"Athletics/Activities","Wind River Middle/High School","https://www.applitrack.com/fre6/onlineapp/default.aspx?all=1","Fremont County School District 6",2026-03-27
"160","HS Volleyball Coach ASSISTANT",2026-03-11,"Athletics/Activities","Wind River Middle/High School","https://www.applitrack.com/fre6/onlineapp/default.aspx?all=1","Fremont County School District 6",2026-03-27
"161","Assistant HS Girls Basketball Coach",2026-03-26,"Athletics/Activities","Wind River High School","https://www.applitrack.com/fre6/onlineapp/default.aspx?all=1","Fremont County School District 6",2026-03-27
"162","Substitute Teacher",2024-08-20,"Substitute/","Wind River Schools","https://www.applitrack.com/fre6/onlineapp/default.aspx?all=1","Fremont County School District 6",2026-03-27
"163","Substitute Para/Custodian/Food Service",2024-11-14,"Substitute/","Wind River Schools","https://www.applitrack.com/fre6/onlineapp/default.aspx?all=1","Fremont County School District 6",2026-03-27
"164","Curriculum and Assessment Director",2026-03-12,"Administration","District Wide","https://www.applitrack.com/fremont14/onlineapp/default.aspx?all=1","Fremont County School District 14",2026-03-27
"165","Elementary Teacher",2026-03-25,"Elementary School Teaching","Wyoming Indian Elementary School","https://www.applitrack.com/fremont14/onlineapp/default.aspx?all=1","Fremont County School District 14",2026-03-27
"166","Pre-K Classroom Teacher",2026-02-12,"Elementary School Teaching","Wyoming Indian Elementary School","https://www.applitrack.com/fremont14/onlineapp/default.aspx?all=1","Fremont County School District 14",2026-03-27
"167","Secondary Reading Interventionist Teacher",2026-02-13,"High School Teaching","Wyoming Indian High School","https://www.applitrack.com/fremont14/onlineapp/default.aspx?all=1","Fremont County School District 14",2026-03-27
"168","High School Mathematics Teacher",2026-02-20,"High School Teaching/","Wyoming Indian High School","https://www.applitrack.com/fremont14/onlineapp/default.aspx?all=1","Fremont County School District 14",2026-03-27
"169","High School Science Teacher",2026-01-15,"High School Teaching/","Wyoming Indian High School","https://www.applitrack.com/fremont14/onlineapp/default.aspx?all=1","Fremont County School District 14",2026-03-27
"170","Middle School Alternative Classroom Teacher",2026-03-03,"Middle School Teaching","Wyoming Indian Middle School","https://www.applitrack.com/fremont14/onlineapp/default.aspx?all=1","Fremont County School District 14",2026-03-27
"171","Middle School ELA Teacher",2026-03-25,"Middle School Teaching/","Wyoming Indian Middle School","https://www.applitrack.com/fremont14/onlineapp/default.aspx?all=1","Fremont County School District 14",2026-03-27
"172","School Nurse",2026-03-12,"Student Health Services/","District Wide","https://www.applitrack.com/fremont14/onlineapp/default.aspx?all=1","Fremont County School District 14",2026-03-27
"173","Substitute School Nurse",2020-07-23,"Student Health Services/","District Wide","https://www.applitrack.com/fremont14/onlineapp/default.aspx?all=1","Fremont County School District 14",2026-03-27
"174","Middle School Counselor",2026-02-12,"Student Support Services/","Wyoming Indian Middle School","https://www.applitrack.com/fremont14/onlineapp/default.aspx?all=1","Fremont County School District 14",2026-03-27
"175","Substitute Teacher - Classroom",2018-10-09,"Substitute Certified/","District Wide","https://www.applitrack.com/fremont14/onlineapp/default.aspx?all=1","Fremont County School District 14",2026-03-27
"176","Substitute School Secretary",2026-02-06,"Substitute Non Certified","District Wide","https://www.applitrack.com/fremont14/onlineapp/default.aspx?all=1","Fremont County School District 14",2026-03-27
"177","Substitute Cook",2018-10-10,"Substitute Non Certified/","District Wide","https://www.applitrack.com/fremont14/onlineapp/default.aspx?all=1","Fremont County School District 14",2026-03-27
"178","Substitute Custodian",2019-09-09,"Substitute Non Certified/","District Wide","https://www.applitrack.com/fremont14/onlineapp/default.aspx?all=1","Fremont County School District 14",2026-03-27
"179","High School Special Education Teacher",2026-02-12,"Support Staff/","Wyoming Indian High School","https://www.applitrack.com/fremont14/onlineapp/default.aspx?all=1","Fremont County School District 14",2026-03-27
"180","Special Education Paraprofessional",2026-03-12,"Support Staff/","Wyoming Indian Elementary School","https://www.applitrack.com/fremont14/onlineapp/default.aspx?all=1","Fremont County School District 14",2026-03-27
"181","Technology Director",2026-03-12,"Technology/","District Wide","https://www.applitrack.com/fremont14/onlineapp/default.aspx?all=1","Fremont County School District 14",2026-03-27
"182","Bus Driver",2023-09-18,"Transportation/","District Wide","https://www.applitrack.com/fremont14/onlineapp/default.aspx?all=1","Fremont County School District 14",2026-03-27
"183","Substitute Bus Driver",2021-07-09,"Transportation/","District Wide","https://www.applitrack.com/fremont14/onlineapp/default.aspx?all=1","Fremont County School District 14",2026-03-27
"184","No jobs",NA,NA,NA,"https://www.applitrack.com/rangers1/onlineapp/default.aspx?all=1","Lincoln County School District 1",2026-03-27
"185","Language Arts/English",2026-03-25,"Middle School Teaching/","Powell Middle School","https://www.applitrack.com/park1/onlineapp/default.aspx?all=1","Park County School District 1",2026-03-27
"186","Student Support/Office Paraeducator",2026-03-26,"Para-Educator","Powell Middle School","https://www.applitrack.com/park1/onlineapp/default.aspx?all=1","Park County School District 1",2026-03-27
"187","Occupational Therapist",2026-03-26,"Student Support Services/","Special Services Cottage","https://www.applitrack.com/park1/onlineapp/default.aspx?all=1","Park County School District 1",2026-03-27
"188","Substitute School Nurse",2025-09-18,"Student Support Services/","District-Wide K-12","https://www.applitrack.com/park1/onlineapp/default.aspx?all=1","Park County School District 1",2026-03-27
"189","Substitute Teacher",2024-07-03,"Substitute/","District-Wide K-12","https://www.applitrack.com/park1/onlineapp/default.aspx?all=1","Park County School District 1",2026-03-27
"190","Substitute Custodian",2024-07-03,"Substitute Support Services/","District-Wide K-12","https://www.applitrack.com/park1/onlineapp/default.aspx?all=1","Park County School District 1",2026-03-27
"191","Substitute Para-Educator",2024-07-03,"Substitute Support Services/","District-Wide K-12","https://www.applitrack.com/park1/onlineapp/default.aspx?all=1","Park County School District 1",2026-03-27
"192","Substitute Bus Driver",2021-09-27,"Transportation/","Transportation Department","https://www.applitrack.com/park1/onlineapp/default.aspx?all=1","Park County School District 1",2026-03-27
"193","Head Girls Volleyball Coach",2026-02-13,"Athletics/Activities/","Cody High School","https://www.applitrack.com/park6/onlineapp/default.aspx?all=1","Park County School District 6",2026-03-27
"194","Head Wrestling Coach",2026-03-18,"Athletics/Activities/","Cody High School","https://www.applitrack.com/park6/onlineapp/default.aspx?all=1","Park County School District 6",2026-03-27
"195","Speech Therapist/Speech Pathologist",2026-02-06,"Student Support Services","Cody High School","https://www.applitrack.com/park6/onlineapp/default.aspx?all=1","Park County School District 6",2026-03-27
"196","Elementary School Guidance Counselor",2026-03-18,"Student Support Services/","Sunset Elementary School","https://www.applitrack.com/park6/onlineapp/default.aspx?all=1","Park County School District 6",2026-03-27
"197","Board Certified Behavior Analyst",2025-02-07,"Student Support Services/","All Schools","https://www.applitrack.com/park6/onlineapp/default.aspx?all=1","Park County School District 6",2026-03-27
"198","Elementary Special Education Resource Teacher",2026-03-13,"Student Support Services/","Sunset Elementary School","https://www.applitrack.com/park6/onlineapp/default.aspx?all=1","Park County School District 6",2026-03-27
"199","School Nurse",2026-02-13,"Student Support Services/","Cody High School","https://www.applitrack.com/park6/onlineapp/default.aspx?all=1","Park County School District 6",2026-03-27
"200","Substitute Paraeducator (Aide) 2025-2026 School Year",2025-07-16,"Substitute/","All Schools","https://www.applitrack.com/park6/onlineapp/default.aspx?all=1","Park County School District 6",2026-03-27
"201","Substitute Custodian 2025-2026 School Year",2025-07-16,"Substitute/","All Schools","https://www.applitrack.com/park6/onlineapp/default.aspx?all=1","Park County School District 6",2026-03-27
"202","Substitute Nurse 2025-2026 School Year",2025-07-16,"Substitute/","All Schools","https://www.applitrack.com/park6/onlineapp/default.aspx?all=1","Park County School District 6",2026-03-27
"203","Substitute Teacher 2025-2026 School Year",2025-07-16,"Substitute/","All Schools","https://www.applitrack.com/park6/onlineapp/default.aspx?all=1","Park County School District 6",2026-03-27
"204","Special Education Life Skills Paraeducator",2026-01-27,"Support Staff/","Cody High School","https://www.applitrack.com/park6/onlineapp/default.aspx?all=1","Park County School District 6",2026-03-27
"205","Route Driver",2025-07-16,"Transportation","All Schools","https://www.applitrack.com/park6/onlineapp/default.aspx?all=1","Park County School District 6",2026-03-27
"206","Bus Aide",2025-07-16,"Transportation","All Schools","https://www.applitrack.com/park6/onlineapp/default.aspx?all=1","Park County School District 6",2026-03-27
"207","Tongue River Elementary Classroom Teacher",2026-03-23,"Elementary School Teaching/","Tongue River Elementary","https://www.applitrack.com/sheridanwy/onlineapp/default.aspx?all=1","Sheridan County School District 1",2026-03-27
"208","BHHS Activities Director",2026-03-05,"Athletics/Activities/","Big Horn High School","https://www.applitrack.com/sheridanwy/onlineapp/default.aspx?all=1","Sheridan County School District 1",2026-03-27
"209","TRMS Assistant Track Coach",2026-02-04,"Athletics/Activities/","Tongue River Middle School","https://www.applitrack.com/sheridanwy/onlineapp/default.aspx?all=1","Sheridan County School District 1",2026-03-27
"210","TRMS Assistant Cross-Country Coach",2026-02-04,"Athletics/Activities/","Tongue River Middle School","https://www.applitrack.com/sheridanwy/onlineapp/default.aspx?all=1","Sheridan County School District 1",2026-03-27
"211","TRMS Assistant Volleyball Coach",2026-02-04,"Athletics/Activities/","Tongue River Middle School","https://www.applitrack.com/sheridanwy/onlineapp/default.aspx?all=1","Sheridan County School District 1",2026-03-27
"212","Big Horn Custodian",2025-12-08,"Maintenance/Custodial/","Big Horn High School","https://www.applitrack.com/sheridanwy/onlineapp/default.aspx?all=1","Sheridan County School District 1",2026-03-27
"213","Bus Driver",2025-04-01,"Transportation/","District-Wide","https://www.applitrack.com/sheridanwy/onlineapp/default.aspx?all=1","Sheridan County School District 1",2026-03-27
"214","TRMS Assistant Girls Basketball Coach",2025-05-20,"Athletics/Activities/","Tongue River Middle School","https://www.applitrack.com/sheridanwy/onlineapp/default.aspx?all=1","Sheridan County School District 1",2026-03-27
"215","TRHS Assistant Volleyball Coach",2025-05-28,"Athletics/Activities/","Tongue River High School","https://www.applitrack.com/sheridanwy/onlineapp/default.aspx?all=1","Sheridan County School District 1",2026-03-27
"216","TRHS Assistant Track Coach",2025-06-03,"Athletics/Activities/","Tongue River High School","https://www.applitrack.com/sheridanwy/onlineapp/default.aspx?all=1","Sheridan County School District 1",2026-03-27
"217","BHMS Assistant Football Coach",2025-07-28,"Athletics/Activities/","Big Horn Middle School","https://www.applitrack.com/sheridanwy/onlineapp/default.aspx?all=1","Sheridan County School District 1",2026-03-27
"218","TRMS Assistant Robotics Coach",2025-08-12,"Athletics/Activities/","Tongue River Middle School","https://www.applitrack.com/sheridanwy/onlineapp/default.aspx?all=1","Sheridan County School District 1",2026-03-27
"219","BHMS Assistant Boys Wrestling Coach",2025-09-08,"Athletics/Activities/","Big Horn Middle School","https://www.applitrack.com/sheridanwy/onlineapp/default.aspx?all=1","Sheridan County School District 1",2026-03-27
"220","TRHS Head Cross-Country Coach",2025-11-18,"Athletics/Activities/","Tongue River High School","https://www.applitrack.com/sheridanwy/onlineapp/default.aspx?all=1","Sheridan County School District 1",2026-03-27
"221","BHMS Head Football Coach",2026-01-08,"Athletics/Activities/","Big Horn Middle School","https://www.applitrack.com/sheridanwy/onlineapp/default.aspx?all=1","Sheridan County School District 1",2026-03-27
"222","TRMS Assistant Boys Basketball Coach",2024-08-14,"Athletics/Activities/","Tongue River Middle School","https://www.applitrack.com/sheridanwy/onlineapp/default.aspx?all=1","Sheridan County School District 1",2026-03-27
"223","Substitute - Support Staff",2018-07-03,"Substitute/","District-Wide","https://www.applitrack.com/sheridanwy/onlineapp/default.aspx?all=1","Sheridan County School District 1",2026-03-27
"224","Substitute - Nurse",2025-09-04,"Substitute/","TR Schools","https://www.applitrack.com/sheridanwy/onlineapp/default.aspx?all=1","Sheridan County School District 1",2026-03-27
"225","Substitute - Teacher",2018-07-09,"Substitute/","District-Wide","https://www.applitrack.com/sheridanwy/onlineapp/default.aspx?all=1","Sheridan County School District 1",2026-03-27
"226","Sheridan High School Assistant Band Coach",2025-12-19,"Activities","Sheridan High School","https://www.applitrack.com/scsd2/OnlineApp/default.aspx?all=1","Sheridan County School District 2",2026-03-27
"227","Sheridan High School Marching Band Color Guard Coach",2026-01-29,"Activities","Sheridan High School","https://www.applitrack.com/scsd2/OnlineApp/default.aspx?all=1","Sheridan County School District 2",2026-03-27
"228","Assistant Wrestling Coach - Sheridan Junior High School",2026-01-14,"Athletic Coaches","Sheridan Junior High School","https://www.applitrack.com/scsd2/OnlineApp/default.aspx?all=1","Sheridan County School District 2",2026-03-27
"229","Assistant Basketball Coach - 9th Grade B Team - Sheridan High School",2026-02-10,"Athletic Coaches","Sheridan High School","https://www.applitrack.com/scsd2/OnlineApp/default.aspx?all=1","Sheridan County School District 2",2026-03-27
"230","Assistant Cross Country Coach - Sheridan Junior High School",2026-03-11,"Athletic Coaches","Sheridan Junior High School","https://www.applitrack.com/scsd2/OnlineApp/default.aspx?all=1","Sheridan County School District 2",2026-03-27
"231","Girls Assistant Volleyball Coach - 7th Grade B Team - Sheridan Junior High School",2026-03-12,"Athletic Coaches","Sheridan Junior High School","https://www.applitrack.com/scsd2/OnlineApp/default.aspx?all=1","Sheridan County School District 2",2026-03-27
"232","Girls Basketball Coach - 7th Grade C Team - Sheridan Junior High School",2026-03-12,"Athletic Coaches","Sheridan Junior High School","https://www.applitrack.com/scsd2/OnlineApp/default.aspx?all=1","Sheridan County School District 2",2026-03-27
"233","Head Volleyball Coach - Sheridan High School",2026-02-11,"Athletic Coaches/","Sheridan High School","https://www.applitrack.com/scsd2/OnlineApp/default.aspx?all=1","Sheridan County School District 2",2026-03-27
"234","Head Football Coach - 7th Grade Boys - Sheridan Junior High School",2026-01-29,"Athletic Coaches/","Sheridan Junior High School","https://www.applitrack.com/scsd2/OnlineApp/default.aspx?all=1","Sheridan County School District 2",2026-03-27
"235","Activities Director - Sheridan High School",2026-02-23,"Directors/","Sheridan High School","https://www.applitrack.com/scsd2/OnlineApp/default.aspx?all=1","Sheridan County School District 2",2026-03-27
"236","Special Education Teacher - District Position",2026-02-26,"Elementary School Teaching","District Wide","https://www.applitrack.com/scsd2/OnlineApp/default.aspx?all=1","Sheridan County School District 2",2026-03-27
"237","Elementary Classroom Teacher - Woodland Park Elementary",2026-02-16,"Elementary School Teaching","Woodland Park","https://www.applitrack.com/scsd2/OnlineApp/default.aspx?all=1","Sheridan County School District 2",2026-03-27
"238","Special Education Elementary Classroom Teacher - Henry A. Coffeen Elementary",2026-02-16,"Elementary School Teaching","Henry A. Coffeen","https://www.applitrack.com/scsd2/OnlineApp/default.aspx?all=1","Sheridan County School District 2",2026-03-27
"239","Classroom Teacher - Kindergarten-2nd - Grade Highland Park Elementary",2026-03-04,"Elementary School Teaching","Highland Park","https://www.applitrack.com/scsd2/OnlineApp/default.aspx?all=1","Sheridan County School District 2",2026-03-27
"240","Second Cook - Sheridan Junior High School",2026-01-28,"Food Services Staff/","Sheridan Junior High School","https://www.applitrack.com/scsd2/OnlineApp/default.aspx?all=1","Sheridan County School District 2",2026-03-27
"241","High School Computer Science/Business Teacher (Grades 9-12) - Sheridan High School",2025-10-30,"High School Teaching","Sheridan High School","https://www.applitrack.com/scsd2/OnlineApp/default.aspx?all=1","Sheridan County School District 2",2026-03-27
"242","High School English Teacher - Sheridan High School",2026-02-10,"High School Teaching/","Sheridan High School","https://www.applitrack.com/scsd2/OnlineApp/default.aspx?all=1","Sheridan County School District 2",2026-03-27
"243","Spanish/EL Teacher - Sheridan High School",2026-03-11,"High School Teaching/","Sheridan High School","https://www.applitrack.com/scsd2/OnlineApp/default.aspx?all=1","Sheridan County School District 2",2026-03-27
"244","High School Mathematics Classroom Teacher - John C. Schiffer",2026-01-07,"High School Teaching/","John C. Schiffer","https://www.applitrack.com/scsd2/OnlineApp/default.aspx?all=1","Sheridan County School District 2",2026-03-27
"245","Physical Education Teacher - Sheridan High School",2026-01-13,"High School Teaching/","Sheridan High School","https://www.applitrack.com/scsd2/OnlineApp/default.aspx?all=1","Sheridan County School District 2",2026-03-27
"246","English Teacher - Sheridan Junior High School",2026-02-26,"Junior High School Teaching/","Sheridan Junior High School","https://www.applitrack.com/scsd2/OnlineApp/default.aspx?all=1","Sheridan County School District 2",2026-03-27
"247","School Nurse - Sheridan Junior High School",2026-03-02,"Nurses/","Sheridan Junior High School","https://www.applitrack.com/scsd2/OnlineApp/default.aspx?all=1","Sheridan County School District 2",2026-03-27
"248","Pre-K Paraprofessional - Highland Park Elementary",2026-03-09,"Paraprofessionals","Highland Park","https://www.applitrack.com/scsd2/OnlineApp/default.aspx?all=1","Sheridan County School District 2",2026-03-27
"249","Special Education Paraprofessional - Sheridan Junior High School",2026-03-23,"Paraprofessionals","Sheridan Junior High School","https://www.applitrack.com/scsd2/OnlineApp/default.aspx?all=1","Sheridan County School District 2",2026-03-27
"250","School Principal - Sagebrush Elementary",2026-03-09,"Principal/","Sagebrush","https://www.applitrack.com/scsd2/OnlineApp/default.aspx?all=1","Sheridan County School District 2",2026-03-27
"251","Substitute Teacher (for prior SCSD2 Teachers only)",2025-07-01,"Prior Employee/","District Wide","https://www.applitrack.com/scsd2/OnlineApp/default.aspx?all=1","Sheridan County School District 2",2026-03-27
"252","Seasonal Grounds Worker - Districtwide",2026-01-16,"Seasonal Staff","District Wide","https://www.applitrack.com/scsd2/OnlineApp/default.aspx?all=1","Sheridan County School District 2",2026-03-27
"253","Seasonal Database Technician - Districtwide",2026-03-12,"Seasonal Staff","District Wide","https://www.applitrack.com/scsd2/OnlineApp/default.aspx?all=1","Sheridan County School District 2",2026-03-27
"254","Speech Language Pathologist - Districtwide",2026-02-23,"Special Services Staff/",NA,"https://www.applitrack.com/scsd2/OnlineApp/default.aspx?all=1","Sheridan County School District 2",2026-03-27
"255","Substitute Cooks Helper - Districtwide",2024-08-23,"Substitutes","District Wide","https://www.applitrack.com/scsd2/OnlineApp/default.aspx?all=1","Sheridan County School District 2",2026-03-27
"256","Substitute Custodian - Districtwide",2024-08-29,"Substitutes","District Wide","https://www.applitrack.com/scsd2/OnlineApp/default.aspx?all=1","Sheridan County School District 2",2026-03-27
"257","Substitute Bus Paraprofessional - Districtwide",2025-04-28,"Substitutes","Bus Barn","https://www.applitrack.com/scsd2/OnlineApp/default.aspx?all=1","Sheridan County School District 2",2026-03-27
"258","Substitute Paraprofessional",2024-07-10,"Substitutes","District Wide","https://www.applitrack.com/scsd2/OnlineApp/default.aspx?all=1","Sheridan County School District 2",2026-03-27
"259","Substitute School Nurse",2024-07-10,"Substitutes","District Wide","https://www.applitrack.com/scsd2/OnlineApp/default.aspx?all=1","Sheridan County School District 2",2026-03-27
"260","Substitute Teacher",2025-07-01,"Substitutes/","District Wide","https://www.applitrack.com/scsd2/OnlineApp/default.aspx?all=1","Sheridan County School District 2",2026-03-27
"261","Substitute Bus Driver",2025-10-07,"Transportation Staff","Bus Barn","https://www.applitrack.com/scsd2/OnlineApp/default.aspx?all=1","Sheridan County School District 2",2026-03-27
"262","RSHS JV Cheer Coach",2026-03-02,"Athletics/Activities/","Rock Springs High School","https://www.applitrack.com/sweetwater/onlineapp/default.aspx?all=1","Sweetwater County School District 1",2026-03-27
"263","RSHS Assistant Girls Basketball Coach - Freshman",2026-03-11,"Athletics/Activities/","Rock Springs High School","https://www.applitrack.com/sweetwater/onlineapp/default.aspx?all=1","Sweetwater County School District 1",2026-03-27
"264","RSHS Assistant Indoor Track Coach",2026-03-10,"Athletics/Activities/","Rock Springs High School","https://www.applitrack.com/sweetwater/onlineapp/default.aspx?all=1","Sweetwater County School District 1",2026-03-27
"265","Farson Assistant MS Track Coach",2026-03-17,"Athletics/Activities/","Farson-Eden Middle School","https://www.applitrack.com/sweetwater/onlineapp/default.aspx?all=1","Sweetwater County School District 1",2026-03-27
"266","RSHS Assistant Boys Basketball Coach - Freshman",2026-03-19,"Athletics/Activities/","Rock Springs High School","https://www.applitrack.com/sweetwater/onlineapp/default.aspx?all=1","Sweetwater County School District 1",2026-03-27
"267","RSHS Assistant Coach - Volleyball - Freshman",2026-01-13,"Athletics/Activities/","Rock Springs High School","https://www.applitrack.com/sweetwater/onlineapp/default.aspx?all=1","Sweetwater County School District 1",2026-03-27
"268","RSHS Assistant Coach - Football (3)",2026-02-10,"Athletics/Activities/","Rock Springs High School","https://www.applitrack.com/sweetwater/onlineapp/default.aspx?all=1","Sweetwater County School District 1",2026-03-27
"269","RSJH Assistant Football Coach - 7th Grade",2026-02-10,"Athletics/Activities/","Rock Springs Junior High","https://www.applitrack.com/sweetwater/onlineapp/default.aspx?all=1","Sweetwater County School District 1",2026-03-27
"270","Farson MS Head Track Coach",2026-02-18,"Athletics/Activities/","Farson-Eden Middle School","https://www.applitrack.com/sweetwater/onlineapp/default.aspx?all=1","Sweetwater County School District 1",2026-03-27
"271","Farson Assistant HS/Head MS Football Coach",2026-02-23,"Athletics/Activities/","Farson-Eden High School","https://www.applitrack.com/sweetwater/onlineapp/default.aspx?all=1","Sweetwater County School District 1",2026-03-27
"272","FEMS-FEHS Assistant Coach - Football",2025-03-03,"Athletics/Activities/","Farson-Eden High School","https://www.applitrack.com/sweetwater/onlineapp/default.aspx?all=1","Sweetwater County School District 1",2026-03-27
"273","RSJH 8th Grade Head Coach - Volleyball",2026-02-09,"Athletics/Activities/","Rock Springs Junior High School","https://www.applitrack.com/sweetwater/onlineapp/default.aspx?all=1","Sweetwater County School District 1",2026-03-27
"274","Athletic Trainer",2026-03-03,"Certified Staff/","Rock Springs High School","https://www.applitrack.com/sweetwater/onlineapp/default.aspx?all=1","Sweetwater County School District 1",2026-03-27
"275","Elementary Teacher 4th Grade",2026-03-04,"Certified Staff/","Eastside Elementary","https://www.applitrack.com/sweetwater/onlineapp/default.aspx?all=1","Sweetwater County School District 1",2026-03-27
"276","Elementary Teacher 2nd Grade",2026-03-12,"Certified Staff/","Stagecoach Elementary","https://www.applitrack.com/sweetwater/onlineapp/default.aspx?all=1","Sweetwater County School District 1",2026-03-27
"277","Elementary Teacher 6th Grade (2)",2026-03-18,"Certified Staff/","Pilot Butte Elementary","https://www.applitrack.com/sweetwater/onlineapp/default.aspx?all=1","Sweetwater County School District 1",2026-03-27
"278","Elementary Teacher 1st Grade",2026-02-17,"Certified Staff/","Walnut Elementary","https://www.applitrack.com/sweetwater/onlineapp/default.aspx?all=1","Sweetwater County School District 1",2026-03-27
"279","Elementary Teacher 1st Grade",2025-11-03,"Certified Staff/","Desert View Elementary","https://www.applitrack.com/sweetwater/onlineapp/default.aspx?all=1","Sweetwater County School District 1",2026-03-27
"280","EL Teacher",2025-11-04,"Certified Staff/","Rock Springs High School","https://www.applitrack.com/sweetwater/onlineapp/default.aspx?all=1","Sweetwater County School District 1",2026-03-27
"281","English/Language Arts",2025-12-12,"Certified Staff/","Farson-Eden High School","https://www.applitrack.com/sweetwater/onlineapp/default.aspx?all=1","Sweetwater County School District 1",2026-03-27
"282","Graduation Coach - Grant Funded",2025-11-04,"Certified Staff/","Rock Springs High School","https://www.applitrack.com/sweetwater/onlineapp/default.aspx?all=1","Sweetwater County School District 1",2026-03-27
"283","Guidance Counselor",2026-01-07,"Certified Staff/","Rock Springs High School","https://www.applitrack.com/sweetwater/onlineapp/default.aspx?all=1","Sweetwater County School District 1",2026-03-27
"284","Library Media Specialist K-3 (Stagecoach and Wamsutter)",2025-11-03,"Certified Staff/","District Wide","https://www.applitrack.com/sweetwater/onlineapp/default.aspx?all=1","Sweetwater County School District 1",2026-03-27
"285","Math Teacher",2025-11-05,"Certified Staff/","Rock Springs High School","https://www.applitrack.com/sweetwater/onlineapp/default.aspx?all=1","Sweetwater County School District 1",2026-03-27
"286","Band Teacher - Pilot Butte and Eastside Elementary",2025-09-10,"Certified Staff/","District Wide","https://www.applitrack.com/sweetwater/onlineapp/default.aspx?all=1","Sweetwater County School District 1",2026-03-27
"287","Music Teacher 4-6 (4)",2025-11-06,"Certified Staff/","District Wide","https://www.applitrack.com/sweetwater/onlineapp/default.aspx?all=1","Sweetwater County School District 1",2026-03-27
"288","Music Teacher K-3 (2)",2025-11-06,"Certified Staff/","District Wide","https://www.applitrack.com/sweetwater/onlineapp/default.aspx?all=1","Sweetwater County School District 1",2026-03-27
"289","School Nurse",2026-02-24,"Certified Staff/","District Wide","https://www.applitrack.com/sweetwater/onlineapp/default.aspx?all=1","Sweetwater County School District 1",2026-03-27
"290","Social Worker",2026-03-04,"Certified Staff/","Rock Springs Junior High School","https://www.applitrack.com/sweetwater/onlineapp/default.aspx?all=1","Sweetwater County School District 1",2026-03-27
"291","Social Worker",2025-11-06,"Certified Staff/","Rock Springs High School","https://www.applitrack.com/sweetwater/onlineapp/default.aspx?all=1","Sweetwater County School District 1",2026-03-27
"292","Resource Teacher (4)",2025-11-05,"Certified Staff/","Rock Springs High School","https://www.applitrack.com/sweetwater/onlineapp/default.aspx?all=1","Sweetwater County School District 1",2026-03-27
"293","Resource Teacher",2025-11-03,"Certified Staff/","Desert Elementary (Wamsutter)","https://www.applitrack.com/sweetwater/onlineapp/default.aspx?all=1","Sweetwater County School District 1",2026-03-27
"294","Special Education - Resource Teacher (2)",2025-11-04,"Certified Staff/","Eastside Elementary","https://www.applitrack.com/sweetwater/onlineapp/default.aspx?all=1","Sweetwater County School District 1",2026-03-27
"295","Resource Teacher",2025-11-04,"Certified Staff/","Overland Elementary","https://www.applitrack.com/sweetwater/onlineapp/default.aspx?all=1","Sweetwater County School District 1",2026-03-27
"296","Resource Teacher",2025-11-04,"Certified Staff/","Pilot Butte Elementary","https://www.applitrack.com/sweetwater/onlineapp/default.aspx?all=1","Sweetwater County School District 1",2026-03-27
"297","Alternative Behavior Program Teacher",2025-11-04,"Certified Staff/","Rock Springs High School","https://www.applitrack.com/sweetwater/onlineapp/default.aspx?all=1","Sweetwater County School District 1",2026-03-27
"298","Alternative Communication Program (ACP) Teacher",2025-11-04,"Certified Staff/","Rock Springs High School","https://www.applitrack.com/sweetwater/onlineapp/default.aspx?all=1","Sweetwater County School District 1",2026-03-27
"299","Alternative Academic-Daily Living Skills Program Teacher",2025-10-22,"Certified Staff/","Rock Springs High School","https://www.applitrack.com/sweetwater/onlineapp/default.aspx?all=1","Sweetwater County School District 1",2026-03-27
"300","Alternative Behavior Program (ABP)",2025-11-05,"Certified Staff/","Sage Elementary","https://www.applitrack.com/sweetwater/onlineapp/default.aspx?all=1","Sweetwater County School District 1",2026-03-27
"301","Alternative Communications Program",2026-02-11,"Certified Staff/","Stagecoach Elementary","https://www.applitrack.com/sweetwater/onlineapp/default.aspx?all=1","Sweetwater County School District 1",2026-03-27
"302","Alternative Communications Program (ACP) Teacher",2026-03-10,"Certified Staff/","Rock Springs Junior High","https://www.applitrack.com/sweetwater/onlineapp/default.aspx?all=1","Sweetwater County School District 1",2026-03-27
"303","Alternative Behavior Program (ABP) Teacher",2026-03-12,"Certified Staff/","Stagecoach Elementary","https://www.applitrack.com/sweetwater/onlineapp/default.aspx?all=1","Sweetwater County School District 1",2026-03-27
"304","Title One Teacher",2026-02-17,"Certified Staff/","Eastside Elementary","https://www.applitrack.com/sweetwater/onlineapp/default.aspx?all=1","Sweetwater County School District 1",2026-03-27
"305","Bus Driver/Classroom Paraprofessional",2025-08-11,"Combined Positions/","Desert Elementary (Wamsutter)","https://www.applitrack.com/sweetwater/onlineapp/default.aspx?all=1","Sweetwater County School District 1",2026-03-27
"306","Substitute - Head Start",2018-06-12,"Head Start","Overland Elementary","https://www.applitrack.com/sweetwater/onlineapp/default.aspx?all=1","Sweetwater County School District 1",2026-03-27
"307","Maintenance Technician",2026-01-06,"Maintenance/Custodial","Maintenance","https://www.applitrack.com/sweetwater/onlineapp/default.aspx?all=1","Sweetwater County School District 1",2026-03-27
"308","Lead Custodian",2026-03-03,"Maintenance/Custodial/","Overland Elementary","https://www.applitrack.com/sweetwater/onlineapp/default.aspx?all=1","Sweetwater County School District 1",2026-03-27
"309","Activities Lead/ Full Time Custodian",2026-03-03,"Maintenance/Custodial/","District Wide","https://www.applitrack.com/sweetwater/onlineapp/default.aspx?all=1","Sweetwater County School District 1",2026-03-27
"310","Nutrition Services Assistant",2026-01-27,"Nutrition Services/","Rock Springs High School","https://www.applitrack.com/sweetwater/onlineapp/default.aspx?all=1","Sweetwater County School District 1",2026-03-27
"311","Nutrition Services Substitute",2024-07-18,"Nutrition Services/","District Wide","https://www.applitrack.com/sweetwater/onlineapp/default.aspx?all=1","Sweetwater County School District 1",2026-03-27
"312","Classroom Paraprofessional",2026-02-24,"Paraprofessional/","Farson Schools","https://www.applitrack.com/sweetwater/onlineapp/default.aspx?all=1","Sweetwater County School District 1",2026-03-27
"313","ELL Paraprofessional",2026-01-29,"Paraprofessional/","Desert View Elementary","https://www.applitrack.com/sweetwater/onlineapp/default.aspx?all=1","Sweetwater County School District 1",2026-03-27
"314","ELL Paraprofessional",2025-12-01,"Paraprofessional/","Rock Springs Junior High School","https://www.applitrack.com/sweetwater/onlineapp/default.aspx?all=1","Sweetwater County School District 1",2026-03-27
"315","ELL Paraprofessional",2026-03-23,"Paraprofessional/","Walnut Elementary","https://www.applitrack.com/sweetwater/onlineapp/default.aspx?all=1","Sweetwater County School District 1",2026-03-27
"316","Itinerant Paraprofessional/Testing Assistant",2026-01-20,"Paraprofessional/","District Wide","https://www.applitrack.com/sweetwater/onlineapp/default.aspx?all=1","Sweetwater County School District 1",2026-03-27
"317","Resource Paraprofessional",2026-03-17,"Paraprofessional/","Sage Elementary","https://www.applitrack.com/sweetwater/onlineapp/default.aspx?all=1","Sweetwater County School District 1",2026-03-27
"318","Resource Room Paraprofessional (3)",2025-08-21,"Paraprofessional/","Rock Springs Satellite High School","https://www.applitrack.com/sweetwater/onlineapp/default.aspx?all=1","Sweetwater County School District 1",2026-03-27
"319","Resource Room Paraprofessional (2)",2025-09-10,"Paraprofessional/","Rock Springs High School","https://www.applitrack.com/sweetwater/onlineapp/default.aspx?all=1","Sweetwater County School District 1",2026-03-27
"320","Full-Time High School Special Education Paraprofessional and Daycare Assistant - Overland/RSHS",2024-11-04,"Paraprofessional/","Overland/RSHS","https://www.applitrack.com/sweetwater/onlineapp/default.aspx?all=1","Sweetwater County School District 1",2026-03-27
"321","Special Programs One-on-One Paraprofessional",2025-11-24,"Paraprofessional/","Rock Springs High School","https://www.applitrack.com/sweetwater/onlineapp/default.aspx?all=1","Sweetwater County School District 1",2026-03-27
"322","Full-Time High School Special Education Paraprofessional and Daycare Assistant - Overland/RSHS",2025-11-11,"Paraprofessional/","Overland/RSHS","https://www.applitrack.com/sweetwater/onlineapp/default.aspx?all=1","Sweetwater County School District 1",2026-03-27
"323","Special Programs (Alternative Academics Program) Paraprofessional",2026-03-23,"Paraprofessional/","Rock Springs High School","https://www.applitrack.com/sweetwater/onlineapp/default.aspx?all=1","Sweetwater County School District 1",2026-03-27
"324","Alternative Behavior Special Programs One-on-One Paraprofessional",2026-03-05,"Paraprofessional/","Eastside Elementary","https://www.applitrack.com/sweetwater/onlineapp/default.aspx?all=1","Sweetwater County School District 1",2026-03-27
"325","Alternate Academic Special Programs One-on-One Paraprofessional",2026-03-16,"Paraprofessional/","Eastside Elementary","https://www.applitrack.com/sweetwater/onlineapp/default.aspx?all=1","Sweetwater County School District 1",2026-03-27
"326","One-On-One Paraprofessional",2026-03-16,"Paraprofessional/","Eastside Elementary","https://www.applitrack.com/sweetwater/onlineapp/default.aspx?all=1","Sweetwater County School District 1",2026-03-27
"327","Special Programs Paraprofessional (Alternative Communications Program)",2026-02-18,"Paraprofessional/","Rock Springs Junior High School","https://www.applitrack.com/sweetwater/onlineapp/default.aspx?all=1","Sweetwater County School District 1",2026-03-27
"328","Certified Substitute School Nurse",2019-10-03,"Substitute","District Wide","https://www.applitrack.com/sweetwater/onlineapp/default.aspx?all=1","Sweetwater County School District 1",2026-03-27
"329","BOCES Part Time Building Substitute Teacher (2) - One Year Only",2025-06-05,"Substitute/","Overland Elementary","https://www.applitrack.com/sweetwater/onlineapp/default.aspx?all=1","Sweetwater County School District 1",2026-03-27
"330","2025-2026 Substitute Teacher - Part-Time",2025-07-07,"Substitute/","District Wide","https://www.applitrack.com/sweetwater/onlineapp/default.aspx?all=1","Sweetwater County School District 1",2026-03-27
"331","Over The Road Activity Bus Driver (2)",2025-11-03,"Transportation/","Transportation","https://www.applitrack.com/sweetwater/onlineapp/default.aspx?all=1","Sweetwater County School District 1",2026-03-27
"332","Bus Aide",2026-02-04,"Transportation/","Transportation","https://www.applitrack.com/sweetwater/onlineapp/default.aspx?all=1","Sweetwater County School District 1",2026-03-27
"333","Part-Time Bus Driver (26 Hours/Week)",2026-01-19,"Transportation/","Transportation","https://www.applitrack.com/sweetwater/onlineapp/default.aspx?all=1","Sweetwater County School District 1",2026-03-27
"334","Auto/Bus Mechanic",2025-11-12,"Transportation/","Transportation","https://www.applitrack.com/sweetwater/onlineapp/default.aspx?all=1","Sweetwater County School District 1",2026-03-27
"335","Athletic Trainer",2026-02-02,"Athletics/Activities/","Central Office","https://www.applitrack.com/swcsd2/onlineapp/default.aspx?all=1","Sweetwater County School District 2",2026-03-27
"336","GRHS Assistant Girls Soccer Coach",2025-06-05,"Athletics/Activities/","Green River High School","https://www.applitrack.com/swcsd2/onlineapp/default.aspx?all=1","Sweetwater County School District 2",2026-03-27
"337","GRHS Head Football Coach",2026-03-26,"Athletics/Activities/","Green River High School","https://www.applitrack.com/swcsd2/onlineapp/default.aspx?all=1","Sweetwater County School District 2",2026-03-27
"338","GRHS Head Boys Swimming Diving Coach",2026-03-26,"Athletics/Activities/","Green River High School","https://www.applitrack.com/swcsd2/onlineapp/default.aspx?all=1","Sweetwater County School District 2",2026-03-27
"339","GRHS Head Girls Swimming Diving Coach",2026-03-26,"Athletics/Activities/","Green River High School","https://www.applitrack.com/swcsd2/onlineapp/default.aspx?all=1","Sweetwater County School District 2",2026-03-27
"340","GRHS Head Cheer Coach",2026-03-26,"Athletics/Activities/","Green River High School","https://www.applitrack.com/swcsd2/onlineapp/default.aspx?all=1","Sweetwater County School District 2",2026-03-27
"341","Half-Time Drama Teacher - One Year Only",2026-03-23,"High School Teaching/","Green River High School","https://www.applitrack.com/swcsd2/onlineapp/default.aspx?all=1","Sweetwater County School District 2",2026-03-27
"342","Industrial Art Woodworking/Construction Teacher",2026-02-17,"High School Teaching/","Green River High School","https://www.applitrack.com/swcsd2/onlineapp/default.aspx?all=1","Sweetwater County School District 2",2026-03-27
"343","Social Studies Teacher",2026-03-25,"High School Teaching/","Green River High School","https://www.applitrack.com/swcsd2/onlineapp/default.aspx?all=1","Sweetwater County School District 2",2026-03-27
"344","Special Education Teacher (Grades 9-12)",2026-03-23,"High School Teaching/","Green River High School","https://www.applitrack.com/swcsd2/onlineapp/default.aspx?all=1","Sweetwater County School District 2",2026-03-27
"345","Substitute Custodian",2025-07-10,"Maintenance/Custodial/","Maintenance Department","https://www.applitrack.com/swcsd2/onlineapp/default.aspx?all=1","Sweetwater County School District 2",2026-03-27
"346","Instrumental Music Teacher",2026-02-02,"Middle School Teaching/","Lincoln Middle School","https://www.applitrack.com/swcsd2/onlineapp/default.aspx?all=1","Sweetwater County School District 2",2026-03-27
"347","Special Education Teachers (Grades 6-8)",2026-03-25,"Middle School Teaching/","Lincoln Middle School","https://www.applitrack.com/swcsd2/onlineapp/default.aspx?all=1","Sweetwater County School District 2",2026-03-27
"348","Substitute Nutrition Services",2025-07-10,"Nutrition Services/","Nutrition Services Department","https://www.applitrack.com/swcsd2/onlineapp/default.aspx?all=1","Sweetwater County School District 2",2026-03-27
"349","English Language Learning Paraprofessional",2025-10-13,"Paraprofessional/","Monroe Elementary School","https://www.applitrack.com/swcsd2/onlineapp/default.aspx?all=1","Sweetwater County School District 2",2026-03-27
"350","Student Summer Maintenance Worker",2026-03-19,"Student Maintenance Worker/","Maintenance Department","https://www.applitrack.com/swcsd2/onlineapp/default.aspx?all=1","Sweetwater County School District 2",2026-03-27
"351","Substitute Teacher",2025-07-10,"Substitute/","Central Office","https://www.applitrack.com/swcsd2/onlineapp/default.aspx?all=1","Sweetwater County School District 2",2026-03-27
"352","Substitute Teacher Aide",2025-07-10,"Substitute/","Central Office","https://www.applitrack.com/swcsd2/onlineapp/default.aspx?all=1","Sweetwater County School District 2",2026-03-27
"353","Transportation Dispatcher",2026-03-16,"Transportation","Transportation Department","https://www.applitrack.com/swcsd2/onlineapp/default.aspx?all=1","Sweetwater County School District 2",2026-03-27
"354","Substitute Mechanic",2026-03-26,"Transportation","Transportation Department","https://www.applitrack.com/swcsd2/onlineapp/default.aspx?all=1","Sweetwater County School District 2",2026-03-27
"355","Route 234 Bus Driver",2026-03-24,"Transportation/","Transportation Department","https://www.applitrack.com/swcsd2/onlineapp/default.aspx?all=1","Sweetwater County School District 2",2026-03-27
"356","Substitute Bus Driver",2025-07-10,"Transportation/","Transportation Department","https://www.applitrack.com/swcsd2/onlineapp/default.aspx?all=1","Sweetwater County School District 2",2026-03-27
"357","High School Head Boys Basketball Coach",2026-03-18,"Athletics/Activities/","TCSD Schools","https://www.applitrack.com/tcsd/onlineapp/default.aspx?all=1","Teton County School District 1",2026-03-27
"358","Elementary ELL Teacher",2026-03-06,"Elementary School Teaching/","Colter Elementary School","https://www.applitrack.com/tcsd/onlineapp/default.aspx?all=1","Teton County School District 1",2026-03-27
"359","K-5 Elementary Teacher",2026-03-16,"Elementary School Teaching/","Jackson Elementary School","https://www.applitrack.com/tcsd/onlineapp/default.aspx?all=1","Teton County School District 1",2026-03-27
"360","K-5 Elementary Teacher",2026-03-16,"Elementary School Teaching/","Colter Elementary School","https://www.applitrack.com/tcsd/onlineapp/default.aspx?all=1","Teton County School District 1",2026-03-27
"361","K-2 Elementary Dual Immersion Teacher-Spanish Instruction",2026-02-25,"Elementary School Teaching/","Munger Mountain Elementary","https://www.applitrack.com/tcsd/onlineapp/default.aspx?all=1","Teton County School District 1",2026-03-27
"362","3-5 Elementary Dual Immersion Teacher-Spanish Instruction",2026-02-25,"Elementary School Teaching/","Munger Mountain Elementary","https://www.applitrack.com/tcsd/onlineapp/default.aspx?all=1","Teton County School District 1",2026-03-27
"363","K-5 Elementary Dual Immersion Teacher-English Instruction",2026-02-25,"Elementary School Teaching/","Munger Mountain Elementary","https://www.applitrack.com/tcsd/onlineapp/default.aspx?all=1","Teton County School District 1",2026-03-27
"364","Elementary Music Teacher",2026-02-27,"Elementary School Teaching/","Munger Mountain Elementary","https://www.applitrack.com/tcsd/onlineapp/default.aspx?all=1","Teton County School District 1",2026-03-27
"365","CTE Teacher-Business, Financial Literacy, Marketing, Entrepreneurship",2026-02-27,"High School Teaching/","Jackson Hole High School","https://www.applitrack.com/tcsd/onlineapp/default.aspx?all=1","Teton County School District 1",2026-03-27
"366","Performing Arts Teacher",2026-03-18,"High School Teaching/","Jackson Hole High School","https://www.applitrack.com/tcsd/onlineapp/default.aspx?all=1","Teton County School District 1",2026-03-27
"367","High School Social Studies Teacher",2026-03-13,"High School Teaching/","Jackson Hole High School","https://www.applitrack.com/tcsd/onlineapp/default.aspx?all=1","Teton County School District 1",2026-03-27
"368","Middle School Music Teacher/Band Director",2026-02-26,"Middle School Teaching/","Jackson Hole Middle School","https://www.applitrack.com/tcsd/onlineapp/default.aspx?all=1","Teton County School District 1",2026-03-27
"369","Middle School STEM Teacher",2026-03-13,"Middle School Teaching/","Jackson Hole Middle School","https://www.applitrack.com/tcsd/onlineapp/default.aspx?all=1","Teton County School District 1",2026-03-27
"370","Middle School Social Studies Teacher",2026-02-25,"Middle School Teaching/","Jackson Hole Middle School","https://www.applitrack.com/tcsd/onlineapp/default.aspx?all=1","Teton County School District 1",2026-03-27
"371","Instructional Para",2025-12-18,"Paraprofessional/","Kelly Elementary School","https://www.applitrack.com/tcsd/onlineapp/default.aspx?all=1","Teton County School District 1",2026-03-27
"372","Special Education Paraprofessional Grades K-5",2026-02-04,"Paraprofessional/","Munger Mountain Elementary","https://www.applitrack.com/tcsd/onlineapp/default.aspx?all=1","Teton County School District 1",2026-03-27
"373","Special Education Paraprofessional(s) Grades 6-12",2025-09-18,"Paraprofessional/","Jackson Hole High School","https://www.applitrack.com/tcsd/onlineapp/default.aspx?all=1","Teton County School District 1",2026-03-27
"374","9-12 Secondary Special Education Teacher",2026-02-19,"Student Support Services","Jackson Hole High School","https://www.applitrack.com/tcsd/onlineapp/default.aspx?all=1","Teton County School District 1",2026-03-27
"375","School Counselor",2026-02-25,"Student Support Services/","Jackson Hole High School","https://www.applitrack.com/tcsd/onlineapp/default.aspx?all=1","Teton County School District 1",2026-03-27
"376","School Counselor",2026-02-25,"Student Support Services/","Jackson Hole Middle School","https://www.applitrack.com/tcsd/onlineapp/default.aspx?all=1","Teton County School District 1",2026-03-27
"377","Substitute Teachers/Nurses",2020-02-11,"Substitute/","TCSD Schools","https://www.applitrack.com/tcsd/onlineapp/default.aspx?all=1","Teton County School District 1",2026-03-27
"378","Long Term Sub Elementary Social Worker/School Counselor",2026-02-25,"Substitute/","Munger Mountain Elementary","https://www.applitrack.com/tcsd/onlineapp/default.aspx?all=1","Teton County School District 1",2026-03-27
"379","Long Term Sub Kindergarten Dual Immersion Teacher-Spanish Instruction",2026-02-25,"Substitute/","Munger Mountain Elementary","https://www.applitrack.com/tcsd/onlineapp/default.aspx?all=1","Teton County School District 1",2026-03-27
"380","Substitute Para/Secretary",2020-02-11,"Substitute/","TCSD Schools","https://www.applitrack.com/tcsd/onlineapp/default.aspx?all=1","Teton County School District 1",2026-03-27
"381","Walking School Bus",2025-10-29,"Transportation/","Transportation","https://www.applitrack.com/tcsd/onlineapp/default.aspx?all=1","Teton County School District 1",2026-03-27
"382","Substitute Bus Drivers",2019-10-29,"Transportation/","Transportation","https://www.applitrack.com/tcsd/onlineapp/default.aspx?all=1","Teton County School District 1",2026-03-27
"383","Dean of Students",2026-03-25,"Administration/","Evanston High School","https://www.applitrack.com/uinta/onlineapp/jobpostings/view.asp?all=1","Uinta County School District 1",2026-03-27
"384","Director of Special Education",2026-03-16,"Administration - District Level/","Education Service Center","https://www.applitrack.com/uinta/onlineapp/jobpostings/view.asp?all=1","Uinta County School District 1",2026-03-27
"385","Instrumental Music/Strings Teacher",2026-03-10,"District Wide Schools/","District Wide","https://www.applitrack.com/uinta/onlineapp/jobpostings/view.asp?all=1","Uinta County School District 1",2026-03-27
"386","Elementary Teacher",2026-03-09,"Elementary School Teaching/","District Wide","https://www.applitrack.com/uinta/onlineapp/jobpostings/view.asp?all=1","Uinta County School District 1",2026-03-27
"387","Secondary English Language Arts Teacher",2026-02-12,"High School / Secondary Teaching/","Evanston High School","https://www.applitrack.com/uinta/onlineapp/jobpostings/view.asp?all=1","Uinta County School District 1",2026-03-27
"388","Secondary Math Teacher",2026-02-12,"High School / Secondary Teaching/","Evanston High School & Davis Middle School","https://www.applitrack.com/uinta/onlineapp/jobpostings/view.asp?all=1","Uinta County School District 1",2026-03-27
"389","Custodian",2026-03-20,"Maintenance/Custodial/","Evanston High School","https://www.applitrack.com/uinta/onlineapp/jobpostings/view.asp?all=1","Uinta County School District 1",2026-03-27
"390","Industrial Technology Teacher",2026-03-10,"Middle School Teaching/","Davis Middle School","https://www.applitrack.com/uinta/onlineapp/jobpostings/view.asp?all=1","Uinta County School District 1",2026-03-27
"391","Secondary Social Studies Teacher",2026-03-17,"Middle School Teaching/","Evanston Middle School","https://www.applitrack.com/uinta/onlineapp/jobpostings/view.asp?all=1","Uinta County School District 1",2026-03-27
"392","Executive Assistant - Office of the Superintendent",2026-02-04,"Secretarial/Clerical/","Education Service Center","https://www.applitrack.com/uinta/onlineapp/jobpostings/view.asp?all=1","Uinta County School District 1",2026-03-27
"393","SPED Elementary Resource Teacher",2026-03-25,"Student Support Services/","Clark Elementary","https://www.applitrack.com/uinta/onlineapp/jobpostings/view.asp?all=1","Uinta County School District 1",2026-03-27
"394","Speech-Language Pathologist",2026-01-30,"Student Support Services/","District Wide","https://www.applitrack.com/uinta/onlineapp/jobpostings/view.asp?all=1","Uinta County School District 1",2026-03-27
"395","Bus Drivers and Substitute Bus Drivers",2026-01-09,"Support Staff/","Transportation","https://www.applitrack.com/uinta/onlineapp/jobpostings/view.asp?all=1","Uinta County School District 1",2026-03-27
"396","Full-time and Part-time Classroom Aides and SPED Paraprofessionals",2025-07-16,"Support Staff/","District Wide","https://www.applitrack.com/uinta/onlineapp/jobpostings/view.asp?all=1","Uinta County School District 1",2026-03-27
"397","Alternative High School Principal / Counselor",2026-03-24,"Administration/","White Hawk Academy","https://www.applitrack.com/washakie1/onlineapp/default.aspx?all=1","Washakie County School District 1",2026-03-27
"398","Full-Time Lifeguard",2025-12-09,"Aquatic Center Staff/","Worland Aquatic Center","https://www.applitrack.com/washakie1/onlineapp/default.aspx?all=1","Washakie County School District 1",2026-03-27
"399","Lifeguard - HS Student",2024-01-08,"Aquatic Center Staff/","Worland Aquatic Center","https://www.applitrack.com/washakie1/onlineapp/default.aspx?all=1","Washakie County School District 1",2026-03-27
"400","HS Assistant Cheer Coach",2025-04-29,"Athletics/Activities","Worland High School","https://www.applitrack.com/washakie1/onlineapp/default.aspx?all=1","Washakie County School District 1",2026-03-27
"401","HS Assistant Volleyball Coach",2026-03-26,"Athletics/Activities","Worland High School","https://www.applitrack.com/washakie1/onlineapp/default.aspx?all=1","Washakie County School District 1",2026-03-27
"402","HS Assistant Indoor Track Coach",2026-03-26,"Athletics/Activities","Worland High School","https://www.applitrack.com/washakie1/onlineapp/default.aspx?all=1","Washakie County School District 1",2026-03-27
"403","HS Assistant Boys Basketball Coach",2026-03-26,"Athletics/Activities","Worland High School","https://www.applitrack.com/washakie1/onlineapp/default.aspx?all=1","Washakie County School District 1",2026-03-27
"404","HS Head Girls Wrestling Coach",2026-03-26,"Athletics/Activities","Worland High School","https://www.applitrack.com/washakie1/onlineapp/default.aspx?all=1","Washakie County School District 1",2026-03-27
"405","MS Assistant Volleyball Coach",2026-03-26,"Athletics/Activities","Worland Middle School","https://www.applitrack.com/washakie1/onlineapp/default.aspx?all=1","Washakie County School District 1",2026-03-27
"406","MS Assistant Football Coach",2026-03-26,"Athletics/Activities","Worland Middle School","https://www.applitrack.com/washakie1/onlineapp/default.aspx?all=1","Washakie County School District 1",2026-03-27
"407","MS Assistant Wrestling Coach",2026-03-26,"Athletics/Activities","Worland Middle School","https://www.applitrack.com/washakie1/onlineapp/default.aspx?all=1","Washakie County School District 1",2026-03-27
"408","MS Head Cross Country Coach",2026-03-26,"Athletics/Activities","Worland Middle School","https://www.applitrack.com/washakie1/onlineapp/default.aspx?all=1","Washakie County School District 1",2026-03-27
"409","MS Head Volleyball Coach",2026-03-26,"Athletics/Activities","Worland Middle School","https://www.applitrack.com/washakie1/onlineapp/default.aspx?all=1","Washakie County School District 1",2026-03-27
"410","HS Assistant Girls Basketball Coach",2026-03-27,"Athletics/Activities","Worland High School","https://www.applitrack.com/washakie1/onlineapp/default.aspx?all=1","Washakie County School District 1",2026-03-27
"411","Elementary Teacher",2025-12-09,"Elementary School Teaching","08/05/2026","https://www.applitrack.com/washakie1/onlineapp/default.aspx?all=1","Washakie County School District 1",2026-03-27
"412","Special Education Life Skills Teacher",2026-01-27,"Elementary School Teaching","08/03/2026","https://www.applitrack.com/washakie1/onlineapp/default.aspx?all=1","Washakie County School District 1",2026-03-27
"413","Alternative High School Teacher",2025-12-16,"High School Teaching","White Hawk Academy","https://www.applitrack.com/washakie1/onlineapp/default.aspx?all=1","Washakie County School District 1",2026-03-27
"414","Secondary Social Studies Teacher (with coaching available)",2026-03-06,"High School Teaching/",NA,"https://www.applitrack.com/washakie1/onlineapp/default.aspx?all=1","Washakie County School District 1",2026-03-27
"415","Secondary Science Teacher",2026-03-10,"Middle School Teaching/",NA,"https://www.applitrack.com/washakie1/onlineapp/default.aspx?all=1","Washakie County School District 1",2026-03-27
"416","SLP-Assistant",2025-05-14,"Special Education Services","Education Resource Center","https://www.applitrack.com/washakie1/onlineapp/default.aspx?all=1","Washakie County School District 1",2026-03-27
"417","Special Education Teacher",2025-12-02,"Special Education Services","08/03/2026","https://www.applitrack.com/washakie1/onlineapp/default.aspx?all=1","Washakie County School District 1",2026-03-27
"418","Speech Language Pathologist",2024-12-18,"Special Education Services","Education Resource Center","https://www.applitrack.com/washakie1/onlineapp/default.aspx?all=1","Washakie County School District 1",2026-03-27
"419","Elementary Counselor",2026-03-04,"Student Support Services/","East Side Elementary","https://www.applitrack.com/washakie1/onlineapp/default.aspx?all=1","Washakie County School District 1",2026-03-27
"420","Substitute Bus Driver",2021-07-01,"Substitute/","Bus Barn","https://www.applitrack.com/washakie1/onlineapp/default.aspx?all=1","Washakie County School District 1",2026-03-27
"421","Substitute Cook",2020-11-04,"Substitute/","District","https://www.applitrack.com/washakie1/onlineapp/default.aspx?all=1","Washakie County School District 1",2026-03-27
"422","Substitute Housekeeper",2019-01-21,"Substitute/",NA,"https://www.applitrack.com/washakie1/onlineapp/default.aspx?all=1","Washakie County School District 1",2026-03-27
"423","Substitute Paraeducator",2016-03-02,"Substitute/",NA,"https://www.applitrack.com/washakie1/onlineapp/default.aspx?all=1","Washakie County School District 1",2026-03-27
"424","Substitute Teacher",2016-03-02,"Substitute/",NA,"https://www.applitrack.com/washakie1/onlineapp/default.aspx?all=1","Washakie County School District 1",2026-03-27
"425","Special Education Teacher",2026-03-18,"Certified","Dubois K-12 School","https://fremont2.tedk12.com/hire/index.aspx","Fremont County School District 2",2026-03-27
"426","Administrative Assistant: K-12 Secretary",2026-03-18,"Classified","Dubois K-12 School","https://fremont2.tedk12.com/hire/index.aspx","Fremont County School District 2",2026-03-27
"427","2025-2026 Drama Club Sponsor Assistant",2025-12-22,"Coaching","Dubois K-12 School","https://fremont2.tedk12.com/hire/index.aspx","Fremont County School District 2",2026-03-27
"428","Substitute Custodian/Food Service",2025-02-01,"Classified","Dubois K-12 School","https://fremont2.tedk12.com/hire/index.aspx","Fremont County School District 2",2026-03-27
"429","Substitute Bus Driver",2024-04-01,"Classified","Bus Barn","https://fremont2.tedk12.com/hire/index.aspx","Fremont County School District 2",2026-03-27
"430","Substitute - Classified -  Para/Secretary",2024-04-01,"Classified","Dubois K-12 School","https://fremont2.tedk12.com/hire/index.aspx","Fremont County School District 2",2026-03-27
"431","Substitute Teaching",2024-04-01,"Substitute","Dubois K-12 School","https://fremont2.tedk12.com/hire/index.aspx","Fremont County School District 2",2026-03-27
"432","Substitute Cook",2026-03-04,"Food Service","District Food Services","https://goshen.tedk12.com/hire/index.aspx#aJobListings","Goshen County School District 1",2026-03-27
"433","Speech Language Pathologist - District",2026-03-01,"Specialist - Certified","Office of Special Services","https://goshen.tedk12.com/hire/index.aspx#aJobListings","Goshen County School District 1",2026-03-27
"434","Bus Driver/ Sub Bus Driver",2026-01-01,"Bus Driver","Transportation Services","https://goshen.tedk12.com/hire/index.aspx#aJobListings","Goshen County School District 1",2026-03-27
"435","Future Administrative Positions",2026-01-01,"Administrative - building","Central Administration Office","https://goshen.tedk12.com/hire/index.aspx#aJobListings","Goshen County School District 1",2026-03-27
"436","Future Substitute Teacher Positions",2026-01-01,"Substitute","Central Administration Office","https://goshen.tedk12.com/hire/index.aspx#aJobListings","Goshen County School District 1",2026-03-27
"437","Future Classified Positions",2026-01-01,"Support","Central Administration Office","https://goshen.tedk12.com/hire/index.aspx#aJobListings","Goshen County School District 1",2026-03-27
"438","Future Certified Positions",2026-01-01,"K-12","Central Administration Office","https://goshen.tedk12.com/hire/index.aspx#aJobListings","Goshen County School District 1",2026-03-27
"439","Junior High Coach",2026-03-19,"Moorcroft Secondary","Moorcroft, Wyoming","https://crook1.schoolspring.com/","Crook County School District 1",2026-03-27
"440","Maintenance",2026-03-19,"Moorcroft Elementary","Moorcroft, Wyoming","https://crook1.schoolspring.com/","Crook County School District 1",2026-03-27
"441","Route Bus Driver",2026-03-09,"Sundance Secondary","Sundance, Wyoming","https://crook1.schoolspring.com/","Crook County School District 1",2026-03-27
"442","Special Education Teacher",2026-02-24,"Moorcroft Elementary","Moorcroft, Wyoming","https://crook1.schoolspring.com/","Crook County School District 1",2026-03-27
"443","Activities Director/Supervisor",2026-02-11,"Sundance Secondary","Sundance, Wyoming","https://crook1.schoolspring.com/","Crook County School District 1",2026-03-27
"444","Route Bus Driver",2026-02-11,"Moorcroft Secondary","Moorcroft, Wyoming","https://crook1.schoolspring.com/","Crook County School District 1",2026-03-27
"445","K-12 Music Teacher",2026-02-11,"Hulett K-12","Hulett, Wyoming","https://crook1.schoolspring.com/","Crook County School District 1",2026-03-27
"446","Route Bus Driver",2026-01-19,"Sundance Secondary","Sundance, Wyoming","https://crook1.schoolspring.com/","Crook County School District 1",2026-03-27
"447","Substitute Custodian",2025-08-06,"Sundance Secondary","Sundance, Wyoming","https://crook1.schoolspring.com/","Crook County School District 1",2026-03-27
"448","Substitute Custodian",2025-08-06,"Moorcroft Secondary","Moorcroft, Wyoming","https://crook1.schoolspring.com/","Crook County School District 1",2026-03-27
"449","Substitute Custodian",2025-08-06,"Hulett K-12","Hulett, Wyoming","https://crook1.schoolspring.com/","Crook County School District 1",2026-03-27
"450","Substitute Teacher",2025-08-06,"Sundance Elementary","Sundance, Wyoming","https://crook1.schoolspring.com/","Crook County School District 1",2026-03-27
"451","Substitute Teacher",2025-08-06,"Moorcroft Elementary","Moorcroft, Wyoming","https://crook1.schoolspring.com/","Crook County School District 1",2026-03-27
"452","Substitute Teacher",2025-08-06,"Hulett K-12","Hulett, Wyoming","https://crook1.schoolspring.com/","Crook County School District 1",2026-03-27
"453","Substitute & Activity Bus Drivers",2025-08-06,"Sundance Secondary","Sundance, Wyoming","https://crook1.schoolspring.com/","Crook County School District 1",2026-03-27
"454","Substitute & Activity Bus Drivers",2025-08-06,"Moorcroft Secondary","Moorcroft, Wyoming","https://crook1.schoolspring.com/","Crook County School District 1",2026-03-27
"455","Substitute & Activity Bus Drivers",2025-08-06,"Hulett K-12","Hulett, Wyoming","https://crook1.schoolspring.com/","Crook County School District 1",2026-03-27
"456","Office Manager",2026-03-20,"PODER ACADEMY ELEMENTARY","Cheyenne, Wyoming","https://laramie1.schoolspring.com/","Laramie County School District 1",2026-03-27
"457","Assistant Cross Country Coach [C082]",2026-03-17,"SOUTH HIGH SCHOOL","Cheyenne, Wyoming","https://laramie1.schoolspring.com/","Laramie County School District 1",2026-03-27
"458","Assistant Principal - Junior High [BA05]",2026-03-13,"CAREY JUNIOR HIGH SCHOOL","Cheyenne, Wyoming","https://laramie1.schoolspring.com/","Laramie County School District 1",2026-03-27
"459","1st Grade Teacher DLI Spanish [TA40]",2026-03-12,"AFFLERBACH ELEMENTARY SCHOOL","Cheyenne, Wyoming","https://laramie1.schoolspring.com/","Laramie County School District 1",2026-03-27
"460","Assistant Tennis Coach [C132]",2026-03-06,"EAST HIGH SCHOOL","Cheyenne, Wyoming","https://laramie1.schoolspring.com/","Laramie County School District 1",2026-03-27
"461","Head Cheer Coach [C106]",2026-03-06,"SOUTH HIGH SCHOOL","Cheyenne, Wyoming","https://laramie1.schoolspring.com/","Laramie County School District 1",2026-03-27
"462","Elementary Head Track Coach [C188]",2026-03-05,"MEADOWLARK ELEMENTARY SCHOOL","Cheyenne, Wyoming","https://laramie1.schoolspring.com/","Laramie County School District 1",2026-03-27
"463","Elementary Assistant Track Coach [C190]",2026-03-05,"SADDLE RIDGE ELEMENTARY SCHOOL","Cheyenne, Wyoming","https://laramie1.schoolspring.com/","Laramie County School District 1",2026-03-27
"464","Elementary Assistant Track Coach [C190]",2026-03-05,"PRAIRIE WIND ELEMENTARY SCHOOL","Cheyenne, Wyoming","https://laramie1.schoolspring.com/","Laramie County School District 1",2026-03-27
"465","Elementary Assistant Track Coach [C190]",2026-03-05,"DAVIS ELEMENTARY SCHOOL","Cheyenne, Wyoming","https://laramie1.schoolspring.com/","Laramie County School District 1",2026-03-27
"466","Elementary Head Track Coach [C188]",2026-03-05,"DAVIS ELEMENTARY SCHOOL","Cheyenne, Wyoming","https://laramie1.schoolspring.com/","Laramie County School District 1",2026-03-27
"467","Elementary Head Track Coach [C188]",2026-03-05,"DEMING ELEMENTARY SCHOOL","Cheyenne, Wyoming","https://laramie1.schoolspring.com/","Laramie County School District 1",2026-03-27
"468","Elementary Assistant Track Coach [C190]",2026-03-05,"DEMING ELEMENTARY SCHOOL","Cheyenne, Wyoming","https://laramie1.schoolspring.com/","Laramie County School District 1",2026-03-27
"469","Elementary Assistant Track Coach [C190]",2026-03-04,"BUFFALO RIDGE ELEMENTARY SCHL","Cheyenne, Wyoming","https://laramie1.schoolspring.com/","Laramie County School District 1",2026-03-27
"470","Elementary Head Track Coach [C188]",2026-03-04,"BUFFALO RIDGE ELEMENTARY SCHL","Cheyenne, Wyoming","https://laramie1.schoolspring.com/","Laramie County School District 1",2026-03-27
"471","Elementary Assistant Track Coach [C190]",2026-03-04,"ANDERSON ELEMENTARY SCHOOL","Cheyenne, Wyoming","https://laramie1.schoolspring.com/","Laramie County School District 1",2026-03-27
"472","Elementary Head Track Coach [C188]",2026-03-04,"ANDERSON ELEMENTARY SCHOOL","Cheyenne, Wyoming","https://laramie1.schoolspring.com/","Laramie County School District 1",2026-03-27
"473","Elementary Assistant Track Coach [C190]",2026-03-04,"DILDINE ELEMENTARY SCHOOL","Cheyenne, Wyoming","https://laramie1.schoolspring.com/","Laramie County School District 1",2026-03-27
"474","Elementary Assistant Track Coach [C190]",2026-03-04,"JESSUP ELEMENTARY SCHOOL","Cheyenne, Wyoming","https://laramie1.schoolspring.com/","Laramie County School District 1",2026-03-27
"475","Elementary Assistant Track Coach [C190]",2026-03-04,"SUNRISE ELEMENTARY SCHOOL","Cheyenne, Wyoming","https://laramie1.schoolspring.com/","Laramie County School District 1",2026-03-27
"476","Elementary Head Track Coach [C188]",2026-03-04,"SUNRISE ELEMENTARY SCHOOL","Cheyenne, Wyoming","https://laramie1.schoolspring.com/","Laramie County School District 1",2026-03-27
"477","Elementary Assistant Track Coach [C190]",2026-03-04,"ROSSMAN ELEMENTARY SCHOOL","Cheyenne, Wyoming","https://laramie1.schoolspring.com/","Laramie County School District 1",2026-03-27
"478","Elementary Head Track Coach [C188]",2026-03-04,"ROSSMAN ELEMENTARY SCHOOL","Cheyenne, Wyoming","https://laramie1.schoolspring.com/","Laramie County School District 1",2026-03-27
"479","Elementary Assistant Track Coach [C190]",2026-03-04,"PIONEER PARK ELEMENTARY SCHOOL","Cheyenne, Wyoming","https://laramie1.schoolspring.com/","Laramie County School District 1",2026-03-27
"480","Elementary Assistant Track Coach [C190]",2026-03-04,"HENDERSON ELEMENTARY SCHOOL","Cheyenne, Wyoming","https://laramie1.schoolspring.com/","Laramie County School District 1",2026-03-27
"481","Elementary Head Track Coach [C188]",2026-03-04,"HENDERSON ELEMENTARY SCHOOL","Cheyenne, Wyoming","https://laramie1.schoolspring.com/","Laramie County School District 1",2026-03-27
"482","Elementary Assistant Track Coach [C190]",2026-03-04,"HEBARD ELEMENTARY SCHOOL","Cheyenne, Wyoming","https://laramie1.schoolspring.com/","Laramie County School District 1",2026-03-27
"483","Elementary Head Track Coach [C188]",2026-03-04,"HEBARD ELEMENTARY SCHOOL","Cheyenne, Wyoming","https://laramie1.schoolspring.com/","Laramie County School District 1",2026-03-27
"484","Elementary Assistant Track Coach [C190]",2026-03-04,"GOINS ELEMENTARY SCHOOL","Cheyenne, Wyoming","https://laramie1.schoolspring.com/","Laramie County School District 1",2026-03-27
"485","Elementary Head Track Coach [C188]",2026-03-04,"GOINS ELEMENTARY SCHOOL","Cheyenne, Wyoming","https://laramie1.schoolspring.com/","Laramie County School District 1",2026-03-27
"486","Elementary Assistant Track Coach [C190]",2026-03-04,"GILCHRIST ELEMENTARY SCHOOL","Cheyenne, Wyoming","https://laramie1.schoolspring.com/","Laramie County School District 1",2026-03-27
"487","Elementary Head Track Coach [C188]",2026-03-04,"GILCHRIST ELEMENTARY SCHOOL","Cheyenne, Wyoming","https://laramie1.schoolspring.com/","Laramie County School District 1",2026-03-27
"488","Elementary Assistant Track Coach [C190]",2026-03-04,"FAIRVIEW ELEMENTARY SCHOOL","Cheyenne, Wyoming","https://laramie1.schoolspring.com/","Laramie County School District 1",2026-03-27
"489","Elementary Head Track Coach [C188]",2026-03-04,"FAIRVIEW ELEMENTARY SCHOOL","Cheyenne, Wyoming","https://laramie1.schoolspring.com/","Laramie County School District 1",2026-03-27
"490","Elementary Assistant Track Coach [C190]",2026-03-04,"COLE ELEMENTARY SCHOOL","Cheyenne, Wyoming","https://laramie1.schoolspring.com/","Laramie County School District 1",2026-03-27
"491","Elementary Head Track Coach [C188]",2026-03-04,"COLE ELEMENTARY SCHOOL","Cheyenne, Wyoming","https://laramie1.schoolspring.com/","Laramie County School District 1",2026-03-27
"492","Elementary Assistant Track Coach [C190]",2026-03-04,"BAIN ELEMENTARY SCHOOL","Cheyenne, Wyoming","https://laramie1.schoolspring.com/","Laramie County School District 1",2026-03-27
"493","Elementary Head Track Coach [C188]",2026-03-04,"BAIN ELEMENTARY SCHOOL","Cheyenne, Wyoming","https://laramie1.schoolspring.com/","Laramie County School District 1",2026-03-27
"494","Elementary Assistant Track Coach [C190]",2026-03-04,"BAGGS ELEMENTARY SCHOOL","Cheyenne, Wyoming","https://laramie1.schoolspring.com/","Laramie County School District 1",2026-03-27
"495","Elementary Head Track Coach [C188]",2026-03-04,"BAGGS ELEMENTARY SCHOOL","Cheyenne, Wyoming","https://laramie1.schoolspring.com/","Laramie County School District 1",2026-03-27
"496","Elementary Assistant Track Coach [C190]",2026-03-04,"ARP ELEMENTARY SCHOOL","Cheyenne, Wyoming","https://laramie1.schoolspring.com/","Laramie County School District 1",2026-03-27
"497","Elementary Head Track Coach [C188]",2026-03-04,"ARP ELEMENTARY SCHOOL","Cheyenne, Wyoming","https://laramie1.schoolspring.com/","Laramie County School District 1",2026-03-27
"498","Elementary Assistant Track Coach [C190]",2026-03-04,"ALTA VISTA ELEMENTARY SCHOOL","Cheyenne, Wyoming","https://laramie1.schoolspring.com/","Laramie County School District 1",2026-03-27
"499","Elementary Assistant Track Coach [C190]",2026-03-04,"MEADOWLARK ELEMENTARY SCHOOL","Cheyenne, Wyoming","https://laramie1.schoolspring.com/","Laramie County School District 1",2026-03-27
"500","Paraeducator Special Education [XP08]",2026-03-04,"ROSSMAN ELEMENTARY SCHOOL","Cheyenne, Wyoming","https://laramie1.schoolspring.com/","Laramie County School District 1",2026-03-27
"501","Paraeducator Special Education [XP08]",2026-03-02,"AFFLERBACH ELEMENTARY SCHOOL","Cheyenne, Wyoming","https://laramie1.schoolspring.com/","Laramie County School District 1",2026-03-27
"502","Head Tennis Coach [C134]",2026-02-26,"SOUTH HIGH SCHOOL","Cheyenne, Wyoming","https://laramie1.schoolspring.com/","Laramie County School District 1",2026-03-27
"503","Assistant Principal - Junior High [BA05]",2026-02-24,"JOHNSON JUNIOR HIGH SCHOOL","Cheyenne, Wyoming","https://laramie1.schoolspring.com/","Laramie County School District 1",2026-03-27
"504","School Nurse - 2026/2027 Contract Year",2026-02-19,"PODER/PASS ACADEMY","Cheyenne, Wyoming","https://laramie1.schoolspring.com/","Laramie County School District 1",2026-03-27
"505","Middle School Science Teacher (7th and 8th) - 2026/2027 Contract Year",2026-02-19,"PODER ACADEMY SECONDARY (PASS)","Cheyenne, Wyoming","https://laramie1.schoolspring.com/","Laramie County School District 1",2026-03-27
"506","Secondary Math Teacher - 2026/2027 Contract Year",2026-02-19,"PODER ACADEMY SECONDARY (PASS)","Cheyenne, Wyoming","https://laramie1.schoolspring.com/","Laramie County School District 1",2026-03-27
"507","Building Interventionist/Sub - 2026/2027 contract year",2026-02-19,"PODER ACADEMY SECONDARY (PASS)","Cheyenne, Wyoming","https://laramie1.schoolspring.com/","Laramie County School District 1",2026-03-27
"508","SPED Teacher",2026-02-17,"PODER ACADEMY ELEMENTARY","Cheyenne, Wyoming","https://laramie1.schoolspring.com/","Laramie County School District 1",2026-03-27
"509","Paraeducator Special Needs Life Skills [XP09]",2026-02-17,"EAST HIGH SCHOOL","Cheyenne, Wyoming","https://laramie1.schoolspring.com/","Laramie County School District 1",2026-03-27
"510","Occupational Therapist [XT06]",2026-02-17,"Laramie County School District 1","Cheyenne, Wyoming","https://laramie1.schoolspring.com/","Laramie County School District 1",2026-03-27
"511","Custodial-Head Class 4 - Remainder of the 2025/2026 Contract Year only[CU07]",2026-02-17,"DEMING ELEMENTARY SCHOOL","Cheyenne, Wyoming","https://laramie1.schoolspring.com/","Laramie County School District 1",2026-03-27
"512","Custodial-Assistant Head Custodian - Class 5 [CU02]",2026-02-17,"SOUTH HIGH SCHOOL","Cheyenne, Wyoming","https://laramie1.schoolspring.com/","Laramie County School District 1",2026-03-27
"513","Custodial - Head Class 5 [CU02]",2026-02-17,"MCCORMICK JUNIOR HIGH SCHOOL","Cheyenne, Wyoming","https://laramie1.schoolspring.com/","Laramie County School District 1",2026-03-27
"514","Custodial - Head Class 5 [CU02]",2026-02-17,"JOHNSON JUNIOR HIGH SCHOOL","Cheyenne, Wyoming","https://laramie1.schoolspring.com/","Laramie County School District 1",2026-03-27
"515","School Custodian/Maintenance",2026-02-09,"PODER ACADEMY SECONDARY (PASS)","Cheyenne, Wyoming","https://laramie1.schoolspring.com/","Laramie County School District 1",2026-03-27
"516","Enrollment Marketing and Community Outreach Coordinator",2026-02-09,"PODER/PASS ACADEMY","Cheyenne, Wyoming","https://laramie1.schoolspring.com/","Laramie County School District 1",2026-03-27
"517","Physical Therapy Assistant [XI03]",2026-02-09,"Laramie County School District 1","Cheyenne, Wyoming","https://laramie1.schoolspring.com/","Laramie County School District 1",2026-03-27
"518","Student Sweeper [ST05]",2026-02-06,"MCCORMICK JUNIOR HIGH SCHOOL","Cheyenne, Wyoming","https://laramie1.schoolspring.com/","Laramie County School District 1",2026-03-27
"519","Elementary K-6 Teacher",2026-02-05,"PODER ACADEMY ELEMENTARY","Cheyenne, Wyoming","https://laramie1.schoolspring.com/","Laramie County School District 1",2026-03-27
"520","Physical Education",2026-02-05,"PODER ACADEMY ELEMENTARY","Cheyenne, Wyoming","https://laramie1.schoolspring.com/","Laramie County School District 1",2026-03-27
"521","Sub-Custodian [S010]",2026-02-03,"Laramie County School District 1","Cheyenne, Wyoming","https://laramie1.schoolspring.com/","Laramie County School District 1",2026-03-27
"522","Custodial - Head Class 4 [CU07]",2026-02-02,"TRIUMPH HIGH SCHOOL","Cheyenne, Wyoming","https://laramie1.schoolspring.com/","Laramie County School District 1",2026-03-27
"523","Substitute Transportation Assistant [S051]",2026-02-02,"Laramie County School District 1","Cheyenne, Wyoming","https://laramie1.schoolspring.com/","Laramie County School District 1",2026-03-27
"524","Custodial - Head Class 5 [CU08]",2026-01-16,"CAREY JUNIOR HIGH SCHOOL","Cheyenne, Wyoming","https://laramie1.schoolspring.com/","Laramie County School District 1",2026-03-27
"525","We The People Sponsor",2025-11-18,"SOUTH HIGH SCHOOL","Cheyenne, Wyoming","https://laramie1.schoolspring.com/","Laramie County School District 1",2026-03-27
"526","Student Sweeper [ST05]",2025-11-07,"AFFLERBACH ELEMENTARY SCHOOL","Cheyenne, Wyoming","https://laramie1.schoolspring.com/","Laramie County School District 1",2026-03-27
"527","Student Sweeper [ST05]",2025-11-07,"ARP ELEMENTARY SCHOOL","Cheyenne, Wyoming","https://laramie1.schoolspring.com/","Laramie County School District 1",2026-03-27
"528","Student Sweeper [ST05]",2025-11-07,"BAGGS ELEMENTARY SCHOOL","Cheyenne, Wyoming","https://laramie1.schoolspring.com/","Laramie County School District 1",2026-03-27
"529","Student Sweeper [ST05]",2025-11-07,"BUFFALO RIDGE ELEMENTARY SCHL","Cheyenne, Wyoming","https://laramie1.schoolspring.com/","Laramie County School District 1",2026-03-27
"530","Student Sweeper [ST05]",2025-11-07,"DILDINE ELEMENTARY SCHOOL","Cheyenne, Wyoming","https://laramie1.schoolspring.com/","Laramie County School District 1",2026-03-27
"531","Student Sweeper [ST05]",2025-11-07,"GILCHRIST ELEMENTARY SCHOOL","Cheyenne, Wyoming","https://laramie1.schoolspring.com/","Laramie County School District 1",2026-03-27
"532","Student Sweeper [ST05]",2025-11-07,"HENDERSON ELEMENTARY SCHOOL","Cheyenne, Wyoming","https://laramie1.schoolspring.com/","Laramie County School District 1",2026-03-27
"533","Student Sweeper [ST05]",2025-11-07,"PRAIRIE WIND ELEMENTARY SCHOOL","Cheyenne, Wyoming","https://laramie1.schoolspring.com/","Laramie County School District 1",2026-03-27
"534","Student Sweeper [ST05]",2025-11-07,"CAREY JUNIOR HIGH SCHOOL","Cheyenne, Wyoming","https://laramie1.schoolspring.com/","Laramie County School District 1",2026-03-27
"535","Physical Therapist [XT07]",2025-10-23,"Laramie County School District 1","Cheyenne, Wyoming","https://laramie1.schoolspring.com/","Laramie County School District 1",2026-03-27
"536","Paraprofessional",2025-10-20,"PODER ACADEMY SECONDARY (PASS)","Cheyenne, Wyoming","https://laramie1.schoolspring.com/","Laramie County School District 1",2026-03-27
"537","Assistant - Speech Language Pathology [XI02]",2025-09-11,"HOBBS ELEMENTARY SCHOOL","Cheyenne, Wyoming","https://laramie1.schoolspring.com/","Laramie County School District 1",2026-03-27
"538","Speech Language Pathologist [XT14]",2025-08-08,"Laramie County School District 1","Cheyenne, Wyoming","https://laramie1.schoolspring.com/","Laramie County School District 1",2026-03-27
"539","Applicant Pool - Substitute Teacher [S035]",2025-07-31,"SUBSTITUTE TEACHERS","Cheyenne, Wyoming","https://laramie1.schoolspring.com/","Laramie County School District 1",2026-03-27
"540","Paraeducator Sign Support [XP05]",2025-06-26,"BUILDING TO BE DETERMINED","Cheyenne, Wyoming","https://laramie1.schoolspring.com/","Laramie County School District 1",2026-03-27
"541","School Psychologist [XA01]",2025-06-17,"BUILDING TO BE DETERMINED","Cheyenne, Wyoming","https://laramie1.schoolspring.com/","Laramie County School District 1",2026-03-27
"542","Posion Spider Track Coach Aide",2026-03-25,"Poison Spider K-8","Casper, Wyoming","https://natronaschools.schoolspring.com/","Natrona School District 1",2026-03-27
"543","Poison Spider Head Track Coach",2026-03-25,"Poison Spider K-8","Casper, Wyoming","https://natronaschools.schoolspring.com/","Natrona School District 1",2026-03-27
"544","RHS Special Education Resource Teacher to Begin the 26-27 School Year",2026-03-25,"Roosevelt High School","Casper, Wyoming","https://natronaschools.schoolspring.com/","Natrona School District 1",2026-03-27
"545","Fort Caspar Academy Special Education Resource Teacher Beginning the 2026-27 School Year",2026-03-23,"Fort Caspar Academy","Casper, Wyoming","https://natronaschools.schoolspring.com/","Natrona School District 1",2026-03-27
"546","Assistant Summer Marching Band Director",2026-03-23,"Curriculum and Instruction","Casper, Wyoming","https://natronaschools.schoolspring.com/","Natrona School District 1",2026-03-27
"547","Poison Spider Special Education Resource Teacher to Begin 26-27 School Year",2026-03-23,"Poison Spider K-8","Casper, Wyoming","https://natronaschools.schoolspring.com/","Natrona School District 1",2026-03-27
"548","Midwest Middle School ELA Teacher for the 26-27 School Year Only",2026-03-23,"Midwest Schools","Midwest, Wyoming","https://natronaschools.schoolspring.com/","Natrona School District 1",2026-03-27
"549","CCA Social Studies Teacher for the 26-27 School Year Only",2026-03-23,"Casper Classical Academy","Casper, Wyoming","https://natronaschools.schoolspring.com/","Natrona School District 1",2026-03-27
"550","Sagewood Preschool Teacher for the 26-27 School Year Only",2026-03-23,"Sagewood Elementary","Casper, Wyoming","https://natronaschools.schoolspring.com/","Natrona School District 1",2026-03-27
"551","Dean Morgan Math Teacher for the 26-27 School Year Only",2026-03-23,"Dean Morgan Middle School","Casper, Wyoming","https://natronaschools.schoolspring.com/","Natrona School District 1",2026-03-27
"552","CCA Special Education Teacher Resource beginning 26-27 school year",2026-03-23,"Casper Classical Academy","Casper, Wyoming","https://natronaschools.schoolspring.com/","Natrona School District 1",2026-03-27
"553","Dean Morgan Special Education Teacher beginning 26-27 school year",2026-03-23,"Dean Morgan Middle School","Casper, Wyoming","https://natronaschools.schoolspring.com/","Natrona School District 1",2026-03-27
"554","Centennial Special Education Resource Teacher- Beginning 26-27 School Year",2026-03-23,"Centennial Middle School","Casper, Wyoming","https://natronaschools.schoolspring.com/","Natrona School District 1",2026-03-27
"555","KWHS Science Classroom Teacher for the 2026-2027 School Year Only",2026-03-20,"Kelly Walsh High School","Casper, Wyoming","https://natronaschools.schoolspring.com/","Natrona School District 1",2026-03-27
"556","KWHS Special Education Teacher beginning for the 2026-27 School Year",2026-03-20,"Kelly Walsh High School","Casper, Wyoming","https://natronaschools.schoolspring.com/","Natrona School District 1",2026-03-27
"557","CYMS Classroom Teacher - Special Education Beginning for the 2026-2027 School Year",2026-03-20,"CY Middle School","Casper, Wyoming","https://natronaschools.schoolspring.com/","Natrona School District 1",2026-03-27
"558","CYMS Classroom Teacher- Fine Arts (Art) for the 2026-2027 School Year Only",2026-03-20,"CY Middle School","Casper, Wyoming","https://natronaschools.schoolspring.com/","Natrona School District 1",2026-03-27
"559","Southridge Elementary-Special Education Teacher Beginning for the 2026-2027 School Year",2026-03-20,"Southridge Elementary","Casper, Wyoming","https://natronaschools.schoolspring.com/","Natrona School District 1",2026-03-27
"560","District Special Education Teacher to begin the 2026-2027 School Year",2026-03-20,"Special Education Services Center","Casper, Wyoming","https://natronaschools.schoolspring.com/","Natrona School District 1",2026-03-27
"561","CCA Track Aide",2026-03-20,"Casper Classical Academy","Casper, Wyoming","https://natronaschools.schoolspring.com/","Natrona School District 1",2026-03-27
"562","Audiologist to begin the 2026-2027 School Year",2026-03-19,"Special Education Services Center","Casper, Wyoming","https://natronaschools.schoolspring.com/","Natrona School District 1",2026-03-27
"563","CMS Head Track Coach",2026-03-19,"Centennial Middle School","Casper, Wyoming","https://natronaschools.schoolspring.com/","Natrona School District 1",2026-03-27
"564","CYMS Golf Aide",2026-03-19,"CY Middle School","Casper, Wyoming","https://natronaschools.schoolspring.com/","Natrona School District 1",2026-03-27
"565","Physical Therapist to begin 2026-2027 School Year",2026-03-18,"Special Education Services Center","Casper, Wyoming","https://natronaschools.schoolspring.com/","Natrona School District 1",2026-03-27
"566","Sagewood Custodian",2026-03-16,"Sagewood Elementary","Casper, Wyoming","https://natronaschools.schoolspring.com/","Natrona School District 1",2026-03-27
"567","CYMS Boys Soccer Aide",2026-03-13,"CY Middle School","Casper, Wyoming","https://natronaschools.schoolspring.com/","Natrona School District 1",2026-03-27
"568","Centennial Track Aide",2026-03-13,"Centennial Middle School","Casper, Wyoming","https://natronaschools.schoolspring.com/","Natrona School District 1",2026-03-27
"569","Instructional Facilitator Beginning the 2026-27 School Year",2026-03-10,"Curriculum and Instruction","Casper, Wyoming","https://natronaschools.schoolspring.com/","Natrona School District 1",2026-03-27
"570","District Assistant Elementary Principal for the 2026-27 School Year Only",2026-03-03,"Curriculum and Instruction","Casper, Wyoming","https://natronaschools.schoolspring.com/","Natrona School District 1",2026-03-27
"571","School Psychologist to begin 2026-2027 School Year",2026-03-03,"Special Education Services Center","Casper, Wyoming","https://natronaschools.schoolspring.com/","Natrona School District 1",2026-03-27
"572","Assistant Director of Human Resources to begin 2026-2027 School Year",2026-03-03,"Human Resources","Casper, Wyoming","https://natronaschools.schoolspring.com/","Natrona School District 1",2026-03-27
"573","Dean Morgan Track Aide",2026-03-03,"Dean Morgan Middle School","Casper, Wyoming","https://natronaschools.schoolspring.com/","Natrona School District 1",2026-03-27
"574","NCHS Head Volleyball Coach",2026-02-23,"Natrona County High School","Casper, Wyoming","https://natronaschools.schoolspring.com/","Natrona School District 1",2026-03-27
"575","KWHS Student Information Technology Worker",2026-02-20,"Kelly Walsh High School","Casper, Wyoming","https://natronaschools.schoolspring.com/","Natrona School District 1",2026-03-27
"576","NCHS Student Information Technology Worker",2026-02-20,"Natrona County High School","Casper, Wyoming","https://natronaschools.schoolspring.com/","Natrona School District 1",2026-03-27
"577","Substitute Bus Driver",2026-02-13,"Transportation","Casper, Wyoming","https://natronaschools.schoolspring.com/","Natrona School District 1",2026-03-27
"578","CMS Soccer Aide",2026-02-03,"Centennial Middle School","Casper, Wyoming","https://natronaschools.schoolspring.com/","Natrona School District 1",2026-03-27
"579","Verda James Elementary Dual Language Immersion (Spanish) Teacher Beginning the 2026-27 School Year",2026-02-02,"Verda James Elementary","Casper, Wyoming","https://natronaschools.schoolspring.com/","Natrona School District 1",2026-03-27
"580","Centennial Head Boys Soccer Coach",2026-01-16,"Centennial Middle School","Casper, Wyoming","https://natronaschools.schoolspring.com/","Natrona School District 1",2026-03-27
"581","Centennial Head Girls Soccer Coach",2026-01-16,"Centennial Middle School","Casper, Wyoming","https://natronaschools.schoolspring.com/","Natrona School District 1",2026-03-27
"582","KWHS - Marine Instructor (MI) OR Senior ROTC Marine Instructor (SMI)",2025-07-10,"Kelly Walsh High School","Casper, Wyoming","https://natronaschools.schoolspring.com/","Natrona School District 1",2026-03-27
"583","Education Interpreter",2025-05-01,"Special Education Services Center","Casper, Wyoming","https://natronaschools.schoolspring.com/","Natrona School District 1",2026-03-27
"584","Substitute Custodian",2025-01-29,"Human Resources","Casper, Wyoming","https://natronaschools.schoolspring.com/","Natrona School District 1",2026-03-27
"585","Custodian",2026-03-23,"Burns Jr./Sr. High School","Burns, Wyoming","https://laramie2.schoolspring.com/","Laramie County School District 2",2026-03-27
"586","Technology Coordinator",2026-03-18,"LARAMIE COUNTY SD #2","Pine Bluffs, Wyoming","https://laramie2.schoolspring.com/","Laramie County School District 2",2026-03-27
"587","District PowerSchool Administrator",2026-03-17,"LARAMIE COUNTY SD #2","Pine Bluffs, Wyoming","https://laramie2.schoolspring.com/","Laramie County School District 2",2026-03-27
"588","School Psychologist 2026-2027 School Year",2026-03-12,"LARAMIE COUNTY SD #2","Pine Bluffs, Wyoming","https://laramie2.schoolspring.com/","Laramie County School District 2",2026-03-27
"589","Speech-Language Pathologist 2026-27 School Year",2026-03-12,"LARAMIE COUNTY SD #2","Pine Bluffs, Wyoming","https://laramie2.schoolspring.com/","Laramie County School District 2",2026-03-27
"590","Part Time Elementary Teacher 2026-27 School Year",2026-03-12,"Albin Elementary","Albin, Wyoming","https://laramie2.schoolspring.com/","Laramie County School District 2",2026-03-27
"591","Summer Groundskeeper",2026-03-10,"Pine Bluffs Jr./Sr. High School","Pine Bluffs, Wyoming","https://laramie2.schoolspring.com/","Laramie County School District 2",2026-03-27
"592","World Language Teacher 2026-2027 school year",2026-03-02,"Burns Jr./Sr. High School","Burns, Wyoming","https://laramie2.schoolspring.com/","Laramie County School District 2",2026-03-27
"593","Assistant High School Football Coach",2026-02-24,"Burns Jr./Sr. High School","Burns, Wyoming","https://laramie2.schoolspring.com/","Laramie County School District 2",2026-03-27
"594","Secondary Math Teacher for 2026-2027 School Year",2026-02-18,"Burns Jr./Sr. High School","Burns, Wyoming","https://laramie2.schoolspring.com/","Laramie County School District 2",2026-03-27
"595","Elementary Teacher 2026-27 School Year",2026-02-02,"LARAMIE COUNTY SD #2","Pine Bluffs, Wyoming","https://laramie2.schoolspring.com/","Laramie County School District 2",2026-03-27
"596","Industrial Arts Teacher 2026-27 School Year",2026-01-08,"Pine Bluffs Jr./Sr. High School","Pine Bluffs, Wyoming","https://laramie2.schoolspring.com/","Laramie County School District 2",2026-03-27
"597","Assistant JH Volleyball Numbers Coach",2025-12-02,"Burns Jr./Sr. High School","Burns, Wyoming","https://laramie2.schoolspring.com/","Laramie County School District 2",2026-03-27
"598","Substitute School Nurse",2025-09-15,"LARAMIE COUNTY SD #2","Pine Bluffs, Wyoming","https://laramie2.schoolspring.com/","Laramie County School District 2",2026-03-27
"599","ELL Parent Translator Contactor",2025-09-15,"LARAMIE COUNTY SD #2","Pine Bluffs, Wyoming","https://laramie2.schoolspring.com/","Laramie County School District 2",2026-03-27
"600","Assistant JH Football Coach",2025-08-05,"Burns Jr./Sr. High School","Burns, Wyoming","https://laramie2.schoolspring.com/","Laramie County School District 2",2026-03-27
"601","ELL Paraprofessional",2025-06-10,"LARAMIE COUNTY SD #2","Pine Bluffs, Wyoming","https://laramie2.schoolspring.com/","Laramie County School District 2",2026-03-27
"602","Sub Paraprofessional",2025-01-30,"LARAMIE COUNTY SD #2","Pine Bluffs, Wyoming","https://laramie2.schoolspring.com/","Laramie County School District 2",2026-03-27
"603","Sub Custodian",2025-01-30,"LARAMIE COUNTY SD #2","Pine Bluffs, Wyoming","https://laramie2.schoolspring.com/","Laramie County School District 2",2026-03-27
"604","Substitute Cook",2025-01-30,"LARAMIE COUNTY SD #2","Pine Bluffs, Wyoming","https://laramie2.schoolspring.com/","Laramie County School District 2",2026-03-27
"605","Substitute Teacher",2025-01-30,"LARAMIE COUNTY SD #2","Pine Bluffs, Wyoming","https://laramie2.schoolspring.com/","Laramie County School District 2",2026-03-27
"606","Substitute Bus Driver",2025-01-30,"LARAMIE COUNTY SD #2","Pine Bluffs, Wyoming","https://laramie2.schoolspring.com/","Laramie County School District 2",2026-03-27
"607","FINANCE SECRETARY",2026-03-25,"RIVERTON HIGH SCHOOL","Riverton, Wyoming","https://fremont25.schoolspring.com/","Fremont County School District 25",2026-03-27
"608","HIGH SCHOOL HEAD COACH (GIRLS BASKETBALL)",2026-03-24,"RIVERTON HIGH SCHOOL","Riverton, Wyoming","https://fremont25.schoolspring.com/","Fremont County School District 25",2026-03-27
"609","HIGH SCHOOL ASSISTANT COACH (GIRLS BASKETBALL)",2026-03-24,"RIVERTON HIGH SCHOOL","Riverton, Wyoming","https://fremont25.schoolspring.com/","Fremont County School District 25",2026-03-27
"610","PARA (SPED IDEAL)",2026-03-23,"RENDEZVOUS ELEMENTARY","Riverton, Wyoming","https://fremont25.schoolspring.com/","Fremont County School District 25",2026-03-27
"611","SUBSTITUTE BUS DRIVER",2026-03-20,"BUS GARAGE - TRANSPORTATION","Riverton, Wyoming","https://fremont25.schoolspring.com/","Fremont County School District 25",2026-03-27
"612","HIGH SCHOOL TEACHER (SPED)",2026-03-20,"RIVERTON HIGH SCHOOL","Riverton, Wyoming","https://fremont25.schoolspring.com/","Fremont County School District 25",2026-03-27
"613","COTA",2026-03-19,"ALTERNATIVE/SPECIAL SERVICES","Riverton, Wyoming","https://fremont25.schoolspring.com/","Fremont County School District 25",2026-03-27
"614","CUSTODIAN FLOATER",2026-03-11,"Fremont County School District 25","Riverton, Wyoming","https://fremont25.schoolspring.com/","Fremont County School District 25",2026-03-27
"615","LAWN CREW",2026-03-11,"MAINTANENCE","Riverton, Wyoming","https://fremont25.schoolspring.com/","Fremont County School District 25",2026-03-27
"616","TEACHER (THEATER)",2026-03-06,"RIVERTON HIGH SCHOOL","Riverton, Wyoming","https://fremont25.schoolspring.com/","Fremont County School District 25",2026-03-27
"617","COUNSELOR",2026-02-27,"RIVERTON HIGH SCHOOL","Riverton, Wyoming","https://fremont25.schoolspring.com/","Fremont County School District 25",2026-03-27
"618","MIDDLE SCHOOL ASSISTANT COACH (CROSS COUNTRY)",2026-02-24,"RIVERTON MIDDLE SCHOOL","Riverton, Wyoming","https://fremont25.schoolspring.com/","Fremont County School District 25",2026-03-27
"619","DAYCARE ASSISTANT",2026-02-23,"ASPEN ELEMENTARY","Riverton, Wyoming","https://fremont25.schoolspring.com/","Fremont County School District 25",2026-03-27
"620","PARA (SPED)",2026-02-23,"WILLOW CREEK","Riverton, Wyoming","https://fremont25.schoolspring.com/","Fremont County School District 25",2026-03-27
"621","MIDDLE SCHOOL COACH (ASSISTANT VOLLEYBALL)",2026-02-20,"RIVERTON MIDDLE SCHOOL","Riverton, Wyoming","https://fremont25.schoolspring.com/","Fremont County School District 25",2026-03-27
"622","PARA (SPED BSP)",2026-02-18,"RENDEZVOUS ELEMENTARY","Riverton, Wyoming","https://fremont25.schoolspring.com/","Fremont County School District 25",2026-03-27
"623","SPEECH LANGUAGE PATHOLOGIST",2026-02-09,"Fremont County School District 25","Riverton, Wyoming","https://fremont25.schoolspring.com/","Fremont County School District 25",2026-03-27
"624","SCHOOL PSYCHOLOGIST",2026-02-09,"ALTERNATIVE/SPECIAL SERVICES","Riverton, Wyoming","https://fremont25.schoolspring.com/","Fremont County School District 25",2026-03-27
"625","CASE MANAGER (SPED)",2026-02-02,"Fremont County School District 25","Riverton, Wyoming","https://fremont25.schoolspring.com/","Fremont County School District 25",2026-03-27
"626","OCCUPATIONAL THERAPIST",2026-01-22,"Fremont County School District 25","Riverton, Wyoming","https://fremont25.schoolspring.com/","Fremont County School District 25",2026-03-27
"627","HIGH SCHOOL ASSISTANT COACH (VOLLEYBALL)",2025-12-22,"RIVERTON HIGH SCHOOL","Riverton, Wyoming","https://fremont25.schoolspring.com/","Fremont County School District 25",2026-03-27
"628","NATIVE AMERICAN EDUCATION STUDENT AMBASSADOR",2025-12-12,"Fremont County School District 25","Riverton, Wyoming","https://fremont25.schoolspring.com/","Fremont County School District 25",2026-03-27
"629","BUS AIDE",2025-10-17,"BUS GARAGE - TRANSPORTATION","Riverton, Wyoming","https://fremont25.schoolspring.com/","Fremont County School District 25",2026-03-27
"630","BUS DRIVER (PART TIME)",2025-10-17,"BUS GARAGE - TRANSPORTATION","Riverton, Wyoming","https://fremont25.schoolspring.com/","Fremont County School District 25",2026-03-27
"631","SUBSTITUTE PARA",2025-09-26,"Fremont County School District 25","Riverton, Wyoming","https://fremont25.schoolspring.com/","Fremont County School District 25",2026-03-27
"632","HIGH SCHOOL ASSISTANT COACH (CHEER)",2025-03-23,"RIVERTON HIGH SCHOOL","Riverton, Wyoming","https://fremont25.schoolspring.com/","Fremont County School District 25",2026-03-27
"633","SUBSTITUTE INTERPRETER FOR DEAF/HARD OF HEARING STUDENTS",2025-01-16,"Fremont County School District 25","Riverton, Wyoming","https://fremont25.schoolspring.com/","Fremont County School District 25",2026-03-27
"634","SUBSTITUTE CUSTODIAN",2024-09-17,"Fremont County School District 25","Riverton, Wyoming","https://fremont25.schoolspring.com/","Fremont County School District 25",2026-03-27
"635","SUBSTITUTE DAYCARE ASSISTANT",2024-07-22,"Fremont County School District 25","Riverton, Wyoming","https://fremont25.schoolspring.com/","Fremont County School District 25",2026-03-27
"636","SUBSTITUTE TEACHER",2024-07-18,"Fremont County School District 25","Riverton, Wyoming","https://fremont25.schoolspring.com/","Fremont County School District 25",2026-03-27
"637","SUBSTITUTE NURSE",2024-07-18,"Fremont County School District 25","Riverton, Wyoming","https://fremont25.schoolspring.com/","Fremont County School District 25",2026-03-27
"638","LIFEGUARD",2024-03-01,"RIVERTON AQUATICS CENTER","Riverton, Wyoming","https://fremont25.schoolspring.com/","Fremont County School District 25",2026-03-27
"639","DESK CLERK",2024-03-01,"RIVERTON AQUATICS CENTER","Riverton, Wyoming","https://fremont25.schoolspring.com/","Fremont County School District 25",2026-03-27
"640","SUBSTITUTE BUS DRIVER",2023-11-06,"BUS GARAGE - TRANSPORTATION","Riverton, Wyoming","https://fremont25.schoolspring.com/","Fremont County School District 25",2026-03-27
"641","Nurse Educator",2026-03-27,"Whiting High School","Laramie, Wyoming","https://acsd1.schoolspring.com/","Albany Count School District 1",2026-03-27
"642","Paraprofessional - Specialized Populations",2026-03-27,"Albany County School District 1","Laramie, Wyoming","https://acsd1.schoolspring.com/","Albany Count School District 1",2026-03-27
"643","Elementary Art Teacher",2026-03-25,"Linford Elementary School","Laramie, Wyoming","https://acsd1.schoolspring.com/","Albany Count School District 1",2026-03-27
"644","High School English Teacher",2026-03-24,"Rock River High School","Rock River, Wyoming","https://acsd1.schoolspring.com/","Albany Count School District 1",2026-03-27
"645","Middle School Social Studies Teacher",2026-03-24,"Laramie Middle School","Laramie, Wyoming","https://acsd1.schoolspring.com/","Albany Count School District 1",2026-03-27
"646","Middle School Project Lead the Way/STEM Teacher",2026-03-24,"Laramie Middle School","Laramie, Wyoming","https://acsd1.schoolspring.com/","Albany Count School District 1",2026-03-27
"647","Elementary Extensions Program Art Instructor",2026-03-23,"Albany County School District 1","Laramie, Wyoming","https://acsd1.schoolspring.com/","Albany Count School District 1",2026-03-27
"648","Mechanic",2026-03-16,"Albany County School District 1","Laramie, Wyoming","https://acsd1.schoolspring.com/","Albany Count School District 1",2026-03-27
"649","Special Education Co-Teacher (Math)",2026-03-13,"Laramie High School","Laramie, Wyoming","https://acsd1.schoolspring.com/","Albany Count School District 1",2026-03-27
"650","High School Spanish/ELL Teacher",2026-03-13,"Albany County School District 1","Laramie, Wyoming","https://acsd1.schoolspring.com/","Albany Count School District 1",2026-03-27
"651","English Language Learner Teacher",2026-03-13,"Albany County School District 1","Laramie, Wyoming","https://acsd1.schoolspring.com/","Albany Count School District 1",2026-03-27
"652","Special Education Teacher",2026-03-12,"Indian Paintbrush Elementary School","Laramie, Wyoming","https://acsd1.schoolspring.com/","Albany Count School District 1",2026-03-27
"653","Director of Special Education",2026-03-12,"Albany County School District 1","Laramie, Wyoming","https://acsd1.schoolspring.com/","Albany Count School District 1",2026-03-27
"654","High School Science Teacher",2026-03-12,"Whiting High School","Laramie, Wyoming","https://acsd1.schoolspring.com/","Albany Count School District 1",2026-03-27
"655","District Professional Development Coordinator",2026-03-11,"Albany County School District 1","Laramie, Wyoming","https://acsd1.schoolspring.com/","Albany Count School District 1",2026-03-27
"656","High School Head Volleyball Coach",2026-03-11,"Laramie High School","Laramie, Wyoming","https://acsd1.schoolspring.com/","Albany Count School District 1",2026-03-27
"657","High School Girls' Head Basketball Coach",2026-03-11,"Laramie High School","Laramie, Wyoming","https://acsd1.schoolspring.com/","Albany Count School District 1",2026-03-27
"658","Special Education Teacher",2026-03-11,"Slade Elementary School","Laramie, Wyoming","https://acsd1.schoolspring.com/","Albany Count School District 1",2026-03-27
"659","Special Education Teacher",2026-03-09,"Spring Creek Elementary School","Laramie, Wyoming","https://acsd1.schoolspring.com/","Albany Count School District 1",2026-03-27
"660","Speech - Language Pathologist",2026-03-09,"Albany County School District 1","Laramie, Wyoming","https://acsd1.schoolspring.com/","Albany Count School District 1",2026-03-27
"661","Elementary Teacher",2026-03-09,"Indian Paintbrush Elementary School","Laramie, Wyoming","https://acsd1.schoolspring.com/","Albany Count School District 1",2026-03-27
"662","High School Assistant Football Coach",2026-03-04,"Laramie High School","Laramie, Wyoming","https://acsd1.schoolspring.com/","Albany Count School District 1",2026-03-27
"663","High School Assistant Golf Coach",2026-03-04,"Laramie High School","Laramie, Wyoming","https://acsd1.schoolspring.com/","Albany Count School District 1",2026-03-27
"664","High School Physical Education Teacher",2026-03-02,"Laramie High School","Laramie, Wyoming","https://acsd1.schoolspring.com/","Albany Count School District 1",2026-03-27
"665","Certified Physical Therapy Assistant",2026-03-02,"Albany County School District 1","Laramie, Wyoming","https://acsd1.schoolspring.com/","Albany Count School District 1",2026-03-27
"666","Certified Occupational Therapy Assistant",2026-03-02,"Albany County School District 1","Laramie, Wyoming","https://acsd1.schoolspring.com/","Albany Count School District 1",2026-03-27
"667","Elementary Extensions Program Instructor",2026-03-02,"Albany County School District 1","Laramie, Wyoming","https://acsd1.schoolspring.com/","Albany Count School District 1",2026-03-27
"668","Summer Grounds Worker",2026-02-18,"Albany County School District 1","Laramie, Wyoming","https://acsd1.schoolspring.com/","Albany Count School District 1",2026-03-27
"669","Substitute Teacher",2025-07-31,"Albany County School District 1","Laramie, Wyoming","https://acsd1.schoolspring.com/","Albany Count School District 1",2026-03-27
"670","Substitute Custodian",2025-07-21,"Albany County School District 1","Laramie, Wyoming","https://acsd1.schoolspring.com/","Albany Count School District 1",2026-03-27
"671","Bus Aide",2025-06-05,"Albany County School District 1","Laramie, Wyoming","https://acsd1.schoolspring.com/","Albany Count School District 1",2026-03-27
"672","Bus Driver",2025-06-05,"Albany County School District 1","Laramie, Wyoming","https://acsd1.schoolspring.com/","Albany Count School District 1",2026-03-27
"673","Secretary to Elementary Principal",2026-03-26,"WAGONWHEEL ELEMENTARY","Gillette, Wyoming","https://campbell.schoolspring.com/","Campbell County Scholl District 1",2026-03-27
"674","Exceptional Child Specialist/Resource Room",2026-03-26,"CONESTOGA ELEMENTARY","Gillette, Wyoming","https://campbell.schoolspring.com/","Campbell County Scholl District 1",2026-03-27
"675","Special Programs Education Assistant",2026-03-26,"WAGONWHEEL ELEMENTARY","Gillette, Wyoming","https://campbell.schoolspring.com/","Campbell County Scholl District 1",2026-03-27
"676","Technology Assistant",2026-03-26,"HILLCREST ELEMENTARY","Gillette, Wyoming","https://campbell.schoolspring.com/","Campbell County Scholl District 1",2026-03-27
"677","BUS ASSISTANT - SPECIAL PROGRAMS",2026-03-25,"CAMPBELL COUNTY SCHOOL DISTRICT #1","Gillette, Wyoming","https://campbell.schoolspring.com/","Campbell County Scholl District 1",2026-03-27
"678","Student Custodian",2026-03-25,"CAMPBELL COUNTY HIGH SCHOOL","Gillette, Wyoming","https://campbell.schoolspring.com/","Campbell County Scholl District 1",2026-03-27
"679","School Counselor",2026-03-25,"PRAIRIE WIND ELEMENTARY","Gillette, Wyoming","https://campbell.schoolspring.com/","Campbell County Scholl District 1",2026-03-27
"680","Custodian",2026-03-25,"HILLCREST ELEMENTARY","Gillette, Wyoming","https://campbell.schoolspring.com/","Campbell County Scholl District 1",2026-03-27
"681","Assistant Girls Soccer Coach",2026-03-25,"THUNDER BASIN HIGH SCHOOL","Gillette, Wyoming","https://campbell.schoolspring.com/","Campbell County Scholl District 1",2026-03-27
"682","Nutrition Service Assistant",2026-03-25,"CAMPBELL COUNTY SCHOOL DISTRICT #1","Gillette, Wyoming","https://campbell.schoolspring.com/","Campbell County Scholl District 1",2026-03-27
"683","Skilled Maintenance Crafts - HVAC",2026-03-25,"CAMPBELL COUNTY SCHOOL DISTRICT #1","Gillette, Wyoming","https://campbell.schoolspring.com/","Campbell County Scholl District 1",2026-03-27
"684","Library Media Specialist",2026-03-24,"WRIGHT JR./SR. HIGH SCHOOL","Wright, Wyoming","https://campbell.schoolspring.com/","Campbell County Scholl District 1",2026-03-27
"685","BUS DRIVER/BUS DRIVER IN TRAINING",2026-03-24,"CAMPBELL COUNTY SCHOOL DISTRICT #1","Gillette, Wyoming","https://campbell.schoolspring.com/","Campbell County Scholl District 1",2026-03-27
"686","Special Programs Education Assistant",2026-03-23,"MEADOWLARK ELEMENTARY","Gillette, Wyoming","https://campbell.schoolspring.com/","Campbell County Scholl District 1",2026-03-27
"687","Second Grade Teacher",2026-03-19,"BUFFALO RIDGE ELEMENTARY SCHOOL","Gillette, Wyoming","https://campbell.schoolspring.com/","Campbell County Scholl District 1",2026-03-27
"688","First Grade Teacher",2026-03-19,"HILLCREST ELEMENTARY","Gillette, Wyoming","https://campbell.schoolspring.com/","Campbell County Scholl District 1",2026-03-27
"689","Assistant Volleyball Coach",2026-03-19,"CAMPBELL COUNTY HIGH SCHOOL","Gillette, Wyoming","https://campbell.schoolspring.com/","Campbell County Scholl District 1",2026-03-27
"690","Assistant Football Coach",2026-03-19,"CAMPBELL COUNTY HIGH SCHOOL","Gillette, Wyoming","https://campbell.schoolspring.com/","Campbell County Scholl District 1",2026-03-27
"691","Business Education Teacher",2026-03-19,"THUNDER BASIN HIGH SCHOOL","Gillette, Wyoming","https://campbell.schoolspring.com/","Campbell County Scholl District 1",2026-03-27
"692","Elementary Multiple Teacher",2026-03-18,"RECLUSE SCHOOL","Gillette, Wyoming","https://campbell.schoolspring.com/","Campbell County Scholl District 1",2026-03-27
"693","7/8 Volleyball Coach",2026-03-11,"TWIN SPRUCE JUNIOR HIGH SCHOOL","Gillette, Wyoming","https://campbell.schoolspring.com/","Campbell County Scholl District 1",2026-03-27
"694","English Teacher",2026-03-10,"THUNDER BASIN HIGH SCHOOL","Gillette, Wyoming","https://campbell.schoolspring.com/","Campbell County Scholl District 1",2026-03-27
"695","Teacher of the Visually Impaired",2026-03-05,"CAMPBELL COUNTY SCHOOL DISTRICT #1","Gillette, Wyoming","https://campbell.schoolspring.com/","Campbell County Scholl District 1",2026-03-27
"696","Emotionally Disabled Special Programs Education Assistant",2026-03-04,"CAMPBELL COUNTY HIGH SCHOOL","Gillette, Wyoming","https://campbell.schoolspring.com/","Campbell County Scholl District 1",2026-03-27
"697","Assistant Head Custodian",2026-03-04,"THUNDER BASIN HIGH SCHOOL","Gillette, Wyoming","https://campbell.schoolspring.com/","Campbell County Scholl District 1",2026-03-27
"698","Vocational Job Coach",2026-03-04,"THUNDER BASIN HIGH SCHOOL","Gillette, Wyoming","https://campbell.schoolspring.com/","Campbell County Scholl District 1",2026-03-27
"699","Speech/Language Pathologist",2026-02-27,"CAMPBELL COUNTY SCHOOL DISTRICT #1","Gillette, Wyoming","https://campbell.schoolspring.com/","Campbell County Scholl District 1",2026-03-27
"700","Foreign Language Teacher - Spanish",2026-02-11,"CAMPBELL COUNTY HIGH SCHOOL","Gillette, Wyoming","https://campbell.schoolspring.com/","Campbell County Scholl District 1",2026-03-27
"701","Special Programs Education Assistant/ASD",2026-02-09,"LAKEVIEW ELEMENTARY","Gillette, Wyoming","https://campbell.schoolspring.com/","Campbell County Scholl District 1",2026-03-27
"702","Special Programs Education Assistant",2026-01-29,"CAMPBELL COUNTY HIGH SCHOOL","Gillette, Wyoming","https://campbell.schoolspring.com/","Campbell County Scholl District 1",2026-03-27
"703","Special Programs Education Assistant",2026-01-26,"ROZET ELEMENTARY","Rozet, Wyoming","https://campbell.schoolspring.com/","Campbell County Scholl District 1",2026-03-27
"704","Foreign Language Teacher - German",2026-01-21,"CAMPBELL COUNTY HIGH SCHOOL","Gillette, Wyoming","https://campbell.schoolspring.com/","Campbell County Scholl District 1",2026-03-27
"705","Special Programs Education Assistant",2026-01-21,"BUFFALO RIDGE ELEMENTARY SCHOOL","Gillette, Wyoming","https://campbell.schoolspring.com/","Campbell County Scholl District 1",2026-03-27
"706","Special Programs Education Assistant",2026-01-20,"RAWHIDE ELEMENTARY","Gillette, Wyoming","https://campbell.schoolspring.com/","Campbell County Scholl District 1",2026-03-27
"707","Emotionally Disabled Special Programs Education Assistant",2026-01-14,"PAINTBRUSH ELEMENTARY","Gillette, Wyoming","https://campbell.schoolspring.com/","Campbell County Scholl District 1",2026-03-27
"708","Special Programs Education Assistant for Students with High Needs",2025-12-19,"HILLCREST ELEMENTARY","Gillette, Wyoming","https://campbell.schoolspring.com/","Campbell County Scholl District 1",2026-03-27
"709","Teacher for the Deaf and Hard of Hearing",2025-12-19,"CAMPBELL COUNTY SCHOOL DISTRICT #1","Gillette, Wyoming","https://campbell.schoolspring.com/","Campbell County Scholl District 1",2026-03-27
"710","Orientation and Mobility Specialist",2025-12-19,"CAMPBELL COUNTY SCHOOL DISTRICT #1","Gillette, Wyoming","https://campbell.schoolspring.com/","Campbell County Scholl District 1",2026-03-27
"711","Special Programs Education Assistant",2025-11-26,"HILLCREST ELEMENTARY","Gillette, Wyoming","https://campbell.schoolspring.com/","Campbell County Scholl District 1",2026-03-27
"712","Wright - Safety Patrol",2025-10-29,"CAMPBELL COUNTY SCHOOL DISTRICT #1","Gillette, Wyoming","https://campbell.schoolspring.com/","Campbell County Scholl District 1",2026-03-27
"713","Safety Patrol",2025-10-29,"CAMPBELL COUNTY SCHOOL DISTRICT #1","Gillette, Wyoming","https://campbell.schoolspring.com/","Campbell County Scholl District 1",2026-03-27
"714","Safety Patrol",2025-10-29,"CAMPBELL COUNTY SCHOOL DISTRICT #1","Gillette, Wyoming","https://campbell.schoolspring.com/","Campbell County Scholl District 1",2026-03-27
"715","Special Programs Education Assistant",2025-10-24,"PAINTBRUSH ELEMENTARY","Gillette, Wyoming","https://campbell.schoolspring.com/","Campbell County Scholl District 1",2026-03-27
"716","Hearing Impaired Interpreter",2025-09-03,"PRONGHORN ELEMENTARY","Gillette, Wyoming","https://campbell.schoolspring.com/","Campbell County Scholl District 1",2026-03-27
"717","Substitute School Nurse",2025-06-11,"CAMPBELL COUNTY SCHOOL DISTRICT #1","Los Angeles, California","https://campbell.schoolspring.com/","Campbell County Scholl District 1",2026-03-27
"718","Substitute Teacher",2025-06-11,"CAMPBELL COUNTY SCHOOL DISTRICT #1","Los Angeles, California","https://campbell.schoolspring.com/","Campbell County Scholl District 1",2026-03-27
"719","SCHOOL PSYCHOLOGIST INTERN",2025-01-31,"CAMPBELL COUNTY SCHOOL DISTRICT #1","Gillette, Wyoming","https://campbell.schoolspring.com/","Campbell County Scholl District 1",2026-03-27
"720","Sample Classified Position",2010-02-16,"CAMPBELL COUNTY SCHOOL DISTRICT #1","Gillette, Wyoming","https://campbell.schoolspring.com/","Campbell County Scholl District 1",2026-03-27
"721","Sample Certified Position",2010-02-16,"CAMPBELL COUNTY SCHOOL DISTRICT #1","Gillette, Wyoming","https://campbell.schoolspring.com/","Campbell County Scholl District 1",2026-03-27
"722","Routing and Dispatch Secretary – Transportation Department – Star Valley",NA,"Classified","Star Valley High School","https://lcsd2.org/employment-opportunities/","Lincoln County School District 2",2026-03-27
"723","Bus Driver – Star Valley – Full Time",NA,"Classified","Star Valley High School","https://lcsd2.org/employment-opportunities/","Lincoln County School District 2",2026-03-27
"724","Aide Pool – Star Valley – 2026–2027 school year",NA,"Classified","Star Valley High School","https://lcsd2.org/employment-opportunities/","Lincoln County School District 2",2026-03-27
"725","Food Service – Star Valley High School – 4 hours per day",NA,"Classified","Star Valley High School","https://lcsd2.org/employment-opportunities/","Lincoln County School District 2",2026-03-27
"726","Groundskeeper – Cokeville",NA,"Classified","Cokeville","https://lcsd2.org/employment-opportunities/","Lincoln County School District 2",2026-03-27
"727","Certified Media Specialist – Star Valley – 2026–2027 school year",NA,"Certified","Star Valley High School","https://lcsd2.org/employment-opportunities/","Lincoln County School District 2",2026-03-27
"728","Teacher of the Deaf – District Wide – 2026–2027 school year",NA,"Certified","District","https://lcsd2.org/employment-opportunities/","Lincoln County School District 2",2026-03-27
"729","Special Education Teacher – 2026–2027 school year",NA,"Certified","District","https://lcsd2.org/employment-opportunities/","Lincoln County School District 2",2026-03-27
"730","Speech Language Pathologist – 2026–2027 school year",NA,"Certified","District","https://lcsd2.org/employment-opportunities/","Lincoln County School District 2",2026-03-27
"731","Substitute School Nurse – Star Valley",NA,"Classified","Star Valley","https://lcsd2.org/employment-opportunities/","Lincoln County School District 2",2026-03-27
"732","Certified Substitute Teacher Pool – Star Valley",NA,"Substitutes","Star Valley","https://lcsd2.org/employment-opportunities/","Lincoln County School District 2",2026-03-27
"733","Certified Substitute Teacher Pool – Cokeville",NA,"Substitutes","Cokeville","https://lcsd2.org/employment-opportunities/","Lincoln County School District 2",2026-03-27
"734","Substitute Bus Drivers – Cokeville",NA,"Classified","Star Valley","https://lcsd2.org/employment-opportunities/","Lincoln County School District 2",2026-03-27
"735","Substitute Bus Drivers – Star Valley",NA,"Classified","Star Valley","https://lcsd2.org/employment-opportunities/","Lincoln County School District 2",2026-03-27
"736","Substitute Bus Aides – Star Valley",NA,"Classified","Star Valley","https://lcsd2.org/employment-opportunities/","Lincoln County School District 2",2026-03-27
"737","Substitute Food Service (Cooks)",NA,"Classified","District","https://lcsd2.org/employment-opportunities/","Lincoln County School District 2",2026-03-27
"738","Assistant Cheer Advisor – Star Valley High School",NA,"Coaching","Star Valley","https://lcsd2.org/employment-opportunities/","Lincoln County School District 2",2026-03-27
"739","Head Boys Wrestling Coach – Star Valley High School",NA,"Coaching","Star Valley","https://lcsd2.org/employment-opportunities/","Lincoln County School District 2",2026-03-27
"740","Assistant Football Coach – Star Valley High School",NA,"Coaching","Star Valley","https://lcsd2.org/employment-opportunities/","Lincoln County School District 2",2026-03-27
"741","Head Volleyball Coach – Cokeville High School",NA,"Coaching","Cokeville","https://lcsd2.org/employment-opportunities/","Lincoln County School District 2",2026-03-27
"742","Volunteer Coach/Advisor",NA,"Coaching","District","https://lcsd2.org/employment-opportunities/","Lincoln County School District 2",2026-03-27
"743","Elementary Principal (K–6)",NA,"Certified","District","https://www.growingluskleaders.org/page/human-resources","Niobrara County School District 1",2026-03-27
"744","7–12 Science Teacher",NA,"Certified","District","https://www.growingluskleaders.org/page/human-resources","Niobrara County School District 1",2026-03-27
"745","Elementary Teacher (K–6)",NA,"Certified","District","https://www.growingluskleaders.org/page/human-resources","Niobrara County School District 1",2026-03-27
"746","Music/Band Teacher (K–12)",NA,"Certified","District","https://www.growingluskleaders.org/page/human-resources","Niobrara County School District 1",2026-03-27
"747","SPED Teacher (FLS)",NA,"Certified","District","https://www.growingluskleaders.org/page/human-resources","Niobrara County School District 1",2026-03-27
"748","Business Manager",NA,"Classified","District","https://www.growingluskleaders.org/page/human-resources","Niobrara County School District 1",2026-03-27
"749","Head High School Football Coach",NA,"Coaching","District","https://www.growingluskleaders.org/page/human-resources","Niobrara County School District 1",2026-03-27
"750","Head High School Volleyball Coach",NA,"Coaching","District","https://www.growingluskleaders.org/page/human-resources","Niobrara County School District 1",2026-03-27
"751","Maintenance Worker (District Wide)",NA,"Classified","District","https://www.growingluskleaders.org/page/human-resources","Niobrara County School District 1",2026-03-27
"752","Bus Driver Substitutes (District Wide)",NA,"Classified","District","https://www.growingluskleaders.org/page/human-resources","Niobrara County School District 1",2026-03-27
"753","Custodial Substitute (District Wide)",NA,"Classified","District","https://www.growingluskleaders.org/page/human-resources","Niobrara County School District 1",2026-03-27
"754","Special Education Paraprofessional",NA,"Classified","District","https://pcsd16.com/271372_2","Park County School District 16",2026-03-27
"755","Substitutes for all Postions",NA,"Substitute","PCSD#1 Schools, Glendo and Wheatland","https://www.platte1.org/89574_1","Platte County School District 1",2026-03-27
"756","Substitutes for Custodians",NA,"Classified","District","https://www.platte1.org/89574_1","Platte County School District 1",2026-03-27
"757","Special Educaton Teacher",NA,"Certified","District Wide","https://www.platte1.org/89574_1","Platte County School District 1",2026-03-27
"758","Special Educaton Teacher",NA,"Certified","District Wide","https://www.platte1.org/89574_1","Platte County School District 1",2026-03-27
"759","Special Educaton Teacher",NA,"Certified","District Wide","https://www.platte1.org/89574_1","Platte County School District 1",2026-03-27
"760","Middle School Ag Teacher/FFA Advisor",NA,"Certified","District Wide","https://www.platte1.org/89574_1","Platte County School District 1",2026-03-27
"761","Food Service Director",NA,"Certified","District Wide","https://www.platte1.org/89574_1","Platte County School District 1",2026-03-27
"762","Assistant Volleyball Coach",NA,"Coaching","District Wide","https://www.platte1.org/89574_1","Platte County School District 1",2026-03-27
"763","Assistant Football Coach",NA,"Coaching","District Wide","https://www.platte1.org/89574_1","Platte County School District 1",2026-03-27
"764","Substitute Certified Teachers",NA,"Substitute","District","https://www.guernseysunrise.org/page/employment","Platte County School District 2",2026-03-27
"765","Substitute Paraeducators",NA,"Classified","District","https://www.guernseysunrise.org/page/employment","Platte County School District 2",2026-03-27
"766","Full Time Elementary Teacher",NA,"Certified","District","https://www.sheridan3.com/page/hr-and-career-opportunities","Sheridan County School District 3",2026-03-27
"767","K-12 Counselor/Teacher",NA,"Certified","District","https://www.sheridan3.com/page/hr-and-career-opportunities","Sheridan County School District 3",2026-03-27
"768","Bus Driver",NA,"Classified","District","https://www.sheridan3.com/page/hr-and-career-opportunities","Sheridan County School District 3",2026-03-27
"769","Ag Teacher 2026-2027",NA,"Certified","District","https://www.sub1.org/en-US/employment-and-human-resources-f26202d3","Sublette County School District 1",2026-03-27
"770","Assistant Football Coaching - High School 3/20/2026",NA,"Coaching","District","https://www.sub1.org/en-US/employment-and-human-resources-f26202d3","Sublette County School District 1",2026-03-27
"771","Auto MechanicsTeacher 2026-2027",NA,"Certified","District","https://www.sub1.org/en-US/employment-and-human-resources-f26202d3","Sublette County School District 1",2026-03-27
"772","HS Math Teacher 2/13/2026",NA,"Certified","District","https://www.sub1.org/en-US/employment-and-human-resources-f26202d3","Sublette County School District 1",2026-03-27
"773","Head Football Coaching - High School 3/20/2026",NA,"Coaching","District","https://www.sub1.org/en-US/employment-and-human-resources-f26202d3","Sublette County School District 1",2026-03-27
"774","Middle School Volleyball Coach 2025-03-12.docx",NA,"Coaching","District","https://www.sub1.org/en-US/employment-and-human-resources-f26202d3","Sublette County School District 1",2026-03-27
"775","Substitute Bus Driver",NA,"Classified","District","https://www.sub1.org/en-US/employment-and-human-resources-f26202d3","Sublette County School District 1",2026-03-27
"776","Substitute School Nurse",NA,"Classified","District","https://www.sub1.org/en-US/employment-and-human-resources-f26202d3","Sublette County School District 1",2026-03-27
"777","Substitutes",NA,"Classified","District","https://www.sub1.org/en-US/employment-and-human-resources-f26202d3","Sublette County School District 1",2026-03-27
"778","WeldingTeacher 2026-2027",NA,"Certified","District","https://www.sub1.org/en-US/employment-and-human-resources-f26202d3","Sublette County School District 1",2026-03-27
"779","Bus Assistant- part time",NA,"Classified","District","https://www.uinta4.com/departments/business_office/job_opportunities/current_openings","Uinta County School District 4",2026-03-27
"780","Substitutes- all positions",NA,"Substitute","District","https://www.uinta4.com/departments/business_office/job_opportunities/current_openings","Uinta County School District 4",2026-03-27
"781","Aquatic Center Director",NA,"Classified","District","https://sites.google.com/lymanschools.org/ucsd6/home/job-openings?authuser=0","Uinta County School District 6",2026-03-27
"782","Substitute Bus Drivers",NA,"Classified","District","https://sites.google.com/lymanschools.org/ucsd6/home/job-openings?authuser=0","Uinta County School District 6",2026-03-27
"783","Substitute School Bus Aides",NA,"Classified","District","https://sites.google.com/lymanschools.org/ucsd6/home/job-openings?authuser=0","Uinta County School District 6",2026-03-27
"784","Head HS Cross Country Coach",NA,"Coaching","District","https://sites.google.com/lymanschools.org/ucsd6/home/job-openings?authuser=0","Uinta County School District 6",2026-03-27
"785","Head HS Boys Swim Coach",NA,"Coaching","District","https://sites.google.com/lymanschools.org/ucsd6/home/job-openings?authuser=0","Uinta County School District 6",2026-03-27
"786","Always in need of substitutes",NA,"Substitute","District","https://sites.google.com/lymanschools.org/ucsd6/home/job-openings?authuser=0","Uinta County School District 6",2026-03-27
"787","K–12 Principal (2026–27 School Year)",NA,"Certified","District","https://www.wsh2.k12.wy.us/apps/pages/index.jsp?uREC_ID=440610&type=d&pREC_ID=1008214","Washakie County School District 2",2026-03-27
"788","K–12 Music Teacher (2026–27 School Year)",NA,"Certified","District","https://www.wsh2.k12.wy.us/apps/pages/index.jsp?uREC_ID=440610&type=d&pREC_ID=1008214","Washakie County School District 2",2026-03-27
"789","Elementary Teacher (Grade 3) (2026–27 School Year)",NA,"Certified","District","https://www.wsh2.k12.wy.us/apps/pages/index.jsp?uREC_ID=440610&type=d&pREC_ID=1008214","Washakie County School District 2",2026-03-27
"790","High School Girls Basketball Coach",NA,"Coaching","District","https://www.wsh2.k12.wy.us/apps/pages/index.jsp?uREC_ID=440610&type=d&pREC_ID=1008214","Washakie County School District 2",2026-03-27
"791","BusinessManager",NA,"Classified","District","https://www.wcsd1.org/apps/pages/Career_Opportunities","Weston County School District 1",2026-03-27
"792","Middle School Principal Position",NA,"Certified","District","https://www.wcsd1.org/apps/pages/Career_Opportunities","Weston County School District 1",2026-03-27
"793","Elementary Counselor Position",NA,"Certified","District","https://www.wcsd1.org/apps/pages/Career_Opportunities","Weston County School District 1",2026-03-27
"794","Special Education Case Manager Job Description",NA,"Certified","District","https://www.wcsd1.org/apps/pages/Career_Opportunities","Weston County School District 1",2026-03-27
"795","Special Education Paraprofessional Positions",NA,"Classified","District","https://www.wcsd1.org/apps/pages/Career_Opportunities","Weston County School District 1",2026-03-27
"796","Head Boys and Girls Swimming Coach",NA,"Coaching","District","https://www.wcsd1.org/apps/pages/Career_Opportunities","Weston County School District 1",2026-03-27
"797","Head Cross Country Coach",NA,"Coaching","District","https://www.wcsd1.org/apps/pages/Career_Opportunities","Weston County School District 1",2026-03-27
"798","AssistantBoysSoccerCoach",NA,"Coaching","District","https://www.wcsd1.org/apps/pages/Career_Opportunities","Weston County School District 1",2026-03-27
"799","MS Head Girls Soccer Coach",NA,"Coaching","District","https://www.wcsd1.org/apps/pages/Career_Opportunities","Weston County School District 1",2026-03-27
"800","Middle School Football Coach",NA,"Coaching","District","https://www.wcsd1.org/apps/pages/Career_Opportunities","Weston County School District 1",2026-03-27
"801","Route Bus Drivers",NA,"Classified","District","https://www.wcsd1.org/apps/pages/Career_Opportunities","Weston County School District 1",2026-03-27
"802","Substitutes",NA,"Substitute","District","https://www.wcsd1.org/apps/pages/Career_Opportunities","Weston County School District 1",2026-03-27
"803","Custodial-Kitchensubs",NA,"Classified","District","https://www.wcsd1.org/apps/pages/Career_Opportunities","Weston County School District 1",2026-03-27
"804","Sub Bus Drivers",NA,"Classified","District","https://www.wcsd1.org/apps/pages/Career_Opportunities","Weston County School District 1",2026-03-27
"805","Middle School Social Studies Teacher (Grades 6–8)",NA,"Certified","District","https://www.weston7.org/o/wcsd/page/employment","Weston County School District 7",2026-03-27
"806","Substitute Teacher",NA,"Substitute","District","https://www.weston7.org/o/wcsd/page/employment","Weston County School District 7",2026-03-27
"807","Substitute Paraprofessional",NA,"Classified","District","https://www.weston7.org/o/wcsd/page/employment","Weston County School District 7",2026-03-27
"808","Substitute Custodian",NA,"Classified","District","https://www.weston7.org/o/wcsd/page/employment","Weston County School District 7",2026-03-27
"809","Substitute Bus Driver",NA,"Classified","District","https://www.weston7.org/o/wcsd/page/employment","Weston County School District 7",2026-03-27
"810","Substitute Lunchroom Cook",NA,"Classified","District","https://www.weston7.org/o/wcsd/page/employment","Weston County School District 7",2026-03-27
"811","Substitute Employee (All Areas)",NA,"Classified","District","https://www.weston7.org/o/wcsd/page/employment","Weston County School District 7",2026-03-27
"812","Substitute Bus Driver (CDL Training Available)",NA,"Classified","District","https://www.weston7.org/o/wcsd/page/employment","Weston County School District 7",2026-03-27
"813","Special Education Aide (Substitute)",NA,"Classified","District","https://www.weston7.org/o/wcsd/page/employment","Weston County School District 7",2026-03-27
"814","Classroom Teacher Substitute",NA,"Substitute","District","https://www.weston7.org/o/wcsd/page/employment","Weston County School District 7",2026-03-27
"815","Substitute Paraprofessional (Hourly)",NA,"Classified","District","https://www.weston7.org/o/wcsd/page/employment","Weston County School District 7",2026-03-27
"816","Substitute Food Service Staff",NA,"Classified","District","https://www.weston7.org/o/wcsd/page/employment","Weston County School District 7",2026-03-27
"817","Substitute Custodial Staff",NA,"Classified","District","https://www.weston7.org/o/wcsd/page/employment","Weston County School District 7",2026-03-27
"818","Retired Teacher Substitute Pool",NA,"Substitute","District","https://www.weston7.org/o/wcsd/page/employment","Weston County School District 7",2026-03-27
"819","Bus Driver Substitute (CDL Required)",NA,"Classified","District","https://www.weston7.org/o/wcsd/page/employment","Weston County School District 7",2026-03-27
"820","Substitute Paraprofessional",NA,"Substitute","Substitute","https://jobs.redroverk12.com/org/hotsprings1/opening/128737","Hot Springs County School District 1",2026-03-27
"821","Child Nutrition Cook",NA,"Part Time","Classified","https://jobs.redroverk12.com/org/hotsprings1/opening/151103","Hot Springs County School District 1",2026-03-27
"822","Life Skills Teacher",NA,"Full Time","Certified","https://jobs.redroverk12.com/org/hotsprings1/opening/149723","Hot Springs County School District 1",2026-03-27
"823","Head Cross Country Coach",NA,"Seasonal","Certified","https://jobs.redroverk12.com/org/hotsprings1/opening/148308","Hot Springs County School District 1",2026-03-27
"824","Head High School Volleyball Coach",NA,"Seasonal","Certified","https://jobs.redroverk12.com/org/hotsprings1/opening/148302","Hot Springs County School District 1",2026-03-27
"825","Daycare Support Staff",NA,"Full Time","Classified","https://jobs.redroverk12.com/org/hotsprings1/opening/148304","Hot Springs County School District 1",2026-03-27
"826","Custodian",NA,"Full Time","Classified","https://jobs.redroverk12.com/org/hotsprings1/opening/142823","Hot Springs County School District 1",2026-03-27
"827","Substitute Teacher",NA,"Substitute","Substitute","https://jobs.redroverk12.com/org/hotsprings1/opening/128617","Hot Springs County School District 1",2026-03-27
"828","CCMS Head Girls Basketball Coach",NA,"Seasonal","Head Coach","https://jobs.redroverk12.com/org/jcsd1/opening/159555","Johnson County School District 1",2026-03-27
"829","Special Education Teacher",NA,"Full Time","Special Education Teacher","https://jobs.redroverk12.com/org/jcsd1/opening/158234","Johnson County School District 1",2026-03-27
"830","Head Volleyball Coach",NA,"Seasonal","Head Coach","https://jobs.redroverk12.com/org/jcsd1/opening/157764","Johnson County School District 1",2026-03-27
"831","Speech Language Pathologist",NA,"Full Time","Speech Language Pathologist","https://jobs.redroverk12.com/org/jcsd1/opening/157540","Johnson County School District 1",2026-03-27
"832","School Psychologist",NA,"Full Time","Psychologist","https://jobs.redroverk12.com/org/jcsd1/opening/157541","Johnson County School District 1",2026-03-27
"833","Custodian",NA,"Full Time","Custodian","https://jobs.redroverk12.com/org/jcsd1/opening/156788","Johnson County School District 1",2026-03-27
"834","Sp Ed Teacher for Behaviorally Challenged Students",NA,"Full Time","Special Education Teacher","https://jobs.redroverk12.com/org/jcsd1/opening/154159","Johnson County School District 1",2026-03-27
"835","Food Service Warehouse Transport",NA,"Full Time","Food Warehouse Transport","https://jobs.redroverk12.com/org/jcsd1/opening/155290","Johnson County School District 1",2026-03-27
"836","Teacher of the Deaf & Hard of Hearing",NA,"Full Time","Teacher","https://jobs.redroverk12.com/org/jcsd1/opening/153129","Johnson County School District 1",2026-03-27
"837","Sign Language Interpreter",NA,"Full Time","Sign Language Interpreter","https://jobs.redroverk12.com/org/jcsd1/opening/150867","Johnson County School District 1",2026-03-27
"838","Food Prep Tech",NA,"Part Time","Food Service Tech Prep","https://jobs.redroverk12.com/org/jcsd1/opening/145949","Johnson County School District 1",2026-03-27
"839","Student Support Specialist/Homeless Liaison",NA,"Full Time","School Counselor","https://jobs.redroverk12.com/org/jcsd1/opening/145931","Johnson County School District 1",2026-03-27
"840","Paraprofessional Substitute",NA,"Substitute","Substitute Paraprofessional","https://jobs.redroverk12.com/org/jcsd1/opening/142219","Johnson County School District 1",2026-03-27
"841","Custodian Staff Substitute",NA,"Substitute","Custodian","https://jobs.redroverk12.com/org/jcsd1/opening/137493","Johnson County School District 1",2026-03-27
"842","Food Service Staff Substitute",NA,"Substitute","Food Service Tech Prep","https://jobs.redroverk12.com/org/jcsd1/opening/134419","Johnson County School District 1",2026-03-27
"843","Substitute Teacher",NA,"Substitute","Substitute Teacher","https://jobs.redroverk12.com/org/jcsd1/opening/132190","Johnson County School District 1",2026-03-27
"844","Substitute Buffalo Bus Route Driver",NA,"Substitute","Bus Driver","https://jobs.redroverk12.com/org/jcsd1/opening/131082","Johnson County School District 1",2026-03-27
"845","Substitute Kaycee Bus Route Driver",NA,"Substitute","Bus Driver","https://jobs.redroverk12.com/org/jcsd1/opening/131059","Johnson County School District 1",2026-03-27
"846","Assistant HS Football Coach",NA,"Seasonal","Coach/Sponsor","https://jobs.redroverk12.com/org/PCSD2/opening/151324","Platte County School District 2",2026-03-27
"847","K-12 Art Teacher",NA,"Full Time","Teacher","https://jobs.redroverk12.com/org/PCSD2/opening/149113","Platte County School District 2",2026-03-27
"848","Jr High Girls Volleyball Coach",NA,"Seasonal","Coach/Sponsor","https://jobs.redroverk12.com/org/PCSD2/opening/143316","Platte County School District 2",2026-03-27
"849","Assistant Football Coach",NA,"Seasonal","Coach","https://jobs.redroverk12.com/org/SCSD9/opening/155926","Sublette County School District 9",2026-03-27
"850","Technology Integration and Support Specialist",NA,"Full Time","Technology","https://jobs.redroverk12.com/org/SCSD9/opening/151180","Sublette County School District 9",2026-03-27
"851","K-5 Elementary Principal",NA,"Full Time","Principal","https://jobs.redroverk12.com/org/SCSD9/opening/151888","Sublette County School District 9",2026-03-27
"852","Certified Substitute Teacher",NA,"Substitute","Teacher","https://jobs.redroverk12.com/org/SCSD9/opening/151690","Sublette County School District 9",2026-03-27
"853","Substitute Bus Driver",NA,"Substitute","Bus Driver","https://jobs.redroverk12.com/org/SCSD9/opening/151630","Sublette County School District 9",2026-03-27
"854","6-8 Math Teacher",NA,"Full Time","Teacher","https://jobs.redroverk12.com/org/SCSD9/opening/151526","Sublette County School District 9",2026-03-27
