"X","title","date_posted","position","location","url","District","Archive_Date"
1,"(1500) Assistant MS Track Coach-Cowley","8/25/2025","Athletics/ Activities/","Rocky Mountain Middle/High School","https://www.applitrack.com/bighorn1/onlineapp/JobPostings/view.asp?all=1","Big Horn School District 1","2025-12-19"
2,"Middle School Assistant Boys Basketball Coach-Burlington","9/3/2025","Athletics/ Activities/","Burlington Schools","https://www.applitrack.com/bighorn1/onlineapp/JobPostings/view.asp?all=1","Big Horn School District 1","2025-12-19"
3,"Head Coach High School Volleyball-Burlington","12/16/2025","Athletics/ Activities/","Burlington Schools","https://www.applitrack.com/bighorn1/onlineapp/JobPostings/view.asp?all=1","Big Horn School District 1","2025-12-19"
4,"Sub Nurse","9/23/2020","Student Support Services/","Big Horn Co School District 1","https://www.applitrack.com/bighorn1/onlineapp/JobPostings/view.asp?all=1","Big Horn School District 1","2025-12-19"
5,"Sub - Teacher","9/23/2020","Substitute/","Big Horn Co School District 1","https://www.applitrack.com/bighorn1/onlineapp/JobPostings/view.asp?all=1","Big Horn School District 1","2025-12-19"
6,"Sub- Custodial/Cook/Secretary","9/23/2020","Support Staff/","Big Horn Co School District 1","https://www.applitrack.com/bighorn1/onlineapp/JobPostings/view.asp?all=1","Big Horn School District 1","2025-12-19"
7,"Sub - Paraprofessional","9/23/2020","Support Staff/","Big Horn Co School District 1","https://www.applitrack.com/bighorn1/onlineapp/JobPostings/view.asp?all=1","Big Horn School District 1","2025-12-19"
8,"Sub- Route Bus Driver - Burlington","9/23/2020","Support Staff/","Bus Barn - South","https://www.applitrack.com/bighorn1/onlineapp/JobPostings/view.asp?all=1","Big Horn School District 1","2025-12-19"
9,"Sub- Route Bus Driver - Cowley","9/23/2020","Support Staff/","Bus Barn - North","https://www.applitrack.com/bighorn1/onlineapp/JobPostings/view.asp?all=1","Big Horn School District 1","2025-12-19"
10,"Substitute Teacher","3/30/2022","Substitute/","Big Horn County School District #2","https://www.applitrack.com/bgh2/onlineapp/default.aspx?all=1","Big Horn School District 2","2025-12-19"
11,"Substitute Route and Activity Bus Drivers","3/29/2022","Transportation","Big Horn County School District #2","https://www.applitrack.com/bgh2/onlineapp/default.aspx?all=1","Big Horn School District 2","2025-12-19"
12,"Route Bus Driver","5/27/2025","Transportation/","Big Horn County School District #2","https://www.applitrack.com/bgh2/onlineapp/default.aspx?all=1","Big Horn School District 2","2025-12-19"
13,"High School Assistant Track Coach","7/15/2025","Athletics/Activities","District Wide","https://www.applitrack.com/bighorn/onlineapp/default.aspx?all=1","Big Horn School District 3","2025-12-19"
14,"Substitute Teacher","7/5/2017","Substitute/","District Wide","https://www.applitrack.com/bighorn/onlineapp/default.aspx?all=1","Big Horn School District 3","2025-12-19"
15,"24-25 Substitute Bus Driver / Activity Driver","12/17/2024","Transportation/","Transportation","https://www.applitrack.com/bighorn/onlineapp/default.aspx?all=1","Big Horn School District 3","2025-12-19"
16,"Head Boys and Girls Track Coach","2/12/2025","Athletics/Activities","Riverside High School","https://www.applitrack.com/bgh4/onlineapp/default.aspx?all=1","Big Horn School District 4","2025-12-19"
17,"21 CCLC After School Program Activity Leaders","1/21/2020","Student Support Services","Laura Irwin Elementary","https://www.applitrack.com/bgh4/onlineapp/default.aspx?all=1","Big Horn School District 4","2025-12-19"
18,"Bus Driver","1/7/2022","Support Staff","District","https://www.applitrack.com/bgh4/onlineapp/default.aspx?all=1","Big Horn School District 4","2025-12-19"
19,"Substitute","7/21/2025","Support Staff","District","https://www.applitrack.com/bgh4/onlineapp/default.aspx?all=1","Big Horn School District 4","2025-12-19"
20,"Lifeguard","8/12/2025","Aquatics/","Rawlins Pool","https://www.applitrack.com/crb1/onlineapp/jobpostings/view.asp?all=1","Carbon County School District 1","2025-12-19"
21,"Shift Lead-Part Time","8/12/2025","Aquatics/","Rawlins Pool","https://www.applitrack.com/crb1/onlineapp/jobpostings/view.asp?all=1","Carbon County School District 1","2025-12-19"
22,"Asst. Musical Director","6/9/2025","Athletics/Activities/","Rawlins High School","https://www.applitrack.com/crb1/onlineapp/jobpostings/view.asp?all=1","Carbon County School District 1","2025-12-19"
23,"Asst. Boys and Girls Soccer Coach","6/9/2025","Athletics/Activities/","Rawlins Middle School","https://www.applitrack.com/crb1/onlineapp/jobpostings/view.asp?all=1","Carbon County School District 1","2025-12-19"
24,"2nd Asst. Swim Coach","6/12/2025","Athletics/Activities/","Rawlins Middle School","https://www.applitrack.com/crb1/onlineapp/jobpostings/view.asp?all=1","Carbon County School District 1","2025-12-19"
25,"2nd Asst. Track Coach","8/4/2025","Athletics/Activities/","Rawlins Middle School","https://www.applitrack.com/crb1/onlineapp/jobpostings/view.asp?all=1","Carbon County School District 1","2025-12-19"
26,"Asst Volleyball Coach","10/27/2025","Athletics/Activities/","Rawlins Middle School","https://www.applitrack.com/crb1/onlineapp/jobpostings/view.asp?all=1","Carbon County School District 1","2025-12-19"
27,"Asst. Football Coach","11/11/2025","Athletics/Activities/","Rawlins Middle School","https://www.applitrack.com/crb1/onlineapp/jobpostings/view.asp?all=1","Carbon County School District 1","2025-12-19"
28,"Asst. Football Coach","12/8/2025","Athletics/Activities/","Rawlins High School","https://www.applitrack.com/crb1/onlineapp/jobpostings/view.asp?all=1","Carbon County School District 1","2025-12-19"
29,"STEM Teacher","4/28/2025","Elementary School Teaching","Rawlins Elementary School","https://www.applitrack.com/crb1/onlineapp/jobpostings/view.asp?all=1","Carbon County School District 1","2025-12-19"
30,"Daycare Para Professional","10/24/2025","Elementary School Teaching/","District","https://www.applitrack.com/crb1/onlineapp/jobpostings/view.asp?all=1","Carbon County School District 1","2025-12-19"
31,"Substitute Food Service","10/9/2025","Food Service/","Food Service","https://www.applitrack.com/crb1/onlineapp/jobpostings/view.asp?all=1","Carbon County School District 1","2025-12-19"
32,"Substitute Custodian","7/29/2025","Maintenance/Custodial","District","https://www.applitrack.com/crb1/onlineapp/jobpostings/view.asp?all=1","Carbon County School District 1","2025-12-19"
33,"Custodial - Substitute","2/16/2024","Maintenance/Custodial","Little Snake River Valley School","https://www.applitrack.com/crb1/onlineapp/jobpostings/view.asp?all=1","Carbon County School District 1","2025-12-19"
34,"ESL/ELL Teacher","4/16/2025","Middle School Teaching","Rawlins Middle School","https://www.applitrack.com/crb1/onlineapp/jobpostings/view.asp?all=1","Carbon County School District 1","2025-12-19"
35,"Substitute Teacher","7/29/2025","Substitute/","District","https://www.applitrack.com/crb1/onlineapp/jobpostings/view.asp?all=1","Carbon County School District 1","2025-12-19"
36,"Substitute Bus Driver","7/29/2025","Transportation","District","https://www.applitrack.com/crb1/onlineapp/jobpostings/view.asp?all=1","Carbon County School District 1","2025-12-19"
37,"Bus Driver","9/22/2023","Transportation/","District","https://www.applitrack.com/crb1/onlineapp/jobpostings/view.asp?all=1","Carbon County School District 1","2025-12-19"
38,"High School Assistant Boys Basketball Coach","3/12/2025","Athletics/Activities/","H-E-M Junior/Senior High School","https://www.applitrack.com/crb2/onlineapp/default.aspx?all=1","Carbon County School District 2","2025-12-19"
39,"Head High School Speech Coach","6/9/2025","Athletics/Activities/","Saratoga Middle High School","https://www.applitrack.com/crb2/onlineapp/default.aspx?all=1","Carbon County School District 2","2025-12-19"
40,"First Assistant (Head) Middle School Football Coach","10/13/2025","Athletics/Activities/","H-E-M Junior/Senior High School","https://www.applitrack.com/crb2/onlineapp/default.aspx?all=1","Carbon County School District 2","2025-12-19"
41,"Music Teacher","2/24/2025","High School Teaching/","Saratoga Middle High School","https://www.applitrack.com/crb2/onlineapp/default.aspx?all=1","Carbon County School District 2","2025-12-19"
42,"6-12 Band Teacher","3/31/2025","High School Teaching/","Saratoga Middle High School","https://www.applitrack.com/crb2/onlineapp/default.aspx?all=1","Carbon County School District 2","2025-12-19"
43,"Head Maintenance","10/15/2025","Maintenance/Custodial/","Saratoga Elementary School","https://www.applitrack.com/crb2/onlineapp/default.aspx?all=1","Carbon County School District 2","2025-12-19"
44,"Elementary School Counselor","9/3/2025","Student Support Services/","Hanna Elementary School","https://www.applitrack.com/crb2/onlineapp/default.aspx?all=1","Carbon County School District 2","2025-12-19"
45,"Occupational Therapist(s)","12/22/2023","Student Support Services/","CCSD#2","https://www.applitrack.com/crb2/onlineapp/default.aspx?all=1","Carbon County School District 2","2025-12-19"
46,"Speech Language Pathologist(s)","3/4/2022","Student Support Services/","CCSD#2","https://www.applitrack.com/crb2/onlineapp/default.aspx?all=1","Carbon County School District 2","2025-12-19"
47,"Substitute Bus Driver 2025/2026 School Year","7/15/2025","Substitute/","CCSD#2","https://www.applitrack.com/crb2/onlineapp/default.aspx?all=1","Carbon County School District 2","2025-12-19"
48,"Substitute Classroom/Special Education Aide 2025/2026 School Year","7/15/2025","Substitute/","CCSD#2","https://www.applitrack.com/crb2/onlineapp/default.aspx?all=1","Carbon County School District 2","2025-12-19"
49,"Substitute Cook Helpers 2025/2026 School Year","7/15/2025","Substitute/","CCSD#2","https://www.applitrack.com/crb2/onlineapp/default.aspx?all=1","Carbon County School District 2","2025-12-19"
50,"Substitute Custodian 2025/2026 School Year","7/15/2025","Substitute/","CCSD#2","https://www.applitrack.com/crb2/onlineapp/default.aspx?all=1","Carbon County School District 2","2025-12-19"
51,"Substitute Teacher 2025/2026 School Year","7/15/2025","Substitute/","CCSD#2","https://www.applitrack.com/crb2/onlineapp/default.aspx?all=1","Carbon County School District 2","2025-12-19"
52,"Route Bus Driver","12/2/2025","Support Staff/","Encampment K-12","https://www.applitrack.com/crb2/onlineapp/default.aspx?all=1","Carbon County School District 2","2025-12-19"
53,"High School FBLA Sponsor","6/5/2025","Athletics/Activities/","Glenrock Jr/Sr High School","https://www.applitrack.com/converse2/onlineapp/default.aspx?all=1","Converse County School Distrcit 2","2025-12-19"
54,"K-6 Music Teacher","12/8/2025","Elementary School Teaching/","Grant Elementary School","https://www.applitrack.com/converse2/onlineapp/default.aspx?all=1","Converse County School Distrcit 2","2025-12-19"
55,"Food Service Worker - Cook (Part -Time, 14 hrs)","12/2/2025","Food Service/","Converse County School District #2","https://www.applitrack.com/converse2/onlineapp/default.aspx?all=1","Converse County School Distrcit 2","2025-12-19"
56,"Family and Consumer Science Teacher (7-12)","12/10/2025","High School Teaching/","Glenrock Jr/Sr High School","https://www.applitrack.com/converse2/onlineapp/default.aspx?all=1","Converse County School Distrcit 2","2025-12-19"
57,"Substitute Teacher/Aid/Cook/Custodian/Bus Driver/Summer Help","3/26/2019","Substitute/","Converse County School District #2","https://www.applitrack.com/converse2/onlineapp/default.aspx?all=1","Converse County School Distrcit 2","2025-12-19"
58,"Bus Driver (Route, Activity, Sub)","4/13/2023","Transportation/","Converse County School District #2","https://www.applitrack.com/converse2/onlineapp/default.aspx?all=1","Converse County School Distrcit 2","2025-12-19"
59,"DHS Girls Wrestling Coach Aide","11/18/2025","Athletics/Activities/Extra Duty/","Activities Department","https://www.applitrack.com/ccsd1/onlineapp/default.aspx?all=1","Converse County School District 1","2025-12-19"
60,"DMS Girls Swimming Coach Aide","12/4/2025","Athletics/Activities/Extra Duty/","Activities Department","https://www.applitrack.com/ccsd1/onlineapp/default.aspx?all=1","Converse County School District 1","2025-12-19"
61,"Business Director","12/18/2025","Converse County School District #1","Central Administration","https://www.applitrack.com/ccsd1/onlineapp/default.aspx?all=1","Converse County School District 1","2025-12-19"
62,"DMS Custodian","12/10/2025","Maintenance/Custodial/","Maintenance","https://www.applitrack.com/ccsd1/onlineapp/default.aspx?all=1","Converse County School District 1","2025-12-19"
63,"American Legion Assistant Legion A and C Baseball Coaches","12/10/2025","Recreation/","Douglas Recreation Center","https://www.applitrack.com/ccsd1/onlineapp/default.aspx?all=1","Converse County School District 1","2025-12-19"
64,"DRC Lifeguard","8/1/2025","Student/","Douglas Recreation Center","https://www.applitrack.com/ccsd1/onlineapp/default.aspx?all=1","Converse County School District 1","2025-12-19"
65,"Classified Substitute Positions","7/29/2025","Substitute","Central Administration","https://www.applitrack.com/ccsd1/onlineapp/default.aspx?all=1","Converse County School District 1","2025-12-19"
66,"Food Service Substitute","12/3/2025","Substitute","Central Administration","https://www.applitrack.com/ccsd1/onlineapp/default.aspx?all=1","Converse County School District 1","2025-12-19"
67,"Substitute Custodian","8/19/2025","Substitute/","Maintenance","https://www.applitrack.com/ccsd1/onlineapp/default.aspx?all=1","Converse County School District 1","2025-12-19"
68,"Certified Substitute","7/29/2025","Substitute/","Central Administration","https://www.applitrack.com/ccsd1/onlineapp/default.aspx?all=1","Converse County School District 1","2025-12-19"
69,"Substitute Bus Monitor/Paraprofessional","7/29/2025","Support Staff/","Transportation","https://www.applitrack.com/ccsd1/onlineapp/default.aspx?all=1","Converse County School District 1","2025-12-19"
70,"DPS Part-Time SPED FLS/Behavioral Paraprofessional","9/29/2025","Support Staff/","Douglas Primary School","https://www.applitrack.com/ccsd1/onlineapp/default.aspx?all=1","Converse County School District 1","2025-12-19"
71,"DPS SPED FLS Paraprofessional","12/1/2025","Support Staff/","Douglas Primary School","https://www.applitrack.com/ccsd1/onlineapp/default.aspx?all=1","Converse County School District 1","2025-12-19"
72,"DIS/DUES SPED FLS Paraprofessional","12/15/2025","Support Staff/","Douglas Intermediate School","https://www.applitrack.com/ccsd1/onlineapp/default.aspx?all=1","Converse County School District 1","2025-12-19"
73,"Douglas Rural Schools Special Education Paraprofessional","12/15/2025","Support Staff/","Shawnee Rural School","https://www.applitrack.com/ccsd1/onlineapp/default.aspx?all=1","Converse County School District 1","2025-12-19"
74,"Substitute Bus Driver","7/29/2025","Transportation/","Transportation","https://www.applitrack.com/ccsd1/onlineapp/default.aspx?all=1","Converse County School District 1","2025-12-19"
75,"Bus Driver","7/28/2025","Transportation/","Transportation","https://www.applitrack.com/ccsd1/onlineapp/default.aspx?all=1","Converse County School District 1","2025-12-19"
76,"Substitute Crossing Guard","7/29/2025","Transportation/","Transportation","https://www.applitrack.com/ccsd1/onlineapp/default.aspx?all=1","Converse County School District 1","2025-12-19"
77,"Assistant 8th Volleyball Coach","5/22/2025","Athletics/Activities/","Lander Middle School","https://www.applitrack.com/fremontwy/onlineapp/jobpostings/view.asp?all=1","Fremont County School District 1","2025-12-19"
78,"Assistant Swim Coach","9/26/2025","Athletics/Activities/","Lander Middle School","https://www.applitrack.com/fremontwy/onlineapp/jobpostings/view.asp?all=1","Fremont County School District 1","2025-12-19"
79,"Assistant Wrestling Coach","9/26/2025","Athletics/Activities/","Lander Middle School","https://www.applitrack.com/fremontwy/onlineapp/jobpostings/view.asp?all=1","Fremont County School District 1","2025-12-19"
80,"Head Softball Coach","9/26/2025","Athletics/Activities/","Lander Valley High School","https://www.applitrack.com/fremontwy/onlineapp/jobpostings/view.asp?all=1","Fremont County School District 1","2025-12-19"
81,"Head Girls Soccer Coach","10/31/2025","Athletics/Activities/","Lander Valley High School","https://www.applitrack.com/fremontwy/onlineapp/jobpostings/view.asp?all=1","Fremont County School District 1","2025-12-19"
82,"Head Girls Soccer Coach","10/31/2025","Athletics/Activities/","Lander Middle School","https://www.applitrack.com/fremontwy/onlineapp/jobpostings/view.asp?all=1","Fremont County School District 1","2025-12-19"
83,"Boys Soccer Coach","11/11/2025","Athletics/Activities/","Lander Middle School","https://www.applitrack.com/fremontwy/onlineapp/jobpostings/view.asp?all=1","Fremont County School District 1","2025-12-19"
84,"Assistant Girls Soccer Coach","12/16/2025","Athletics/Activities/","Lander Valley High School","https://www.applitrack.com/fremontwy/onlineapp/jobpostings/view.asp?all=1","Fremont County School District 1","2025-12-19"
85,"Head 7th Volleyball Coach","12/16/2025","Athletics/Activities/","Lander Middle School","https://www.applitrack.com/fremontwy/onlineapp/jobpostings/view.asp?all=1","Fremont County School District 1","2025-12-19"
86,"Family and Consumer Science Teacher","12/11/2025","Certified Teaching/","Lander Valley High School","https://www.applitrack.com/fremontwy/onlineapp/jobpostings/view.asp?all=1","Fremont County School District 1","2025-12-19"
87,"Nutritional Service Worker - 3 Hour Position","12/4/2025","Food Service/","Lander Middle School","https://www.applitrack.com/fremontwy/onlineapp/jobpostings/view.asp?all=1","Fremont County School District 1","2025-12-19"
88,"Auditorium Manager","12/12/2025","Maintenance/","Lander Valley High School","https://www.applitrack.com/fremontwy/onlineapp/jobpostings/view.asp?all=1","Fremont County School District 1","2025-12-19"
89,"Job Training Facilitator","12/4/2025","Student Support Services/","Lander Valley High School","https://www.applitrack.com/fremontwy/onlineapp/jobpostings/view.asp?all=1","Fremont County School District 1","2025-12-19"
90,"Substitute Custodian (at-will)","6/11/2025","Substitute/","District-wide","https://www.applitrack.com/fremontwy/onlineapp/jobpostings/view.asp?all=1","Fremont County School District 1","2025-12-19"
91,"Substitute Nurse (at-will)","6/11/2025","Substitute/","District-wide","https://www.applitrack.com/fremontwy/onlineapp/jobpostings/view.asp?all=1","Fremont County School District 1","2025-12-19"
92,"Substitute Nutritional Service Worker (at-will)","6/11/2025","Substitute/","District-wide","https://www.applitrack.com/fremontwy/onlineapp/jobpostings/view.asp?all=1","Fremont County School District 1","2025-12-19"
93,"Substitute - classrooms (at-will)","6/11/2025","Substitute/","District-wide","https://www.applitrack.com/fremontwy/onlineapp/jobpostings/view.asp?all=1","Fremont County School District 1","2025-12-19"
94,"Substitute Bus/Activity Driver (at-will)","6/11/2025","Substitute/","Central Services","https://www.applitrack.com/fremontwy/onlineapp/jobpostings/view.asp?all=1","Fremont County School District 1","2025-12-19"
95,"Lights On Early Bird Leader","12/10/2025","Temporary/","Baldwin Creek Elementary","https://www.applitrack.com/fremontwy/onlineapp/jobpostings/view.asp?all=1","Fremont County School District 1","2025-12-19"
96,"Lights On Early Bird Leader","9/30/2025","Temporary/","Lights On","https://www.applitrack.com/fremontwy/onlineapp/jobpostings/view.asp?all=1","Fremont County School District 1","2025-12-19"
97,"MTSS (Multi-Tiered System of Support) Coordinator (K-8)","6/30/2025","Elementary School Teaching/","Fremont County School District 21","https://www.applitrack.com/fortwashakieschool/onlineapp/default.aspx?all=1","Fremont County School District 21","2025-12-19"
98,"Substitute Custodians","9/28/2021","Maintenance/Custodial/","Fort Washakie Elementary","https://www.applitrack.com/fortwashakieschool/onlineapp/default.aspx?all=1","Fremont County School District 21","2025-12-19"
99,"Substitute Cooks","10/6/2025","Student Support Services/","Fort Washakie Elementary","https://www.applitrack.com/fortwashakieschool/onlineapp/default.aspx?all=1","Fremont County School District 21","2025-12-19"
100,"Speech/Language Pathologist - Open until filled","7/23/2025","Student Support Services/","Fremont County School District 21","https://www.applitrack.com/fortwashakieschool/onlineapp/default.aspx?all=1","Fremont County School District 21","2025-12-19"
101,"Substitute Teacher","9/12/2023","Substitute/","Fort Washakie Elementary","https://www.applitrack.com/fortwashakieschool/onlineapp/default.aspx?all=1","Fremont County School District 21","2025-12-19"
102,"Paraprofessional","9/10/2024","Support Staff/","Fremont County School District 21","https://www.applitrack.com/fortwashakieschool/onlineapp/default.aspx?all=1","Fremont County School District 21","2025-12-19"
103,"Information Support Technician - Open until filled.","5/1/2025","Technology/","Fremont County School District 21","https://www.applitrack.com/fortwashakieschool/onlineapp/default.aspx?all=1","Fremont County School District 21","2025-12-19"
104,"Special Education Paraprofessionals with Possible Apprenticeship 2025-2026","12/18/2025","Support Staff/","Special Ed Dept","https://www.applitrack.com/fremont24/onlineapp/default.aspx?all=1","Fremont County School District 24","2025-12-19"
105,"High School Boys and Girls Wrestling Assistant Coach","12/4/2025","Athletics/Activities/","Shoshoni JH/HS","https://www.applitrack.com/fremont24/onlineapp/default.aspx?all=1","Fremont County School District 24","2025-12-19"
106,"Bus Driver Substitutes 2025-2026","8/8/2025","Substitute/","K-12 Schoolwide","https://www.applitrack.com/fremont24/onlineapp/default.aspx?all=1","Fremont County School District 24","2025-12-19"
107,"Cooks Helper Substitutes 2025-2026","8/8/2025","Substitute/","District Office","https://www.applitrack.com/fremont24/onlineapp/default.aspx?all=1","Fremont County School District 24","2025-12-19"
108,"Custodian Substitutes 2025-2026","8/8/2025","Substitute/","District Wide","https://www.applitrack.com/fremont24/onlineapp/default.aspx?all=1","Fremont County School District 24","2025-12-19"
109,"Substitute School Nurse 2025-2026","8/8/2025","Substitute/","K-12 Schoolwide","https://www.applitrack.com/fremont24/onlineapp/default.aspx?all=1","Fremont County School District 24","2025-12-19"
110,"Substitute Teacher 2025-2026","8/8/2025","Substitute/","K-12 Schoolwide","https://www.applitrack.com/fremont24/onlineapp/default.aspx?all=1","Fremont County School District 24","2025-12-19"
111,"Substitute Daycare Assistant 2025-2026","8/8/2025","Substitute/","K-12 Schoolwide","https://www.applitrack.com/fremont24/onlineapp/default.aspx?all=1","Fremont County School District 24","2025-12-19"
113,"High School Assistant Volleyball Coach","3/24/2025","Athletics/Activities","Wind River High School","https://www.applitrack.com/fre6/onlineapp/default.aspx?all=1","Fremont County School District 6","2025-12-19"
114,"Athletic Coach","8/21/2025","Athletics/Activities","Wind River Schools","https://www.applitrack.com/fre6/onlineapp/default.aspx?all=1","Fremont County School District 6","2025-12-19"
115,"Custodian","12/17/2024","Maintenance/Custodial/","Wind River Schools","https://www.applitrack.com/fre6/onlineapp/default.aspx?all=1","Fremont County School District 6","2025-12-19"
116,"Maintenance/Custodian","7/30/2025","Maintenance/Custodial/","Wind River Schools","https://www.applitrack.com/fre6/onlineapp/default.aspx?all=1","Fremont County School District 6","2025-12-19"
117,"Substitute Teacher","8/20/2024","Substitute/","Wind River Schools","https://www.applitrack.com/fre6/onlineapp/default.aspx?all=1","Fremont County School District 6","2025-12-19"
118,"Substitute Para/Custodian/Food Service","11/14/2024","Substitute/","Wind River Schools","https://www.applitrack.com/fre6/onlineapp/default.aspx?all=1","Fremont County School District 6","2025-12-19"
119,"Bus Driver","3/10/2025","Support Staff","Wind River Schools","https://www.applitrack.com/fre6/onlineapp/default.aspx?all=1","Fremont County School District 6","2025-12-19"
120,"Shoshone Language Teacher","8/7/2025","Elementary School Teaching","Wyoming Indian Elementary School","https://www.applitrack.com/fremont14/onlineapp/default.aspx?all=1","Fremont County School District 14","2025-12-19"
121,"Substitute School Nurse","7/23/2020","Student Health Services/","District Wide","https://www.applitrack.com/fremont14/onlineapp/default.aspx?all=1","Fremont County School District 14","2025-12-19"
122,"Substitute Teacher - Classroom","10/9/2018","Substitute Certified/","District Wide","https://www.applitrack.com/fremont14/onlineapp/default.aspx?all=1","Fremont County School District 14","2025-12-19"
123,"Substitute Cook","10/10/2018","Substitute Non Certified/","District Wide","https://www.applitrack.com/fremont14/onlineapp/default.aspx?all=1","Fremont County School District 14","2025-12-19"
124,"Substitute Custodian","9/9/2019","Substitute Non Certified/","District Wide","https://www.applitrack.com/fremont14/onlineapp/default.aspx?all=1","Fremont County School District 14","2025-12-19"
125,"Paraprofessional","11/14/2025","Support Staff/","Wyoming Indian Middle School","https://www.applitrack.com/fremont14/onlineapp/default.aspx?all=1","Fremont County School District 14","2025-12-19"
126,"Special Education Paraprofessional","11/14/2025","Support Staff/","Wyoming Indian Middle School","https://www.applitrack.com/fremont14/onlineapp/default.aspx?all=1","Fremont County School District 14","2025-12-19"
127,"Bus Driver","9/18/2023","Transportation/","District Wide","https://www.applitrack.com/fremont14/onlineapp/default.aspx?all=1","Fremont County School District 14","2025-12-19"
128,"Substitute Bus Driver","7/9/2021","Transportation/","District Wide","https://www.applitrack.com/fremont14/onlineapp/default.aspx?all=1","Fremont County School District 14","2025-12-19"
129,"Grandparent Consultant","12/13/2022","Tutors/","District Wide","https://www.applitrack.com/fremont14/onlineapp/default.aspx?all=1","Fremont County School District 14","2025-12-19"
131,"Elementary Paraeducator","12/16/2025","Para-Educator/","Parkside Elementary School","https://www.applitrack.com/park1/onlineapp/default.aspx?all=1","Park County School District 1","2025-12-19"
132,"Substitute School Nurse","9/18/2025","Student Support Services/","District-Wide K-12","https://www.applitrack.com/park1/onlineapp/default.aspx?all=1","Park County School District 1","2025-12-19"
133,"Substitute Teacher","7/3/2024","Substitute/","District-Wide K-12","https://www.applitrack.com/park1/onlineapp/default.aspx?all=1","Park County School District 1","2025-12-19"
134,"Substitute Custodian","7/3/2024","Substitute Support Services/","District-Wide K-12","https://www.applitrack.com/park1/onlineapp/default.aspx?all=1","Park County School District 1","2025-12-19"
135,"Substitute Para-Educator","7/3/2024","Substitute Support Services/","District-Wide K-12","https://www.applitrack.com/park1/onlineapp/default.aspx?all=1","Park County School District 1","2025-12-19"
136,"Substitute Bus Driver","9/27/2021","Transportation/","Transportation Department","https://www.applitrack.com/park1/onlineapp/default.aspx?all=1","Park County School District 1","2025-12-19"
137,"Assistant Girls Wrestling Coach","10/6/2025","Athletics/Activities/","Cody High School","https://www.applitrack.com/park6/onlineapp/default.aspx?all=1","Park County School District 6","2025-12-19"
138,"School Nutrition Assistant (Part Time)","7/16/2025","Food Services/","Sunset Elementary School","https://www.applitrack.com/park6/onlineapp/default.aspx?all=1","Park County School District 6","2025-12-19"
139,"Part Time Custodian","10/27/2025","Maintenance/Custodial/","Wapiti Elementary School","https://www.applitrack.com/park6/onlineapp/default.aspx?all=1","Park County School District 6","2025-12-19"
140,"Mental Health Counselor","11/19/2025","Student Support Services/","District Wide","https://www.applitrack.com/park6/onlineapp/default.aspx?all=1","Park County School District 6","2025-12-19"
141,"Board Certified Behavior Analyst","2/7/2025","Student Support Services/","All Schools","https://www.applitrack.com/park6/onlineapp/default.aspx?all=1","Park County School District 6","2025-12-19"
142,"Substitute Paraeducator (Aide) 2025-2026 School Year","7/16/2025","Substitute/","All Schools","https://www.applitrack.com/park6/onlineapp/default.aspx?all=1","Park County School District 6","2025-12-19"
143,"Substitute Custodian 2025-2026 School Year","7/16/2025","Substitute/","All Schools","https://www.applitrack.com/park6/onlineapp/default.aspx?all=1","Park County School District 6","2025-12-19"
144,"Substitute Nurse 2025-2026 School Year","7/16/2025","Substitute/","All Schools","https://www.applitrack.com/park6/onlineapp/default.aspx?all=1","Park County School District 6","2025-12-19"
145,"Substitute Teacher 2025-2026 School Year","7/16/2025","Substitute/","All Schools","https://www.applitrack.com/park6/onlineapp/default.aspx?all=1","Park County School District 6","2025-12-19"
146,"Elementary Title I Paraeducator","11/19/2025","Support Staff/","Livingston Elementary School","https://www.applitrack.com/park6/onlineapp/default.aspx?all=1","Park County School District 6","2025-12-19"
147,"Route Driver","7/16/2025","Transportation","All Schools","https://www.applitrack.com/park6/onlineapp/default.aspx?all=1","Park County School District 6","2025-12-19"
148,"Bus Aide","7/16/2025","Transportation","All Schools","https://www.applitrack.com/park6/onlineapp/default.aspx?all=1","Park County School District 6","2025-12-19"
149,"TRMS Assistant Boys Basketball Coach","8/14/2024","Athletics/Activities/","Tongue River Middle School","https://www.applitrack.com/sheridanwy/onlineapp/default.aspx?all=1","Sheridan County School District 1","2025-12-19"
150,"TRHS Head Track Coach","6/3/2025","Athletics/Activities/","Tongue River High School","https://www.applitrack.com/sheridanwy/onlineapp/default.aspx?all=1","Sheridan County School District 1","2025-12-19"
151,"TRHS Assistant Track Coach","6/3/2025","Athletics/Activities/","Tongue River High School","https://www.applitrack.com/sheridanwy/onlineapp/default.aspx?all=1","Sheridan County School District 1","2025-12-19"
152,"TRHS Assistant Girls Wrestling Coach","7/16/2025","Athletics/Activities/","Tongue River High School","https://www.applitrack.com/sheridanwy/onlineapp/default.aspx?all=1","Sheridan County School District 1","2025-12-19"
153,"TRHS Assistant Boys Wrestling Coach","7/16/2025","Athletics/Activities/","Tongue River High School","https://www.applitrack.com/sheridanwy/onlineapp/default.aspx?all=1","Sheridan County School District 1","2025-12-19"
154,"BHMS Assistant Football Coach","7/28/2025","Athletics/Activities/","Big Horn Middle School","https://www.applitrack.com/sheridanwy/onlineapp/default.aspx?all=1","Sheridan County School District 1","2025-12-19"
155,"TRMS Assistant Robotics Coach","8/12/2025","Athletics/Activities/","Tongue River Middle School","https://www.applitrack.com/sheridanwy/onlineapp/default.aspx?all=1","Sheridan County School District 1","2025-12-19"
156,"BHMS Assistant Boys Wrestling Coach","9/8/2025","Athletics/Activities/","Big Horn Middle School","https://www.applitrack.com/sheridanwy/onlineapp/default.aspx?all=1","Sheridan County School District 1","2025-12-19"
157,"Big Horn Custodian","12/8/2025","Maintenance/Custodial/","Big Horn High School","https://www.applitrack.com/sheridanwy/onlineapp/default.aspx?all=1","Sheridan County School District 1","2025-12-19"
158,"Bus Driver","4/1/2025","Transportation/","District-Wide","https://www.applitrack.com/sheridanwy/onlineapp/default.aspx?all=1","Sheridan County School District 1","2025-12-19"
159,"TRHS Head Cross-Country Coach","11/18/2025","Athletics/Activities/","Tongue River High School","https://www.applitrack.com/sheridanwy/onlineapp/default.aspx?all=1","Sheridan County School District 1","2025-12-19"
160,"BHMS Assistant Girls Wrestling Coach","10/30/2025","Athletics/Activities/","Big Horn Middle School","https://www.applitrack.com/sheridanwy/onlineapp/default.aspx?all=1","Sheridan County School District 1","2025-12-19"
161,"TRMS Assistant Girls Basketball Coach","5/20/2025","Athletics/Activities/","Tongue River Middle School","https://www.applitrack.com/sheridanwy/onlineapp/default.aspx?all=1","Sheridan County School District 1","2025-12-19"
162,"TRHS Assistant Volleyball Coach","5/28/2025","Athletics/Activities/","Tongue River High School","https://www.applitrack.com/sheridanwy/onlineapp/default.aspx?all=1","Sheridan County School District 1","2025-12-19"
163,"Substitute - Nurse","9/4/2025","Substitute/","TR Schools","https://www.applitrack.com/sheridanwy/onlineapp/default.aspx?all=1","Sheridan County School District 1","2025-12-19"
164,"Substitute - Support Staff","7/3/2018","Substitute/","District-Wide","https://www.applitrack.com/sheridanwy/onlineapp/default.aspx?all=1","Sheridan County School District 1","2025-12-19"
165,"Substitute - Teacher","7/9/2018","Substitute/","District-Wide","https://www.applitrack.com/sheridanwy/onlineapp/default.aspx?all=1","Sheridan County School District 1","2025-12-19"
166,"9th Grade Boys Basketball B Team Assistant Coach - Sheridan High School","5/13/2025","Athletic Coaches","Sheridan High School","https://www.applitrack.com/scsd2/OnlineApp/default.aspx?all=1","Sheridan County School District 2","2025-12-19"
167,"Assistant Outdoor Track Coach - Sheridan High School","9/10/2025","Athletic Coaches","Sheridan High School","https://www.applitrack.com/scsd2/OnlineApp/default.aspx?all=1","Sheridan County School District 2","2025-12-19"
168,"Assistant Nordic Ski Coach- Sheridan Junior High School","10/13/2025","Athletic Coaches","Sheridan Junior High School","https://www.applitrack.com/scsd2/OnlineApp/default.aspx?all=1","Sheridan County School District 2","2025-12-19"
169,"High School Computer Science/Business Teacher (Grades 9-12)","10/30/2025","High School Teaching","Sheridan High School","https://www.applitrack.com/scsd2/OnlineApp/default.aspx?all=1","Sheridan County School District 2","2025-12-19"
170,"Title I Math Teacher - Sheridan Junior High School","12/8/2025","Junior High School Teaching","Sheridan Junior High School","https://www.applitrack.com/scsd2/OnlineApp/default.aspx?all=1","Sheridan County School District 2","2025-12-19"
171,"English Language Paraprofessional and After School Paraprofessional - Highland Park Elementary","8/26/2025","Paraprofessionals","Highland Park","https://www.applitrack.com/scsd2/OnlineApp/default.aspx?all=1","Sheridan County School District 2","2025-12-19"
172,"Paraprofessional - John C. Schiffer","12/12/2025","Paraprofessionals","John C. Schiffer","https://www.applitrack.com/scsd2/OnlineApp/default.aspx?all=1","Sheridan County School District 2","2025-12-19"
173,"Bus Paraprofessional - Transportation","12/17/2025","Paraprofessionals","Bus Barn","https://www.applitrack.com/scsd2/OnlineApp/default.aspx?all=1","Sheridan County School District 2","2025-12-19"
174,"Substitute Teacher (for prior SCSD2 Teachers only)","7/1/2025","Prior Employee/","District Wide","https://www.applitrack.com/scsd2/OnlineApp/default.aspx?all=1","Sheridan County School District 2","2025-12-19"
175,"Substitute Cooks Helper - Districtwide","8/23/2024","Substitutes","District Wide","https://www.applitrack.com/scsd2/OnlineApp/default.aspx?all=1","Sheridan County School District 2","2025-12-19"
176,"Substitute Custodian - Districtwide","8/29/2024","Substitutes","District Wide","https://www.applitrack.com/scsd2/OnlineApp/default.aspx?all=1","Sheridan County School District 2","2025-12-19"
177,"Substitute Paraprofessional","7/10/2024","Substitutes","District Wide","https://www.applitrack.com/scsd2/OnlineApp/default.aspx?all=1","Sheridan County School District 2","2025-12-19"
178,"Substitute School Nurse","7/10/2024","Substitutes","District Wide","https://www.applitrack.com/scsd2/OnlineApp/default.aspx?all=1","Sheridan County School District 2","2025-12-19"
179,"Substitute Bus Paraprofessional - Districtwide","4/28/2025","Substitutes","Bus Barn","https://www.applitrack.com/scsd2/OnlineApp/default.aspx?all=1","Sheridan County School District 2","2025-12-19"
180,"Substitute Teacher","7/1/2025","Substitutes/","District Wide","https://www.applitrack.com/scsd2/OnlineApp/default.aspx?all=1","Sheridan County School District 2","2025-12-19"
181,"Superintendent of Schools","12/10/2025","Superintendents","District Wide","https://www.applitrack.com/scsd2/OnlineApp/default.aspx?all=1","Sheridan County School District 2","2025-12-19"
182,"Substitute Bus Driver","10/7/2025","Transportation Staff","Bus Barn","https://www.applitrack.com/scsd2/OnlineApp/default.aspx?all=1","Sheridan County School District 2","2025-12-19"
183,"Bus Driver - Districtwide","2/11/2025","Transportation Staff","Bus Barn","https://www.applitrack.com/scsd2/OnlineApp/default.aspx?all=1","Sheridan County School District 2","2025-12-19"
184,"Skilled Bus Mechanic - Transportation","12/1/2025","Transportation Staff/","Bus Barn","https://www.applitrack.com/scsd2/OnlineApp/default.aspx?all=1","Sheridan County School District 2","2025-12-19"
185,"Facility Accounting and Operations Specialist I","7/8/2025","Administrative Support Services","Maintenance","https://www.applitrack.com/sweetwater/onlineapp/default.aspx?all=1","Sweetwater County School District 1","2025-12-19"
186,"Data Specialist/ Technician","9/15/2025","Administrative Support Services","Central Administration","https://www.applitrack.com/sweetwater/onlineapp/default.aspx?all=1","Sweetwater County School District 1","2025-12-19"
187,"Special Services Secretary and Records Compliance Specialist","11/17/2025","Administrative Support Services/","Central Administration","https://www.applitrack.com/sweetwater/onlineapp/default.aspx?all=1","Sweetwater County School District 1","2025-12-19"
188,"Before/After School Band Assistant","11/20/2025","Athletics/Activities/","Rock Springs High School","https://www.applitrack.com/sweetwater/onlineapp/default.aspx?all=1","Sweetwater County School District 1","2025-12-19"
189,"RSJH Head Cheer Advisor","11/21/2025","Athletics/Activities/","Rock Springs Junior High School","https://www.applitrack.com/sweetwater/onlineapp/default.aspx?all=1","Sweetwater County School District 1","2025-12-19"
190,"RSJH Assistant Cheer Advisor","11/21/2025","Athletics/Activities/","Rock Springs Junior High","https://www.applitrack.com/sweetwater/onlineapp/default.aspx?all=1","Sweetwater County School District 1","2025-12-19"
191,"RSJH Assistant Coach - Track","11/24/2025","Athletics/Activities/","Rock Springs Junior High","https://www.applitrack.com/sweetwater/onlineapp/default.aspx?all=1","Sweetwater County School District 1","2025-12-19"
192,"RSJH Dive Coach","11/11/2025","Athletics/Activities/","Rock Springs Junior High","https://www.applitrack.com/sweetwater/onlineapp/default.aspx?all=1","Sweetwater County School District 1","2025-12-19"
193,"FEMS-FEHS Assistant Coach - Football","3/3/2025","Athletics/Activities/","Farson-Eden High School","https://www.applitrack.com/sweetwater/onlineapp/default.aspx?all=1","Sweetwater County School District 1","2025-12-19"
194,"RSJH Head Coach - Girls Soccer - 7th Grade","8/26/2025","Athletics/Activities/","Rock Springs Junior High","https://www.applitrack.com/sweetwater/onlineapp/default.aspx?all=1","Sweetwater County School District 1","2025-12-19"
195,"RSJH Head Coach - Girls Soccer - 8th Grade","8/26/2025","Athletics/Activities/","Rock Springs Junior High","https://www.applitrack.com/sweetwater/onlineapp/default.aspx?all=1","Sweetwater County School District 1","2025-12-19"
196,"RSJH Head Coach - Boys Soccer - 7th Grade","8/26/2025","Athletics/Activities/","Rock Springs Junior High","https://www.applitrack.com/sweetwater/onlineapp/default.aspx?all=1","Sweetwater County School District 1","2025-12-19"
197,"RSJH Head Coach - Girls Swim","10/21/2025","Athletics/Activities/","Rock Springs Junior High","https://www.applitrack.com/sweetwater/onlineapp/default.aspx?all=1","Sweetwater County School District 1","2025-12-19"
198,"RSJH Head Coach - Boys Swim","10/21/2025","Athletics/Activities/","Rock Springs Junior High","https://www.applitrack.com/sweetwater/onlineapp/default.aspx?all=1","Sweetwater County School District 1","2025-12-19"
199,"RSJH 7th Grade Head Coach - Boys Basketball","12/2/2025","Athletics/Activities/","Rock Springs Junior High","https://www.applitrack.com/sweetwater/onlineapp/default.aspx?all=1","Sweetwater County School District 1","2025-12-19"
200,"Art Teacher K-3","11/3/2025","Certified Staff/","District Wide","https://www.applitrack.com/sweetwater/onlineapp/default.aspx?all=1","Sweetwater County School District 1","2025-12-19"
201,"Elementary Teacher 5th Grade","11/4/2025","Certified Staff/","Eastside Elementary","https://www.applitrack.com/sweetwater/onlineapp/default.aspx?all=1","Sweetwater County School District 1","2025-12-19"
202,"Elementary Teacher 5th Grade","11/4/2025","Certified Staff/","Pilot Butte Elementary","https://www.applitrack.com/sweetwater/onlineapp/default.aspx?all=1","Sweetwater County School District 1","2025-12-19"
203,"Elementary Teacher 3rd Grade","11/5/2025","Certified Staff/","Sage Elementary","https://www.applitrack.com/sweetwater/onlineapp/default.aspx?all=1","Sweetwater County School District 1","2025-12-19"
204,"Elementary Teacher 1st Grade","11/3/2025","Certified Staff/","Desert View Elementary","https://www.applitrack.com/sweetwater/onlineapp/default.aspx?all=1","Sweetwater County School District 1","2025-12-19"
205,"Elementary Teacher 3rd Grade","11/3/2025","Certified Staff/","Desert View Elementary","https://www.applitrack.com/sweetwater/onlineapp/default.aspx?all=1","Sweetwater County School District 1","2025-12-19"
206,"EL Teacher (2)","11/4/2025","Certified Staff/","Rock Springs High School","https://www.applitrack.com/sweetwater/onlineapp/default.aspx?all=1","Sweetwater County School District 1","2025-12-19"
207,"English/Language Arts","12/12/2025","Certified Staff/","Farson-Eden High School","https://www.applitrack.com/sweetwater/onlineapp/default.aspx?all=1","Sweetwater County School District 1","2025-12-19"
208,"Family and Consumer Science Teacher","11/5/2025","Certified Staff/","Rock Springs Junior High School","https://www.applitrack.com/sweetwater/onlineapp/default.aspx?all=1","Sweetwater County School District 1","2025-12-19"
209,"Graduation Coach - Grant Funded","11/4/2025","Certified Staff/","Rock Springs High School","https://www.applitrack.com/sweetwater/onlineapp/default.aspx?all=1","Sweetwater County School District 1","2025-12-19"
210,"School Counselor","11/6/2025","Certified Staff/","Eastside Elementary","https://www.applitrack.com/sweetwater/onlineapp/default.aspx?all=1","Sweetwater County School District 1","2025-12-19"
211,"Library Media Specialist K-3 (Stagecoach and Wamsutter)","11/3/2025","Certified Staff/","District Wide","https://www.applitrack.com/sweetwater/onlineapp/default.aspx?all=1","Sweetwater County School District 1","2025-12-19"
212,"Library Media Specialist K-3 (Desert View and North Park Elementary)","11/3/2025","Certified Staff/","District Wide","https://www.applitrack.com/sweetwater/onlineapp/default.aspx?all=1","Sweetwater County School District 1","2025-12-19"
213,"Math Teacher (2)","11/5/2025","Certified Staff/","Rock Springs High School","https://www.applitrack.com/sweetwater/onlineapp/default.aspx?all=1","Sweetwater County School District 1","2025-12-19"
214,"Band Teacher - Pilot Butte and Eastside Elementary","9/10/2025","Certified Staff/","District Wide","https://www.applitrack.com/sweetwater/onlineapp/default.aspx?all=1","Sweetwater County School District 1","2025-12-19"
215,"Music Teacher 4-6 (4)","11/6/2025","Certified Staff/","District Wide","https://www.applitrack.com/sweetwater/onlineapp/default.aspx?all=1","Sweetwater County School District 1","2025-12-19"
216,"Music Teacher K-3 (2)","11/6/2025","Certified Staff/","District Wide","https://www.applitrack.com/sweetwater/onlineapp/default.aspx?all=1","Sweetwater County School District 1","2025-12-19"
217,"Social Studies Teacher","11/5/2025","Certified Staff/","Rock Springs Junior High","https://www.applitrack.com/sweetwater/onlineapp/default.aspx?all=1","Sweetwater County School District 1","2025-12-19"
218,"Social Worker","11/6/2025","Certified Staff/","Rock Springs High School","https://www.applitrack.com/sweetwater/onlineapp/default.aspx?all=1","Sweetwater County School District 1","2025-12-19"
219,"Resource Teacher","11/5/2025","Certified Staff/","Stagecoach Elementary","https://www.applitrack.com/sweetwater/onlineapp/default.aspx?all=1","Sweetwater County School District 1","2025-12-19"
220,"Resource Teacher","11/5/2025","Certified Staff/","Walnut Elementary","https://www.applitrack.com/sweetwater/onlineapp/default.aspx?all=1","Sweetwater County School District 1","2025-12-19"
221,"Resource Teacher","11/3/2025","Certified Staff/","Desert Elementary (Wamsutter)","https://www.applitrack.com/sweetwater/onlineapp/default.aspx?all=1","Sweetwater County School District 1","2025-12-19"
222,"Resource Teacher (2)","11/5/2025","Certified Staff/","Rock Springs High School","https://www.applitrack.com/sweetwater/onlineapp/default.aspx?all=1","Sweetwater County School District 1","2025-12-19"
223,"Resource Teacher (2)","11/5/2025","Certified Staff/","Rock Springs Junior High School","https://www.applitrack.com/sweetwater/onlineapp/default.aspx?all=1","Sweetwater County School District 1","2025-12-19"
224,"Resource Teacher (2)","11/4/2025","Certified Staff/","Pilot Butte Elementary","https://www.applitrack.com/sweetwater/onlineapp/default.aspx?all=1","Sweetwater County School District 1","2025-12-19"
225,"Special Education - Resource Teacher (2)","11/4/2025","Certified Staff/","Eastside Elementary","https://www.applitrack.com/sweetwater/onlineapp/default.aspx?all=1","Sweetwater County School District 1","2025-12-19"
226,"Resource Teacher","11/4/2025","Certified Staff/","Overland Elementary","https://www.applitrack.com/sweetwater/onlineapp/default.aspx?all=1","Sweetwater County School District 1","2025-12-19"
227,"Alternative Behavior Program (ABP) Teacher","11/4/2025","Certified Staff/","Pilot Butte Elementary","https://www.applitrack.com/sweetwater/onlineapp/default.aspx?all=1","Sweetwater County School District 1","2025-12-19"
228,"Alternative Behavior Program Teacher","11/4/2025","Certified Staff/","Rock Springs High School","https://www.applitrack.com/sweetwater/onlineapp/default.aspx?all=1","Sweetwater County School District 1","2025-12-19"
229,"Alternative Communication Program (ACP) Teacher","11/4/2025","Certified Staff/","Rock Springs High School","https://www.applitrack.com/sweetwater/onlineapp/default.aspx?all=1","Sweetwater County School District 1","2025-12-19"
230,"Alternative Behavior Program (ABP)","11/5/2025","Certified Staff/","Sage Elementary","https://www.applitrack.com/sweetwater/onlineapp/default.aspx?all=1","Sweetwater County School District 1","2025-12-19"
231,"Alternative Daily Living Skills Program Teacher","11/5/2025","Certified Staff/","Stagecoach Elementary","https://www.applitrack.com/sweetwater/onlineapp/default.aspx?all=1","Sweetwater County School District 1","2025-12-19"
232,"Alternative Academic-Daily Living Skills Program Teacher","10/22/2025","Certified Staff/","Rock Springs High School","https://www.applitrack.com/sweetwater/onlineapp/default.aspx?all=1","Sweetwater County School District 1","2025-12-19"
233,"Bus Driver/Classroom Paraprofessional","8/11/2025","Combined Positions/","Desert Elementary (Wamsutter)","https://www.applitrack.com/sweetwater/onlineapp/default.aspx?all=1","Sweetwater County School District 1","2025-12-19"
234,"Part-Time Daycare Assistant (3)","12/5/2025","Daycare/","Overland Elementary","https://www.applitrack.com/sweetwater/onlineapp/default.aspx?all=1","Sweetwater County School District 1","2025-12-19"
235,"Full-Time Daycare Assistant (2)","11/14/2025","Daycare/","Overland Elementary","https://www.applitrack.com/sweetwater/onlineapp/default.aspx?all=1","Sweetwater County School District 1","2025-12-19"
236,"Substitute - Head Start","6/12/2018","Head Start","Overland Elementary","https://www.applitrack.com/sweetwater/onlineapp/default.aspx?all=1","Sweetwater County School District 1","2025-12-19"
237,"Head Start Part-Time Building Aide","10/29/2025","Head Start/","Overland Elementary","https://www.applitrack.com/sweetwater/onlineapp/default.aspx?all=1","Sweetwater County School District 1","2025-12-19"
238,"Activities Lead/ Full Time Custodian","9/10/2025","Maintenance/Custodial/","District Wide","https://www.applitrack.com/sweetwater/onlineapp/default.aspx?all=1","Sweetwater County School District 1","2025-12-19"
239,"Lead Custodian","9/29/2025","Maintenance/Custodial/","Overland Elementary","https://www.applitrack.com/sweetwater/onlineapp/default.aspx?all=1","Sweetwater County School District 1","2025-12-19"
240,"Full-Time Custodian","9/4/2025","Maintenance/Custodial/","Rock Springs High School","https://www.applitrack.com/sweetwater/onlineapp/default.aspx?all=1","Sweetwater County School District 1","2025-12-19"
241,"Head Custodian RSHS","12/18/2025","Maintenance/Custodial/","Rock Springs High School","https://www.applitrack.com/sweetwater/onlineapp/default.aspx?all=1","Sweetwater County School District 1","2025-12-19"
242,"Head Cook","12/1/2025","Nutrition Services/","Rock Springs High School","https://www.applitrack.com/sweetwater/onlineapp/default.aspx?all=1","Sweetwater County School District 1","2025-12-19"
243,"Nutrition Services Substitute","7/18/2024","Nutrition Services/","District Wide","https://www.applitrack.com/sweetwater/onlineapp/default.aspx?all=1","Sweetwater County School District 1","2025-12-19"
244,"Accompanist","8/20/2025","Paraprofessional/","Rock Springs Junior High","https://www.applitrack.com/sweetwater/onlineapp/default.aspx?all=1","Sweetwater County School District 1","2025-12-19"
245,"ELL Paraprofessional","10/3/2025","Paraprofessional/","Rock Springs High School","https://www.applitrack.com/sweetwater/onlineapp/default.aspx?all=1","Sweetwater County School District 1","2025-12-19"
246,"ELL Paraprofessional","6/4/2025","Paraprofessional/","Walnut Elementary","https://www.applitrack.com/sweetwater/onlineapp/default.aspx?all=1","Sweetwater County School District 1","2025-12-19"
247,"ELL Paraprofessional","12/1/2025","Paraprofessional/","Rock Springs Junior High School","https://www.applitrack.com/sweetwater/onlineapp/default.aspx?all=1","Sweetwater County School District 1","2025-12-19"
248,"Resource Room Paraprofessional","11/24/2025","Paraprofessional/","Stagecoach Elementary","https://www.applitrack.com/sweetwater/onlineapp/default.aspx?all=1","Sweetwater County School District 1","2025-12-19"
249,"Special Education Paraprofessional","4/2/2025","Paraprofessional/","Lowell School","https://www.applitrack.com/sweetwater/onlineapp/default.aspx?all=1","Sweetwater County School District 1","2025-12-19"
250,"Resource Room Paraprofessional","8/19/2025","Paraprofessional/","Walnut Elementary","https://www.applitrack.com/sweetwater/onlineapp/default.aspx?all=1","Sweetwater County School District 1","2025-12-19"
251,"Resource Room Paraprofessional (3)","8/21/2025","Paraprofessional/","Rock Springs Satellite High School","https://www.applitrack.com/sweetwater/onlineapp/default.aspx?all=1","Sweetwater County School District 1","2025-12-19"
252,"Resource Room Paraprofessional (2)","9/10/2025","Paraprofessional/","Rock Springs High School","https://www.applitrack.com/sweetwater/onlineapp/default.aspx?all=1","Sweetwater County School District 1","2025-12-19"
253,"Special Programs One-on-One Paraprofessional","9/25/2025","Paraprofessional/","Sage Elementary","https://www.applitrack.com/sweetwater/onlineapp/default.aspx?all=1","Sweetwater County School District 1","2025-12-19"
254,"Alternate Academic Special Programs One-on-One Paraprofessional","5/5/2025","Paraprofessional/","Rock Springs Junior High","https://www.applitrack.com/sweetwater/onlineapp/default.aspx?all=1","Sweetwater County School District 1","2025-12-19"
255,"Full-Time High School Special Education Paraprofessional and Daycare Assistant - Overland/RSHS","11/4/2024","Paraprofessional/","Overland/RSHS","https://www.applitrack.com/sweetwater/onlineapp/default.aspx?all=1","Sweetwater County School District 1","2025-12-19"
256,"Special Programs One-on-One Paraprofessional","11/12/2025","Paraprofessional/","Northpark Elementary","https://www.applitrack.com/sweetwater/onlineapp/default.aspx?all=1","Sweetwater County School District 1","2025-12-19"
257,"Alternate Academic Special Programs One-on-One Paraprofessional","11/18/2025","Paraprofessional/","Northpark Elementary","https://www.applitrack.com/sweetwater/onlineapp/default.aspx?all=1","Sweetwater County School District 1","2025-12-19"
258,"Special Programs (Alternative Academics Program) Paraprofessional","11/19/2025","Paraprofessional/","Eastside Elementary","https://www.applitrack.com/sweetwater/onlineapp/default.aspx?all=1","Sweetwater County School District 1","2025-12-19"
259,"Full-Time High School Special Education Paraprofessional and Daycare Assistant - Overland/RSHS","11/11/2025","Paraprofessional/","Overland/RSHS","https://www.applitrack.com/sweetwater/onlineapp/default.aspx?all=1","Sweetwater County School District 1","2025-12-19"
260,"Special Programs (Alternative Behavior Program) Paraprofessional","12/1/2025","Paraprofessional/","Eastside Elementary","https://www.applitrack.com/sweetwater/onlineapp/default.aspx?all=1","Sweetwater County School District 1","2025-12-19"
261,"Special Programs One-on-One Paraprofessional","11/24/2025","Paraprofessional/","Rock Springs High School","https://www.applitrack.com/sweetwater/onlineapp/default.aspx?all=1","Sweetwater County School District 1","2025-12-19"
262,"Alternative Behavior Special Programs One-on-One Paraprofessional","12/2/2025","Paraprofessional/","Sage Elementary","https://www.applitrack.com/sweetwater/onlineapp/default.aspx?all=1","Sweetwater County School District 1","2025-12-19"
263,"Certified Substitute School Nurse","10/3/2019","Substitute","District Wide","https://www.applitrack.com/sweetwater/onlineapp/default.aspx?all=1","Sweetwater County School District 1","2025-12-19"
264,"Long Term Substitute Teacher - Math","10/24/2025","Substitute/","Rock Springs High School","https://www.applitrack.com/sweetwater/onlineapp/default.aspx?all=1","Sweetwater County School District 1","2025-12-19"
265,"BOCES Full Time Building Substitute Teacher (1) - One Year Only","2/4/2025","Substitute/","Overland Elementary","https://www.applitrack.com/sweetwater/onlineapp/default.aspx?all=1","Sweetwater County School District 1","2025-12-19"
266,"BOCES Part Time Building Substitute Teacher (2) - One Year Only","6/5/2025","Substitute/","Overland Elementary","https://www.applitrack.com/sweetwater/onlineapp/default.aspx?all=1","Sweetwater County School District 1","2025-12-19"
267,"Substitute Teacher","7/7/2025","Substitute/","District Wide","https://www.applitrack.com/sweetwater/onlineapp/default.aspx?all=1","Sweetwater County School District 1","2025-12-19"
268,"Over The Road Activity Bus Driver (4)","11/3/2025","Transportation/","Transportation","https://www.applitrack.com/sweetwater/onlineapp/default.aspx?all=1","Sweetwater County School District 1","2025-12-19"
269,"Bus Aide","10/29/2025","Transportation/","Transportation","https://www.applitrack.com/sweetwater/onlineapp/default.aspx?all=1","Sweetwater County School District 1","2025-12-19"
270,"Part-Time Bus Driver (26 Hours/Week)","9/5/2019","Transportation/","Transportation","https://www.applitrack.com/sweetwater/onlineapp/default.aspx?all=1","Sweetwater County School District 1","2025-12-19"
271,"Substitute Bus Driver","7/8/2025","Transportation/","Transportation","https://www.applitrack.com/sweetwater/onlineapp/default.aspx?all=1","Sweetwater County School District 1","2025-12-19"
272,"Auto/Bus Mechanic","11/12/2025","Transportation/","Transportation","https://www.applitrack.com/sweetwater/onlineapp/default.aspx?all=1","Sweetwater County School District 1","2025-12-19"
273,"GRHS Assistant Boys Soccer Coach","6/5/2025","Athletics/Activities/","Green River High School","https://www.applitrack.com/swcsd2/onlineapp/default.aspx?all=1","Sweetwater County School District 2","2025-12-19"
274,"GRHS Assistant Girls Soccer Coach","6/5/2025","Athletics/Activities/","Green River High School","https://www.applitrack.com/swcsd2/onlineapp/default.aspx?all=1","Sweetwater County School District 2","2025-12-19"
275,"LMS Head Co-Ed Soccer Coach","6/5/2025","Athletics/Activities/","Lincoln Middle School","https://www.applitrack.com/swcsd2/onlineapp/default.aspx?all=1","Sweetwater County School District 2","2025-12-19"
276,"LMS Assistant Co-Ed Soccer Coach","6/5/2025","Athletics/Activities/","Lincoln Middle School","https://www.applitrack.com/swcsd2/onlineapp/default.aspx?all=1","Sweetwater County School District 2","2025-12-19"
277,"GRHS Assistant Indoor Track Coach","12/16/2025","Athletics/Activities/","Green River High School","https://www.applitrack.com/swcsd2/onlineapp/default.aspx?all=1","Sweetwater County School District 2","2025-12-19"
278,"Drama Assistant","12/15/2025","Extra Duty","Green River High School","https://www.applitrack.com/swcsd2/onlineapp/default.aspx?all=1","Sweetwater County School District 2","2025-12-19"
279,"Substitute Nutrition Services","7/10/2025","Nutrition Services/","Nutrition Services Department","https://www.applitrack.com/swcsd2/onlineapp/default.aspx?all=1","Sweetwater County School District 2","2025-12-19"
280,"English Language Learning Paraprofessional","10/13/2025","Paraprofessional/","Monroe Elementary School","https://www.applitrack.com/swcsd2/onlineapp/default.aspx?all=1","Sweetwater County School District 2","2025-12-19"
281,"Substitute Teacher","7/10/2025","Substitute/","Central Office","https://www.applitrack.com/swcsd2/onlineapp/default.aspx?all=1","Sweetwater County School District 2","2025-12-19"
282,"Substitute Teacher Aide","7/10/2025","Substitute/","Central Office","https://www.applitrack.com/swcsd2/onlineapp/default.aspx?all=1","Sweetwater County School District 2","2025-12-19"
283,"Total Care Aide","11/25/2025","Support Staff/","Harrison Elementary School","https://www.applitrack.com/swcsd2/onlineapp/default.aspx?all=1","Sweetwater County School District 2","2025-12-19"
284,"Special Education Paraprofessional","12/3/2025","Support Staff/","Washington Elementary School","https://www.applitrack.com/swcsd2/onlineapp/default.aspx?all=1","Sweetwater County School District 2","2025-12-19"
285,"Substitute Mechanic","7/10/2025","Transportation","Transportation Department","https://www.applitrack.com/swcsd2/onlineapp/default.aspx?all=1","Sweetwater County School District 2","2025-12-19"
286,"ATHLETIC TRAINER","7/15/2025","Athletics/Activities/","TCSD Schools","https://www.applitrack.com/tcsd/onlineapp/default.aspx?all=1","Teton County School District 1","2025-12-19"
287,"Middle School Assistant Track Coach","6/10/2025","Athletics/Activities/","TCSD Schools","https://www.applitrack.com/tcsd/onlineapp/default.aspx?all=1","Teton County School District 1","2025-12-19"
288,"High School Assistant Softball Coach","12/8/2025","Athletics/Activities/","TCSD Schools","https://www.applitrack.com/tcsd/onlineapp/default.aspx?all=1","Teton County School District 1","2025-12-19"
289,"Instructional Para","12/18/2025","Paraprofessional/","Kelly Elementary School","https://www.applitrack.com/tcsd/onlineapp/default.aspx?all=1","Teton County School District 1","2025-12-19"
290,"Special Education Paraprofessional Grades K-5","12/8/2025","Paraprofessional/","Alta Elementary School","https://www.applitrack.com/tcsd/onlineapp/default.aspx?all=1","Teton County School District 1","2025-12-19"
291,"Special Education Paraprofessional(s) Grades 6-12","9/18/2025","Paraprofessional/","TCSD Schools","https://www.applitrack.com/tcsd/onlineapp/default.aspx?all=1","Teton County School District 1","2025-12-19"
292,"Substitute Teachers/Nurses","2/11/2020","Substitute/","TCSD Schools","https://www.applitrack.com/tcsd/onlineapp/default.aspx?all=1","Teton County School District 1","2025-12-19"
293,"Substitute Para/Secretary","2/11/2020","Substitute/","TCSD Schools","https://www.applitrack.com/tcsd/onlineapp/default.aspx?all=1","Teton County School District 1","2025-12-19"
294,"MORAN Route Driver","11/20/2024","Transportation/","Transportation","https://www.applitrack.com/tcsd/onlineapp/default.aspx?all=1","Teton County School District 1","2025-12-19"
295,"Route Bus Driver","10/29/2019","Transportation/","Transportation","https://www.applitrack.com/tcsd/onlineapp/default.aspx?all=1","Teton County School District 1","2025-12-19"
296,"Walking School Bus","10/29/2025","Transportation/","Transportation","https://www.applitrack.com/tcsd/onlineapp/default.aspx?all=1","Teton County School District 1","2025-12-19"
297,"Substitute Bus Drivers","10/29/2019","Transportation/","Transportation","https://www.applitrack.com/tcsd/onlineapp/default.aspx?all=1","Teton County School District 1","2025-12-19"
298,"Full-time and Part-time Classroom Aides and SPED Paraprofessionals","7/16/2025","Support Staff/","District Wide","https://www.applitrack.com/uinta/onlineapp/jobpostings/view.asp?all=1","Uinta County School District 1","2025-12-19"
299,"Assistant Superintendent","12/16/2025","Administration/","Central Office","https://www.applitrack.com/washakie1/onlineapp/default.aspx?all=1","Washakie County School District 1","2025-12-19"
300,"Full-Time Lifeguard","12/9/2025","Aquatic Center Staff/","Worland Aquatic Center","https://www.applitrack.com/washakie1/onlineapp/default.aspx?all=1","Washakie County School District 1","2025-12-19"
301,"Lifeguard - HS Student","1/8/2024","Aquatic Center Staff/","Worland Aquatic Center","https://www.applitrack.com/washakie1/onlineapp/default.aspx?all=1","Washakie County School District 1","2025-12-19"
302,"Elementary Teacher","12/9/2025","Elementary School Teaching","08/05/2026","https://www.applitrack.com/washakie1/onlineapp/default.aspx?all=1","Washakie County School District 1","2025-12-19"
303,"Alternative High School Teacher","12/16/2025","High School Teaching","White Hawk Academy","https://www.applitrack.com/washakie1/onlineapp/default.aspx?all=1","Washakie County School District 1","2025-12-19"
304,"Speech Language Pathologist","12/18/2024","Special Education Services","Education Resource Center","https://www.applitrack.com/washakie1/onlineapp/default.aspx?all=1","Washakie County School District 1","2025-12-19"
305,"SLP-Assistant","5/14/2025","Special Education Services","Education Resource Center","https://www.applitrack.com/washakie1/onlineapp/default.aspx?all=1","Washakie County School District 1","2025-12-19"
306,"Special Education Teacher","12/2/2025","Special Education Services","Education Resource Center","https://www.applitrack.com/washakie1/onlineapp/default.aspx?all=1","Washakie County School District 1","2025-12-19"
307,"Special Education Evaluator and Behaviorist","12/2/2025","Special Education Services","Education Resource Center","https://www.applitrack.com/washakie1/onlineapp/default.aspx?all=1","Washakie County School District 1","2025-12-19"
308,"Substitute Bus Driver","7/1/2021","Substitute/","Bus Barn","https://www.applitrack.com/washakie1/onlineapp/default.aspx?all=1","Washakie County School District 1","2025-12-19"
309,"Substitute Cook","11/4/2020","Substitute/","District","https://www.applitrack.com/washakie1/onlineapp/default.aspx?all=1","Washakie County School District 1","2025-12-19"
310,"Substitute Housekeeper","1/21/2019","Substitute/",NA,"https://www.applitrack.com/washakie1/onlineapp/default.aspx?all=1","Washakie County School District 1","2025-12-19"
311,"Substitute Paraeducator","3/2/2016","Substitute/",NA,"https://www.applitrack.com/washakie1/onlineapp/default.aspx?all=1","Washakie County School District 1","2025-12-19"
312,"Substitute Teacher","3/2/2016","Substitute/",NA,"https://www.applitrack.com/washakie1/onlineapp/default.aspx?all=1","Washakie County School District 1","2025-12-19"
313,"Student Support Services","12/16/2025","Support Staff/","White Hawk Academy","https://www.applitrack.com/washakie1/onlineapp/default.aspx?all=1","Washakie County School District 1","2025-12-19"
314,"Part-Time (75%) Special Education Paraprofessional","08/12/2025","Classified","Dubois K-12 School","https://fremont2.tedk12.com/hire/index.aspx","Fremont County School District 2","2025-12-19"
315,"2025-2026 Drama Club Sponsor Assistant","05/23/2025","Coaching","Dubois K-12 School","https://fremont2.tedk12.com/hire/index.aspx","Fremont County School District 2","2025-12-19"
316,"2025-2026 Drama Club Sponsor","05/23/2025","Coaching","Dubois K-12 School","https://fremont2.tedk12.com/hire/index.aspx","Fremont County School District 2","2025-12-19"
317,"Substitute Custodian/Food Service","02/01/2025","Classified","Dubois K-12 School","https://fremont2.tedk12.com/hire/index.aspx","Fremont County School District 2","2025-12-19"
318,"Substitute Bus Driver","04/01/2024","Classified","Central Office","https://fremont2.tedk12.com/hire/index.aspx","Fremont County School District 2","2025-12-19"
319,"Substitute - Classified -  Para/Secretary","04/01/2024","Classified","Dubois K-12 School","https://fremont2.tedk12.com/hire/index.aspx","Fremont County School District 2","2025-12-19"
320,"Substitute Teaching","04/01/2024","Substitute","Dubois K-12 School","https://fremont2.tedk12.com/hire/index.aspx","Fremont County School District 2","2025-12-19"
321,"Teacher - Agriculture Education 7-12 (Torrington High School & Lingle Ft Laramie MS/HS)","12/11/2025","Secondary Certified","Torrington High School & Lingle MS/HS","https://goshen.tedk12.com/hire/index.aspx#aJobListings","Goshen County School District 1","2025-12-19"
322,"Special Education Paraprofessional - Compass Academy - 18-21 Transition Program","12/04/2025","Support","Office of Special Services","https://goshen.tedk12.com/hire/index.aspx#aJobListings","Goshen County School District 1","2025-12-19"
323,"Science Teacher - Torrington Middle School - Eligible for $10,000 Hiring Incentive Based on Certification","12/04/2025","Secondary Certified","Torrington Middle School","https://goshen.tedk12.com/hire/index.aspx#aJobListings","Goshen County School District 1","2025-12-19"
324,"English Teacher - Torrington Middle School - Eligible for $5,000 Hiring Incentive Based on Certification","12/04/2025","Secondary Certified","Torrington Middle School","https://goshen.tedk12.com/hire/index.aspx#aJobListings","Goshen County School District 1","2025-12-19"
325,"Agriculture Education Teacher - Southeast Jr/Sr High School","11/18/2025","Secondary Certified","Southeast Jr - Sr High School","https://goshen.tedk12.com/hire/index.aspx#aJobListings","Goshen County School District 1","2025-12-19"
326,"Science Teacher (Lingle Ft. Laramie Middle & High School) - Eligible for $10,000 Hiring Incentive Based on Certification","11/17/2025","Secondary Certified","Lingle Ft. Laramie Middle/High School","https://goshen.tedk12.com/hire/index.aspx#aJobListings","Goshen County School District 1","2025-12-19"
327,"Teacher - Secondary Math - Torrington High School - Eligible for $10,000 Hiring Incentive Based on Certification","09/18/2025","Secondary Certified","Torrington High School","https://goshen.tedk12.com/hire/index.aspx#aJobListings","Goshen County School District 1","2025-12-19"
328,"Cook - Lingle-Fort Laramie Schools (REPOSTED)","08/29/2025","Food Service","Lingle Ft Laramie Schools","https://goshen.tedk12.com/hire/index.aspx#aJobListings","Goshen County School District 1","2025-12-19"
329,"Bus Driver/ Sub Bus Driver","01/01/2025","Bus Driver","Transportation Services","https://goshen.tedk12.com/hire/index.aspx#aJobListings","Goshen County School District 1","2025-12-19"
330,"Future Administrative Positions","01/01/2025","Administrative - building","Central Administration Office","https://goshen.tedk12.com/hire/index.aspx#aJobListings","Goshen County School District 1","2025-12-19"
331,"Future Substitute Teacher Positions","01/01/2025","Substitute","Central Administration Office","https://goshen.tedk12.com/hire/index.aspx#aJobListings","Goshen County School District 1","2025-12-19"
332,"Future Classified Positions","01/01/2025","Support","Central Administration Office","https://goshen.tedk12.com/hire/index.aspx#aJobListings","Goshen County School District 1","2025-12-19"
333,"Future Certified Positions","01/01/2025","K-12","Central Administration Office","https://goshen.tedk12.com/hire/index.aspx#aJobListings","Goshen County School District 1","2025-12-19"
334,"Speech Language Pathologist - District","07/11/2023","Specialist - Certified","Office of Special Services","https://goshen.tedk12.com/hire/index.aspx#aJobListings","Goshen County School District 1","2025-12-19"
335,"Maintenance Supervisor","12/08/2025","Maintenance","Pine Bluffs Jr./Sr. High School","https://laramie2.tedk12.com/hire/index.aspx","Laramie County School District 2","2025-12-19"
336,"Assistant JH Volleyball Coach","12/02/2025","Coaching","Burns Jr./Sr. High School","https://laramie2.tedk12.com/hire/index.aspx","Laramie County School District 2","2025-12-19"
337,"JH Girls Wrestling Assistant Coach","10/01/2025","Coaching","Burns Jr./Sr. High School","https://laramie2.tedk12.com/hire/index.aspx","Laramie County School District 2","2025-12-19"
338,"Substitute School Nurse","09/15/2025","Substitute","District","https://laramie2.tedk12.com/hire/index.aspx","Laramie County School District 2","2025-12-19"
339,"ELL Parent Translator Contactor","09/15/2025","Classified","District","https://laramie2.tedk12.com/hire/index.aspx","Laramie County School District 2","2025-12-19"
340,"Assistant JH Football Coach","08/05/2025","Coaching","Burns Jr./Sr. High School","https://laramie2.tedk12.com/hire/index.aspx","Laramie County School District 2","2025-12-19"
341,"ELL Paraprofessional","06/10/2025","Classified","District","https://laramie2.tedk12.com/hire/index.aspx","Laramie County School District 2","2025-12-19"
342,"JH Assistant Track Coach","05/27/2025","Coaching","Pine Bluffs Jr./Sr. High School","https://laramie2.tedk12.com/hire/index.aspx","Laramie County School District 2","2025-12-19"
343,"Sub Paraprofessional","01/30/2025","Classified","District","https://laramie2.tedk12.com/hire/index.aspx","Laramie County School District 2","2025-12-19"
344,"Sub Custodian","01/30/2025","Classified","District","https://laramie2.tedk12.com/hire/index.aspx","Laramie County School District 2","2025-12-19"
345,"Substitute Cook","01/30/2025","Food Service","District","https://laramie2.tedk12.com/hire/index.aspx","Laramie County School District 2","2025-12-19"
346,"Substitute Teacher","01/30/2025","Substitute","District","https://laramie2.tedk12.com/hire/index.aspx","Laramie County School District 2","2025-12-19"
347,"Substitute Bus Driver","01/30/2025","Substitute","District","https://laramie2.tedk12.com/hire/index.aspx","Laramie County School District 2","2025-12-19"
348,"Full-Time Custodian",NA,"Full-Time Custodian","Sundance Secondary","https://crook1.schoolspring.com/","Crook County School District 1","2025-12-19"
349,"Secondary Principal",NA,"Secondary Principal","Sundance Secondary","https://crook1.schoolspring.com/","Crook County School District 1","2025-12-19"
350,"District Superintendent",NA,"District Superintendent","Crook County School District 1","https://crook1.schoolspring.com/","Crook County School District 1","2025-12-19"
351,"Substitute Custodian",NA,"Substitute Custodian","Sundance Secondary","https://crook1.schoolspring.com/","Crook County School District 1","2025-12-19"
352,"Substitute Custodian",NA,"Substitute Custodian","Moorcroft Secondary","https://crook1.schoolspring.com/","Crook County School District 1","2025-12-19"
353,"Substitute Custodian",NA,"Substitute Custodian","Hulett K-12","https://crook1.schoolspring.com/","Crook County School District 1","2025-12-19"
354,"Substitute Teacher",NA,"Substitute Teacher","Sundance Elementary","https://crook1.schoolspring.com/","Crook County School District 1","2025-12-19"
355,"Substitute Teacher",NA,"Substitute Teacher","Moorcroft Elementary","https://crook1.schoolspring.com/","Crook County School District 1","2025-12-19"
356,"Substitute Teacher",NA,"Substitute Teacher","Hulett K-12","https://crook1.schoolspring.com/","Crook County School District 1","2025-12-19"
357,"Substitute & Activity Bus Drivers",NA,"Substitute & Activity Bus Drivers","Sundance Secondary","https://crook1.schoolspring.com/","Crook County School District 1","2025-12-19"
358,"Substitute & Activity Bus Drivers",NA,"Substitute & Activity Bus Drivers","Moorcroft Secondary","https://crook1.schoolspring.com/","Crook County School District 1","2025-12-19"
359,"Substitute & Activity Bus Drivers",NA,"Substitute & Activity Bus Drivers","Hulett K-12","https://crook1.schoolspring.com/","Crook County School District 1","2025-12-19"
360,"Cook",NA,"Cook","Hulett K-12","https://crook1.schoolspring.com/","Crook County School District 1","2025-12-19"
361,"Route Bus Driver",NA,"Route Bus Driver","Moorcroft Secondary","https://crook1.schoolspring.com/","Crook County School District 1","2025-12-19"
362,"Junior High Track Coach",NA,"Junior High Track Coach","Hulett K-12","https://crook1.schoolspring.com/","Crook County School District 1","2025-12-19"
363,"K-12 Music Teacher",NA,"K-12 Music Teacher","Hulett K-12","https://crook1.schoolspring.com/","Crook County School District 1","2025-12-19"
364,"Secretary - Elementary [CE09]",NA,"Secretary - Elementary [CE09]","BAGGS ELEMENTARY SCHOOL","https://laramie1.schoolspring.com/","Laramie County School District 1","2025-12-19"
365,"Certified Occupational Therapy Assistant",NA,"Certified Occupational Therapy Assistant","Laramie County School District 1","https://laramie1.schoolspring.com/","Laramie County School District 1","2025-12-19"
366,"Nutrition Services Aid [NU02]",NA,"Nutrition Services Aid [NU02]","MCCORMICK JUNIOR HIGH SCHOOL","https://laramie1.schoolspring.com/","Laramie County School District 1","2025-12-19"
367,"Paraeducator-Library/Media 2-2025/2026 School year only [PA10]",NA,"Paraeducator-Library/Media 2-2025/2026 School year only [PA10]","FREEDOM ELEMENTARY SCHOOL","https://laramie1.schoolspring.com/","Laramie County School District 1","2025-12-19"
368,"Student Sweeper [ST05]",NA,"Student Sweeper [ST05]","ANDERSON ELEMENTARY SCHOOL","https://laramie1.schoolspring.com/","Laramie County School District 1","2025-12-19"
369,"3rd Grade Teacher DLI Spanish-2025/2026 Contract Year Only [TA40]",NA,"3rd Grade Teacher DLI Spanish-2025/2026 Contract Year Only [TA40]","HOBBS ELEMENTARY SCHOOL","https://laramie1.schoolspring.com/","Laramie County School District 1","2025-12-19"
370,"3rd Grade Teacher DLI Spanish-2025/2026 Contract year only [TA40]",NA,"3rd Grade Teacher DLI Spanish-2025/2026 Contract year only [TA40]","AFFLERBACH ELEMENTARY SCHOOL","https://laramie1.schoolspring.com/","Laramie County School District 1","2025-12-19"
371,"Paraeducator Special Education [XP08]",NA,"Paraeducator Special Education [XP08]","ARP ELEMENTARY SCHOOL","https://laramie1.schoolspring.com/","Laramie County School District 1","2025-12-19"
372,"Custodial-Head Class 4 - Remainder of the 2025/2026 Contract Year only[CU07]",NA,"Custodial-Head Class 4 - Remainder of the 2025/2026 Contract Year only[CU07]","DEMING ELEMENTARY SCHOOL","https://laramie1.schoolspring.com/","Laramie County School District 1","2025-12-19"
373,"Nutrition- Elementary Head Cashier [NU03]",NA,"Nutrition- Elementary Head Cashier [NU03]","PIONEER PARK ELEMENTARY SCHOOL","https://laramie1.schoolspring.com/","Laramie County School District 1","2025-12-19"
374,"Language Art Teacher - 2025/2026 Contract Year Only [TC11]",NA,"Language Art Teacher - 2025/2026 Contract Year Only [TC11]","EAST HIGH SCHOOL","https://laramie1.schoolspring.com/","Laramie County School District 1","2025-12-19"
375,"Custodial - Head Class 4 [CU07]",NA,"Custodial - Head Class 4 [CU07]","DAVIS ELEMENTARY SCHOOL","https://laramie1.schoolspring.com/","Laramie County School District 1","2025-12-19"
376,"Student Sweeper [ST05]",NA,"Student Sweeper [ST05]","SOUTH HIGH SCHOOL","https://laramie1.schoolspring.com/","Laramie County School District 1","2025-12-19"
377,"1st Grade Teacher - Remainder 2025/2026 School Year only [TA03]",NA,"1st Grade Teacher - Remainder 2025/2026 School Year only [TA03]","AFFLERBACH ELEMENTARY SCHOOL","https://laramie1.schoolspring.com/","Laramie County School District 1","2025-12-19"
378,"Elementary Assistant Basketball Coach [C179]",NA,"Elementary Assistant Basketball Coach [C179]","ROSSMAN ELEMENTARY SCHOOL","https://laramie1.schoolspring.com/","Laramie County School District 1","2025-12-19"
379,"Elementary Head Basketball Coach [C178]",NA,"Elementary Head Basketball Coach [C178]","ROSSMAN ELEMENTARY SCHOOL","https://laramie1.schoolspring.com/","Laramie County School District 1","2025-12-19"
380,"Elementary Assistant Basketball Coach [C179]",NA,"Elementary Assistant Basketball Coach [C179]","PIONEER PARK ELEMENTARY SCHOOL","https://laramie1.schoolspring.com/","Laramie County School District 1","2025-12-19"
381,"Elementary Head Basketball Coach [C178]",NA,"Elementary Head Basketball Coach [C178]","PIONEER PARK ELEMENTARY SCHOOL","https://laramie1.schoolspring.com/","Laramie County School District 1","2025-12-19"
382,"Elementary Head Basketball Coach [C178]",NA,"Elementary Head Basketball Coach [C178]","HENDERSON ELEMENTARY SCHOOL","https://laramie1.schoolspring.com/","Laramie County School District 1","2025-12-19"
383,"Elementary Assistant Basketball Coach [C179]",NA,"Elementary Assistant Basketball Coach [C179]","HENDERSON ELEMENTARY SCHOOL","https://laramie1.schoolspring.com/","Laramie County School District 1","2025-12-19"
384,"Elementary Head Basketball Coach [C178]",NA,"Elementary Head Basketball Coach [C178]","BUFFALO RIDGE ELEMENTARY SCHL","https://laramie1.schoolspring.com/","Laramie County School District 1","2025-12-19"
385,"Assistant Basketball Coach - [C178]",NA,"Assistant Basketball Coach - [C178]","BUFFALO RIDGE ELEMENTARY SCHL","https://laramie1.schoolspring.com/","Laramie County School District 1","2025-12-19"
386,"Elementary Assistant Basketball Coach [C179]",NA,"Elementary Assistant Basketball Coach [C179]","BAIN ELEMENTARY SCHOOL","https://laramie1.schoolspring.com/","Laramie County School District 1","2025-12-19"
387,"Elementary Head Basketball Coach [C178]",NA,"Elementary Head Basketball Coach [C178]","BAIN ELEMENTARY SCHOOL","https://laramie1.schoolspring.com/","Laramie County School District 1","2025-12-19"
388,"Elementary Assistant Basketball Coach [C179]",NA,"Elementary Assistant Basketball Coach [C179]","HEBARD ELEMENTARY SCHOOL","https://laramie1.schoolspring.com/","Laramie County School District 1","2025-12-19"
389,"Elementary Head Basketball Coach [C178]",NA,"Elementary Head Basketball Coach [C178]","HEBARD ELEMENTARY SCHOOL","https://laramie1.schoolspring.com/","Laramie County School District 1","2025-12-19"
390,"Elementary Assistant Basketball Coach [C179]",NA,"Elementary Assistant Basketball Coach [C179]","GOINS ELEMENTARY SCHOOL","https://laramie1.schoolspring.com/","Laramie County School District 1","2025-12-19"
391,"Elementary Head Basketball Coach [C178]",NA,"Elementary Head Basketball Coach [C178]","GOINS ELEMENTARY SCHOOL","https://laramie1.schoolspring.com/","Laramie County School District 1","2025-12-19"
392,"Elementary Head Basketball Coach [C178]",NA,"Elementary Head Basketball Coach [C178]","GILCHRIST ELEMENTARY SCHOOL","https://laramie1.schoolspring.com/","Laramie County School District 1","2025-12-19"
393,"Elementary Assistant Basketball Coach [C179]",NA,"Elementary Assistant Basketball Coach [C179]","GILCHRIST ELEMENTARY SCHOOL","https://laramie1.schoolspring.com/","Laramie County School District 1","2025-12-19"
394,"Elementary Head Basketball Coach [C178]",NA,"Elementary Head Basketball Coach [C178]","FREEDOM ELEMENTARY SCHOOL","https://laramie1.schoolspring.com/","Laramie County School District 1","2025-12-19"
395,"Elementary Assistant Basketball Coach [C179]",NA,"Elementary Assistant Basketball Coach [C179]","FREEDOM ELEMENTARY SCHOOL","https://laramie1.schoolspring.com/","Laramie County School District 1","2025-12-19"
396,"Elementary Assistant Basketball Coach [C179]",NA,"Elementary Assistant Basketball Coach [C179]","FAIRVIEW ELEMENTARY SCHOOL","https://laramie1.schoolspring.com/","Laramie County School District 1","2025-12-19"
397,"Elementary Assistant Basketball Coach [C179]",NA,"Elementary Assistant Basketball Coach [C179]","COLE ELEMENTARY SCHOOL","https://laramie1.schoolspring.com/","Laramie County School District 1","2025-12-19"
398,"Elementary Head Basketball Coach [C178]",NA,"Elementary Head Basketball Coach [C178]","COLE ELEMENTARY SCHOOL","https://laramie1.schoolspring.com/","Laramie County School District 1","2025-12-19"
399,"Elementary Head Basketball Coach [C178]",NA,"Elementary Head Basketball Coach [C178]","BAGGS ELEMENTARY SCHOOL","https://laramie1.schoolspring.com/","Laramie County School District 1","2025-12-19"
400,"Elementary Assistant Basketball Coach [C179]",NA,"Elementary Assistant Basketball Coach [C179]","BAGGS ELEMENTARY SCHOOL","https://laramie1.schoolspring.com/","Laramie County School District 1","2025-12-19"
401,"Assistant Basketball Coach - [C178]",NA,"Assistant Basketball Coach - [C178]","ARP ELEMENTARY SCHOOL","https://laramie1.schoolspring.com/","Laramie County School District 1","2025-12-19"
402,"Assistant Basketball Coach - [C178]",NA,"Assistant Basketball Coach - [C178]","AFFLERBACH ELEMENTARY SCHOOL","https://laramie1.schoolspring.com/","Laramie County School District 1","2025-12-19"
403,"Elementary Head Basketball Coach [C178]",NA,"Elementary Head Basketball Coach [C178]","ALTA VISTA ELEMENTARY SCHOOL","https://laramie1.schoolspring.com/","Laramie County School District 1","2025-12-19"
404,"Elementary Assistant Basketball Coach [C179]",NA,"Elementary Assistant Basketball Coach [C179]","ALTA VISTA ELEMENTARY SCHOOL","https://laramie1.schoolspring.com/","Laramie County School District 1","2025-12-19"
405,"Elementary Head Basketball Coach [C178]",NA,"Elementary Head Basketball Coach [C178]","MEADOWLARK ELEMENTARY SCHOOL","https://laramie1.schoolspring.com/","Laramie County School District 1","2025-12-19"
406,"Elementary Assistant Basketball Coach [C179]",NA,"Elementary Assistant Basketball Coach [C179]","MEADOWLARK ELEMENTARY SCHOOL","https://laramie1.schoolspring.com/","Laramie County School District 1","2025-12-19"
407,"Assistant Basketball Coach - [C178]",NA,"Assistant Basketball Coach - [C178]","COYOTE RIDGE ELEMENTARY SCHOOL","https://laramie1.schoolspring.com/","Laramie County School District 1","2025-12-19"
408,"Elementary Head Basketball Coach [C178]",NA,"Elementary Head Basketball Coach [C178]","SUNRISE ELEMENTARY SCHOOL","https://laramie1.schoolspring.com/","Laramie County School District 1","2025-12-19"
409,"Assistant Basketball Coach - [C178]",NA,"Assistant Basketball Coach - [C178]","SUNRISE ELEMENTARY SCHOOL","https://laramie1.schoolspring.com/","Laramie County School District 1","2025-12-19"
410,"Elementary Assistant Basketball Coach [C179]",NA,"Elementary Assistant Basketball Coach [C179]","WILLADSEN ELEMENTARY SCHOOL","https://laramie1.schoolspring.com/","Laramie County School District 1","2025-12-19"
411,"Paraeducator Special Needs [XP08]",NA,"Paraeducator Special Needs [XP08]","GOINS ELEMENTARY SCHOOL","https://laramie1.schoolspring.com/","Laramie County School District 1","2025-12-19"
412,"Secretary - Elementary [CE09]",NA,"Secretary - Elementary [CE09]","HOBBS ELEMENTARY SCHOOL","https://laramie1.schoolspring.com/","Laramie County School District 1","2025-12-19"
413,"Transportation Assistant [TR01]",NA,"Transportation Assistant [TR01]","Laramie County School District 1","https://laramie1.schoolspring.com/","Laramie County School District 1","2025-12-19"
414,"Bus Driver [TR04]",NA,"Bus Driver [TR04]","Laramie County School District 1","https://laramie1.schoolspring.com/","Laramie County School District 1","2025-12-19"
415,"Assistant Track Coach-5 Positions available [CO94]",NA,"Assistant Track Coach-5 Positions available [CO94]","EAST HIGH SCHOOL","https://laramie1.schoolspring.com/","Laramie County School District 1","2025-12-19"
416,"Assistant Head Custodian - Class 5 [CU02]",NA,"Assistant Head Custodian - Class 5 [CU02]","SOUTH HIGH SCHOOL","https://laramie1.schoolspring.com/","Laramie County School District 1","2025-12-19"
417,"We The People Sponsor",NA,"We The People Sponsor","SOUTH HIGH SCHOOL","https://laramie1.schoolspring.com/","Laramie County School District 1","2025-12-19"
418,"Title I Tutor",NA,"Title I Tutor","FAIRVIEW ELEMENTARY SCHOOL","https://laramie1.schoolspring.com/","Laramie County School District 1","2025-12-19"
419,"Nutrition Services Aid [NU02]",NA,"Nutrition Services Aid [NU02]","SUNRISE ELEMENTARY SCHOOL","https://laramie1.schoolspring.com/","Laramie County School District 1","2025-12-19"
420,"Title 1 Tutor",NA,"Title 1 Tutor","ARP ELEMENTARY SCHOOL","https://laramie1.schoolspring.com/","Laramie County School District 1","2025-12-19"
421,"Student Sweeper [ST05]",NA,"Student Sweeper [ST05]","CENTRAL HIGH SCHOOL","https://laramie1.schoolspring.com/","Laramie County School District 1","2025-12-19"
422,"Nutrition Services Aid [NU02]",NA,"Nutrition Services Aid [NU02]","EAST HIGH SCHOOL","https://laramie1.schoolspring.com/","Laramie County School District 1","2025-12-19"
423,"Student Sweeper [ST05]",NA,"Student Sweeper [ST05]","AFFLERBACH ELEMENTARY SCHOOL","https://laramie1.schoolspring.com/","Laramie County School District 1","2025-12-19"
424,"Student Sweeper [ST05]",NA,"Student Sweeper [ST05]","ARP ELEMENTARY SCHOOL","https://laramie1.schoolspring.com/","Laramie County School District 1","2025-12-19"
425,"Student Sweeper [ST05]",NA,"Student Sweeper [ST05]","BAGGS ELEMENTARY SCHOOL","https://laramie1.schoolspring.com/","Laramie County School District 1","2025-12-19"
426,"Student Sweeper [ST05]",NA,"Student Sweeper [ST05]","BAIN ELEMENTARY SCHOOL","https://laramie1.schoolspring.com/","Laramie County School District 1","2025-12-19"
427,"Student Sweeper [ST05]",NA,"Student Sweeper [ST05]","BUFFALO RIDGE ELEMENTARY SCHL","https://laramie1.schoolspring.com/","Laramie County School District 1","2025-12-19"
428,"Student Sweeper [ST05]",NA,"Student Sweeper [ST05]","DILDINE ELEMENTARY SCHOOL","https://laramie1.schoolspring.com/","Laramie County School District 1","2025-12-19"
429,"Student Sweeper [ST05]",NA,"Student Sweeper [ST05]","GILCHRIST ELEMENTARY SCHOOL","https://laramie1.schoolspring.com/","Laramie County School District 1","2025-12-19"
430,"Student Sweeper [ST05]",NA,"Student Sweeper [ST05]","HENDERSON ELEMENTARY SCHOOL","https://laramie1.schoolspring.com/","Laramie County School District 1","2025-12-19"
431,"Student Sweeper [ST05]",NA,"Student Sweeper [ST05]","LEBHART ELEMENTARY SCHOOL","https://laramie1.schoolspring.com/","Laramie County School District 1","2025-12-19"
432,"Student Sweeper [ST05]",NA,"Student Sweeper [ST05]","PRAIRIE WIND ELEMENTARY SCHOOL","https://laramie1.schoolspring.com/","Laramie County School District 1","2025-12-19"
433,"Student Sweeper [ST05]",NA,"Student Sweeper [ST05]","CAREY JUNIOR HIGH SCHOOL","https://laramie1.schoolspring.com/","Laramie County School District 1","2025-12-19"
434,"Student Sweeper [ST05]",NA,"Student Sweeper [ST05]","ROSSMAN ELEMENTARY SCHOOL","https://laramie1.schoolspring.com/","Laramie County School District 1","2025-12-19"
435,"Student Sweeper [ST05]",NA,"Student Sweeper [ST05]","SUNRISE ELEMENTARY SCHOOL","https://laramie1.schoolspring.com/","Laramie County School District 1","2025-12-19"
436,"Paraeducator Special Needs PALS [XP09]",NA,"Paraeducator Special Needs PALS [XP09]","CENTRAL HIGH SCHOOL","https://laramie1.schoolspring.com/","Laramie County School District 1","2025-12-19"
437,"Sub-Custodian [S010]",NA,"Sub-Custodian [S010]","Laramie County School District 1","https://laramie1.schoolspring.com/","Laramie County School District 1","2025-12-19"
438,"Physical Therapist [XT07]","Oct 23, 2025 6:00 AM (UTC)","Physical Therapist [XT07]","Laramie County School District 1","https://laramie1.schoolspring.com/","Laramie County School District 1","2025-12-19"
439,"School Psychologist Intern [XT32]","Oct 23, 2025 6:00 AM (UTC)","School Psychologist Intern [XT32]","Laramie County School District 1","https://laramie1.schoolspring.com/","Laramie County School District 1","2025-12-19"
440,"Paraprofessional","Oct 20, 2025 6:00 AM (UTC)","Paraprofessional","PODER ACADEMY SECONDARY (PASS)","https://laramie1.schoolspring.com/","Laramie County School District 1","2025-12-19"
441,"Paraeducator Resource Room [XP08]","Oct 20, 2025 6:00 AM (UTC)","Paraeducator Resource Room [XP08]","SOUTH HIGH SCHOOL","https://laramie1.schoolspring.com/","Laramie County School District 1","2025-12-19"
442,"Afternoon Strength & Conditioning Coach [SO08]","Oct 20, 2025 6:00 AM (UTC)","Afternoon Strength & Conditioning Coach [SO08]","MCCORMICK JUNIOR HIGH SCHOOL","https://laramie1.schoolspring.com/","Laramie County School District 1","2025-12-19"
443,"Assistant Head Custodian - Class 4 [CU01]","Oct 17, 2025 6:00 AM (UTC)","Assistant Head Custodian - Class 4 [CU01]","MCCORMICK JUNIOR HIGH SCHOOL","https://laramie1.schoolspring.com/","Laramie County School District 1","2025-12-19"
444,"Custodial - Head Class 4 [CU07]","Oct 07, 2025 6:00 AM (UTC)","Custodial - Head Class 4 [CU07]","MEADOWLARK ELEMENTARY SCHOOL","https://laramie1.schoolspring.com/","Laramie County School District 1","2025-12-19"
445,"Nutrition Services Aid [NU02]","Sep 29, 2025 6:00 AM (UTC)","Nutrition Services Aid [NU02]","SOUTH HIGH SCHOOL","https://laramie1.schoolspring.com/","Laramie County School District 1","2025-12-19"
446,"Occupational Therapist [XT06]","Sep 12, 2025 6:00 AM (UTC)","Occupational Therapist [XT06]","Laramie County School District 1","https://laramie1.schoolspring.com/","Laramie County School District 1","2025-12-19"
447,"Nutrition Services Aid [NU02]","Sep 11, 2025 6:00 AM (UTC)","Nutrition Services Aid [NU02]","JOHNSON JUNIOR HIGH SCHOOL","https://laramie1.schoolspring.com/","Laramie County School District 1","2025-12-19"
448,"Assistant - Speech Language Pathology [XI02]","Sep 11, 2025 6:00 AM (UTC)","Assistant - Speech Language Pathology [XI02]","HOBBS ELEMENTARY SCHOOL","https://laramie1.schoolspring.com/","Laramie County School District 1","2025-12-19"
449,"Nutrition Services Aid [NU02]",NA,"Nutrition Services Aid [NU02]","JOHNSON JUNIOR HIGH SCHOOL","https://laramie1.schoolspring.com/","Laramie County School District 1","2025-12-19"
450,"Speech Language Pathologist [XT14]",NA,"Speech Language Pathologist [XT14]","Laramie County School District 1","https://laramie1.schoolspring.com/","Laramie County School District 1","2025-12-19"
451,"Custodial - Head Class 5 [CU02]",NA,"Custodial - Head Class 5 [CU02]","MCCORMICK JUNIOR HIGH SCHOOL","https://laramie1.schoolspring.com/","Laramie County School District 1","2025-12-19"
452,"Custodial - Head Class 5 [CU02]",NA,"Custodial - Head Class 5 [CU02]","JOHNSON JUNIOR HIGH SCHOOL","https://laramie1.schoolspring.com/","Laramie County School District 1","2025-12-19"
453,"Applicant Pool - Substitute Teacher [S035]",NA,"Applicant Pool - Substitute Teacher [S035]","SUBSTITUTE TEACHERS","https://laramie1.schoolspring.com/","Laramie County School District 1","2025-12-19"
454,"Substitute Nutrition [S020]",NA,"Substitute Nutrition [S020]","Laramie County School District 1","https://laramie1.schoolspring.com/","Laramie County School District 1","2025-12-19"
455,"Paraeducator Sign Support [XP05]",NA,"Paraeducator Sign Support [XP05]","BUILDING TO BE DETERMINED","https://laramie1.schoolspring.com/","Laramie County School District 1","2025-12-19"
456,"Educational Sign Language Interpreter",NA,"Educational Sign Language Interpreter","BUILDING TO BE DETERMINED","https://laramie1.schoolspring.com/","Laramie County School District 1","2025-12-19"
457,"Paraeducator Resource Room [XP08]",NA,"Paraeducator Resource Room [XP08]","CAREY JUNIOR HIGH SCHOOL","https://laramie1.schoolspring.com/","Laramie County School District 1","2025-12-19"
458,"Paraeducator Special Needs Life Skills [XP09]",NA,"Paraeducator Special Needs Life Skills [XP09]","MCCORMICK JUNIOR HIGH SCHOOL","https://laramie1.schoolspring.com/","Laramie County School District 1","2025-12-19"
459,"School Psychologist [XA01]",NA,"School Psychologist [XA01]","BUILDING TO BE DETERMINED","https://laramie1.schoolspring.com/","Laramie County School District 1","2025-12-19"
460,"Paraeducator Special Needs PALS [XP09]",NA,"Paraeducator Special Needs PALS [XP09]","EAST HIGH SCHOOL","https://laramie1.schoolspring.com/","Laramie County School District 1","2025-12-19"
461,"Assistant Girls Wrestling Coach [C168]",NA,"Assistant Girls Wrestling Coach [C168]","MCCORMICK JUNIOR HIGH SCHOOL","https://laramie1.schoolspring.com/","Laramie County School District 1","2025-12-19"
462,"Dean Morgan PE Teacher for the 2025-26 School Year Only",NA,"Dean Morgan PE Teacher for the 2025-26 School Year Only","Dean Morgan Middle School","https://natronaschools.schoolspring.com/","Natrona School District 1","2025-12-19"
463,"Cottonwood Education Support Personnel",NA,"Cottonwood Education Support Personnel","Cottonwood Elementary","https://natronaschools.schoolspring.com/","Natrona School District 1","2025-12-19"
464,"NCHS Assistant Indoor/Outdoor Track Coach - High Jump",NA,"NCHS Assistant Indoor/Outdoor Track Coach - High Jump","Natrona County High School","https://natronaschools.schoolspring.com/","Natrona School District 1","2025-12-19"
465,"CYMS 6th Grade Girls Basketball Head Coach",NA,"CYMS 6th Grade Girls Basketball Head Coach","CY Middle School","https://natronaschools.schoolspring.com/","Natrona School District 1","2025-12-19"
466,"CYMS Head Swim Coach",NA,"CYMS Head Swim Coach","CY Middle School","https://natronaschools.schoolspring.com/","Natrona School District 1","2025-12-19"
467,"Cottonwood Education Support Specialist FLS",NA,"Cottonwood Education Support Specialist FLS","Cottonwood Elementary","https://natronaschools.schoolspring.com/","Natrona School District 1","2025-12-19"
468,"Bus Driver 260 day",NA,"Bus Driver 260 day","Transportation","https://natronaschools.schoolspring.com/","Natrona School District 1","2025-12-19"
469,"Transportation Support Personnel",NA,"Transportation Support Personnel","Transportation","https://natronaschools.schoolspring.com/","Natrona School District 1","2025-12-19"
470,"Journey Education Support Personnel/ Office and Records",NA,"Journey Education Support Personnel/ Office and Records","Journey Elementary","https://natronaschools.schoolspring.com/","Natrona School District 1","2025-12-19"
471,"Centennial Cafeteria Technician",NA,"Centennial Cafeteria Technician","Centennial Middle School","https://natronaschools.schoolspring.com/","Natrona School District 1","2025-12-19"
472,"CMS Nordic Ski Aide",NA,"CMS Nordic Ski Aide","Centennial Middle School","https://natronaschools.schoolspring.com/","Natrona School District 1","2025-12-19"
473,"Dean Morgan Education Support Personnel",NA,"Dean Morgan Education Support Personnel","Dean Morgan Middle School","https://natronaschools.schoolspring.com/","Natrona School District 1","2025-12-19"
474,"Sagewood Behavior and Substitute Support Personnel",NA,"Sagewood Behavior and Substitute Support Personnel","Sagewood Elementary","https://natronaschools.schoolspring.com/","Natrona School District 1","2025-12-19"
475,"Bar Nunn Elementary Education Support Personnel/Cafeteria Technician",NA,"Bar Nunn Elementary Education Support Personnel/Cafeteria Technician","Bar Nunn Elementary","https://natronaschools.schoolspring.com/","Natrona School District 1","2025-12-19"
476,"Paradise Valley Elementary Custodian",NA,"Paradise Valley Elementary Custodian","Paradise Valley Elementary","https://natronaschools.schoolspring.com/","Natrona School District 1","2025-12-19"
477,"Bar Nunn Education Support Specialist/Education Support Personnel",NA,"Bar Nunn Education Support Specialist/Education Support Personnel","Bar Nunn Elementary","https://natronaschools.schoolspring.com/","Natrona School District 1","2025-12-19"
478,"Dean Morgan Behavior and Substitute Support Personnel",NA,"Dean Morgan Behavior and Substitute Support Personnel","Dean Morgan Middle School","https://natronaschools.schoolspring.com/","Natrona School District 1","2025-12-19"
479,"Special Education Teacher",NA,"Special Education Teacher","Special Education Services Center","https://natronaschools.schoolspring.com/","Natrona School District 1","2025-12-19"
480,"OT/PT Education Support Specialist",NA,"OT/PT Education Support Specialist","Special Education Services Center","https://natronaschools.schoolspring.com/","Natrona School District 1","2025-12-19"
481,"CCA Behavior and Substitute Support Personnel",NA,"CCA Behavior and Substitute Support Personnel","Casper Classical Academy","https://natronaschools.schoolspring.com/","Natrona School District 1","2025-12-19"
482,"CCA Part-Time Education Support Personnel / Office and Records",NA,"CCA Part-Time Education Support Personnel / Office and Records","Casper Classical Academy","https://natronaschools.schoolspring.com/","Natrona School District 1","2025-12-19"
483,"Centennial Custodian",NA,"Centennial Custodian","Centennial Middle School","https://natronaschools.schoolspring.com/","Natrona School District 1","2025-12-19"
484,"Bar Nunn Education Support Personnel",NA,"Bar Nunn Education Support Personnel","Bar Nunn Elementary","https://natronaschools.schoolspring.com/","Natrona School District 1","2025-12-19"
485,"Manor Heights Education Support Specialist BASE Support",NA,"Manor Heights Education Support Specialist BASE Support","Manor Heights Elementary","https://natronaschools.schoolspring.com/","Natrona School District 1","2025-12-19"
486,"Dean Morgan Nordic Ski Aide",NA,"Dean Morgan Nordic Ski Aide","Dean Morgan Middle School","https://natronaschools.schoolspring.com/","Natrona School District 1","2025-12-19"
487,"Manor Heights Classroom K-5 Art Teacher for the 2025-2026 School Year Only",NA,"Manor Heights Classroom K-5 Art Teacher for the 2025-2026 School Year Only","Manor Heights Elementary","https://natronaschools.schoolspring.com/","Natrona School District 1","2025-12-19"
488,"KWHS Girls Soccer Coach Aide",NA,"KWHS Girls Soccer Coach Aide","Kelly Walsh High School","https://natronaschools.schoolspring.com/","Natrona School District 1","2025-12-19"
489,"NCHS Education Support Specialist/Education Support Personnel",NA,"NCHS Education Support Specialist/Education Support Personnel","Natrona County High School","https://natronaschools.schoolspring.com/","Natrona School District 1","2025-12-19"
490,"NCHS Education Support Personnel",NA,"NCHS Education Support Personnel","Natrona County High School","https://natronaschools.schoolspring.com/","Natrona School District 1","2025-12-19"
491,"Landscape and Support Services Specialist",NA,"Landscape and Support Services Specialist","Plant/Maintenance","https://natronaschools.schoolspring.com/","Natrona School District 1","2025-12-19"
492,"Pineview Education Support Specialist / Education Support Personnel / Cafeteria Technician","Oct 21, 2025 6:00 AM (UTC)","Pineview Education Support Specialist / Education Support Personnel / Cafeteria Technician","Pineview Elementary","https://natronaschools.schoolspring.com/","Natrona School District 1","2025-12-19"
493,"Woods Education Support Personnel","Oct 03, 2025 6:00 AM (UTC)","Woods Education Support Personnel","Woods Learning Center","https://natronaschools.schoolspring.com/","Natrona School District 1","2025-12-19"
494,"Paradise Valley Education Support Personnel/Cafeteria Technician",NA,"Paradise Valley Education Support Personnel/Cafeteria Technician","Paradise Valley Elementary","https://natronaschools.schoolspring.com/","Natrona School District 1","2025-12-19"
495,"Evansville Elementary Tutor for the 2025-2026 School Year Only",NA,"Evansville Elementary Tutor for the 2025-2026 School Year Only","Evansville Elementary","https://natronaschools.schoolspring.com/","Natrona School District 1","2025-12-19"
496,"Occupational Therapist beginning the 2025-2026 School Year",NA,"Occupational Therapist beginning the 2025-2026 School Year","Special Education Services Center","https://natronaschools.schoolspring.com/","Natrona School District 1","2025-12-19"
497,"Education Support Specialist/Education Support Personnel",NA,"Education Support Specialist/Education Support Personnel","Centennial Middle School","https://natronaschools.schoolspring.com/","Natrona School District 1","2025-12-19"
498,"Dean Morgan Substitute on Daily Assignment",NA,"Dean Morgan Substitute on Daily Assignment","Dean Morgan Middle School","https://natronaschools.schoolspring.com/","Natrona School District 1","2025-12-19"
499,"Verda James Education Support Personnel (Part-Time)",NA,"Verda James Education Support Personnel (Part-Time)","Verda James Elementary","https://natronaschools.schoolspring.com/","Natrona School District 1","2025-12-19"
500,"Verda James Education Support Personnel",NA,"Verda James Education Support Personnel","Verda James Elementary","https://natronaschools.schoolspring.com/","Natrona School District 1","2025-12-19"
501,"KWHS - Marine Instructor (MI) OR Senior ROTC Marine Instructor (SMI)",NA,"KWHS - Marine Instructor (MI) OR Senior ROTC Marine Instructor (SMI)","Kelly Walsh High School","https://natronaschools.schoolspring.com/","Natrona School District 1","2025-12-19"
502,"Classified Substitute 2025-26 School Year",NA,"Classified Substitute 2025-26 School Year","NCSD","https://natronaschools.schoolspring.com/","Natrona School District 1","2025-12-19"
503,"Substitute Teacher 2025-26 School Year",NA,"Substitute Teacher 2025-26 School Year","NCSD","https://natronaschools.schoolspring.com/","Natrona School District 1","2025-12-19"
504,"CYMS At-Will Co-Curricular-Football Coach Aide",NA,"CYMS At-Will Co-Curricular-Football Coach Aide","CY Middle School","https://natronaschools.schoolspring.com/","Natrona School District 1","2025-12-19"
505,"Bus Driver 175-day",NA,"Bus Driver 175-day","Transportation","https://natronaschools.schoolspring.com/","Natrona School District 1","2025-12-19"
506,"District Counselor/Social Worker to Begin the 2025-2026 School Year",NA,"District Counselor/Social Worker to Begin the 2025-2026 School Year","Special Education Services Center","https://natronaschools.schoolspring.com/","Natrona School District 1","2025-12-19"
507,"Education Interpreter",NA,"Education Interpreter","Special Education Services Center","https://natronaschools.schoolspring.com/","Natrona School District 1","2025-12-19"
508,"District Physical Therapist Beginning 2025-26 School Year",NA,"District Physical Therapist Beginning 2025-26 School Year","Special Education Services Center","https://natronaschools.schoolspring.com/","Natrona School District 1","2025-12-19"
509,"Lego League/ Robotics Activity",NA,"Lego League/ Robotics Activity","District Activities","https://natronaschools.schoolspring.com/","Natrona School District 1","2025-12-19"
510,"School Psychologist Beginning the 2025-2026 School Year",NA,"School Psychologist Beginning the 2025-2026 School Year","Special Education Services Center","https://natronaschools.schoolspring.com/","Natrona School District 1","2025-12-19"
511,"Substitute Custodian",NA,"Substitute Custodian","Human Resources","https://natronaschools.schoolspring.com/","Natrona School District 1","2025-12-19"
512,"Substitute Nurse",NA,"Substitute Nurse","Natrona County School District","https://natronaschools.schoolspring.com/","Natrona School District 1","2025-12-19"
513,"Maintenance Supervisor",NA,"Maintenance Supervisor","Pine Bluffs Jr./Sr. High School","https://laramie2.schoolspring.com/","Laramie County School District 2","2025-12-19"
514,"Assistant JH Volleyball Coach",NA,"Assistant JH Volleyball Coach","Burns Jr./Sr. High School","https://laramie2.schoolspring.com/","Laramie County School District 2","2025-12-19"
515,"JH Girls Wrestling Assistant Coach","Oct 01, 2025 6:00 AM (UTC)","JH Girls Wrestling Assistant Coach","Burns Jr./Sr. High School","https://laramie2.schoolspring.com/","Laramie County School District 2","2025-12-19"
516,"Substitute School Nurse","Sep 15, 2025 6:00 AM (UTC)","Substitute School Nurse","LARAMIE COUNTY SD #2","https://laramie2.schoolspring.com/","Laramie County School District 2","2025-12-19"
517,"ELL Parent Translator Contactor","Sep 15, 2025 6:00 AM (UTC)","ELL Parent Translator Contactor","LARAMIE COUNTY SD #2","https://laramie2.schoolspring.com/","Laramie County School District 2","2025-12-19"
518,"Assistant JH Football Coach",NA,"Assistant JH Football Coach","Burns Jr./Sr. High School","https://laramie2.schoolspring.com/","Laramie County School District 2","2025-12-19"
519,"ELL Paraprofessional",NA,"ELL Paraprofessional","LARAMIE COUNTY SD #2","https://laramie2.schoolspring.com/","Laramie County School District 2","2025-12-19"
520,"JH Assistant Track Coach",NA,"JH Assistant Track Coach","Pine Bluffs Jr./Sr. High School","https://laramie2.schoolspring.com/","Laramie County School District 2","2025-12-19"
521,"Sub Paraprofessional",NA,"Sub Paraprofessional","LARAMIE COUNTY SD #2","https://laramie2.schoolspring.com/","Laramie County School District 2","2025-12-19"
522,"Sub Custodian",NA,"Sub Custodian","LARAMIE COUNTY SD #2","https://laramie2.schoolspring.com/","Laramie County School District 2","2025-12-19"
523,"Substitute Cook",NA,"Substitute Cook","LARAMIE COUNTY SD #2","https://laramie2.schoolspring.com/","Laramie County School District 2","2025-12-19"
524,"Substitute Teacher",NA,"Substitute Teacher","LARAMIE COUNTY SD #2","https://laramie2.schoolspring.com/","Laramie County School District 2","2025-12-19"
525,"Substitute Bus Driver",NA,"Substitute Bus Driver","LARAMIE COUNTY SD #2","https://laramie2.schoolspring.com/","Laramie County School District 2","2025-12-19"
526,"NATIVE AMERICAN EDUCATION STUDENT AMBASSADOR",NA,"NATIVE AMERICAN EDUCATION STUDENT AMBASSADOR","Fremont County School District 25","https://fremont25.schoolspring.com/","Fremont County School District 25","2025-12-19"
527,"RENDEZVOUS ELEMENTARY PARA (BEHAVIOR SUPPORT PROGRAM)",NA,"RENDEZVOUS ELEMENTARY PARA (BEHAVIOR SUPPORT PROGRAM)","RENDEZVOUS ELEMENTARY","https://fremont25.schoolspring.com/","Fremont County School District 25","2025-12-19"
528,"CROSSING GUARD",NA,"CROSSING GUARD","Fremont County School District 25","https://fremont25.schoolspring.com/","Fremont County School District 25","2025-12-19"
529,"BUS AIDE","Oct 17, 2025 6:00 AM (UTC)","BUS AIDE","BUS GARAGE - TRANSPORTATION","https://fremont25.schoolspring.com/","Fremont County School District 25","2025-12-19"
530,"BUS DRIVER (PART TIME)","Oct 17, 2025 6:00 AM (UTC)","BUS DRIVER (PART TIME)","BUS GARAGE - TRANSPORTATION","https://fremont25.schoolspring.com/","Fremont County School District 25","2025-12-19"
531,"SUBSTITUTE PARA","Sep 26, 2025 6:00 AM (UTC)","SUBSTITUTE PARA","Fremont County School District 25","https://fremont25.schoolspring.com/","Fremont County School District 25","2025-12-19"
532,"MIDDLE SCHOOL COACH (ASSISTANT TRACK)",NA,"MIDDLE SCHOOL COACH (ASSISTANT TRACK)","RIVERTON MIDDLE SCHOOL","https://fremont25.schoolspring.com/","Fremont County School District 25","2025-12-19"
533,"HIGH SCHOOL ASSISTANT COACH (WRESTLING)",NA,"HIGH SCHOOL ASSISTANT COACH (WRESTLING)","RIVERTON HIGH SCHOOL","https://fremont25.schoolspring.com/","Fremont County School District 25","2025-12-19"
534,"HIGH SCHOOL ASSISTANT COACH (TRACK)",NA,"HIGH SCHOOL ASSISTANT COACH (TRACK)","RIVERTON HIGH SCHOOL","https://fremont25.schoolspring.com/","Fremont County School District 25","2025-12-19"
535,"SUBSTITUTE INTERPRETER FOR DEAF/HARD OF HEARING STUDENTS",NA,"SUBSTITUTE INTERPRETER FOR DEAF/HARD OF HEARING STUDENTS","Fremont County School District 25","https://fremont25.schoolspring.com/","Fremont County School District 25","2025-12-19"
536,"SUBSTITUTE CUSTODIAN","Sep 17, 2024 12:00 AM (UTC)","SUBSTITUTE CUSTODIAN","Fremont County School District 25","https://fremont25.schoolspring.com/","Fremont County School District 25","2025-12-19"
537,"SUBSTITUTE DAYCARE ASSISTANT",NA,"SUBSTITUTE DAYCARE ASSISTANT","Fremont County School District 25","https://fremont25.schoolspring.com/","Fremont County School District 25","2025-12-19"
538,"SUBSTITUTE TEACHER",NA,"SUBSTITUTE TEACHER","Fremont County School District 25","https://fremont25.schoolspring.com/","Fremont County School District 25","2025-12-19"
539,"SUBSTITUTE NURSE",NA,"SUBSTITUTE NURSE","Fremont County School District 25","https://fremont25.schoolspring.com/","Fremont County School District 25","2025-12-19"
540,"LIFEGUARD",NA,"LIFEGUARD","RIVERTON AQUATICS CENTER","https://fremont25.schoolspring.com/","Fremont County School District 25","2025-12-19"
541,"DESK CLERK",NA,"DESK CLERK","RIVERTON AQUATICS CENTER","https://fremont25.schoolspring.com/","Fremont County School District 25","2025-12-19"
542,"SUBSTITUTE BUS DRIVER",NA,"SUBSTITUTE BUS DRIVER","BUS GARAGE - TRANSPORTATION","https://fremont25.schoolspring.com/","Fremont County School District 25","2025-12-19"
543,"Monitor",NA,"Monitor","Indian Paintbrush Elementary School","https://acsd1.schoolspring.com/","Albany Count School District 1","2025-12-19"
544,"High School Girls' Assistant Basketball Coach",NA,"High School Girls' Assistant Basketball Coach","Laramie High School","https://acsd1.schoolspring.com/","Albany Count School District 1","2025-12-19"
545,"Personalized Learning Services Paraprofessional",NA,"Personalized Learning Services Paraprofessional","Indian Paintbrush Elementary School","https://acsd1.schoolspring.com/","Albany Count School District 1","2025-12-19"
546,"Resource/Title I Paraprofessional",NA,"Resource/Title I Paraprofessional","Linford Elementary School","https://acsd1.schoolspring.com/","Albany Count School District 1","2025-12-19"
547,"Sports Paraprofessional",NA,"Sports Paraprofessional","Laramie Middle School","https://acsd1.schoolspring.com/","Albany Count School District 1","2025-12-19"
548,"Substitute Teacher",NA,"Substitute Teacher","Albany County School District 1","https://acsd1.schoolspring.com/","Albany Count School District 1","2025-12-19"
549,"Substitute Nurse",NA,"Substitute Nurse","Albany County School District 1","https://acsd1.schoolspring.com/","Albany Count School District 1","2025-12-19"
550,"Substitute Custodian",NA,"Substitute Custodian","Albany County School District 1","https://acsd1.schoolspring.com/","Albany Count School District 1","2025-12-19"
551,"Bus Aide",NA,"Bus Aide","Albany County School District 1","https://acsd1.schoolspring.com/","Albany Count School District 1","2025-12-19"
552,"Bus Driver",NA,"Bus Driver","Albany County School District 1","https://acsd1.schoolspring.com/","Albany Count School District 1","2025-12-19"
553,"Special Programs Education Assistant",NA,"Special Programs Education Assistant","BUFFALO RIDGE ELEMENTARY SCHOOL","https://campbell.schoolspring.com/","Campbell County Scholl District 1","2025-12-19"
554,"Vocational Job Coach",NA,"Vocational Job Coach","THUNDER BASIN HIGH SCHOOL","https://campbell.schoolspring.com/","Campbell County Scholl District 1","2025-12-19"
555,"Emotionally Disabled Special Programs Education Assistant",NA,"Emotionally Disabled Special Programs Education Assistant","PAINTBRUSH ELEMENTARY","https://campbell.schoolspring.com/","Campbell County Scholl District 1","2025-12-19"
556,"Head Tennis Coach",NA,"Head Tennis Coach","THUNDER BASIN HIGH SCHOOL","https://campbell.schoolspring.com/","Campbell County Scholl District 1","2025-12-19"
557,"Athletic Trainer",NA,"Athletic Trainer","CAMPBELL COUNTY HIGH SCHOOL","https://campbell.schoolspring.com/","Campbell County Scholl District 1","2025-12-19"
558,"Custodian",NA,"Custodian","THUNDER BASIN HIGH SCHOOL","https://campbell.schoolspring.com/","Campbell County Scholl District 1","2025-12-19"
559,"Assistant Head Custodian",NA,"Assistant Head Custodian","THUNDER BASIN HIGH SCHOOL","https://campbell.schoolspring.com/","Campbell County Scholl District 1","2025-12-19"
560,"Head Football Coach",NA,"Head Football Coach","THUNDER BASIN HIGH SCHOOL","https://campbell.schoolspring.com/","Campbell County Scholl District 1","2025-12-19"
561,"Special Programs Education Assistant",NA,"Special Programs Education Assistant","RAWHIDE ELEMENTARY","https://campbell.schoolspring.com/","Campbell County Scholl District 1","2025-12-19"
562,"Behavior Assistant",NA,"Behavior Assistant","RAWHIDE ELEMENTARY","https://campbell.schoolspring.com/","Campbell County Scholl District 1","2025-12-19"
563,"English Teacher",NA,"English Teacher","WRIGHT JR./SR. HIGH SCHOOL","https://campbell.schoolspring.com/","Campbell County Scholl District 1","2025-12-19"
564,"ESL (English as a Second Language) Teacher Assistant",NA,"ESL (English as a Second Language) Teacher Assistant","HILLCREST ELEMENTARY","https://campbell.schoolspring.com/","Campbell County Scholl District 1","2025-12-19"
565,"Custodian",NA,"Custodian","ROZET ELEMENTARY","https://campbell.schoolspring.com/","Campbell County Scholl District 1","2025-12-19"
566,"Emotionally Disabled Special Programs Education Assistant",NA,"Emotionally Disabled Special Programs Education Assistant","CAMPBELL COUNTY HIGH SCHOOL","https://campbell.schoolspring.com/","Campbell County Scholl District 1","2025-12-19"
567,"Special Programs Education Assistant/ASD",NA,"Special Programs Education Assistant/ASD","THUNDER BASIN HIGH SCHOOL","https://campbell.schoolspring.com/","Campbell County Scholl District 1","2025-12-19"
568,"Special Programs Education Assistant/ASD",NA,"Special Programs Education Assistant/ASD","LAKEVIEW ELEMENTARY","https://campbell.schoolspring.com/","Campbell County Scholl District 1","2025-12-19"
569,"Special Programs Education Assistant",NA,"Special Programs Education Assistant","HILLCREST ELEMENTARY","https://campbell.schoolspring.com/","Campbell County Scholl District 1","2025-12-19"
570,"Student Custodian",NA,"Student Custodian","TWIN SPRUCE JUNIOR HIGH SCHOOL","https://campbell.schoolspring.com/","Campbell County Scholl District 1","2025-12-19"
571,"Special Programs Education Assistant","Oct 31, 2025 6:00 AM (UTC)","Special Programs Education Assistant","WAGONWHEEL ELEMENTARY","https://campbell.schoolspring.com/","Campbell County Scholl District 1","2025-12-19"
572,"Wright - Safety Patrol","Oct 29, 2025 6:00 AM (UTC)","Wright - Safety Patrol","CAMPBELL COUNTY SCHOOL DISTRICT #1","https://campbell.schoolspring.com/","Campbell County Scholl District 1","2025-12-19"
573,"Safety Patrol","Oct 29, 2025 6:00 AM (UTC)","Safety Patrol","CAMPBELL COUNTY SCHOOL DISTRICT #1","https://campbell.schoolspring.com/","Campbell County Scholl District 1","2025-12-19"
574,"Safety Patrol","Oct 29, 2025 6:00 AM (UTC)","Safety Patrol","CAMPBELL COUNTY SCHOOL DISTRICT #1","https://campbell.schoolspring.com/","Campbell County Scholl District 1","2025-12-19"
575,"Special Programs Education Assistant","Oct 24, 2025 6:00 AM (UTC)","Special Programs Education Assistant","PAINTBRUSH ELEMENTARY","https://campbell.schoolspring.com/","Campbell County Scholl District 1","2025-12-19"
576,"Hearing Impaired Interpreter","Sep 03, 2025 6:00 AM (UTC)","Hearing Impaired Interpreter","PRONGHORN ELEMENTARY","https://campbell.schoolspring.com/","Campbell County Scholl District 1","2025-12-19"
577,"Foreign Language Teacher - German",NA,"Foreign Language Teacher - German","CAMPBELL COUNTY HIGH SCHOOL","https://campbell.schoolspring.com/","Campbell County Scholl District 1","2025-12-19"
578,"Orientation and Mobility Specialist",NA,"Orientation and Mobility Specialist","CAMPBELL COUNTY SCHOOL DISTRICT #1","https://campbell.schoolspring.com/","Campbell County Scholl District 1","2025-12-19"
579,"Teacher for the Deaf and Hard of Hearing",NA,"Teacher for the Deaf and Hard of Hearing","CAMPBELL COUNTY SCHOOL DISTRICT #1","https://campbell.schoolspring.com/","Campbell County Scholl District 1","2025-12-19"
580,"BUS DRIVER/BUS DRIVER IN TRAINING",NA,"BUS DRIVER/BUS DRIVER IN TRAINING","CAMPBELL COUNTY SCHOOL DISTRICT #1","https://campbell.schoolspring.com/","Campbell County Scholl District 1","2025-12-19"
581,"Substitute School Nurse",NA,"Substitute School Nurse","CAMPBELL COUNTY SCHOOL DISTRICT #1","https://campbell.schoolspring.com/","Campbell County Scholl District 1","2025-12-19"
582,"Substitute Teacher",NA,"Substitute Teacher","CAMPBELL COUNTY SCHOOL DISTRICT #1","https://campbell.schoolspring.com/","Campbell County Scholl District 1","2025-12-19"
583,"SCHOOL PSYCHOLOGIST INTERN",NA,"SCHOOL PSYCHOLOGIST INTERN","CAMPBELL COUNTY SCHOOL DISTRICT #1","https://campbell.schoolspring.com/","Campbell County Scholl District 1","2025-12-19"
584,"Sample Classified Position",NA,"Sample Classified Position","CAMPBELL COUNTY SCHOOL DISTRICT #1","https://campbell.schoolspring.com/","Campbell County Scholl District 1","2025-12-19"
585,"Sample Certified Position",NA,"Sample Certified Position","CAMPBELL COUNTY SCHOOL DISTRICT #1","https://campbell.schoolspring.com/","Campbell County Scholl District 1","2025-12-19"
586,"Bus Driver",NA,"Classified","Star Valley","https://lcsd2.org/employment-opportunities/","Lincoln County School District 2","2025-12-19"
587,"Crossing Guard",NA,"Classified","Etna Elementary","https://lcsd2.org/employment-opportunities/","Lincoln County School District 2","2025-12-19"
588,"Special Education Aide",NA,"Classified","Etna Elementary","https://lcsd2.org/employment-opportunities/","Lincoln County School District 2","2025-12-19"
589,"Permanent Substitute Teacher",NA,"Substitute","Etna/Thayne Elementary","https://lcsd2.org/employment-opportunities/","Lincoln County School District 2","2025-12-19"
590,"Groundskeeper",NA,"Classified","Cokeville","https://lcsd2.org/employment-opportunities/","Lincoln County School District 2","2025-12-19"
591,"Food Service",NA,"Classified","Star Valley High School","https://lcsd2.org/employment-opportunities/","Lincoln County School District 2","2025-12-19"
592,"Title I Aide",NA,"Classified","Etna Elementary","https://lcsd2.org/employment-opportunities/","Lincoln County School District 2","2025-12-19"
593,"Bus Aide",NA,"Classified","Star Valley","https://lcsd2.org/employment-opportunities/","Lincoln County School District 2","2025-12-19"
594,"Substitute School Nurse",NA,"Classified","Star Valley","https://lcsd2.org/employment-opportunities/","Lincoln County School District 2","2025-12-19"
595,"Certified Substitute Teacher Pool",NA,"Substitute","Star Valley","https://lcsd2.org/employment-opportunities/","Lincoln County School District 2","2025-12-19"
596,"Certified Substitute Teacher Pool",NA,"Substitute","Cokeville","https://lcsd2.org/employment-opportunities/","Lincoln County School District 2","2025-12-19"
597,"Substitute Bus Drivers",NA,"Classified","Cokeville","https://lcsd2.org/employment-opportunities/","Lincoln County School District 2","2025-12-19"
598,"Substitute Bus Drivers",NA,"Classified","Star Valley","https://lcsd2.org/employment-opportunities/","Lincoln County School District 2","2025-12-19"
599,"Substitute Bus Aides",NA,"Classified","Star Valley","https://lcsd2.org/employment-opportunities/","Lincoln County School District 2","2025-12-19"
600,"Substitute Food Service (Cooks)",NA,"Classified","District","https://lcsd2.org/employment-opportunities/","Lincoln County School District 2","2025-12-19"
601,"Assistant Boys Soccer Coach",NA,"Coaching","Star Valley High School","https://lcsd2.org/employment-opportunities/","Lincoln County School District 2","2025-12-19"
602,"Head Volleyball Coach",NA,"Coaching","Cokeville High School","https://lcsd2.org/employment-opportunities/","Lincoln County School District 2","2025-12-19"
603,"Head Cheer Coach",NA,"Coaching","Star Valley High School","https://lcsd2.org/employment-opportunities/","Lincoln County School District 2","2025-12-19"
604,"Assistant Volleyball Coach",NA,"Coaching","Star Valley High School","https://lcsd2.org/employment-opportunities/","Lincoln County School District 2","2025-12-19"
605,"Volunteer Coach/Advisor",NA,"Coaching","District","https://lcsd2.org/employment-opportunities/","Lincoln County School District 2","2025-12-19"
606,"Assistant High School Boys Basketball",NA,"Coaching","District","https://www.growingluskleaders.org/page/human-resources","Niobrara County School District 1","2025-12-19"
607,"Assistant High School Football",NA,"Coaching","District","https://www.growingluskleaders.org/page/human-resources","Niobrara County School District 1","2025-12-19"
608,"Assistant Middle School Volleyball",NA,"Coaching","District","https://www.growingluskleaders.org/page/human-resources","Niobrara County School District 1","2025-12-19"
609,"Caycare Assistant Substitute (Temp. Beginning March 2026 through May 2026)",NA,"Classified","District","https://www.growingluskleaders.org/page/human-resources","Niobrara County School District 1","2025-12-19"
610,"Yearbook Sponsor",NA,"Coaching","District","https://www.growingluskleaders.org/page/human-resources","Niobrara County School District 1","2025-12-19"
611,"BUS DRIVER SUBSTITUTES- District Wide",NA,"Classified","District","https://www.growingluskleaders.org/page/human-resources","Niobrara County School District 1","2025-12-19"
612,"CUSTODIAL SUBSTITUTE- District Wide",NA,"Classified","District","https://www.growingluskleaders.org/page/human-resources","Niobrara County School District 1","2025-12-19"
613,"HS Assistant Track Coach",NA,"Coaching","District","https://pcsd16.com/271372_2","Park County School District 16","2025-12-19"
614,"SPECIAL EDUCATION PARAPROFESSIONAL",NA,"Classified","District","https://pcsd16.com/271372_2","Park County School District 16","2025-12-19"
615,"Substitutes for all Postions",NA,"Substitute","PCSD#1 Schools, Glendo and Wheatland","https://www.platte1.org/89574_1","Platte County School District 1","2025-12-19"
616,"Assistant Softball Coaches",NA,"Coaching","Wheatland High School","https://www.platte1.org/89574_1","Platte County School District 1","2025-12-19"
617,"Substitutes for Custodians",NA,"Classified","District","https://www.platte1.org/89574_1","Platte County School District 1","2025-12-19"
618,"Cheer Aide",NA,"Coaching","Wheatland High School","https://www.platte1.org/89574_1","Platte County School District 1","2025-12-19"
619,"Food Service Corrdinator",NA,"Classified","District","https://www.guernseysunrise.org/page/employment","Platte County School District 2","2025-12-19"
620,"FBLA Co-Sponsor",NA,"Coaching","District","https://www.guernseysunrise.org/page/employment","Platte County School District 2","2025-12-19"
621,"Prom Sponsor",NA,"Coaching","District","https://www.guernseysunrise.org/page/employment","Platte County School District 2","2025-12-19"
622,"Special Education Paraeducator",NA,"Classified","District","https://www.guernseysunrise.org/page/employment","Platte County School District 2","2025-12-19"
623,"Custodial/Maintenance Position",NA,"Classified","District","https://www.guernseysunrise.org/page/employment","Platte County School District 2","2025-12-19"
624,"Jr High Girls Volleyball Coach",NA,"Coaching","District","https://www.guernseysunrise.org/page/employment","Platte County School District 2","2025-12-19"
625,"Substitute Activity Drivers",NA,"Classified","District","https://www.guernseysunrise.org/page/employment","Platte County School District 2","2025-12-19"
626,"Substitute Certified Teachers $160/Day",NA,"Substitute","District","https://www.guernseysunrise.org/page/employment","Platte County School District 2","2025-12-19"
627,"Substitute Paraeducators $100/Day",NA,"Classified","District","https://www.guernseysunrise.org/page/employment","Platte County School District 2","2025-12-19"
628,"7-12 Social Studies Teacher",NA,"Certified","District","https://www.sheridan3.com/page/hr-and-career-opportunities","Sheridan County School District 3","2025-12-19"
629,"Bus Driver",NA,"Classified","District","https://www.sheridan3.com/page/hr-and-career-opportunities","Sheridan County School District 3","2025-12-19"
630,"Volleyball-Head Coach",NA,"Coach","District","https://www.sheridan3.com/page/hr-and-career-opportunities","Sheridan County School District 3","2025-12-19"
631,"Bus Driver - Bus Driver",NA,"Classified","District","https://www.sub1.org/en-US/employment-and-human-resources-f26202d3","Sublette County School District 1","2025-12-19"
632,"Substitute Bus Driver",NA,"Classified","District","https://www.sub1.org/en-US/employment-and-human-resources-f26202d3","Sublette County School District 1","2025-12-19"
633,"Substitute School Nurse",NA,"Classified","District","https://www.sub1.org/en-US/employment-and-human-resources-f26202d3","Sublette County School District 1","2025-12-19"
634,"Substitutes",NA,"Substitute","District","https://www.sub1.org/en-US/employment-and-human-resources-f26202d3","Sublette County School District 1","2025-12-19"
635,"Track Coach- Middle School",NA,"Coach","District","https://www.sub1.org/en-US/employment-and-human-resources-f26202d3","Sublette County School District 1","2025-12-19"
636,"Part-Time, Wellness Coordinator for the Thrive Afterschool Program",NA,"Classified","District","https://www.sublette9.org/apps/pages/index.jsp?uREC_ID=4445550&type=d&pREC_ID=2685329","Sublette County School District 9","2025-12-19"
637,"Full Time, Assistant Pool Supervisor",NA,"Classified","District","https://www.sublette9.org/apps/pages/index.jsp?uREC_ID=4445550&type=d&pREC_ID=2685329","Sublette County School District 9","2025-12-19"
638,"High School Assistant Track",NA,"Coaching","District","https://www.sublette9.org/apps/pages/index.jsp?uREC_ID=4445550&type=d&pREC_ID=2685329","Sublette County School District 9","2025-12-19"
639,"All kinds of Substitutes",NA,"Substitute","District","https://www.sublette9.org/apps/pages/index.jsp?uREC_ID=4445550&type=d&pREC_ID=2685329","Sublette County School District 9","2025-12-19"
640,"Crossing Guard- AM/PM Shifts for 1 hour each school day",NA,"Classified","District","https://www.uinta4.com/departments/business_office/job_opportunities/current_openings","Uinta County School District 4","2025-12-19"
641,"Substitutes- all positions",NA,"Substitute","District","https://www.uinta4.com/departments/business_office/job_opportunities/current_openings","Uinta County School District 4","2025-12-19"
642,"Substitute Bus Drivers",NA,"Classified","District","https://sites.google.com/lymanschools.org/ucsd6/home/job-openings?authuser=0","Uinta County School District 6","2025-12-19"
643,"Substitute School Bus Aides",NA,"Classified","District","https://sites.google.com/lymanschools.org/ucsd6/home/job-openings?authuser=0","Uinta County School District 6","2025-12-19"
644,"Always in need of substitutes",NA,"Substitute","District","https://sites.google.com/lymanschools.org/ucsd6/home/job-openings?authuser=0","Uinta County School District 6","2025-12-19"
645,"Substitute and activity BUS DRIVER",NA,"Classified","District","https://www.wsh2.k12.wy.us/apps/pages/index.jsp?uREC_ID=440610&type=d&pREC_ID=1008214","Washakie County School District 2","2025-12-19"
646,"High School Girls Basketball Coach",NA,"Coaching","District","https://www.wsh2.k12.wy.us/apps/pages/index.jsp?uREC_ID=440610&type=d&pREC_ID=1008214","Washakie County School District 2","2025-12-19"
647,"Special Education Case Manager Job Description",NA,"Certified","District","https://www.wcsd1.org/apps/pages/Career_Opportunities","Weston County School District 1","2025-12-19"
648,"Special Ed. Teacher position",NA,"Certified","District","https://www.wcsd1.org/apps/pages/Career_Opportunities","Weston County School District 1","2025-12-19"
649,"Paraprofessionals",NA,"Classified","District","https://www.wcsd1.org/apps/pages/Career_Opportunities","Weston County School District 1","2025-12-19"
650,"Middle School Volleyball Coach",NA,"Coaching","District","https://www.wcsd1.org/apps/pages/Career_Opportunities","Weston County School District 1","2025-12-19"
651,"Route Bus Drivers",NA,"Classified","District","https://www.wcsd1.org/apps/pages/Career_Opportunities","Weston County School District 1","2025-12-19"
652,"Substitutes",NA,"Substitute","District","https://www.wcsd1.org/apps/pages/Career_Opportunities","Weston County School District 1","2025-12-19"
653,"Custodial-Kitchen subs",NA,"Classified","District","https://www.wcsd1.org/apps/pages/Career_Opportunities","Weston County School District 1","2025-12-19"
654,"Sub Bus Driver",NA,"Classified","District","https://www.wcsd1.org/apps/pages/Career_Opportunities","Weston County School District 1","2025-12-19"
655,"Student Teaching Opportunities",NA,"Student Teaching","District","https://www.wcsd1.org/apps/pages/Career_Opportunities","Weston County School District 1","2025-12-19"
656,"Technology/Maintenance Technician",NA,"Classified","District","https://www.weston7.org/o/wcsd/page/employment","Weston County School District 7","2025-12-19"
657,"MS Boys Basketball Coaching- Beginning 2025-26 season",NA,"Coaching","District","https://www.weston7.org/o/wcsd/page/employment","Weston County School District 7","2025-12-19"
658,"Substitute Teacher",NA,"Substitute","District","https://www.weston7.org/o/wcsd/page/employment","Weston County School District 7","2025-12-19"
659,"Substitute Paraprofessional",NA,"Classified","District","https://www.weston7.org/o/wcsd/page/employment","Weston County School District 7","2025-12-19"
660,"Substitute Custodian",NA,"Classified","District","https://www.weston7.org/o/wcsd/page/employment","Weston County School District 7","2025-12-19"
661,"Substitute Bus Driver (CDL preferred but willing to train)",NA,"Classified","District","https://www.weston7.org/o/wcsd/page/employment","Weston County School District 7","2025-12-19"
662,"Substitute Lunchroom Cook",NA,"Classified","District","https://www.weston7.org/o/wcsd/page/employment","Weston County School District 7","2025-12-19"
663,"Substitute Special Education Aides",NA,"Classified","District","https://www.weston7.org/o/wcsd/page/employment","Weston County School District 7","2025-12-19"
664,"Custodian",NA,"Classified","District","https://jobs.redroverk12.com/org/hotsprings1","Hot Springs County School District 1","2025-12-19"
665,"Transportation Assistant",NA,"Classified","District","https://jobs.redroverk12.com/org/hotsprings1","Hot Springs County School District 1","2025-12-19"
666,"Crossing Guard",NA,"Classified","District","https://jobs.redroverk12.com/org/hotsprings1","Hot Springs County School District 1","2025-12-19"
667,"Bus Driver",NA,"Classified","District","https://jobs.redroverk12.com/org/hotsprings1","Hot Springs County School District 1","2025-12-19"
668,"Part-Time Custodian",NA,"Classified","District","https://jobs.redroverk12.com/org/hotsprings1","Hot Springs County School District 1","2025-12-19"
669,"Substitute Teacher",NA,"Classified","District","https://jobs.redroverk12.com/org/hotsprings1","Hot Springs County School District 1","2025-12-19"
670,"Paraprofessional",NA,"Classified","District","https://jobs.redroverk12.com/org/hotsprings1","Hot Springs County School District 1","2025-12-19"
671,"CEIS Paraprofessional",NA,"Classified","Cloud Peak Elementary","https://jobs.redroverk12.com/org/jcsd1","Johnson County School District 1","2025-12-19"
672,"Food Prep Tech",NA,"Classified","JCSD#1","https://jobs.redroverk12.com/org/jcsd1","Johnson County School District 1","2025-12-19"
673,"Student Support Specialist",NA,"Classified","New West High School","https://jobs.redroverk12.com/org/jcsd1","Johnson County School District 1","2025-12-19"
674,"Special Education Paraprofessional",NA,"Classified","JCSD #1","https://jobs.redroverk12.com/org/jcsd1","Johnson County School District 1","2025-12-19"
675,"Special Education Paraprofessional",NA,"Classified","Clear Creek Middle School","https://jobs.redroverk12.com/org/jcsd1","Johnson County School District 1","2025-12-19"
676,"Asst. Girls Wrestling Coach",NA,"Coaching","Buffalo High School","https://jobs.redroverk12.com/org/jcsd1","Johnson County School District 1","2025-12-19"
677,"Paraprofessional Substitute",NA,"Classified","JCSD #1","https://jobs.redroverk12.com/org/jcsd1","Johnson County School District 1","2025-12-19"
678,"Custodian Staff Substitute",NA,"Classified","JCSD #1","https://jobs.redroverk12.com/org/jcsd1","Johnson County School District 1","2025-12-19"
679,"Food Service Staff Substitute",NA,"Classified","JCSD #1","https://jobs.redroverk12.com/org/jcsd1","Johnson County School District 1","2025-12-19"
680,"Substitute Teacher",NA,"Substitute","JCSD #1","https://jobs.redroverk12.com/org/jcsd1","Johnson County School District 1","2025-12-19"
681,"Substitute Buffalo Bus Route Driver",NA,"Classified","JCSD #1","https://jobs.redroverk12.com/org/jcsd1","Johnson County School District 1","2025-12-19"
682,"Substitute Kaycee Bus Route Driver",NA,"Classified","Kaycee K-12 School","https://jobs.redroverk12.com/org/jcsd1","Johnson County School District 1","2025-12-19"
683,"Asst. Track Coach",NA,"Coaching","Clear Creek Middle School","https://jobs.redroverk12.com/org/jcsd1","Johnson County School District 1","2025-12-19"
