"","title","date_posted","position","location","url","District","Archive_Date"
"1","Assistant Middle School Track Coach-Rocky",2026-05-13,"Athletics/ Activities/","Rocky Mountain Middle/High School","https://www.applitrack.com/bighorn1/onlineapp/JobPostings/view.asp?all=1","Big Horn School District 1",2026-06-12
"2","Assistant Volleyball Coach- Burlington",2026-05-14,"Athletics/ Activities/","Burlington Schools","https://www.applitrack.com/bighorn1/onlineapp/JobPostings/view.asp?all=1","Big Horn School District 1",2026-06-12
"3","Middle School Assistant Football Coach-Burlington",2026-06-03,"Athletics/ Activities/","Burlington Schools","https://www.applitrack.com/bighorn1/onlineapp/JobPostings/view.asp?all=1","Big Horn School District 1",2026-06-12
"4","Assistant Middle School Track Coach-Burlington",2026-06-03,"Athletics/ Activities/","Burlington Schools","https://www.applitrack.com/bighorn1/onlineapp/JobPostings/view.asp?all=1","Big Horn School District 1",2026-06-12
"5","High School Head Track Coach-Rocky",2026-06-08,"Athletics/ Activities/","Rocky Mountain Middle/High School","https://www.applitrack.com/bighorn1/onlineapp/JobPostings/view.asp?all=1","Big Horn School District 1",2026-06-12
"6","testing",2026-06-11,"Elementary Teaching/","Rocky Mountain Middle/High School","https://www.applitrack.com/bighorn1/onlineapp/JobPostings/view.asp?all=1","Big Horn School District 1",2026-06-12
"7","Assistant Cook 20 hrs per week/Burlington",2026-04-20,"Food Service/","Burlington Schools","https://www.applitrack.com/bighorn1/onlineapp/JobPostings/view.asp?all=1","Big Horn School District 1",2026-06-12
"8","Sub Nurse",2020-09-23,"Student Support Services/","Big Horn Co School District 1","https://www.applitrack.com/bighorn1/onlineapp/JobPostings/view.asp?all=1","Big Horn School District 1",2026-06-12
"9","Sub - Teacher",2020-09-23,"Substitute/","Big Horn Co School District 1","https://www.applitrack.com/bighorn1/onlineapp/JobPostings/view.asp?all=1","Big Horn School District 1",2026-06-12
"10","Sub- Custodial/Cook/Secretary",2020-09-23,"Support Staff/","Big Horn Co School District 1","https://www.applitrack.com/bighorn1/onlineapp/JobPostings/view.asp?all=1","Big Horn School District 1",2026-06-12
"11","Sub - Paraprofessional",2020-09-23,"Support Staff/","Big Horn Co School District 1","https://www.applitrack.com/bighorn1/onlineapp/JobPostings/view.asp?all=1","Big Horn School District 1",2026-06-12
"12","Sub- Route Bus Driver - Burlington",2020-09-23,"Support Staff/","Bus Barn - South","https://www.applitrack.com/bighorn1/onlineapp/JobPostings/view.asp?all=1","Big Horn School District 1",2026-06-12
"13","Sub- Route Bus Driver - Cowley",2020-09-23,"Support Staff/","Transportation","https://www.applitrack.com/bighorn1/onlineapp/JobPostings/view.asp?all=1","Big Horn School District 1",2026-06-12
"14","High School Assistant Football Coach",2026-05-28,"Athletics/Activities","Lovell High School","https://www.applitrack.com/bgh2/onlineapp/default.aspx?all=1","Big Horn School District 2",2026-06-12
"15","Speech and Language Pathologist Assistant (SLPA)",2026-05-19,"Student Support Services","Big Horn County School District #2","https://www.applitrack.com/bgh2/onlineapp/default.aspx?all=1","Big Horn School District 2",2026-06-12
"16","Substitute Teacher",2022-03-30,"Substitute/","Big Horn County School District #2","https://www.applitrack.com/bgh2/onlineapp/default.aspx?all=1","Big Horn School District 2",2026-06-12
"17","Substitute Route and Activity Bus Drivers",2022-03-29,"Transportation","Big Horn County School District #2","https://www.applitrack.com/bgh2/onlineapp/default.aspx?all=1","Big Horn School District 2",2026-06-12
"18","Route Bus Driver",2025-05-27,"Transportation/","Big Horn County School District #2","https://www.applitrack.com/bgh2/onlineapp/default.aspx?all=1","Big Horn School District 2",2026-06-12
"19","Elementary School Special Education Teacher",2026-06-01,"Elementary School Teaching/","Greybull Elementary School","https://www.applitrack.com/bighorn/onlineapp/default.aspx?all=1","Big Horn School District 3",2026-06-12
"20","Paraprofessional- Elementary School",2026-03-25,"Support Staff/","Greybull Elementary School(High-Needs School)","https://www.applitrack.com/bighorn/onlineapp/default.aspx?all=1","Big Horn School District 3",2026-06-12
"21","Substitute Teacher",2017-07-05,"Substitute/","District Wide","https://www.applitrack.com/bighorn/onlineapp/default.aspx?all=1","Big Horn School District 3",2026-06-12
"22","Substitute Bus Driver / Activity Driver",2024-12-17,"Transportation/","Transportation","https://www.applitrack.com/bighorn/onlineapp/default.aspx?all=1","Big Horn School District 3",2026-06-12
"23","Middle School Head Volleyball Coach",2026-05-21,"Athletics/Activities","Riverside Middle School","https://www.applitrack.com/bgh4/onlineapp/default.aspx?all=1","Big Horn School District 4",2026-06-12
"24","High School Head Volleyball Coach",2026-06-10,"Athletics/Activities","Riverside High School","https://www.applitrack.com/bgh4/onlineapp/default.aspx?all=1","Big Horn School District 4",2026-06-12
"25","High School Athletic Coordinator/Director",2026-06-10,"Athletics/Activities","Riverside High School","https://www.applitrack.com/bgh4/onlineapp/default.aspx?all=1","Big Horn School District 4",2026-06-12
"26","Elementary Special Education Paraprofessional",2026-06-03,"Paraprofessional/","Laura Irwin Elementary","https://www.applitrack.com/bgh4/onlineapp/default.aspx?all=1","Big Horn School District 4",2026-06-12
"27","High School Special Education Paraprofessional",2026-06-03,"Paraprofessional/","Riverside High School","https://www.applitrack.com/bgh4/onlineapp/default.aspx?all=1","Big Horn School District 4",2026-06-12
"28","21 CCLC After School Program Activity Leaders",2020-01-21,"Student Support Services","Laura Irwin Elementary","https://www.applitrack.com/bgh4/onlineapp/default.aspx?all=1","Big Horn School District 4",2026-06-12
"29","Bus Driver",2022-01-07,"Support Staff","District","https://www.applitrack.com/bgh4/onlineapp/default.aspx?all=1","Big Horn School District 4",2026-06-12
"30","Substitute",2025-07-21,"Support Staff","District","https://www.applitrack.com/bgh4/onlineapp/default.aspx?all=1","Big Horn School District 4",2026-06-12
"31","Lifeguard",2026-06-11,"Aquatics/","Rawlins Aquatics Center","https://www.applitrack.com/crb1/onlineapp/jobpostings/view.asp?all=1","Carbon County School District 1",2026-06-12
"32","Asst. Football Coach",2025-11-11,"Athletics/Activities/","Rawlins Middle School","https://www.applitrack.com/crb1/onlineapp/jobpostings/view.asp?all=1","Carbon County School District 1",2026-06-12
"33","Asst. High School Football Coach",2026-04-17,"Athletics/Activities/","Little Snake River Valley School","https://www.applitrack.com/crb1/onlineapp/jobpostings/view.asp?all=1","Carbon County School District 1",2026-06-12
"34","2nd Asst. Track Coach",2026-06-01,"Athletics/Activities/","Rawlins Middle School","https://www.applitrack.com/crb1/onlineapp/jobpostings/view.asp?all=1","Carbon County School District 1",2026-06-12
"35","2nd Asst Throwing Track Coach",2026-06-10,"Athletics/Activities/","Rawlins Middle School","https://www.applitrack.com/crb1/onlineapp/jobpostings/view.asp?all=1","Carbon County School District 1",2026-06-12
"36","Music Teacher",2026-04-15,"Elementary School Teaching","Rawlins Elementary School","https://www.applitrack.com/crb1/onlineapp/jobpostings/view.asp?all=1","Carbon County School District 1",2026-06-12
"37","STEM Teacher",2026-02-10,"Elementary School Teaching","Rawlins Elementary School","https://www.applitrack.com/crb1/onlineapp/jobpostings/view.asp?all=1","Carbon County School District 1",2026-06-12
"38","Substitute Food Service",2026-06-11,"Food Service/","District","https://www.applitrack.com/crb1/onlineapp/jobpostings/view.asp?all=1","Carbon County School District 1",2026-06-12
"39","Maintenance Worker",2026-06-10,"Maintenance/Custodial","District","https://www.applitrack.com/crb1/onlineapp/jobpostings/view.asp?all=1","Carbon County School District 1",2026-06-12
"40","Substitute Custodian",2026-06-11,"Maintenance/Custodial/","District","https://www.applitrack.com/crb1/onlineapp/jobpostings/view.asp?all=1","Carbon County School District 1",2026-06-12
"41","Substitute Custodian",2026-06-11,"Maintenance/Custodial/","Little Snake River Valley School","https://www.applitrack.com/crb1/onlineapp/jobpostings/view.asp?all=1","Carbon County School District 1",2026-06-12
"42","Speech Para Professional",2026-06-08,"Student Support Services/","Rawlins Elementary School","https://www.applitrack.com/crb1/onlineapp/jobpostings/view.asp?all=1","Carbon County School District 1",2026-06-12
"43","Substitute Teacher/ Para Professional",2026-06-11,"Substitute/","District","https://www.applitrack.com/crb1/onlineapp/jobpostings/view.asp?all=1","Carbon County School District 1",2026-06-12
"44","ESL-MLL Para Professional",2026-06-11,"Support Staff/","Rawlins Elementary School","https://www.applitrack.com/crb1/onlineapp/jobpostings/view.asp?all=1","Carbon County School District 1",2026-06-12
"45","Substitute Bus Driver",2026-06-11,"Transportation","District","https://www.applitrack.com/crb1/onlineapp/jobpostings/view.asp?all=1","Carbon County School District 1",2026-06-12
"46","Bus Driver",2023-09-22,"Transportation/","District","https://www.applitrack.com/crb1/onlineapp/jobpostings/view.asp?all=1","Carbon County School District 1",2026-06-12
"47","First Assistant (Head) Middle School Boys Basketball Coach",2026-02-25,"Athletics/Activities/","Encampment K-12","https://www.applitrack.com/crb2/onlineapp/default.aspx?all=1","Carbon County School District 2",2026-06-12
"48","Other Assistant Middle School Boys Basketball Coach",2026-02-25,"Athletics/Activities/","Encampment K-12","https://www.applitrack.com/crb2/onlineapp/default.aspx?all=1","Carbon County School District 2",2026-06-12
"49","Assistant High School Volleyball Coach",2026-03-03,"Athletics/Activities/","H-E-M Junior/Senior High School","https://www.applitrack.com/crb2/onlineapp/default.aspx?all=1","Carbon County School District 2",2026-06-12
"50","Other Assistant Middle School Volleyball Coach",2026-03-06,"Athletics/Activities/","H-E-M Junior/Senior High School","https://www.applitrack.com/crb2/onlineapp/default.aspx?all=1","Carbon County School District 2",2026-06-12
"51","Other Assistant Middle School Football Coach",2026-03-10,"Athletics/Activities/","Saratoga Middle High School","https://www.applitrack.com/crb2/onlineapp/default.aspx?all=1","Carbon County School District 2",2026-06-12
"52","High School Assistant Boys Basketball Coach",2025-03-12,"Athletics/Activities/","H-E-M Junior/Senior High School","https://www.applitrack.com/crb2/onlineapp/default.aspx?all=1","Carbon County School District 2",2026-06-12
"53","Other Assistant Middle School Girls Wrestling Coach",2026-05-04,"Athletics/Activities/","Saratoga Middle High School","https://www.applitrack.com/crb2/onlineapp/default.aspx?all=1","Carbon County School District 2",2026-06-12
"54","2nd Assistant High School Football Coach",2026-05-29,"Athletics/Activities/","Saratoga Middle High School","https://www.applitrack.com/crb2/onlineapp/default.aspx?all=1","Carbon County School District 2",2026-06-12
"55","First Assistant Middle School Football Coach",2026-06-04,"Athletics/Activities/","Saratoga Middle High School","https://www.applitrack.com/crb2/onlineapp/default.aspx?all=1","Carbon County School District 2",2026-06-12
"56","Other Assistant Middle School Boys Wrestling Coach",2026-06-04,"Athletics/Activities/","Saratoga Middle High School","https://www.applitrack.com/crb2/onlineapp/default.aspx?all=1","Carbon County School District 2",2026-06-12
"57","Assistant High School Wrestling Coach",2026-06-04,"Athletics/Activities/","Saratoga Middle High School","https://www.applitrack.com/crb2/onlineapp/default.aspx?all=1","Carbon County School District 2",2026-06-12
"58","Agriculture Teacher",2026-05-13,"High School Teaching/","Saratoga Middle High School","https://www.applitrack.com/crb2/onlineapp/default.aspx?all=1","Carbon County School District 2",2026-06-12
"59","Temporary Summer Help",2026-04-08,"Maintenance/Custodial/","Encampment K-12","https://www.applitrack.com/crb2/onlineapp/default.aspx?all=1","Carbon County School District 2",2026-06-12
"60","Temporary Summer Help",2026-04-09,"Maintenance/Custodial/","Saratoga Elementary School","https://www.applitrack.com/crb2/onlineapp/default.aspx?all=1","Carbon County School District 2",2026-06-12
"61","Temporary Summer Help",2026-04-15,"Maintenance/Custodial/","H-E-M Junior/Senior High School","https://www.applitrack.com/crb2/onlineapp/default.aspx?all=1","Carbon County School District 2",2026-06-12
"62","District Mechanic",2026-04-23,"Other/","CCSD#2","https://www.applitrack.com/crb2/onlineapp/default.aspx?all=1","Carbon County School District 2",2026-06-12
"63","Elementary School Counselor",2026-01-28,"Student Support Services/","Hanna Elementary School","https://www.applitrack.com/crb2/onlineapp/default.aspx?all=1","Carbon County School District 2",2026-06-12
"64","Occupational Therapist(s)",2023-12-22,"Student Support Services/","CCSD#2","https://www.applitrack.com/crb2/onlineapp/default.aspx?all=1","Carbon County School District 2",2026-06-12
"65","School Psychologist",2026-05-22,"Student Support Services/","CCSD#2","https://www.applitrack.com/crb2/onlineapp/default.aspx?all=1","Carbon County School District 2",2026-06-12
"66","Substitute Bus Driver 2025/2026 School Year",2025-07-15,"Substitute/","CCSD#2","https://www.applitrack.com/crb2/onlineapp/default.aspx?all=1","Carbon County School District 2",2026-06-12
"67","Substitute Classroom/Special Education Aide 2025/2026 School Year",2025-07-15,"Substitute/","CCSD#2","https://www.applitrack.com/crb2/onlineapp/default.aspx?all=1","Carbon County School District 2",2026-06-12
"68","Substitute Cook Helpers 2025/2026 School Year",2025-07-15,"Substitute/","CCSD#2","https://www.applitrack.com/crb2/onlineapp/default.aspx?all=1","Carbon County School District 2",2026-06-12
"69","Substitute Custodian 2025/2026 School Year",2025-07-15,"Substitute/","CCSD#2","https://www.applitrack.com/crb2/onlineapp/default.aspx?all=1","Carbon County School District 2",2026-06-12
"70","Substitute Teacher 2025/2026 School Year",2025-07-15,"Substitute/","CCSD#2","https://www.applitrack.com/crb2/onlineapp/default.aspx?all=1","Carbon County School District 2",2026-06-12
"71","Route Bus Driver",2025-12-02,"Support Staff/","Encampment K-12","https://www.applitrack.com/crb2/onlineapp/default.aspx?all=1","Carbon County School District 2",2026-06-12
"72","Junior High School (7-8) Head Football Coach",2026-04-02,"Athletics/Activities/","Glenrock Jr/Sr High School","https://www.applitrack.com/converse2/onlineapp/default.aspx?all=1","Converse County School Distrcit 2",2026-06-12
"73","JH Assistant Girls Basketball Coach",2026-04-02,"Athletics/Activities/","Glenrock Jr/Sr High School","https://www.applitrack.com/converse2/onlineapp/default.aspx?all=1","Converse County School Distrcit 2",2026-06-12
"74","High School Assistant Football Coach",2026-04-13,"Athletics/Activities/","Glenrock Jr/Sr High School","https://www.applitrack.com/converse2/onlineapp/default.aspx?all=1","Converse County School Distrcit 2",2026-06-12
"75","Food Service Worker - Cook (Part -Time)",2025-12-02,"Food Service/","Converse County School District #2","https://www.applitrack.com/converse2/onlineapp/default.aspx?all=1","Converse County School Distrcit 2",2026-06-12
"76","Food Service Van Driver - (Part -Time)",2026-03-09,"Food Service/","Converse County School District #2","https://www.applitrack.com/converse2/onlineapp/default.aspx?all=1","Converse County School Distrcit 2",2026-06-12
"77","Night Custodian",2026-04-23,"Maintenance/Custodial/","Converse County School District #2","https://www.applitrack.com/converse2/onlineapp/default.aspx?all=1","Converse County School Distrcit 2",2026-06-12
"78","Occupational Therapist",2026-04-22,"Student Support Services Certified/","Converse County School District #2","https://www.applitrack.com/converse2/onlineapp/default.aspx?all=1","Converse County School Distrcit 2",2026-06-12
"79","Special Education Paraprofessional",2026-04-30,"Student Support Services Classified/","Converse County School District #2","https://www.applitrack.com/converse2/onlineapp/default.aspx?all=1","Converse County School Distrcit 2",2026-06-12
"80","Substitute Teacher/Aid/Cook/Custodian/Bus Driver/Summer Help",2019-03-26,"Substitute/","Converse County School District #2","https://www.applitrack.com/converse2/onlineapp/default.aspx?all=1","Converse County School Distrcit 2",2026-06-12
"81","Bus Driver (Route, Activity, Sub)",2023-04-13,"Transportation/","Converse County School District #2","https://www.applitrack.com/converse2/onlineapp/default.aspx?all=1","Converse County School Distrcit 2",2026-06-12
"82","No jobs",NA,NA,NA,"https://www.applitrack.com/ccsd1/onlineapp/default.aspx?all=1","Converse County School District 1",2026-06-12
"83","Head 7th Volleyball Coach",2025-12-16,"Athletics/Activities/","Lander Middle School","https://www.applitrack.com/fremontwy/onlineapp/jobpostings/view.asp?all=1","Fremont County School District 1",2026-06-12
"84","Science Teacher",2026-05-15,"Certified Teaching/","Lander Valley High School","https://www.applitrack.com/fremontwy/onlineapp/jobpostings/view.asp?all=1","Fremont County School District 1",2026-06-12
"85","Substitute Bus/Activity Driver (at-will)",2025-06-11,"Substitute/","Central Services","https://www.applitrack.com/fremontwy/onlineapp/jobpostings/view.asp?all=1","Fremont County School District 1",2026-06-12
"86","Bus Route Driver",2026-04-21,"Transportation / Warehouse/","District-wide","https://www.applitrack.com/fremontwy/onlineapp/jobpostings/view.asp?all=1","Fremont County School District 1",2026-06-12
"87","Special Education Director - Open Until Filled",2026-05-29,"Administration/","Fremont County School District 21","https://www.applitrack.com/fortwashakieschool/onlineapp/default.aspx?all=1","Fremont County School District 21",2026-06-12
"88","High School Principal - Open Until Filled",2026-04-22,"Administration/","Fort Washakie High School","https://www.applitrack.com/fortwashakieschool/onlineapp/default.aspx?all=1","Fremont County School District 21",2026-06-12
"89","Northern Arapaho Language Teachers - Open Until Filled",2026-05-08,"Elementary School Teaching/","Fremont County School District 21","https://www.applitrack.com/fortwashakieschool/onlineapp/default.aspx?all=1","Fremont County School District 21",2026-06-12
"90","Substitute Cooks",2025-10-06,"Student Support Services/","Fort Washakie Elementary","https://www.applitrack.com/fortwashakieschool/onlineapp/default.aspx?all=1","Fremont County School District 21",2026-06-12
"91","Special Education Teachers - Open Until Filled.",2026-03-24,"Student Support Services/","Fort Washakie Elementary","https://www.applitrack.com/fortwashakieschool/onlineapp/default.aspx?all=1","Fremont County School District 21",2026-06-12
"92","Substitute Teacher",2023-09-12,"Substitute/","Fort Washakie Elementary","https://www.applitrack.com/fortwashakieschool/onlineapp/default.aspx?all=1","Fremont County School District 21",2026-06-12
"93","Paraprofessional (Special Education)",2026-03-24,"Support Staff/","Fremont County School District 21","https://www.applitrack.com/fortwashakieschool/onlineapp/default.aspx?all=1","Fremont County School District 21",2026-06-12
"94","Special Education Paraprofessionals with Possible Tuition Reimbursement 2026-2027",2026-05-12,"Support Staff/","Special Ed Dept","https://www.applitrack.com/fremont24/onlineapp/default.aspx?all=1","Fremont County School District 24",2026-06-12
"95","Bus Driver Substitutes 2025-2026",2025-08-08,"Substitute/","K-12 Schoolwide","https://www.applitrack.com/fremont24/onlineapp/default.aspx?all=1","Fremont County School District 24",2026-06-12
"96","Cooks Helper Substitutes 2025-2026",2025-08-08,"Substitute/","District Office","https://www.applitrack.com/fremont24/onlineapp/default.aspx?all=1","Fremont County School District 24",2026-06-12
"97","Custodian Substitutes 2025-2026",2025-08-08,"Substitute/","District Wide","https://www.applitrack.com/fremont24/onlineapp/default.aspx?all=1","Fremont County School District 24",2026-06-12
"98","Substitute School Nurse 2025-2026",2025-08-08,"Substitute/","K-12 Schoolwide","https://www.applitrack.com/fremont24/onlineapp/default.aspx?all=1","Fremont County School District 24",2026-06-12
"99","Substitute Teacher 2025-2026",2025-08-08,"Substitute/","K-12 Schoolwide","https://www.applitrack.com/fremont24/onlineapp/default.aspx?all=1","Fremont County School District 24",2026-06-12
"100","Substitute Daycare Assistant 2025-2026",2025-08-08,"Substitute/","K-12 Schoolwide","https://www.applitrack.com/fremont24/onlineapp/default.aspx?all=1","Fremont County School District 24",2026-06-12
"101","No jobs",NA,NA,NA,"https://www.applitrack.com/fcsd38/onlineapp/default.aspx?all=1","Fremont County School District 38",2026-06-12
"102","High School Assistant Volleyball Coach",2025-03-24,"Athletics/Activities","Wind River High School","https://www.applitrack.com/fre6/onlineapp/default.aspx?all=1","Fremont County School District 6",2026-06-12
"103","HS Boys Boasketball Coach HEAD",2026-03-11,"Athletics/Activities","Wind River Middle/High School","https://www.applitrack.com/fre6/onlineapp/default.aspx?all=1","Fremont County School District 6",2026-06-12
"104","Assistant HS Girls Basketball Coach",2026-03-26,"Athletics/Activities","Wind River High School","https://www.applitrack.com/fre6/onlineapp/default.aspx?all=1","Fremont County School District 6",2026-06-12
"105","Assistant High School Boys Basketball Coach",2026-04-22,"Athletics/Activities","Wind River Schools","https://www.applitrack.com/fre6/onlineapp/default.aspx?all=1","Fremont County School District 6",2026-06-12
"106","Assistant HS Football Coach",2026-04-22,"Athletics/Activities","Wind River Schools","https://www.applitrack.com/fre6/onlineapp/default.aspx?all=1","Fremont County School District 6",2026-06-12
"107","Head HS Girls Basketball Coach",2026-05-13,"Athletics/Activities","Wind River Middle/High School","https://www.applitrack.com/fre6/onlineapp/default.aspx?all=1","Fremont County School District 6",2026-06-12
"108","Head HS Wrestling Coach",2026-05-15,"Athletics/Activities","Wind River Middle/High School","https://www.applitrack.com/fre6/onlineapp/default.aspx?all=1","Fremont County School District 6",2026-06-12
"109","Youth Volleyball Coach",2026-05-20,"Athletics/Activities","Wind River Elementary","https://www.applitrack.com/fre6/onlineapp/default.aspx?all=1","Fremont County School District 6",2026-06-12
"110","Preschool Teacher",2026-05-18,"Elementary School Teaching","Wind River Elementary","https://www.applitrack.com/fre6/onlineapp/default.aspx?all=1","Fremont County School District 6",2026-06-12
"111","Grounds Keeper/Custodian",2026-04-23,"Maintenance/Custodial/","Wind River Schools","https://www.applitrack.com/fre6/onlineapp/default.aspx?all=1","Fremont County School District 6",2026-06-12
"112","Custodian",2026-05-12,"Maintenance/Custodial/","Wind River Schools","https://www.applitrack.com/fre6/onlineapp/default.aspx?all=1","Fremont County School District 6",2026-06-12
"113","Substitute Teacher",2024-08-20,"Substitute/","Wind River Schools","https://www.applitrack.com/fre6/onlineapp/default.aspx?all=1","Fremont County School District 6",2026-06-12
"114","Substitute Para/Custodian/Food Service",2024-11-14,"Substitute/","Wind River Schools","https://www.applitrack.com/fre6/onlineapp/default.aspx?all=1","Fremont County School District 6",2026-06-12
"115","Bus Driver",2026-05-19,"Support Staff","Wind River Schools","https://www.applitrack.com/fre6/onlineapp/default.aspx?all=1","Fremont County School District 6",2026-06-12
"116","Assistant High School Boys Basketball Coach",2026-05-15,"Athletics/Activities/","Wyoming Indian High School","https://www.applitrack.com/fremont14/onlineapp/default.aspx?all=1","Fremont County School District 14",2026-06-12
"117","Assistant High School Girls Basketball Coach",2026-05-15,"Athletics/Activities/","Wyoming Indian High School","https://www.applitrack.com/fremont14/onlineapp/default.aspx?all=1","Fremont County School District 14",2026-06-12
"118","High School Assistant Volleyball Coach",2026-05-15,"Athletics/Activities/","Wyoming Indian High School","https://www.applitrack.com/fremont14/onlineapp/default.aspx?all=1","Fremont County School District 14",2026-06-12
"119","Middle School Assistant Volleyball Coach",2026-05-15,"Athletics/Activities/","Wyoming Indian Middle School","https://www.applitrack.com/fremont14/onlineapp/default.aspx?all=1","Fremont County School District 14",2026-06-12
"120","Substitute School Nurse",2020-07-23,"Student Health Services/","District Wide","https://www.applitrack.com/fremont14/onlineapp/default.aspx?all=1","Fremont County School District 14",2026-06-12
"121","Middle School Building Intervention Program Aide",2026-05-15,"Student Support Services","Wyoming Indian Middle School","https://www.applitrack.com/fremont14/onlineapp/default.aspx?all=1","Fremont County School District 14",2026-06-12
"122","Speech Language Pathologist",2026-05-20,"Student Support Services/","Wyoming Indian Elementary School","https://www.applitrack.com/fremont14/onlineapp/default.aspx?all=1","Fremont County School District 14",2026-06-12
"123","Substitute Teacher - Classroom",2018-10-09,"Substitute Certified/","District Wide","https://www.applitrack.com/fremont14/onlineapp/default.aspx?all=1","Fremont County School District 14",2026-06-12
"124","Substitute School Secretary",2026-02-06,"Substitute Non Certified","District Wide","https://www.applitrack.com/fremont14/onlineapp/default.aspx?all=1","Fremont County School District 14",2026-06-12
"125","Substitute Cook",2018-10-10,"Substitute Non Certified/","District Wide","https://www.applitrack.com/fremont14/onlineapp/default.aspx?all=1","Fremont County School District 14",2026-06-12
"126","Substitute Custodian",2019-09-09,"Substitute Non Certified/","District Wide","https://www.applitrack.com/fremont14/onlineapp/default.aspx?all=1","Fremont County School District 14",2026-06-12
"127","Language and Culture Paraprofessional",2026-04-11,"Support Staff/","District Wide","https://www.applitrack.com/fremont14/onlineapp/default.aspx?all=1","Fremont County School District 14",2026-06-12
"128","Special Education Paraprofessional",2026-03-12,"Support Staff/","Wyoming Indian Elementary School","https://www.applitrack.com/fremont14/onlineapp/default.aspx?all=1","Fremont County School District 14",2026-06-12
"129","Bus Driver",2023-09-18,"Transportation/","District Wide","https://www.applitrack.com/fremont14/onlineapp/default.aspx?all=1","Fremont County School District 14",2026-06-12
"130","Substitute Bus Driver",2021-07-09,"Transportation/","District Wide","https://www.applitrack.com/fremont14/onlineapp/default.aspx?all=1","Fremont County School District 14",2026-06-12
"131","No jobs",NA,NA,NA,"https://www.applitrack.com/rangers1/onlineapp/default.aspx?all=1","Lincoln County School District 1",2026-06-12
"132","No jobs",NA,NA,NA,"https://www.applitrack.com/park1/onlineapp/default.aspx?all=1","Park County School District 1",2026-06-12
"133","No jobs",NA,NA,NA,"https://www.applitrack.com/park6/onlineapp/default.aspx?all=1","Park County School District 6",2026-06-12
"134","TRE Cook",2026-06-08,"Food Service/","Tongue River Elementary","https://www.applitrack.com/sheridanwy/onlineapp/default.aspx?all=1","Sheridan County School District 1",2026-06-12
"135","BHE Librarian",2026-05-18,"Support Staff/","Big Horn Elementary","https://www.applitrack.com/sheridanwy/onlineapp/default.aspx?all=1","Sheridan County School District 1",2026-06-12
"136","BHMS Assistant Girls Basketball Coach",2026-05-26,"Athletics/Activities/","Big Horn Middle School","https://www.applitrack.com/sheridanwy/onlineapp/default.aspx?all=1","Sheridan County School District 1",2026-06-12
"137","BHHS Assistant Volleyball Coach",2026-06-03,"Athletics/Activities/","Big Horn High School","https://www.applitrack.com/sheridanwy/onlineapp/default.aspx?all=1","Sheridan County School District 1",2026-06-12
"138","BHHS Assistant Boys Basketball Coach",2026-06-08,"Athletics/Activities/","Big Horn High School","https://www.applitrack.com/sheridanwy/onlineapp/default.aspx?all=1","Sheridan County School District 1",2026-06-12
"139","TRMS Assistant Cross-Country Coach",2026-02-04,"Athletics/Activities/","Tongue River Middle School","https://www.applitrack.com/sheridanwy/onlineapp/default.aspx?all=1","Sheridan County School District 1",2026-06-12
"140","TRMS Assistant Volleyball Coach",2026-02-04,"Athletics/Activities/","Tongue River Middle School","https://www.applitrack.com/sheridanwy/onlineapp/default.aspx?all=1","Sheridan County School District 1",2026-06-12
"141","TRHS Head Boys Basketball Coach",2026-05-05,"Athletics/Activities/","Tongue River High School","https://www.applitrack.com/sheridanwy/onlineapp/default.aspx?all=1","Sheridan County School District 1",2026-06-12
"142","TRHS Assistant Boys Basketball Coach",2026-05-05,"Athletics/Activities/","Tongue River High School","https://www.applitrack.com/sheridanwy/onlineapp/default.aspx?all=1","Sheridan County School District 1",2026-06-12
"143","Big Horn Custodian",2025-12-08,"Maintenance/Custodial/","Big Horn High School","https://www.applitrack.com/sheridanwy/onlineapp/default.aspx?all=1","Sheridan County School District 1",2026-06-12
"144","Bus Driver",2025-04-01,"Transportation/","District-Wide","https://www.applitrack.com/sheridanwy/onlineapp/default.aspx?all=1","Sheridan County School District 1",2026-06-12
"145","TRMS Assistant Girls Basketball Coach",2025-05-20,"Athletics/Activities/","Tongue River Middle School","https://www.applitrack.com/sheridanwy/onlineapp/default.aspx?all=1","Sheridan County School District 1",2026-06-12
"146","TRHS Assistant Volleyball Coach",2025-05-28,"Athletics/Activities/","Tongue River High School","https://www.applitrack.com/sheridanwy/onlineapp/default.aspx?all=1","Sheridan County School District 1",2026-06-12
"147","TRHS Assistant Track Coach",2025-06-03,"Athletics/Activities/","Tongue River High School","https://www.applitrack.com/sheridanwy/onlineapp/default.aspx?all=1","Sheridan County School District 1",2026-06-12
"148","TRMS Assistant Robotics Coach",2025-08-12,"Athletics/Activities/","Tongue River Middle School","https://www.applitrack.com/sheridanwy/onlineapp/default.aspx?all=1","Sheridan County School District 1",2026-06-12
"149","TRHS Head Cross-Country Coach",2025-11-18,"Athletics/Activities/","Tongue River High School","https://www.applitrack.com/sheridanwy/onlineapp/default.aspx?all=1","Sheridan County School District 1",2026-06-12
"150","TRMS Assistant Boys Basketball Coach",2024-08-14,"Athletics/Activities/","Tongue River Middle School","https://www.applitrack.com/sheridanwy/onlineapp/default.aspx?all=1","Sheridan County School District 1",2026-06-12
"151","Substitute - Support Staff",2018-07-03,"Substitute/","District-Wide","https://www.applitrack.com/sheridanwy/onlineapp/default.aspx?all=1","Sheridan County School District 1",2026-06-12
"152","Substitute - Teacher",2018-07-09,"Substitute/","District-Wide","https://www.applitrack.com/sheridanwy/onlineapp/default.aspx?all=1","Sheridan County School District 1",2026-06-12
"153","Spring Musical Director - Sheridan High School",2026-06-10,"Activities","Sheridan High School","https://www.applitrack.com/scsd2/OnlineApp/default.aspx?all=1","Sheridan County School District 2",2026-06-12
"154","Office Paraprofessional - Sheridan High School",2026-05-06,"Administrative/Clerical","Sheridan High School","https://www.applitrack.com/scsd2/OnlineApp/default.aspx?all=1","Sheridan County School District 2",2026-06-12
"155","Administrative Assistant - Story Elementary",2026-05-13,"Administrative/Clerical/","Story","https://www.applitrack.com/scsd2/OnlineApp/default.aspx?all=1","Sheridan County School District 2",2026-06-12
"156","After School Program Site Coordinator - Highland Park Elementary",2026-05-12,"After School Program/","Highland Park","https://www.applitrack.com/scsd2/OnlineApp/default.aspx?all=1","Sheridan County School District 2",2026-06-12
"157","Boys Assistant Soccer Coach - Sheridan High School",2026-06-10,"Athletic Coaches","Sheridan High School","https://www.applitrack.com/scsd2/OnlineApp/default.aspx?all=1","Sheridan County School District 2",2026-06-12
"158","Sheridan High School Assistant Volleyball Coach - 9th Grade B Team",2026-06-05,"Athletic Coaches","Sheridan High School","https://www.applitrack.com/scsd2/OnlineApp/default.aspx?all=1","Sheridan County School District 2",2026-06-12
"159","Sheridan High School Assistant Girls Soccer Coach",2026-06-08,"Athletic Coaches","Sheridan High School","https://www.applitrack.com/scsd2/OnlineApp/default.aspx?all=1","Sheridan County School District 2",2026-06-12
"160","SHS Assistant Softball Coach",2026-06-08,"Athletic Coaches","Sheridan High School","https://www.applitrack.com/scsd2/OnlineApp/default.aspx?all=1","Sheridan County School District 2",2026-06-12
"161","Assistant Basketball Coach - 9th Grade B Team - Sheridan High School",2026-02-10,"Athletic Coaches","Sheridan High School","https://www.applitrack.com/scsd2/OnlineApp/default.aspx?all=1","Sheridan County School District 2",2026-06-12
"162","Assistant Wrestling Coach - Sheridan Junior High School",2026-01-14,"Athletic Coaches","Sheridan Junior High School","https://www.applitrack.com/scsd2/OnlineApp/default.aspx?all=1","Sheridan County School District 2",2026-06-12
"163","Assistant Volleyball Coach - 8th Grade Girls - Sheridan Junior High School",2026-03-30,"Athletic Coaches","Sheridan Junior High School","https://www.applitrack.com/scsd2/OnlineApp/default.aspx?all=1","Sheridan County School District 2",2026-06-12
"164","Assistant Golf Coach - Sheridan High School",2026-04-16,"Athletic Coaches","Sheridan High School","https://www.applitrack.com/scsd2/OnlineApp/default.aspx?all=1","Sheridan County School District 2",2026-06-12
"165","Assistant Football Coach 8th Grade - Sheridan Junior High School",2026-04-21,"Athletic Coaches","Sheridan Junior High School","https://www.applitrack.com/scsd2/OnlineApp/default.aspx?all=1","Sheridan County School District 2",2026-06-12
"166","Girls Assistant Volleyball Coach - 7th Grade B Team - Sheridan Junior High School",2026-03-12,"Athletic Coaches","Sheridan Junior High School","https://www.applitrack.com/scsd2/OnlineApp/default.aspx?all=1","Sheridan County School District 2",2026-06-12
"167","Girls Basketball Coach - 7th Grade C Team - Sheridan Junior High School",2026-03-12,"Athletic Coaches","Sheridan Junior High School","https://www.applitrack.com/scsd2/OnlineApp/default.aspx?all=1","Sheridan County School District 2",2026-06-12
"168","Head 8th Grade Football Coach - Sheridan Junior High School",2026-05-06,"Athletic Coaches/","Sheridan Junior High School","https://www.applitrack.com/scsd2/OnlineApp/default.aspx?all=1","Sheridan County School District 2",2026-06-12
"169","Head Basketball Coach - Boys 7th Grade - Sheridan Junior High School",2026-04-21,"Athletic Coaches/","Sheridan Junior High School","https://www.applitrack.com/scsd2/OnlineApp/default.aspx?all=1","Sheridan County School District 2",2026-06-12
"170","Head Football Coach - 7th Grade Boys - Sheridan Junior High School",2026-01-29,"Athletic Coaches/","Sheridan Junior High School","https://www.applitrack.com/scsd2/OnlineApp/default.aspx?all=1","Sheridan County School District 2",2026-06-12
"171","Human Resources Specialist",2026-05-18,"Central Office Technicians/Specialists/","Central Office","https://www.applitrack.com/scsd2/OnlineApp/default.aspx?all=1","Sheridan County School District 2",2026-06-12
"172","Kitchen Supervisor - Henry A. Coffeen Elementary",2026-06-10,"Food Services Staff/","Henry A. Coffeen","https://www.applitrack.com/scsd2/OnlineApp/default.aspx?all=1","Sheridan County School District 2",2026-06-12
"173","Second Cook - Sheridan Junior High School",2026-06-10,"Food Services Staff/","Sheridan Junior High School","https://www.applitrack.com/scsd2/OnlineApp/default.aspx?all=1","Sheridan County School District 2",2026-06-12
"174","Special Education Paraprofessional - Henry A. Coffeen Elementary",2026-05-21,"Paraprofessionals","Henry A. Coffeen","https://www.applitrack.com/scsd2/OnlineApp/default.aspx?all=1","Sheridan County School District 2",2026-06-12
"175","English Language /Special Education Paraprofessional - Highland Park Elementary",2026-06-01,"Paraprofessionals","Highland Park","https://www.applitrack.com/scsd2/OnlineApp/default.aspx?all=1","Sheridan County School District 2",2026-06-12
"176","Special Education Paraprofessional - Sheridan High School",2026-05-03,"Paraprofessionals","Sheridan High School","https://www.applitrack.com/scsd2/OnlineApp/default.aspx?all=1","Sheridan County School District 2",2026-06-12
"177","Substitute Teacher (for prior SCSD2 Teachers only)",2025-07-01,"Prior Employee/","District Wide","https://www.applitrack.com/scsd2/OnlineApp/default.aspx?all=1","Sheridan County School District 2",2026-06-12
"178","Seasonal Bus Mechanic",2026-03-27,"Seasonal Staff","Bus Barn","https://www.applitrack.com/scsd2/OnlineApp/default.aspx?all=1","Sheridan County School District 2",2026-06-12
"179","Substitute Custodian - Districtwide",2024-08-29,"Substitutes","District Wide","https://www.applitrack.com/scsd2/OnlineApp/default.aspx?all=1","Sheridan County School District 2",2026-06-12
"180","Substitute Bus Paraprofessional - Districtwide",2025-04-28,"Substitutes","Bus Barn","https://www.applitrack.com/scsd2/OnlineApp/default.aspx?all=1","Sheridan County School District 2",2026-06-12
"181","Substitute Paraprofessional",2024-07-10,"Substitutes","District Wide","https://www.applitrack.com/scsd2/OnlineApp/default.aspx?all=1","Sheridan County School District 2",2026-06-12
"182","Substitute School Nurse",2024-07-10,"Substitutes","District Wide","https://www.applitrack.com/scsd2/OnlineApp/default.aspx?all=1","Sheridan County School District 2",2026-06-12
"183","Substitute Teacher",2025-07-01,"Substitutes/","District Wide","https://www.applitrack.com/scsd2/OnlineApp/default.aspx?all=1","Sheridan County School District 2",2026-06-12
"184","IT Summer Intern",2026-06-04,"Technology Staff/","Thore","https://www.applitrack.com/scsd2/OnlineApp/default.aspx?all=1","Sheridan County School District 2",2026-06-12
"185","Bus Driver - Districtwide",2026-05-07,"Transportation Staff","Bus Barn","https://www.applitrack.com/scsd2/OnlineApp/default.aspx?all=1","Sheridan County School District 2",2026-06-12
"186","Substitute Bus Driver",2025-10-07,"Transportation Staff","Bus Barn","https://www.applitrack.com/scsd2/OnlineApp/default.aspx?all=1","Sheridan County School District 2",2026-06-12
"187","Attendance Secretary",2026-05-18,"Administrative Support Services/","Rock Springs Junior High School","https://www.applitrack.com/sweetwater/onlineapp/default.aspx?all=1","Sweetwater County School District 1",2026-06-12
"188","CAB/EL Secretary",2026-05-29,"Administrative Support Services/","Central Administration","https://www.applitrack.com/sweetwater/onlineapp/default.aspx?all=1","Sweetwater County School District 1",2026-06-12
"189","RSJH Assistant Coach - Swim",2026-06-01,"Athletics/Activities/","Rock Springs Junior High School","https://www.applitrack.com/sweetwater/onlineapp/default.aspx?all=1","Sweetwater County School District 1",2026-06-12
"190","Farson/Eden MS Boys Assistant Basketball Coach",2026-04-21,"Athletics/Activities/","Farson-Eden Middle School","https://www.applitrack.com/sweetwater/onlineapp/default.aspx?all=1","Sweetwater County School District 1",2026-06-12
"191","RSJH Assistant Coach - Track and Field",2026-04-28,"Athletics/Activities/","Rock Springs Junior High School","https://www.applitrack.com/sweetwater/onlineapp/default.aspx?all=1","Sweetwater County School District 1",2026-06-12
"192","RSHS Assistant Outdoor Track Coach (2)",2026-05-12,"Athletics/Activities/","Rock Springs High School","https://www.applitrack.com/sweetwater/onlineapp/default.aspx?all=1","Sweetwater County School District 1",2026-06-12
"193","RSHS Assistant Tennis Coach (2)",2026-05-12,"Athletics/Activities/","Rock Springs High School","https://www.applitrack.com/sweetwater/onlineapp/default.aspx?all=1","Sweetwater County School District 1",2026-06-12
"194","FEMS-FEHS Assistant Coach - Football (3)",2025-03-03,"Athletics/Activities/","Farson-Eden High School","https://www.applitrack.com/sweetwater/onlineapp/default.aspx?all=1","Sweetwater County School District 1",2026-06-12
"195","RSJH Assistant Football Coach - 7th Grade",2026-02-10,"Athletics/Activities/","Rock Springs Junior High School","https://www.applitrack.com/sweetwater/onlineapp/default.aspx?all=1","Sweetwater County School District 1",2026-06-12
"196","RSHS Assistant Indoor Track Coach (3)",2026-03-10,"Athletics/Activities/","Rock Springs High School","https://www.applitrack.com/sweetwater/onlineapp/default.aspx?all=1","Sweetwater County School District 1",2026-06-12
"197","RSHS Assistant Girls Basketball Coach - Freshman",2026-03-11,"Athletics/Activities/","Rock Springs High School","https://www.applitrack.com/sweetwater/onlineapp/default.aspx?all=1","Sweetwater County School District 1",2026-06-12
"198","RSHS Assistant Boys Basketball Coach - (2)",2026-03-19,"Athletics/Activities/","Rock Springs High School","https://www.applitrack.com/sweetwater/onlineapp/default.aspx?all=1","Sweetwater County School District 1",2026-06-12
"199","RSHS Head Boys Swim Coach",2026-06-01,"Athletics/Activities/","Rock Springs High School","https://www.applitrack.com/sweetwater/onlineapp/default.aspx?all=1","Sweetwater County School District 1",2026-06-12
"200","RSHS Head Girls Swim Coach",2026-06-01,"Athletics/Activities/","Rock Springs High School","https://www.applitrack.com/sweetwater/onlineapp/default.aspx?all=1","Sweetwater County School District 1",2026-06-12
"201","Assistant Principal - Eastside Elementary",2026-05-15,"Certified Administrator/","Eastside Elementary","https://www.applitrack.com/sweetwater/onlineapp/default.aspx?all=1","Sweetwater County School District 1",2026-06-12
"202","Elementary Teacher 1st Grade",2026-06-10,"Certified Staff/","Sage Elementary","https://www.applitrack.com/sweetwater/onlineapp/default.aspx?all=1","Sweetwater County School District 1",2026-06-12
"203","EL Teacher",2026-05-13,"Certified Staff/","Eastside Elementary","https://www.applitrack.com/sweetwater/onlineapp/default.aspx?all=1","Sweetwater County School District 1",2026-06-12
"204","EL Teacher",2025-11-04,"Certified Staff/","Rock Springs High School","https://www.applitrack.com/sweetwater/onlineapp/default.aspx?all=1","Sweetwater County School District 1",2026-06-12
"205","English/Language Arts",2026-04-20,"Certified Staff/","Rock Springs Junior High School","https://www.applitrack.com/sweetwater/onlineapp/default.aspx?all=1","Sweetwater County School District 1",2026-06-12
"206","Spanish Teacher",2026-05-12,"Certified Staff/","Rock Springs High School","https://www.applitrack.com/sweetwater/onlineapp/default.aspx?all=1","Sweetwater County School District 1",2026-06-12
"207","School Counselor",2026-04-13,"Certified Staff/","Farson Schools","https://www.applitrack.com/sweetwater/onlineapp/default.aspx?all=1","Sweetwater County School District 1",2026-06-12
"208","School Counselor",2026-05-20,"Certified Staff/","Eastside Elementary","https://www.applitrack.com/sweetwater/onlineapp/default.aspx?all=1","Sweetwater County School District 1",2026-06-12
"209","Industrial Arts - Welding",2026-05-04,"Certified Staff/","Rock Springs High School","https://www.applitrack.com/sweetwater/onlineapp/default.aspx?all=1","Sweetwater County School District 1",2026-06-12
"210","Library Media Specialist K-3 (Stagecoach and Wamsutter)",2025-11-03,"Certified Staff/","District Wide","https://www.applitrack.com/sweetwater/onlineapp/default.aspx?all=1","Sweetwater County School District 1",2026-06-12
"211","Music Teacher 4-6 (3)",2025-11-06,"Certified Staff/","District Wide","https://www.applitrack.com/sweetwater/onlineapp/default.aspx?all=1","Sweetwater County School District 1",2026-06-12
"212","Music Teacher K-3 (2)",2025-11-06,"Certified Staff/","District Wide","https://www.applitrack.com/sweetwater/onlineapp/default.aspx?all=1","Sweetwater County School District 1",2026-06-12
"213","School Psychologist (5)",2026-03-31,"Certified Staff/","District Wide","https://www.applitrack.com/sweetwater/onlineapp/default.aspx?all=1","Sweetwater County School District 1",2026-06-12
"214","Science Teacher",2026-05-12,"Certified Staff/","Rock Springs Junior High School","https://www.applitrack.com/sweetwater/onlineapp/default.aspx?all=1","Sweetwater County School District 1",2026-06-12
"215","Social Worker",2026-03-31,"Certified Staff/","Stagecoach Elementary","https://www.applitrack.com/sweetwater/onlineapp/default.aspx?all=1","Sweetwater County School District 1",2026-06-12
"216","Social Worker",2026-05-20,"Certified Staff/","Lowell School","https://www.applitrack.com/sweetwater/onlineapp/default.aspx?all=1","Sweetwater County School District 1",2026-06-12
"217","At-Risk Coordinator",2026-06-10,"Certified Staff/","Rock Springs High School","https://www.applitrack.com/sweetwater/onlineapp/default.aspx?all=1","Sweetwater County School District 1",2026-06-12
"218","Resource Teacher (2)",2026-04-08,"Certified Staff/","Rock Springs Junior High School","https://www.applitrack.com/sweetwater/onlineapp/default.aspx?all=1","Sweetwater County School District 1",2026-06-12
"219","Special Education - Resource Teacher (2)",2025-11-04,"Certified Staff/","Eastside Elementary","https://www.applitrack.com/sweetwater/onlineapp/default.aspx?all=1","Sweetwater County School District 1",2026-06-12
"220","Resource Teacher",2025-11-04,"Certified Staff/","Overland Elementary","https://www.applitrack.com/sweetwater/onlineapp/default.aspx?all=1","Sweetwater County School District 1",2026-06-12
"221","Resource Teacher",2025-11-04,"Certified Staff/","Pilot Butte Elementary","https://www.applitrack.com/sweetwater/onlineapp/default.aspx?all=1","Sweetwater County School District 1",2026-06-12
"222","Resource Teacher",2025-11-03,"Certified Staff/","Desert Elementary (Wamsutter)","https://www.applitrack.com/sweetwater/onlineapp/default.aspx?all=1","Sweetwater County School District 1",2026-06-12
"223","Alternative Communications Program (ACP) Teacher",2026-03-10,"Certified Staff/","Rock Springs Junior High School","https://www.applitrack.com/sweetwater/onlineapp/default.aspx?all=1","Sweetwater County School District 1",2026-06-12
"224","Alternative Communications Program",2026-02-11,"Certified Staff/","Stagecoach Elementary","https://www.applitrack.com/sweetwater/onlineapp/default.aspx?all=1","Sweetwater County School District 1",2026-06-12
"225","Speech and Language Pathologist (3)",2026-03-31,"Certified Staff/","District Wide","https://www.applitrack.com/sweetwater/onlineapp/default.aspx?all=1","Sweetwater County School District 1",2026-06-12
"226","Title One Teacher",2026-02-17,"Certified Staff/","Eastside Elementary","https://www.applitrack.com/sweetwater/onlineapp/default.aspx?all=1","Sweetwater County School District 1",2026-06-12
"227","Bus Driver/Classroom Paraprofessional",2025-08-11,"Combined Positions/","Desert Elementary (Wamsutter)","https://www.applitrack.com/sweetwater/onlineapp/default.aspx?all=1","Sweetwater County School District 1",2026-06-12
"228","Early Head Start Full-Time Daycare Assistant",2026-05-18,"Daycare/","Overland Elementary","https://www.applitrack.com/sweetwater/onlineapp/default.aspx?all=1","Sweetwater County School District 1",2026-06-12
"229","Substitute - Head Start",2018-06-12,"Head Start","Overland Elementary","https://www.applitrack.com/sweetwater/onlineapp/default.aspx?all=1","Sweetwater County School District 1",2026-06-12
"230","Activities Lead/ Full Time Custodian",2026-03-03,"Maintenance/Custodial/","District Wide","https://www.applitrack.com/sweetwater/onlineapp/default.aspx?all=1","Sweetwater County School District 1",2026-06-12
"231","Full-Time Custodian",2026-06-02,"Maintenance/Custodial/","Farson Schools","https://www.applitrack.com/sweetwater/onlineapp/default.aspx?all=1","Sweetwater County School District 1",2026-06-12
"232","Summer Student Feeding Program Assistant (2)",2026-05-27,"Nutrition Services/","District Wide","https://www.applitrack.com/sweetwater/onlineapp/default.aspx?all=1","Sweetwater County School District 1",2026-06-12
"233","Nutrition Services Assistant",2026-05-05,"Nutrition Services/","Rock Springs Junior High","https://www.applitrack.com/sweetwater/onlineapp/default.aspx?all=1","Sweetwater County School District 1",2026-06-12
"234","Nutrition Services Manager",2026-05-19,"Nutrition Services/","Rock Springs Junior High","https://www.applitrack.com/sweetwater/onlineapp/default.aspx?all=1","Sweetwater County School District 1",2026-06-12
"235","Classroom Paraprofessional",2026-04-21,"Paraprofessional/","Pilot Butte Elementary","https://www.applitrack.com/sweetwater/onlineapp/default.aspx?all=1","Sweetwater County School District 1",2026-06-12
"236","Classroom Paraprofessional",2026-05-04,"Paraprofessional/","Rock Springs High School","https://www.applitrack.com/sweetwater/onlineapp/default.aspx?all=1","Sweetwater County School District 1",2026-06-12
"237","ELL Paraprofessional",2026-03-23,"Paraprofessional/","Walnut Elementary","https://www.applitrack.com/sweetwater/onlineapp/default.aspx?all=1","Sweetwater County School District 1",2026-06-12
"238","ELL Paraprofessional",2026-01-29,"Paraprofessional/","Desert View Elementary","https://www.applitrack.com/sweetwater/onlineapp/default.aspx?all=1","Sweetwater County School District 1",2026-06-12
"239","ELL Paraprofessional",2025-12-01,"Paraprofessional/","Rock Springs Junior High School","https://www.applitrack.com/sweetwater/onlineapp/default.aspx?all=1","Sweetwater County School District 1",2026-06-12
"240","Itinerant Paraprofessional/Testing Assistant",2026-05-05,"Paraprofessional/","District Wide","https://www.applitrack.com/sweetwater/onlineapp/default.aspx?all=1","Sweetwater County School District 1",2026-06-12
"241","Resource Room Paraprofessional",2026-06-02,"Paraprofessional/","Rock Springs High School","https://www.applitrack.com/sweetwater/onlineapp/default.aspx?all=1","Sweetwater County School District 1",2026-06-12
"242","Resource Room Paraprofessional",2025-08-21,"Paraprofessional/","Rock Springs Satellite High School","https://www.applitrack.com/sweetwater/onlineapp/default.aspx?all=1","Sweetwater County School District 1",2026-06-12
"243","One-On-One Paraprofessional",2026-03-30,"Paraprofessional/","Rock Springs Junior High","https://www.applitrack.com/sweetwater/onlineapp/default.aspx?all=1","Sweetwater County School District 1",2026-06-12
"244","Special Programs One-on-One Alternative Academics Program Paraprofessional",2026-03-23,"Paraprofessional/","Rock Springs High School","https://www.applitrack.com/sweetwater/onlineapp/default.aspx?all=1","Sweetwater County School District 1",2026-06-12
"245","Alternate Academic Special Programs One-on-One Paraprofessional",2026-03-16,"Paraprofessional/","Eastside Elementary","https://www.applitrack.com/sweetwater/onlineapp/default.aspx?all=1","Sweetwater County School District 1",2026-06-12
"246","One-On-One Paraprofessional",2026-03-16,"Paraprofessional/","Eastside Elementary","https://www.applitrack.com/sweetwater/onlineapp/default.aspx?all=1","Sweetwater County School District 1",2026-06-12
"247","Alternative Behavior Special Programs One-on-One Paraprofessional",2026-03-05,"Paraprofessional/","Eastside Elementary","https://www.applitrack.com/sweetwater/onlineapp/default.aspx?all=1","Sweetwater County School District 1",2026-06-12
"248","Special Programs Paraprofessional (Alternative Communications Program)",2026-02-18,"Paraprofessional/","Rock Springs Junior High School","https://www.applitrack.com/sweetwater/onlineapp/default.aspx?all=1","Sweetwater County School District 1",2026-06-12
"249","Special Programs Paraprofessional (18-21 Program)",2026-06-02,"Paraprofessional/","Lowell School","https://www.applitrack.com/sweetwater/onlineapp/default.aspx?all=1","Sweetwater County School District 1",2026-06-12
"250","Special Programs Paraprofessional (Alternative Behavior Program)",2026-06-09,"Paraprofessional/","Sage Elementary","https://www.applitrack.com/sweetwater/onlineapp/default.aspx?all=1","Sweetwater County School District 1",2026-06-12
"251","One-On-One Paraprofessional",2026-05-18,"Paraprofessional/","Rock Springs High School","https://www.applitrack.com/sweetwater/onlineapp/default.aspx?all=1","Sweetwater County School District 1",2026-06-12
"252","Special Programs One-on-One Paraprofessional",2026-05-12,"Paraprofessional/","Sage Elementary","https://www.applitrack.com/sweetwater/onlineapp/default.aspx?all=1","Sweetwater County School District 1",2026-06-12
"253","Alternate Behavior Paraprofessional",2026-04-16,"Paraprofessional/","Sage Elementary","https://www.applitrack.com/sweetwater/onlineapp/default.aspx?all=1","Sweetwater County School District 1",2026-06-12
"254","Certified Substitute School Nurse",2019-10-03,"Substitute","District Wide","https://www.applitrack.com/sweetwater/onlineapp/default.aspx?all=1","Sweetwater County School District 1",2026-06-12
"255","BOCES Part Time Building Substitute Teacher (2) - One Year Only",2025-06-05,"Substitute/","Overland Elementary","https://www.applitrack.com/sweetwater/onlineapp/default.aspx?all=1","Sweetwater County School District 1",2026-06-12
"256","2025-2026 Substitute Teacher - Part-Time",2025-07-07,"Substitute/","District Wide","https://www.applitrack.com/sweetwater/onlineapp/default.aspx?all=1","Sweetwater County School District 1",2026-06-12
"257","Summer Intern Transportation (2)",2026-05-21,"Transportation","Transportation","https://www.applitrack.com/sweetwater/onlineapp/default.aspx?all=1","Sweetwater County School District 1",2026-06-12
"258","Bus Aide",2026-02-04,"Transportation/","Transportation","https://www.applitrack.com/sweetwater/onlineapp/default.aspx?all=1","Sweetwater County School District 1",2026-06-12
"259","Part-Time Bus Driver (26 Hours/Week)",2026-01-19,"Transportation/","Transportation","https://www.applitrack.com/sweetwater/onlineapp/default.aspx?all=1","Sweetwater County School District 1",2026-06-12
"260","GRHS Assistant Girls Soccer Coach",2025-06-05,"Athletics/Activities/","Green River High School","https://www.applitrack.com/swcsd2/onlineapp/default.aspx?all=1","Sweetwater County School District 2",2026-06-12
"261","GRHS Asst Boys Swimming Diving Coach",2026-04-10,"Athletics/Activities/","Green River High School","https://www.applitrack.com/swcsd2/onlineapp/default.aspx?all=1","Sweetwater County School District 2",2026-06-12
"262","GRHS Assistant Girls Wrestling Coach",2026-04-10,"Athletics/Activities/","Green River High School","https://www.applitrack.com/swcsd2/onlineapp/default.aspx?all=1","Sweetwater County School District 2",2026-06-12
"263","Lincoln Middle School Assistant Boys Swimming Coach",2026-04-10,"Athletics/Activities/","Green River High School","https://www.applitrack.com/swcsd2/onlineapp/default.aspx?all=1","Sweetwater County School District 2",2026-06-12
"264","GRHS Asst Girls Swimming Diving Coach",2026-05-28,"Athletics/Activities/","Green River High School","https://www.applitrack.com/swcsd2/onlineapp/default.aspx?all=1","Sweetwater County School District 2",2026-06-12
"265","GRHS Assistant Boys Basketball Coach",2026-05-29,"Athletics/Activities/","Green River High School","https://www.applitrack.com/swcsd2/onlineapp/default.aspx?all=1","Sweetwater County School District 2",2026-06-12
"266","Head Custodian",2026-06-04,"Maintenance/Custodial/","Lincoln Middle School","https://www.applitrack.com/swcsd2/onlineapp/default.aspx?all=1","Sweetwater County School District 2",2026-06-12
"267","Substitute Custodian",2025-07-10,"Maintenance/Custodial/","Maintenance Department","https://www.applitrack.com/swcsd2/onlineapp/default.aspx?all=1","Sweetwater County School District 2",2026-06-12
"268","Substitute Nutrition Services",2025-07-10,"Nutrition Services/","Nutrition Services Department","https://www.applitrack.com/swcsd2/onlineapp/default.aspx?all=1","Sweetwater County School District 2",2026-06-12
"269","Substitute School Nurse",2026-05-11,"Substitute/","Central Office","https://www.applitrack.com/swcsd2/onlineapp/default.aspx?all=1","Sweetwater County School District 2",2026-06-12
"270","Substitute Teacher",2025-07-10,"Substitute/","Central Office","https://www.applitrack.com/swcsd2/onlineapp/default.aspx?all=1","Sweetwater County School District 2",2026-06-12
"271","Substitute Teacher Aide",2025-07-10,"Substitute/","Central Office","https://www.applitrack.com/swcsd2/onlineapp/default.aspx?all=1","Sweetwater County School District 2",2026-06-12
"272","Part-time Lifeguard Midday Shift/WSI",2026-05-22,"Support Staff/","Green River High School","https://www.applitrack.com/swcsd2/onlineapp/default.aspx?all=1","Sweetwater County School District 2",2026-06-12
"273","Basic Life Skills Paraprofessional",2026-06-04,"Support Staff/","Green River High School","https://www.applitrack.com/swcsd2/onlineapp/default.aspx?all=1","Sweetwater County School District 2",2026-06-12
"274","Special Education Paraprofessionals",2026-06-05,"Support Staff/","Green River High School","https://www.applitrack.com/swcsd2/onlineapp/default.aspx?all=1","Sweetwater County School District 2",2026-06-12
"275","Special Education Paraprofessional",2026-06-10,"Support Staff/","Truman Elementary School","https://www.applitrack.com/swcsd2/onlineapp/default.aspx?all=1","Sweetwater County School District 2",2026-06-12
"276","Special Education Paraprofessional (3)",2026-05-11,"Support Staff/","Lincoln Middle School","https://www.applitrack.com/swcsd2/onlineapp/default.aspx?all=1","Sweetwater County School District 2",2026-06-12
"277","Extended Resource Paraprofessional (2)",2026-05-11,"Support Staff/","Lincoln Middle School","https://www.applitrack.com/swcsd2/onlineapp/default.aspx?all=1","Sweetwater County School District 2",2026-06-12
"278","Bus Aide",2026-04-01,"Transportation/","Transportation Department","https://www.applitrack.com/swcsd2/onlineapp/default.aspx?all=1","Sweetwater County School District 2",2026-06-12
"279","Bus Driver",2026-04-01,"Transportation/","Transportation Department","https://www.applitrack.com/swcsd2/onlineapp/default.aspx?all=1","Sweetwater County School District 2",2026-06-12
"280","Substitute Bus Driver",2025-07-10,"Transportation/","Transportation Department","https://www.applitrack.com/swcsd2/onlineapp/default.aspx?all=1","Sweetwater County School District 2",2026-06-12
"281","High School Assistant Nordic Skiing Coach",2026-04-15,"Athletics/Activities/","TCSD Schools","https://www.applitrack.com/tcsd/onlineapp/default.aspx?all=1","Teton County School District 1",2026-06-12
"282","Middle School Girls Assistant Basketball Coach",2026-04-24,"Athletics/Activities/","TCSD Schools","https://www.applitrack.com/tcsd/onlineapp/default.aspx?all=1","Teton County School District 1",2026-06-12
"283","High School Assistant Boys Basketball Coach",2026-05-19,"Athletics/Activities/","TCSD Schools","https://www.applitrack.com/tcsd/onlineapp/default.aspx?all=1","Teton County School District 1",2026-06-12
"284","Middle School Assistant Football Coach",2026-05-19,"Athletics/Activities/","TCSD Schools","https://www.applitrack.com/tcsd/onlineapp/default.aspx?all=1","Teton County School District 1",2026-06-12
"285","High School Assistant Speech and Debate Coach",2026-05-27,"Athletics/Activities/","TCSD Schools","https://www.applitrack.com/tcsd/onlineapp/default.aspx?all=1","Teton County School District 1",2026-06-12
"286","Middle School Girls Assistant Wrestling Coach (Anticipated)",2026-06-05,"Athletics/Activities/","TCSD Schools","https://www.applitrack.com/tcsd/onlineapp/default.aspx?all=1","Teton County School District 1",2026-06-12
"287","High School Head Nordic Skiing Coach",2026-06-08,"Athletics/Activities/","TCSD Schools","https://www.applitrack.com/tcsd/onlineapp/default.aspx?all=1","Teton County School District 1",2026-06-12
"288","High School Assistant Cross Country Coach",2026-06-08,"Athletics/Activities/","TCSD Schools","https://www.applitrack.com/tcsd/onlineapp/default.aspx?all=1","Teton County School District 1",2026-06-12
"289","High School Assistant Track Coach",2026-06-08,"Athletics/Activities/","TCSD Schools","https://www.applitrack.com/tcsd/onlineapp/default.aspx?all=1","Teton County School District 1",2026-06-12
"290","Instructional Paraprofessional",2026-04-29,"Paraprofessional/","Wilson Elementary School","https://www.applitrack.com/tcsd/onlineapp/default.aspx?all=1","Teton County School District 1",2026-06-12
"291","Instructional Paraprofessional",2026-05-14,"Paraprofessional/","Munger Mountain Elementary","https://www.applitrack.com/tcsd/onlineapp/default.aspx?all=1","Teton County School District 1",2026-06-12
"292","Instructional Paraprofessional",2025-12-18,"Paraprofessional/","Kelly Elementary School","https://www.applitrack.com/tcsd/onlineapp/default.aspx?all=1","Teton County School District 1",2026-06-12
"293","Library Paraprofessional",2026-06-03,"Paraprofessional/","Munger Mountain Elementary","https://www.applitrack.com/tcsd/onlineapp/default.aspx?all=1","Teton County School District 1",2026-06-12
"294","K-12 Special Education Paraprofessional(s)",2026-04-28,"Paraprofessional/","TCSD Schools","https://www.applitrack.com/tcsd/onlineapp/default.aspx?all=1","Teton County School District 1",2026-06-12
"295","Special Education Permanent Support Specialist (Permanent Substitute)",2026-04-07,"Substitute/","TCSD Schools","https://www.applitrack.com/tcsd/onlineapp/default.aspx?all=1","Teton County School District 1",2026-06-12
"296","Substitute Teachers/Nurses",2020-02-11,"Substitute/","TCSD Schools","https://www.applitrack.com/tcsd/onlineapp/default.aspx?all=1","Teton County School District 1",2026-06-12
"297","Long Term Sub Elementary Social Worker/School Counselor",2026-06-08,"Substitute/","Colter Elementary School","https://www.applitrack.com/tcsd/onlineapp/default.aspx?all=1","Teton County School District 1",2026-06-12
"298","Substitute Para/Secretary",2020-02-11,"Substitute/","TCSD Schools","https://www.applitrack.com/tcsd/onlineapp/default.aspx?all=1","Teton County School District 1",2026-06-12
"299","Student Tech Aid, Seasonal/Temporary",2026-05-20,"Technology","TCSD Schools","https://www.applitrack.com/tcsd/onlineapp/default.aspx?all=1","Teton County School District 1",2026-06-12
"300","Girls High School Assistant Swim Coach",2026-05-04,"Athletics/Activities/","Evanston High School","https://www.applitrack.com/uinta/onlineapp/jobpostings/view.asp?all=1","Uinta County School District 1",2026-06-12
"301","Assistant High School Golf Coach",2026-05-05,"Athletics/Activities/","Evanston High School","https://www.applitrack.com/uinta/onlineapp/jobpostings/view.asp?all=1","Uinta County School District 1",2026-06-12
"302","Elementary Teacher",2026-03-09,"Elementary School Teaching/","District Wide","https://www.applitrack.com/uinta/onlineapp/jobpostings/view.asp?all=1","Uinta County School District 1",2026-06-12
"303","Substitute Custodians",2026-04-13,"Maintenance/Custodial/","District Wide","https://www.applitrack.com/uinta/onlineapp/jobpostings/view.asp?all=1","Uinta County School District 1",2026-06-12
"304","School Psychologist",2026-04-24,"Student Support Services/","District Wide","https://www.applitrack.com/uinta/onlineapp/jobpostings/view.asp?all=1","Uinta County School District 1",2026-06-12
"305","Bus Drivers and Substitute Bus Drivers",2026-01-09,"Support Staff/","Transportation","https://www.applitrack.com/uinta/onlineapp/jobpostings/view.asp?all=1","Uinta County School District 1",2026-06-12
"306","Full-time and Part-time Classroom Aides and SPED Paraprofessionals",2025-07-16,"Support Staff/","District Wide","https://www.applitrack.com/uinta/onlineapp/jobpostings/view.asp?all=1","Uinta County School District 1",2026-06-12
"307","Lifeguard - Student",2024-01-08,"Aquatic Center Staff/","Worland Aquatic Center","https://www.applitrack.com/washakie1/onlineapp/default.aspx?all=1","Washakie County School District 1",2026-06-12
"308","MS Assistant Volleyball Coach",2026-03-26,"Athletics/Activities","Worland Middle School","https://www.applitrack.com/washakie1/onlineapp/default.aspx?all=1","Washakie County School District 1",2026-06-12
"309","HS Assistant Forensics (Speech/Debate) Coach",2026-06-01,"Athletics/Activities","Worland High School","https://www.applitrack.com/washakie1/onlineapp/default.aspx?all=1","Washakie County School District 1",2026-06-12
"310","HS Head Forensics (Speech/Debate) Coach",2026-06-01,"Athletics/Activities","Worland High School","https://www.applitrack.com/washakie1/onlineapp/default.aspx?all=1","Washakie County School District 1",2026-06-12
"311","District Child Nutrition Program Supervisor",2026-05-22,"Cook","District","https://www.applitrack.com/washakie1/onlineapp/default.aspx?all=1","Washakie County School District 1",2026-06-12
"312","Assistant Cook",2026-06-01,"Cook/","Worland High School","https://www.applitrack.com/washakie1/onlineapp/default.aspx?all=1","Washakie County School District 1",2026-06-12
"313","Secondary Reading Specialist",2026-04-15,"Middle School Teaching/","Worland Middle School","https://www.applitrack.com/washakie1/onlineapp/default.aspx?all=1","Washakie County School District 1",2026-06-12
"314","Full-Time Special Education Paraeducator (Life Skills)",2026-05-01,"Paraprofessional","East Side Elementary","https://www.applitrack.com/washakie1/onlineapp/default.aspx?all=1","Washakie County School District 1",2026-06-12
"315","Full-Time Special Education Paraeducator (Resource)",2026-05-01,"Paraprofessional","East Side Elementary","https://www.applitrack.com/washakie1/onlineapp/default.aspx?all=1","Washakie County School District 1",2026-06-12
"316","Full-Time Special Education Paraeducator (Behavior)",2026-05-01,"Paraprofessional","South Side Elementary","https://www.applitrack.com/washakie1/onlineapp/default.aspx?all=1","Washakie County School District 1",2026-06-12
"317","Full-Time Special Education Paraeducator (Life Skills)",2026-05-01,"Paraprofessional","West Side Elementary","https://www.applitrack.com/washakie1/onlineapp/default.aspx?all=1","Washakie County School District 1",2026-06-12
"318","Part-Time Special Education Paraeducator (Resource)",2026-05-28,"Paraprofessional","South Side Elementary","https://www.applitrack.com/washakie1/onlineapp/default.aspx?all=1","Washakie County School District 1",2026-06-12
"319","Part-Time Special Education Paraeducator (Resource)",2026-05-28,"Paraprofessional","Worland High School","https://www.applitrack.com/washakie1/onlineapp/default.aspx?all=1","Washakie County School District 1",2026-06-12
"320","Full-Time Special Education Paraeducator (Life Skills)",2026-05-05,"Paraprofessional","South Side Elementary","https://www.applitrack.com/washakie1/onlineapp/default.aspx?all=1","Washakie County School District 1",2026-06-12
"321","Full-Time Special Education Paraeducator",2026-06-03,"Paraprofessional","Worland High School","https://www.applitrack.com/washakie1/onlineapp/default.aspx?all=1","Washakie County School District 1",2026-06-12
"322","Media Paraprofessional, Full-Time",2026-05-01,"Paraprofessional/","Worland Middle School","https://www.applitrack.com/washakie1/onlineapp/default.aspx?all=1","Washakie County School District 1",2026-06-12
"323","Speech Language Pathologist",2024-12-18,"Special Education Services","Education Resource Center","https://www.applitrack.com/washakie1/onlineapp/default.aspx?all=1","Washakie County School District 1",2026-06-12
"324","SLP-Assistant",2025-05-14,"Special Education Services","Education Resource Center","https://www.applitrack.com/washakie1/onlineapp/default.aspx?all=1","Washakie County School District 1",2026-06-12
"325","Substitute Bus Driver",2021-07-01,"Substitute/","Bus Barn","https://www.applitrack.com/washakie1/onlineapp/default.aspx?all=1","Washakie County School District 1",2026-06-12
"326","Substitute Cook",2020-11-04,"Substitute/","District","https://www.applitrack.com/washakie1/onlineapp/default.aspx?all=1","Washakie County School District 1",2026-06-12
"327","Substitute Housekeeper",2019-01-21,"Substitute/",NA,"https://www.applitrack.com/washakie1/onlineapp/default.aspx?all=1","Washakie County School District 1",2026-06-12
"328","Substitute Paraeducator",2016-03-02,"Substitute/",NA,"https://www.applitrack.com/washakie1/onlineapp/default.aspx?all=1","Washakie County School District 1",2026-06-12
"329","Substitute Teacher",2016-03-02,"Substitute/",NA,"https://www.applitrack.com/washakie1/onlineapp/default.aspx?all=1","Washakie County School District 1",2026-06-12
"330","Technology Director",2026-05-28,"Technology/","District","https://www.applitrack.com/washakie1/onlineapp/default.aspx?all=1","Washakie County School District 1",2026-06-12
"331","Route Bus Driver",2026-05-07,"Transportation/","Bus Barn","https://www.applitrack.com/washakie1/onlineapp/default.aspx?all=1","Washakie County School District 1",2026-06-12
"332","2026-2027 MS Volleyball Head Coach",2026-06-02,"Coaching","Dubois K-12 School","https://fremont2.tedk12.com/hire/index.aspx","Fremont County School District 2",2026-06-12
"333","2026-2027 MS Girls Basketball Head Coach",2026-04-15,"Coaching","Dubois K-12 School","https://fremont2.tedk12.com/hire/index.aspx","Fremont County School District 2",2026-06-12
"334","2026-2027 MS Girls Basketball Assistant Coach",2026-04-15,"Coaching","Dubois K-12 School","https://fremont2.tedk12.com/hire/index.aspx","Fremont County School District 2",2026-06-12
"335","2026-2027 HS Girls Basketball Assistant Coach",2026-04-15,"Coaching","Dubois K-12 School","https://fremont2.tedk12.com/hire/index.aspx","Fremont County School District 2",2026-06-12
"336","Substitute Custodian/Food Service",2025-02-01,"Classified","Dubois K-12 School","https://fremont2.tedk12.com/hire/index.aspx","Fremont County School District 2",2026-06-12
"337","Substitute Bus Driver",2024-04-01,"Classified","Bus Barn","https://fremont2.tedk12.com/hire/index.aspx","Fremont County School District 2",2026-06-12
"338","Substitute - Classified -  Para/Secretary",2024-04-01,"Classified","Dubois K-12 School","https://fremont2.tedk12.com/hire/index.aspx","Fremont County School District 2",2026-06-12
"339","Substitute Teaching",2024-04-01,"Substitute","Dubois K-12 School","https://fremont2.tedk12.com/hire/index.aspx","Fremont County School District 2",2026-06-12
"340","Academic & Behavioral Specialist - Trail Elementary",2026-06-08,"Elementary Certified","Trail Elementary School","https://goshen.tedk12.com/hire/index.aspx#aJobListings","Goshen County School District 1",2026-06-12
"341","Teacher - Elementary Reading Intervention Specialist/Title I  - Lincoln Elementary",2026-05-28,"Elementary Certified","Lincoln Elementary School","https://goshen.tedk12.com/hire/index.aspx#aJobListings","Goshen County School District 1",2026-06-12
"342","Teacher - Special Education (Torrington Middle School)",2026-05-05,"Special Education","Torrington Middle School","https://goshen.tedk12.com/hire/index.aspx#aJobListings","Goshen County School District 1",2026-06-12
"343","Substitute Cook",2026-03-04,"Food Service","District Food Services","https://goshen.tedk12.com/hire/index.aspx#aJobListings","Goshen County School District 1",2026-06-12
"344","Speech Language Pathologist - District",2026-03-01,"Specialist - Certified","Office of Special Services","https://goshen.tedk12.com/hire/index.aspx#aJobListings","Goshen County School District 1",2026-06-12
"345","Bus Driver/ Sub Bus Driver",2026-01-01,"Bus Driver","Transportation Services","https://goshen.tedk12.com/hire/index.aspx#aJobListings","Goshen County School District 1",2026-06-12
"346","Future Administrative Positions",2026-01-01,"Administrative - building","Central Administration Office","https://goshen.tedk12.com/hire/index.aspx#aJobListings","Goshen County School District 1",2026-06-12
"347","Future Substitute Teacher Positions",2026-01-01,"Substitute","Central Administration Office","https://goshen.tedk12.com/hire/index.aspx#aJobListings","Goshen County School District 1",2026-06-12
"348","Future Classified Positions",2026-01-01,"Support","Central Administration Office","https://goshen.tedk12.com/hire/index.aspx#aJobListings","Goshen County School District 1",2026-06-12
"349","Future Certified Positions",2026-01-01,"K-12","Central Administration Office","https://goshen.tedk12.com/hire/index.aspx#aJobListings","Goshen County School District 1",2026-06-12
"350","Substitute Custodian",2026-06-05,"Sundance Secondary","Sundance, Wyoming","https://crook1.schoolspring.com/","Crook County School District 1",2026-06-12
"351","Substitute Custodian",2026-06-05,"Moorcroft Secondary","Moorcroft, Wyoming","https://crook1.schoolspring.com/","Crook County School District 1",2026-06-12
"352","Substitute Custodian",2026-06-05,"Hulett K-12","Hulett, Wyoming","https://crook1.schoolspring.com/","Crook County School District 1",2026-06-12
"353","Substitute Teacher",2026-06-05,"Sundance Elementary","Sundance, Wyoming","https://crook1.schoolspring.com/","Crook County School District 1",2026-06-12
"354","Substitute Teacher",2026-06-05,"Moorcroft Elementary","Moorcroft, Wyoming","https://crook1.schoolspring.com/","Crook County School District 1",2026-06-12
"355","Substitute Teacher",2026-06-05,"Hulett K-12","Hulett, Wyoming","https://crook1.schoolspring.com/","Crook County School District 1",2026-06-12
"356","Substitute & Activity Bus Drivers",2026-06-05,"Sundance Secondary","Sundance, Wyoming","https://crook1.schoolspring.com/","Crook County School District 1",2026-06-12
"357","Substitute & Activity Bus Drivers",2026-06-05,"Moorcroft Secondary","Moorcroft, Wyoming","https://crook1.schoolspring.com/","Crook County School District 1",2026-06-12
"358","Substitute & Activity Bus Drivers",2026-06-05,"Hulett K-12","Hulett, Wyoming","https://crook1.schoolspring.com/","Crook County School District 1",2026-06-12
"359","Part-Time Custodian - HS",2026-05-29,"Hulett K-12","Hulett, Wyoming","https://crook1.schoolspring.com/","Crook County School District 1",2026-06-12
"360","Head High School Golf Coach - Fall",2026-05-29,"Moorcroft Secondary","Moorcroft, Wyoming","https://crook1.schoolspring.com/","Crook County School District 1",2026-06-12
"361","Assistant High School Boys Basketball Coach - MS",2026-05-29,"Moorcroft Secondary","Moorcroft, Wyoming","https://crook1.schoolspring.com/","Crook County School District 1",2026-06-12
"362","Assistant High School Girls Basketball Coach - Sundance",2026-05-27,"Sundance Secondary","Sundance, Wyoming","https://crook1.schoolspring.com/","Crook County School District 1",2026-06-12
"363","Assistant High School Football Coach - SS",2026-04-23,"Sundance Secondary","Sundance, Wyoming","https://crook1.schoolspring.com/","Crook County School District 1",2026-06-12
"364","Junior High Volleyball Coach - Sundance",2026-04-16,"Sundance Secondary","Sundance, Wyoming","https://crook1.schoolspring.com/","Crook County School District 1",2026-06-12
"365","Junior High Boys Basketball Coach",2026-04-16,"Moorcroft Secondary","Moorcroft, Wyoming","https://crook1.schoolspring.com/","Crook County School District 1",2026-06-12
"366","Head High School Track Coach - SS",2026-04-07,"Sundance Secondary","Sundance, Wyoming","https://crook1.schoolspring.com/","Crook County School District 1",2026-06-12
"367","Junior High Girls Wrestling Coach - SS",2026-04-07,"Sundance Secondary","Sundance, Wyoming","https://crook1.schoolspring.com/","Crook County School District 1",2026-06-12
"368","Junior High Girls Wrestling Coach - HS",2026-04-07,"Hulett K-12","Hulett, Wyoming","https://crook1.schoolspring.com/","Crook County School District 1",2026-06-12
"369","Junior High Boys Wrestling Coach - HS",2026-04-07,"Hulett K-12","Hulett, Wyoming","https://crook1.schoolspring.com/","Crook County School District 1",2026-06-12
"370","Assistant High School Football Coach - HS",2026-04-07,"Hulett K-12","Hulett, Wyoming","https://crook1.schoolspring.com/","Crook County School District 1",2026-06-12
"371","Route Bus Driver",2026-02-11,"Moorcroft Secondary","Moorcroft, Wyoming","https://crook1.schoolspring.com/","Crook County School District 1",2026-06-12
"372","Route Bus Driver - Hulett",2026-02-11,"Hulett K-12","Hulett, Wyoming","https://crook1.schoolspring.com/","Crook County School District 1",2026-06-12
"373","Route Bus Driver",2026-01-19,"Sundance Secondary","Sundance, Wyoming","https://crook1.schoolspring.com/","Crook County School District 1",2026-06-12
"374","Resource Teacher [XT21]",2026-06-10,"SUNRISE ELEMENTARY SCHOOL","Cheyenne, Wyoming","https://laramie1.schoolspring.com/","Laramie County School District 1",2026-06-12
"375","Resource Teacher [XT21]",2026-06-10,"SOUTH HIGH SCHOOL","Cheyenne, Wyoming","https://laramie1.schoolspring.com/","Laramie County School District 1",2026-06-12
"376","General Paraprofessional",2026-06-10,"PODER ACADEMY ELEMENTARY","Cheyenne, Wyoming","https://laramie1.schoolspring.com/","Laramie County School District 1",2026-06-12
"377","SPED Teacher",2026-06-10,"PODER ACADEMY ELEMENTARY","Cheyenne, Wyoming","https://laramie1.schoolspring.com/","Laramie County School District 1",2026-06-12
"378","ESL/ELL Teacher",2026-06-10,"PODER/PASS ACADEMY","Cheyenne, Wyoming","https://laramie1.schoolspring.com/","Laramie County School District 1",2026-06-12
"379","School Custodian/Maintenance",2026-06-09,"PODER ACADEMY SECONDARY (PASS)","Cheyenne, Wyoming","https://laramie1.schoolspring.com/","Laramie County School District 1",2026-06-12
"380","Office Manager - High School [CS13]",2026-06-09,"TRIUMPH HIGH SCHOOL","Cheyenne, Wyoming","https://laramie1.schoolspring.com/","Laramie County School District 1",2026-06-12
"381","Student Sweeper [ST05]",2026-06-09,"SADDLE RIDGE ELEMENTARY SCHOOL","Cheyenne, Wyoming","https://laramie1.schoolspring.com/","Laramie County School District 1",2026-06-12
"382","Head Girls Soccer Coach [C122]",2026-06-09,"EAST HIGH SCHOOL","Cheyenne, Wyoming","https://laramie1.schoolspring.com/","Laramie County School District 1",2026-06-12
"383","Assistant Volleyball Coach [C162]",2026-06-09,"JOHNSON JUNIOR HIGH SCHOOL","Cheyenne, Wyoming","https://laramie1.schoolspring.com/","Laramie County School District 1",2026-06-12
"384","Assistant Cross Country Coach [C142]",2026-06-09,"MCCORMICK JUNIOR HIGH SCHOOL","Cheyenne, Wyoming","https://laramie1.schoolspring.com/","Laramie County School District 1",2026-06-12
"385","HR Benefits Specialist",2026-06-09,"Laramie County School District 1","Cheyenne, Wyoming","https://laramie1.schoolspring.com/","Laramie County School District 1",2026-06-12
"386","Senior Payroll Specialist [CS57]",2026-06-05,"Laramie County School District 1","Cheyenne, Wyoming","https://laramie1.schoolspring.com/","Laramie County School District 1",2026-06-12
"387","3rd Grade Teacher",2026-06-05,"PODER ACADEMY ELEMENTARY","Cheyenne, Wyoming","https://laramie1.schoolspring.com/","Laramie County School District 1",2026-06-12
"388","1st Grade Teacher [TA03]",2026-06-05,"HENDERSON ELEMENTARY SCHOOL","Cheyenne, Wyoming","https://laramie1.schoolspring.com/","Laramie County School District 1",2026-06-12
"389","Secretary - Sr High Office Assistant [CS12]",2026-06-05,"SOUTH HIGH SCHOOL","Cheyenne, Wyoming","https://laramie1.schoolspring.com/","Laramie County School District 1",2026-06-12
"390","Facility Technician - Painter [TS14]",2026-06-05,"Laramie County School District 1","Cheyenne, Wyoming","https://laramie1.schoolspring.com/","Laramie County School District 1",2026-06-12
"391","4th Grade Teacher [TA09]",2026-06-04,"FAIRVIEW ELEMENTARY SCHOOL","Cheyenne, Wyoming","https://laramie1.schoolspring.com/","Laramie County School District 1",2026-06-12
"392","Technician - Library [CE25]",2026-06-04,"EAST HIGH SCHOOL","Cheyenne, Wyoming","https://laramie1.schoolspring.com/","Laramie County School District 1",2026-06-12
"393","Paraeducator General [PA07]",2026-06-04,"FAIRVIEW ELEMENTARY SCHOOL","Cheyenne, Wyoming","https://laramie1.schoolspring.com/","Laramie County School District 1",2026-06-12
"394","Building Substitute [TS72]",2026-06-04,"SOUTH HIGH SCHOOL","Cheyenne, Wyoming","https://laramie1.schoolspring.com/","Laramie County School District 1",2026-06-12
"395","Paraeducator - Library/Media 2",2026-06-04,"COYOTE RIDGE ELEMENTARY SCHOOL","Cheyenne, Wyoming","https://laramie1.schoolspring.com/","Laramie County School District 1",2026-06-12
"396","Paraeducator General [PA07]",2026-06-04,"BUFFALO RIDGE ELEMENTARY SCHL","Cheyenne, Wyoming","https://laramie1.schoolspring.com/","Laramie County School District 1",2026-06-12
"397","Resource Teacher [XT21]",2026-06-03,"BAIN ELEMENTARY SCHOOL","Cheyenne, Wyoming","https://laramie1.schoolspring.com/","Laramie County School District 1",2026-06-12
"398","Para eHelper [XP08]",2026-06-02,"SOUTH HIGH SCHOOL","Cheyenne, Wyoming","https://laramie1.schoolspring.com/","Laramie County School District 1",2026-06-12
"399","Resource Teacher [XT21]",2026-06-02,"MCCORMICK JUNIOR HIGH SCHOOL","Cheyenne, Wyoming","https://laramie1.schoolspring.com/","Laramie County School District 1",2026-06-12
"400","TEACHER LITERACY SPECIALIST [TA24]",2026-06-02,"COYOTE RIDGE ELEMENTARY SCHOOL","Cheyenne, Wyoming","https://laramie1.schoolspring.com/","Laramie County School District 1",2026-06-12
"401","Resource Teacher [XT21]",2026-06-02,"COYOTE RIDGE ELEMENTARY SCHOOL","Cheyenne, Wyoming","https://laramie1.schoolspring.com/","Laramie County School District 1",2026-06-12
"402","Life Skills/PALS Teacher [XT30]",2026-06-02,"COLE ELEMENTARY SCHOOL","Cheyenne, Wyoming","https://laramie1.schoolspring.com/","Laramie County School District 1",2026-06-12
"403","Resource Teacher [XT21]",2026-06-02,"COLE ELEMENTARY SCHOOL","Cheyenne, Wyoming","https://laramie1.schoolspring.com/","Laramie County School District 1",2026-06-12
"404","Secondary Math Teacher [TC23]",2026-06-01,"SOUTH HIGH SCHOOL","Cheyenne, Wyoming","https://laramie1.schoolspring.com/","Laramie County School District 1",2026-06-12
"405","Assistant Girls Wrestling Coach",2026-06-01,"SOUTH HIGH SCHOOL","Cheyenne, Wyoming","https://laramie1.schoolspring.com/","Laramie County School District 1",2026-06-12
"406","Assistant Volleyball Coach [C136]",2026-06-01,"EAST HIGH SCHOOL","Cheyenne, Wyoming","https://laramie1.schoolspring.com/","Laramie County School District 1",2026-06-12
"407","Biology/Life Science Teacher [TC26]",2026-06-01,"EDUCATION ANNEX","Cheyenne, Wyoming","https://laramie1.schoolspring.com/","Laramie County School District 1",2026-06-12
"408","Special Education Teacher [XT20]",2026-06-01,"EAST HIGH SCHOOL","Cheyenne, Wyoming","https://laramie1.schoolspring.com/","Laramie County School District 1",2026-06-12
"409","Principal",2026-05-29,"PODER ACADEMY SECONDARY (PASS)","Cheyenne, Wyoming","https://laramie1.schoolspring.com/","Laramie County School District 1",2026-06-12
"410","Custodial - Head Class 4 [CU07]",2026-05-28,"FAIRVIEW ELEMENTARY SCHOOL","Cheyenne, Wyoming","https://laramie1.schoolspring.com/","Laramie County School District 1",2026-06-12
"411","Paraeducator Resource Room [XP08]",2026-05-28,"COLE ELEMENTARY SCHOOL","Cheyenne, Wyoming","https://laramie1.schoolspring.com/","Laramie County School District 1",2026-06-12
"412","Paraeducator Special Needs Life Skills [XP09]",2026-05-28,"COLE ELEMENTARY SCHOOL","Cheyenne, Wyoming","https://laramie1.schoolspring.com/","Laramie County School District 1",2026-06-12
"413","Student Sweeper [ST05]",2026-05-28,"SUNRISE ELEMENTARY SCHOOL","Cheyenne, Wyoming","https://laramie1.schoolspring.com/","Laramie County School District 1",2026-06-12
"414","Assistant Tennis Coach [C132]",2026-05-28,"EAST HIGH SCHOOL","Cheyenne, Wyoming","https://laramie1.schoolspring.com/","Laramie County School District 1",2026-06-12
"415","Transportation Dispatcher [TS58]",2026-05-27,"Laramie County School District 1","Cheyenne, Wyoming","https://laramie1.schoolspring.com/","Laramie County School District 1",2026-06-12
"416","Paraeducator General [PA07]",2026-05-27,"MEADOWLARK ELEMENTARY SCHOOL","Cheyenne, Wyoming","https://laramie1.schoolspring.com/","Laramie County School District 1",2026-06-12
"417","Middle School Science Teacher (7th and 8th)",2026-05-27,"PODER ACADEMY SECONDARY (PASS)","Cheyenne, Wyoming","https://laramie1.schoolspring.com/","Laramie County School District 1",2026-06-12
"418","Secondary Math Teacher",2026-05-27,"PODER ACADEMY SECONDARY (PASS)","Cheyenne, Wyoming","https://laramie1.schoolspring.com/","Laramie County School District 1",2026-06-12
"419","Student Sweeper [ST05]",2026-05-22,"EAST HIGH SCHOOL","Cheyenne, Wyoming","https://laramie1.schoolspring.com/","Laramie County School District 1",2026-06-12
"420","Paraeducator Special Education [XP08]",2026-05-22,"TRIUMPH HIGH SCHOOL","Cheyenne, Wyoming","https://laramie1.schoolspring.com/","Laramie County School District 1",2026-06-12
"421","Paraeducator Resource Room [XP08]",2026-05-22,"MCCORMICK JUNIOR HIGH SCHOOL","Cheyenne, Wyoming","https://laramie1.schoolspring.com/","Laramie County School District 1",2026-06-12
"422","Substitute Transportation Assistant [S051]",2026-05-22,"Laramie County School District 1","Cheyenne, Wyoming","https://laramie1.schoolspring.com/","Laramie County School District 1",2026-06-12
"423","Substitute Bus Driver [S050]",2026-05-22,"Laramie County School District 1","Cheyenne, Wyoming","https://laramie1.schoolspring.com/","Laramie County School District 1",2026-06-12
"424","Paraeducator Nurse's Office [PA11]",2026-05-21,"MCCORMICK JUNIOR HIGH SCHOOL","Cheyenne, Wyoming","https://laramie1.schoolspring.com/","Laramie County School District 1",2026-06-12
"425","Educational Sign Language Interpreter [XP05]",2026-05-18,"Laramie County School District 1","Cheyenne, Wyoming","https://laramie1.schoolspring.com/","Laramie County School District 1",2026-06-12
"426","Paraeducator Sign Support [XP05]",2026-05-18,"Laramie County School District 1","Cheyenne, Wyoming","https://laramie1.schoolspring.com/","Laramie County School District 1",2026-06-12
"427","School Psychologist [XA01]",2026-05-18,"Laramie County School District 1","Cheyenne, Wyoming","https://laramie1.schoolspring.com/","Laramie County School District 1",2026-06-12
"428","Assistant Dance Coach",2026-05-18,"CENTRAL HIGH SCHOOL","Cheyenne, Wyoming","https://laramie1.schoolspring.com/","Laramie County School District 1",2026-06-12
"429","Head Cheer Coach [C108]",2026-05-18,"JOHNSON JUNIOR HIGH SCHOOL","Cheyenne, Wyoming","https://laramie1.schoolspring.com/","Laramie County School District 1",2026-06-12
"430","Paraeducator General [PA07]",2026-05-18,"EAST HIGH SCHOOL","Cheyenne, Wyoming","https://laramie1.schoolspring.com/","Laramie County School District 1",2026-06-12
"431","Head Cross Country Coach [C082]",2026-05-18,"MCCORMICK JUNIOR HIGH SCHOOL","Cheyenne, Wyoming","https://laramie1.schoolspring.com/","Laramie County School District 1",2026-06-12
"432","Assistant Football Coach - 4 positions [C088]",2026-05-18,"SOUTH HIGH SCHOOL","Cheyenne, Wyoming","https://laramie1.schoolspring.com/","Laramie County School District 1",2026-06-12
"433","Assistant Cheer Coach [C080]",2026-05-18,"SOUTH HIGH SCHOOL","Cheyenne, Wyoming","https://laramie1.schoolspring.com/","Laramie County School District 1",2026-06-12
"434","School Nurse",2026-05-11,"PODER/PASS ACADEMY","Cheyenne, Wyoming","https://laramie1.schoolspring.com/","Laramie County School District 1",2026-06-12
"435","Administrative Assistant-Curriculum & Instruction Dept [CS33]",2026-05-11,"Laramie County School District 1","Cheyenne, Wyoming","https://laramie1.schoolspring.com/","Laramie County School District 1",2026-06-12
"436","Speech Language Pathologist-4 Positions available [XT14]",2026-05-06,"Laramie County School District 1","Cheyenne, Wyoming","https://laramie1.schoolspring.com/","Laramie County School District 1",2026-06-12
"437","Assistant Volleyball Coach - 3 positions [C136]",2026-05-06,"CENTRAL HIGH SCHOOL","Cheyenne, Wyoming","https://laramie1.schoolspring.com/","Laramie County School District 1",2026-06-12
"438","Paraeducator Special Needs PALS [XP09]",2026-05-05,"CENTRAL HIGH SCHOOL","Cheyenne, Wyoming","https://laramie1.schoolspring.com/","Laramie County School District 1",2026-06-12
"439","Special Education Behavior Lab Paraeducator  [XP08]",2026-05-04,"MCCORMICK JUNIOR HIGH SCHOOL","Cheyenne, Wyoming","https://laramie1.schoolspring.com/","Laramie County School District 1",2026-06-12
"440","Student Sweeper [ST05]",2026-05-04,"TRIUMPH HIGH SCHOOL","Cheyenne, Wyoming","https://laramie1.schoolspring.com/","Laramie County School District 1",2026-06-12
"441","Sub-Custodian [S010]",2026-05-01,"Laramie County School District 1","Cheyenne, Wyoming","https://laramie1.schoolspring.com/","Laramie County School District 1",2026-06-12
"442","Physical Therapist [XT07]",2026-04-30,"Laramie County School District 1","Cheyenne, Wyoming","https://laramie1.schoolspring.com/","Laramie County School District 1",2026-06-12
"443","Student Sweeper [ST05]",2026-04-20,"FAIRVIEW ELEMENTARY SCHOOL","Cheyenne, Wyoming","https://laramie1.schoolspring.com/","Laramie County School District 1",2026-06-12
"444","Student Sweeper [ST05]",2026-04-20,"ALTA VISTA ELEMENTARY SCHOOL","Cheyenne, Wyoming","https://laramie1.schoolspring.com/","Laramie County School District 1",2026-06-12
"445","Assistant Head Custodian - Class 4 [CU01]",2026-04-20,"MCCORMICK JUNIOR HIGH SCHOOL","Cheyenne, Wyoming","https://laramie1.schoolspring.com/","Laramie County School District 1",2026-06-12
"446","Assistant Tennis Coach [C132]",2026-04-06,"CENTRAL HIGH SCHOOL","Cheyenne, Wyoming","https://laramie1.schoolspring.com/","Laramie County School District 1",2026-06-12
"447","Custodial - Head Class 5 [CU02]",2026-02-17,"JOHNSON JUNIOR HIGH SCHOOL","Cheyenne, Wyoming","https://laramie1.schoolspring.com/","Laramie County School District 1",2026-06-12
"448","Custodial - Head Class 5 [CU08]",2026-01-16,"CAREY JUNIOR HIGH SCHOOL","Cheyenne, Wyoming","https://laramie1.schoolspring.com/","Laramie County School District 1",2026-06-12
"449","Student Sweeper [ST05]",2025-11-07,"AFFLERBACH ELEMENTARY SCHOOL","Cheyenne, Wyoming","https://laramie1.schoolspring.com/","Laramie County School District 1",2026-06-12
"450","Student Sweeper [ST05]",2025-11-07,"ARP ELEMENTARY SCHOOL","Cheyenne, Wyoming","https://laramie1.schoolspring.com/","Laramie County School District 1",2026-06-12
"451","Student Sweeper [ST05]",2025-11-07,"BAGGS ELEMENTARY SCHOOL","Cheyenne, Wyoming","https://laramie1.schoolspring.com/","Laramie County School District 1",2026-06-12
"452","Student Sweeper [ST05]",2025-11-07,"BUFFALO RIDGE ELEMENTARY SCHL","Cheyenne, Wyoming","https://laramie1.schoolspring.com/","Laramie County School District 1",2026-06-12
"453","Student Sweeper [ST05]",2025-11-07,"DILDINE ELEMENTARY SCHOOL","Cheyenne, Wyoming","https://laramie1.schoolspring.com/","Laramie County School District 1",2026-06-12
"454","Student Sweeper [ST05]",2025-11-07,"HENDERSON ELEMENTARY SCHOOL","Cheyenne, Wyoming","https://laramie1.schoolspring.com/","Laramie County School District 1",2026-06-12
"455","Student Sweeper [ST05]",2025-11-07,"PRAIRIE WIND ELEMENTARY SCHOOL","Cheyenne, Wyoming","https://laramie1.schoolspring.com/","Laramie County School District 1",2026-06-12
"456","Paraeducator Sign Support [XP05]",2025-06-26,"BUILDING TO BE DETERMINED","Cheyenne, Wyoming","https://laramie1.schoolspring.com/","Laramie County School District 1",2026-06-12
"457","Dean Morgan Science Teacher for the 26-27 School Year Only",2026-06-10,"Dean Morgan Middle School","Casper, Wyoming","https://natronaschools.schoolspring.com/","Natrona School District 1",2026-06-12
"458","NCHS Language Arts Teacher for the 2026-27 School Year Only",2026-06-10,"Natrona County High School","Casper, Wyoming","https://natronaschools.schoolspring.com/","Natrona School District 1",2026-06-12
"459","Cottonwood Education Support Specialist-FLS beginning for the 26-27 school year",2026-06-10,"Cottonwood Elementary","Casper, Wyoming","https://natronaschools.schoolspring.com/","Natrona School District 1",2026-06-12
"460","CYMS Football Aid Position",2026-06-09,"CY Middle School","Casper, Wyoming","https://natronaschools.schoolspring.com/","Natrona School District 1",2026-06-12
"461","KWHS Office and Records Assistant beginning for the 26-27 school year",2026-06-08,"Kelly Walsh High School","Casper, Wyoming","https://natronaschools.schoolspring.com/","Natrona School District 1",2026-06-12
"462","Cottonwood Part Time Cafeteria Technician/Education Support Personnel beginning for the 26-27 School Year",2026-06-05,"Cottonwood Elementary","Casper, Wyoming","https://natronaschools.schoolspring.com/","Natrona School District 1",2026-06-12
"463","Paradise Valley Education Support Specialist Beginning the 26-27 School Year",2026-06-05,"Paradise Valley Elementary","Casper, Wyoming","https://natronaschools.schoolspring.com/","Natrona School District 1",2026-06-12
"464","Dean Morgan Math Teacher for the 26-27 School Year Only",2026-06-04,"Dean Morgan Middle School","Casper, Wyoming","https://natronaschools.schoolspring.com/","Natrona School District 1",2026-06-12
"465","CCA FLS Education Support Specialist",2026-06-03,"Casper Classical Academy","Casper, Wyoming","https://natronaschools.schoolspring.com/","Natrona School District 1",2026-06-12
"466","Student Support Sevices Guidance Counselor beginning for the 26-27 school year",2026-06-03,"Student Support Services","Casper, Wyoming","https://natronaschools.schoolspring.com/","Natrona School District 1",2026-06-12
"467","Journey Part Time Cafeteria Technician beginning for the 26-27 school year",2026-06-03,"Journey Elementary","Casper, Wyoming","https://natronaschools.schoolspring.com/","Natrona School District 1",2026-06-12
"468","Southridge Elementary School- Education Support Personnel for the 2026-2027 School Year",2026-06-01,"Southridge Elementary","Casper, Wyoming","https://natronaschools.schoolspring.com/","Natrona School District 1",2026-06-12
"469","Park Classroom Teacher- Spanish Dual Language Immersion to Begin the 2026-27 School Year",2026-06-01,"Park Elementary","Casper, Wyoming","https://natronaschools.schoolspring.com/","Natrona School District 1",2026-06-12
"470","Substitute Teacher 2026-2027 School Year",2026-06-01,"Human Resources","Casper, Wyoming","https://natronaschools.schoolspring.com/","Natrona School District 1",2026-06-12
"471","Education Interpreter-American Sign Language",2026-05-30,"Special Education Services Center","Casper, Wyoming","https://natronaschools.schoolspring.com/","Natrona School District 1",2026-06-12
"472","NCHS Head Softball Coach",2026-05-29,"Natrona County High School","Casper, Wyoming","https://natronaschools.schoolspring.com/","Natrona School District 1",2026-06-12
"473","NCHS Assistant Softball Coach",2026-05-29,"Natrona County High School","Casper, Wyoming","https://natronaschools.schoolspring.com/","Natrona School District 1",2026-06-12
"474","NCHS Softball Aide",2026-05-29,"Natrona County High School","Casper, Wyoming","https://natronaschools.schoolspring.com/","Natrona School District 1",2026-06-12
"475","NCHS Nordic Ski Assistant Coach",2026-05-29,"Natrona County High School","Casper, Wyoming","https://natronaschools.schoolspring.com/","Natrona School District 1",2026-06-12
"476","NCHS Tennis Aide",2026-05-29,"Natrona County High School","Casper, Wyoming","https://natronaschools.schoolspring.com/","Natrona School District 1",2026-06-12
"477","Speech Language Pathology Assistant",2026-05-29,"Special Education Services Center","Casper, Wyoming","https://natronaschools.schoolspring.com/","Natrona School District 1",2026-06-12
"478","District Therapeutic Counselor to Begin the 2026-2027 School Year",2026-05-29,"Special Education Services Center","Casper, Wyoming","https://natronaschools.schoolspring.com/","Natrona School District 1",2026-06-12
"479","KWHS Building Food Services Manager beginning for the 2026-2027 school year",2026-05-28,"Kelly Walsh High School","Casper, Wyoming","https://natronaschools.schoolspring.com/","Natrona School District 1",2026-06-12
"480","CCA Track Aide",2026-05-28,"Casper Classical Academy","Casper, Wyoming","https://natronaschools.schoolspring.com/","Natrona School District 1",2026-06-12
"481","CCA Soccer Coach",2026-05-28,"Casper Classical Academy","Casper, Wyoming","https://natronaschools.schoolspring.com/","Natrona School District 1",2026-06-12
"482","Verda James Office and Records/Cafeteria Technician/Education Support Personnel to Begin the 26-27 School Year",2026-05-26,"Verda James Elementary","Casper, Wyoming","https://natronaschools.schoolspring.com/","Natrona School District 1",2026-06-12
"483","Dean Morgan Nordic Ski Aide",2026-05-22,"Dean Morgan Middle School","Casper, Wyoming","https://natronaschools.schoolspring.com/","Natrona School District 1",2026-06-12
"484","Verda James Education Support Personnel to Begin the 2026-27 School Year",2026-05-22,"Verda James Elementary","Casper, Wyoming","https://natronaschools.schoolspring.com/","Natrona School District 1",2026-06-12
"485","Verda James Part-Time Education Support Personnel to Begin the 2026-27 School Year",2026-05-22,"Verda James Elementary","Casper, Wyoming","https://natronaschools.schoolspring.com/","Natrona School District 1",2026-06-12
"486","Dean Morgan Football Aide",2026-05-21,"Dean Morgan Middle School","Casper, Wyoming","https://natronaschools.schoolspring.com/","Natrona School District 1",2026-06-12
"487","Pineview Education Support Specialist",2026-05-21,"Pineview Elementary","Casper, Wyoming","https://natronaschools.schoolspring.com/","Natrona School District 1",2026-06-12
"488","CMS ILS Education Support Specialist beginning for the 26-27 school year",2026-05-21,"Centennial Middle School","Casper, Wyoming","https://natronaschools.schoolspring.com/","Natrona School District 1",2026-06-12
"489","CMS Substitute on Daily Assignment- SPED to begin the 26-27 School Year",2026-05-19,"Centennial Middle School","Casper, Wyoming","https://natronaschools.schoolspring.com/","Natrona School District 1",2026-06-12
"490","Special Education Teacher Beginning the 2026-27 School Year",2026-05-19,"Special Education Services Center","Casper, Wyoming","https://natronaschools.schoolspring.com/","Natrona School District 1",2026-06-12
"491","CCA Science Teacher for the 26-27 School Year Only",2026-05-19,"Casper Classical Academy","Casper, Wyoming","https://natronaschools.schoolspring.com/","Natrona School District 1",2026-06-12
"492","Pineview Education Support Specialist / Education Support Personnel / Cafeteria Technician",2026-05-19,"Pineview Elementary","Casper, Wyoming","https://natronaschools.schoolspring.com/","Natrona School District 1",2026-06-12
"493","KWHS Head Speech and Debate Coach",2026-05-18,"Kelly Walsh High School","Casper, Wyoming","https://natronaschools.schoolspring.com/","Natrona School District 1",2026-06-12
"494","KWHS Fall Assistant Tennis Coach",2026-05-18,"Kelly Walsh High School","Casper, Wyoming","https://natronaschools.schoolspring.com/","Natrona School District 1",2026-06-12
"495","KWHS Cheer Coach Aide",2026-05-18,"Kelly Walsh High School","Casper, Wyoming","https://natronaschools.schoolspring.com/","Natrona School District 1",2026-06-12
"496","KWHS Assistant Cheer Coach",2026-05-18,"Kelly Walsh High School","Casper, Wyoming","https://natronaschools.schoolspring.com/","Natrona School District 1",2026-06-12
"497","Human Resources Generalist",2026-05-15,"Human Resources","Casper, Wyoming","https://natronaschools.schoolspring.com/","Natrona School District 1",2026-06-12
"498","Occupational Therapist Beginning the 2026-2027 School Year",2026-05-14,"Special Education Services Center","Casper, Wyoming","https://natronaschools.schoolspring.com/","Natrona School District 1",2026-06-12
"499","CCA BASE Education Support Specialist",2026-05-13,"Casper Classical Academy","Casper, Wyoming","https://natronaschools.schoolspring.com/","Natrona School District 1",2026-06-12
"500","Dean Morgan Social Studies Teacher for the 2026-2027 School Year Only",2026-05-13,"Dean Morgan Middle School","Casper, Wyoming","https://natronaschools.schoolspring.com/","Natrona School District 1",2026-06-12
"501","Assistive Technologist Special Education to Begin the 2026-27 School Year",2026-05-11,"Special Education Services Center","Casper, Wyoming","https://natronaschools.schoolspring.com/","Natrona School District 1",2026-06-12
"502","Instructional Facilitator - Behavior Interventionist Beginning the 2026-2027 School Year",2026-05-11,"Curriculum and Instruction","Casper, Wyoming","https://natronaschools.schoolspring.com/","Natrona School District 1",2026-06-12
"503","CCA Volleyball Aide",2026-05-11,"Casper Classical Academy","Casper, Wyoming","https://natronaschools.schoolspring.com/","Natrona School District 1",2026-06-12
"504","NCHS Education Support Personnel to begin the 2026-27 School Year",2026-05-07,"Natrona County High School","Casper, Wyoming","https://natronaschools.schoolspring.com/","Natrona School District 1",2026-06-12
"505","Lincoln 3rd Grade Teacher for the 26-27 School Year Only",2026-05-06,"Lincoln Elementary","Casper, Wyoming","https://natronaschools.schoolspring.com/","Natrona School District 1",2026-06-12
"506","CYMS Cross Country Aide",2026-05-05,"CY Middle School","Casper, Wyoming","https://natronaschools.schoolspring.com/","Natrona School District 1",2026-06-12
"507","Midwest HS Head Football Coach",2026-05-04,"Midwest Schools","Midwest, Wyoming","https://natronaschools.schoolspring.com/","Natrona School District 1",2026-06-12
"508","RHS Math Classroom Teacher for the 2026-2027 School Year Only",2026-05-01,"Roosevelt High School","Casper, Wyoming","https://natronaschools.schoolspring.com/","Natrona School District 1",2026-06-12
"509","CYMS Part Time Education Support Personnel beginning for the 2026-2027 school year",2026-04-30,"CY Middle School","Casper, Wyoming","https://natronaschools.schoolspring.com/","Natrona School District 1",2026-06-12
"510","CYMS Education Support Specialist BASE beginning for the 26-27 school year",2026-04-30,"CY Middle School","Casper, Wyoming","https://natronaschools.schoolspring.com/","Natrona School District 1",2026-06-12
"511","Manor Heights BASE Education Support Specialist beginning for the 26-27 school year",2026-04-30,"Manor Heights Elementary","Casper, Wyoming","https://natronaschools.schoolspring.com/","Natrona School District 1",2026-06-12
"512","Dean Morgan Education Support Personnel/Office and Records Beginning 26-27 School Year",2026-04-30,"Dean Morgan Middle School","Casper, Wyoming","https://natronaschools.schoolspring.com/","Natrona School District 1",2026-06-12
"513","Dean Morgan Education Support Personnel Beginning 26-27 School Year",2026-04-30,"Dean Morgan Middle School","Casper, Wyoming","https://natronaschools.schoolspring.com/","Natrona School District 1",2026-06-12
"514","Dean Morgan Education Support Specialist / Education Support Personnel Beginning 26-27 School Year",2026-04-30,"Dean Morgan Middle School","Casper, Wyoming","https://natronaschools.schoolspring.com/","Natrona School District 1",2026-06-12
"515","Sagewood Behavior and Substitute Support Personnel Beginning 26-27 School Year",2026-04-30,"Sagewood Elementary","Casper, Wyoming","https://natronaschools.schoolspring.com/","Natrona School District 1",2026-06-12
"516","CYMS Volleyball Coach Aide",2026-04-28,"CY Middle School","Casper, Wyoming","https://natronaschools.schoolspring.com/","Natrona School District 1",2026-06-12
"517","CYMS Head Cheer Coach",2026-04-24,"CY Middle School","Casper, Wyoming","https://natronaschools.schoolspring.com/","Natrona School District 1",2026-06-12
"518","Instructional Facilitator Beginning the 2026-2027 School Year",2026-04-23,"Curriculum and Instruction","Casper, Wyoming","https://natronaschools.schoolspring.com/","Natrona School District 1",2026-06-12
"519","CCA Football Aide",2026-04-13,"Casper Classical Academy","Casper, Wyoming","https://natronaschools.schoolspring.com/","Natrona School District 1",2026-06-12
"520","CCA Basketball Coach",2026-04-13,"Casper Classical Academy","Casper, Wyoming","https://natronaschools.schoolspring.com/","Natrona School District 1",2026-06-12
"521","Substitute Custodian",2026-04-09,"Human Resources","Casper, Wyoming","https://natronaschools.schoolspring.com/","Natrona School District 1",2026-06-12
"522","Substitute Nurse",2026-04-09,"Human Resources","Casper, Wyoming","https://natronaschools.schoolspring.com/","Natrona School District 1",2026-06-12
"523","Seasonal Grounds Worker",2026-04-01,"Plant/Maintenance","Casper, Wyoming","https://natronaschools.schoolspring.com/","Natrona School District 1",2026-06-12
"524","Lincoln Art Teacher for the 26-27 School Year Only",2026-03-30,"Lincoln Elementary","Casper, Wyoming","https://natronaschools.schoolspring.com/","Natrona School District 1",2026-06-12
"525","Physical Therapist to begin 2026-2027 School Year",2026-03-18,"Special Education Services Center","Casper, Wyoming","https://natronaschools.schoolspring.com/","Natrona School District 1",2026-06-12
"526","Substitute Bus Driver",2026-02-13,"Transportation","Casper, Wyoming","https://natronaschools.schoolspring.com/","Natrona School District 1",2026-06-12
"527","Centennial Head Girls Soccer Coach",2026-01-16,"Centennial Middle School","Casper, Wyoming","https://natronaschools.schoolspring.com/","Natrona School District 1",2026-06-12
"528","KWHS - Marine Instructor (MI) OR Senior ROTC Marine Instructor (SMI)",2025-07-10,"Kelly Walsh High School","Casper, Wyoming","https://natronaschools.schoolspring.com/","Natrona School District 1",2026-06-12
"529","Head Teacher 2026-2027 School Year",2026-06-09,"Carpenter Elementary","Carpenter, Wyoming","https://laramie2.schoolspring.com/","Laramie County School District 2",2026-06-12
"530","K-12 Instructional Coach",2026-05-13,"LARAMIE COUNTY SD #2","Pine Bluffs, Wyoming","https://laramie2.schoolspring.com/","Laramie County School District 2",2026-06-12
"531","Events Coordinator",2026-05-08,"Burns Jr./Sr. High School","Burns, Wyoming","https://laramie2.schoolspring.com/","Laramie County School District 2",2026-06-12
"532","Paraprofessional",2026-04-27,"LARAMIE COUNTY SD #2","Pine Bluffs, Wyoming","https://laramie2.schoolspring.com/","Laramie County School District 2",2026-06-12
"533","Speech Language Pathologist Assistant",2026-04-23,"LARAMIE COUNTY SD #2","Pine Bluffs, Wyoming","https://laramie2.schoolspring.com/","Laramie County School District 2",2026-06-12
"534","Custodian",2026-03-23,"Burns Jr./Sr. High School","Burns, Wyoming","https://laramie2.schoolspring.com/","Laramie County School District 2",2026-06-12
"535","Speech-Language Pathologist 2026-27 School Year (Signing Bonus)",2026-03-12,"LARAMIE COUNTY SD #2","Pine Bluffs, Wyoming","https://laramie2.schoolspring.com/","Laramie County School District 2",2026-06-12
"536","Assistant High School Football Coach",2026-02-24,"Burns Jr./Sr. High School","Burns, Wyoming","https://laramie2.schoolspring.com/","Laramie County School District 2",2026-06-12
"537","Elementary Teacher 2026-27 School Year",2026-02-02,"LARAMIE COUNTY SD #2","Pine Bluffs, Wyoming","https://laramie2.schoolspring.com/","Laramie County School District 2",2026-06-12
"538","Assistant JH Volleyball Numbers Coach",2025-12-02,"Burns Jr./Sr. High School","Burns, Wyoming","https://laramie2.schoolspring.com/","Laramie County School District 2",2026-06-12
"539","Substitute School Nurse",2025-09-15,"LARAMIE COUNTY SD #2","Pine Bluffs, Wyoming","https://laramie2.schoolspring.com/","Laramie County School District 2",2026-06-12
"540","ELL Parent Translator Contactor",2025-09-15,"LARAMIE COUNTY SD #2","Pine Bluffs, Wyoming","https://laramie2.schoolspring.com/","Laramie County School District 2",2026-06-12
"541","Assistant JH Football Coach",2025-08-05,"Burns Jr./Sr. High School","Burns, Wyoming","https://laramie2.schoolspring.com/","Laramie County School District 2",2026-06-12
"542","ELL Paraprofessional",2025-06-10,"LARAMIE COUNTY SD #2","Pine Bluffs, Wyoming","https://laramie2.schoolspring.com/","Laramie County School District 2",2026-06-12
"543","Sub Paraprofessional",2025-01-30,"LARAMIE COUNTY SD #2","Pine Bluffs, Wyoming","https://laramie2.schoolspring.com/","Laramie County School District 2",2026-06-12
"544","Sub Custodian",2025-01-30,"LARAMIE COUNTY SD #2","Pine Bluffs, Wyoming","https://laramie2.schoolspring.com/","Laramie County School District 2",2026-06-12
"545","Substitute Cook",2025-01-30,"LARAMIE COUNTY SD #2","Pine Bluffs, Wyoming","https://laramie2.schoolspring.com/","Laramie County School District 2",2026-06-12
"546","Substitute Teacher",2025-01-30,"LARAMIE COUNTY SD #2","Pine Bluffs, Wyoming","https://laramie2.schoolspring.com/","Laramie County School District 2",2026-06-12
"547","Substitute Bus Driver",2025-01-30,"LARAMIE COUNTY SD #2","Pine Bluffs, Wyoming","https://laramie2.schoolspring.com/","Laramie County School District 2",2026-06-12
"548","INTERIM HIGH SCHOOL ASSISTANT COACH (MARCHING BAND)",2026-06-10,"RIVERTON HIGH SCHOOL","Riverton, Wyoming","https://fremont25.schoolspring.com/","Fremont County School District 25",2026-06-12
"549","ELEMENTARY TEACHER (SPED BSP/LR)",2026-06-02,"ASPEN ELEMENTARY","Riverton, Wyoming","https://fremont25.schoolspring.com/","Fremont County School District 25",2026-06-12
"550","MIDDLE SCHOOL ASSISTANT COACH (WRESTLING)",2026-05-27,"RIVERTON MIDDLE SCHOOL","Riverton, Wyoming","https://fremont25.schoolspring.com/","Fremont County School District 25",2026-06-12
"551","ACADEMIC COACH (STEP UP DAY SCHOOL)",2026-05-21,"STEP UP DAY SCHOOL","Riverton, Wyoming","https://fremont25.schoolspring.com/","Fremont County School District 25",2026-06-12
"552","STEP UP DAY SCHOOL (ELEMENTARY TEACHER)",2026-05-21,"STEP UP DAY SCHOOL","Riverton, Wyoming","https://fremont25.schoolspring.com/","Fremont County School District 25",2026-06-12
"553","CUSTODIAN LEAD",2026-05-21,"RIVERTON HIGH SCHOOL","Riverton, Wyoming","https://fremont25.schoolspring.com/","Fremont County School District 25",2026-06-12
"554","HIGH SCHOOL ASSISTANT COACH (WRESTLING)",2026-05-21,"RIVERTON HIGH SCHOOL","Riverton, Wyoming","https://fremont25.schoolspring.com/","Fremont County School District 25",2026-06-12
"555","ELEMENTARY TEACHER (SPED)",2026-05-12,"ASPEN ELEMENTARY","Riverton, Wyoming","https://fremont25.schoolspring.com/","Fremont County School District 25",2026-06-12
"556","INSTRUCTIONAL SUPPORT SPECIALIST",2026-04-13,"Fremont County School District 25","Riverton, Wyoming","https://fremont25.schoolspring.com/","Fremont County School District 25",2026-06-12
"557","HOMEBOUND AND DISTRICT PLACEMENT SPECIAL EDUCATION TEACHER (SPED)",2026-04-08,"Fremont County School District 25","Riverton, Wyoming","https://fremont25.schoolspring.com/","Fremont County School District 25",2026-06-12
"558","2026-2027 PARAPROFESSIONAL POOL",2026-03-27,"Fremont County School District 25","Riverton, Wyoming","https://fremont25.schoolspring.com/","Fremont County School District 25",2026-06-12
"559","PARA (SPED IDEAL)",2026-03-23,"RENDEZVOUS ELEMENTARY","Riverton, Wyoming","https://fremont25.schoolspring.com/","Fremont County School District 25",2026-06-12
"560","SUBSTITUTE BUS DRIVER",2026-03-20,"BUS GARAGE - TRANSPORTATION","Riverton, Wyoming","https://fremont25.schoolspring.com/","Fremont County School District 25",2026-06-12
"561","PARA (SPED)",2026-02-23,"WILLOW CREEK","Riverton, Wyoming","https://fremont25.schoolspring.com/","Fremont County School District 25",2026-06-12
"562","PARA (SPED BSP)",2026-02-18,"RENDEZVOUS ELEMENTARY","Riverton, Wyoming","https://fremont25.schoolspring.com/","Fremont County School District 25",2026-06-12
"563","SPEECH LANGUAGE PATHOLOGIST",2026-02-09,"Fremont County School District 25","Riverton, Wyoming","https://fremont25.schoolspring.com/","Fremont County School District 25",2026-06-12
"564","SCHOOL PSYCHOLOGIST",2026-02-09,"ALTERNATIVE/SPECIAL SERVICES","Riverton, Wyoming","https://fremont25.schoolspring.com/","Fremont County School District 25",2026-06-12
"565","NATIVE AMERICAN EDUCATION STUDENT AMBASSADOR",2025-12-12,"Fremont County School District 25","Riverton, Wyoming","https://fremont25.schoolspring.com/","Fremont County School District 25",2026-06-12
"566","BUS AIDE",2025-10-17,"BUS GARAGE - TRANSPORTATION","Riverton, Wyoming","https://fremont25.schoolspring.com/","Fremont County School District 25",2026-06-12
"567","BUS DRIVER (PART TIME)",2025-10-17,"BUS GARAGE - TRANSPORTATION","Riverton, Wyoming","https://fremont25.schoolspring.com/","Fremont County School District 25",2026-06-12
"568","SUBSTITUTE PARA",2025-09-26,"Fremont County School District 25","Riverton, Wyoming","https://fremont25.schoolspring.com/","Fremont County School District 25",2026-06-12
"569","HIGH SCHOOL ASSISTANT COACH (CHEER)",2025-03-23,"RIVERTON HIGH SCHOOL","Riverton, Wyoming","https://fremont25.schoolspring.com/","Fremont County School District 25",2026-06-12
"570","SUBSTITUTE INTERPRETER FOR DEAF/HARD OF HEARING STUDENTS",2025-01-16,"Fremont County School District 25","Riverton, Wyoming","https://fremont25.schoolspring.com/","Fremont County School District 25",2026-06-12
"571","SUBSTITUTE CUSTODIAN",2024-09-17,"Fremont County School District 25","Riverton, Wyoming","https://fremont25.schoolspring.com/","Fremont County School District 25",2026-06-12
"572","SUBSTITUTE DAYCARE ASSISTANT",2024-07-22,"Fremont County School District 25","Riverton, Wyoming","https://fremont25.schoolspring.com/","Fremont County School District 25",2026-06-12
"573","SUBSTITUTE TEACHER",2024-07-18,"Fremont County School District 25","Riverton, Wyoming","https://fremont25.schoolspring.com/","Fremont County School District 25",2026-06-12
"574","SUBSTITUTE NURSE",2024-07-18,"Fremont County School District 25","Riverton, Wyoming","https://fremont25.schoolspring.com/","Fremont County School District 25",2026-06-12
"575","LIFEGUARD",2024-03-01,"RIVERTON AQUATICS CENTER","Riverton, Wyoming","https://fremont25.schoolspring.com/","Fremont County School District 25",2026-06-12
"576","DESK CLERK",2024-03-01,"RIVERTON AQUATICS CENTER","Riverton, Wyoming","https://fremont25.schoolspring.com/","Fremont County School District 25",2026-06-12
"577","Special Education Teacher",2026-06-10,"Indian Paintbrush Elementary School","Laramie, Wyoming","https://acsd1.schoolspring.com/","Albany Count School District 1",2026-06-12
"578","Middle School Assistant Principal",2026-06-10,"Laramie Middle School","Laramie, Wyoming","https://acsd1.schoolspring.com/","Albany Count School District 1",2026-06-12
"579","Whiting High School Principal",2026-06-10,"Whiting High School","Laramie, Wyoming","https://acsd1.schoolspring.com/","Albany Count School District 1",2026-06-12
"580","High School Assistant Volleyball Coach",2026-06-08,"Laramie High School","Laramie, Wyoming","https://acsd1.schoolspring.com/","Albany Count School District 1",2026-06-12
"581","Junior High School Boys' Assistant Basketball Coach",2026-06-08,"Rock River Junior High","Rock River, Wyoming","https://acsd1.schoolspring.com/","Albany Count School District 1",2026-06-12
"582","Middle School Assistant Track Coach",2026-06-08,"Laramie Middle School","Laramie, Wyoming","https://acsd1.schoolspring.com/","Albany Count School District 1",2026-06-12
"583","High School English Teacher",2026-06-03,"Whiting High School","Laramie, Wyoming","https://acsd1.schoolspring.com/","Albany Count School District 1",2026-06-12
"584","Educational Sign Language Interpreter",2026-05-29,"Albany County School District 1","Laramie, Wyoming","https://acsd1.schoolspring.com/","Albany Count School District 1",2026-06-12
"585","Middle School Boys' Basketball Coach",2026-05-28,"Laramie Middle School","Laramie, Wyoming","https://acsd1.schoolspring.com/","Albany Count School District 1",2026-06-12
"586","Sports Paraprofessional",2026-05-28,"Laramie Middle School","Laramie, Wyoming","https://acsd1.schoolspring.com/","Albany Count School District 1",2026-06-12
"587","Extensions Team Paraprofessional",2026-05-28,"Albany County School District 1","Laramie, Wyoming","https://acsd1.schoolspring.com/","Albany Count School District 1",2026-06-12
"588","Childcare/Daycare Paraprofessional",2026-05-19,"Whiting High School","Laramie, Wyoming","https://acsd1.schoolspring.com/","Albany Count School District 1",2026-06-12
"589","Middle School Girls' Basketball Coach",2026-05-18,"Laramie Middle School","Laramie, Wyoming","https://acsd1.schoolspring.com/","Albany Count School District 1",2026-06-12
"590","Middle School Assistant Wrestling Coach",2026-05-18,"Laramie Middle School","Laramie, Wyoming","https://acsd1.schoolspring.com/","Albany Count School District 1",2026-06-12
"591","Special Education Teacher",2026-05-18,"Laramie Middle School","Laramie, Wyoming","https://acsd1.schoolspring.com/","Albany Count School District 1",2026-06-12
"592","MTSS/504 Instructional Specialist",2026-05-06,"Laramie High School","Laramie, Wyoming","https://acsd1.schoolspring.com/","Albany Count School District 1",2026-06-12
"593","High School Assistant Tennis Coach",2026-04-13,"Laramie High School","Laramie, Wyoming","https://acsd1.schoolspring.com/","Albany Count School District 1",2026-06-12
"594","Certified Occupational Therapist",2026-04-03,"Albany County School District 1","Laramie, Wyoming","https://acsd1.schoolspring.com/","Albany Count School District 1",2026-06-12
"595","Nurse Educator",2026-03-27,"Whiting High School","Laramie, Wyoming","https://acsd1.schoolspring.com/","Albany Count School District 1",2026-06-12
"596","High School Assistant Golf Coach",2026-03-04,"Laramie High School","Laramie, Wyoming","https://acsd1.schoolspring.com/","Albany Count School District 1",2026-06-12
"597","Certified Occupational Therapy Assistant",2026-03-02,"Albany County School District 1","Laramie, Wyoming","https://acsd1.schoolspring.com/","Albany Count School District 1",2026-06-12
"598","Substitute Custodian",2025-07-21,"Albany County School District 1","Laramie, Wyoming","https://acsd1.schoolspring.com/","Albany Count School District 1",2026-06-12
"599","Bus Aide",2025-06-05,"Albany County School District 1","Laramie, Wyoming","https://acsd1.schoolspring.com/","Albany Count School District 1",2026-06-12
"600","Bus Driver",2025-06-05,"Albany County School District 1","Laramie, Wyoming","https://acsd1.schoolspring.com/","Albany Count School District 1",2026-06-12
"601","7/8 Football Coach",2026-06-10,"WRIGHT JR./SR. HIGH SCHOOL","Wright, Wyoming","https://campbell.schoolspring.com/","Campbell County Scholl District 1",2026-06-12
"602","BUS DRIVER/BUS DRIVER IN TRAINING",2026-06-10,"CAMPBELL COUNTY SCHOOL DISTRICT #1","Gillette, Wyoming","https://campbell.schoolspring.com/","Campbell County Scholl District 1",2026-06-12
"603","Skilled Maintenance Crafts - Mechanic",2026-06-10,"CAMPBELL COUNTY SCHOOL DISTRICT #1","Gillette, Wyoming","https://campbell.schoolspring.com/","Campbell County Scholl District 1",2026-06-12
"604","Summer Custodian",2026-06-09,"STOCKTRAIL ELEMENTARY","Gillette, Wyoming","https://campbell.schoolspring.com/","Campbell County Scholl District 1",2026-06-12
"605","Summer Custodian",2026-06-08,"CONESTOGA ELEMENTARY","Gillette, Wyoming","https://campbell.schoolspring.com/","Campbell County Scholl District 1",2026-06-12
"606","Assistant Cheerleading Coach - Winter",2026-06-03,"THUNDER BASIN HIGH SCHOOL","Gillette, Wyoming","https://campbell.schoolspring.com/","Campbell County Scholl District 1",2026-06-12
"607","7/8 Football Coach",2026-06-03,"TWIN SPRUCE JUNIOR HIGH SCHOOL","Gillette, Wyoming","https://campbell.schoolspring.com/","Campbell County Scholl District 1",2026-06-12
"608","Assistant HS Golf Coach",2026-06-03,"CAMPBELL COUNTY HIGH SCHOOL","Gillette, Wyoming","https://campbell.schoolspring.com/","Campbell County Scholl District 1",2026-06-12
"609","Asst. Wrestling Coach",2026-06-03,"CAMPBELL COUNTY HIGH SCHOOL","Gillette, Wyoming","https://campbell.schoolspring.com/","Campbell County Scholl District 1",2026-06-12
"610","7/8 Volleyball Coach",2026-06-03,"SAGE VALLEY JUNIOR HIGH SCHOOL","Gillette, Wyoming","https://campbell.schoolspring.com/","Campbell County Scholl District 1",2026-06-12
"611","Assistant Cheerleading Coach - Fall",2026-06-03,"THUNDER BASIN HIGH SCHOOL","Gillette, Wyoming","https://campbell.schoolspring.com/","Campbell County Scholl District 1",2026-06-12
"612","Music Accompanist",2026-06-03,"TWIN SPRUCE JUNIOR HIGH SCHOOL","Gillette, Wyoming","https://campbell.schoolspring.com/","Campbell County Scholl District 1",2026-06-12
"613","Instructional Assistant - ESL Assistant",2026-06-03,"HILLCREST ELEMENTARY","Gillette, Wyoming","https://campbell.schoolspring.com/","Campbell County Scholl District 1",2026-06-12
"614","Instructional Assistant - Technology",2026-06-03,"HILLCREST ELEMENTARY","Gillette, Wyoming","https://campbell.schoolspring.com/","Campbell County Scholl District 1",2026-06-12
"615","Music Teacher",2026-06-01,"COTTONWOOD ELEMENTARY","Wright, Wyoming","https://campbell.schoolspring.com/","Campbell County Scholl District 1",2026-06-12
"616","Sixth Grade Teacher",2026-06-01,"STOCKTRAIL ELEMENTARY","Gillette, Wyoming","https://campbell.schoolspring.com/","Campbell County Scholl District 1",2026-06-12
"617","Technology Teacher",2026-05-29,"LAKEVIEW ELEMENTARY","Gillette, Wyoming","https://campbell.schoolspring.com/","Campbell County Scholl District 1",2026-06-12
"618","English Teacher",2026-05-28,"CAMPBELL COUNTY HIGH SCHOOL","Gillette, Wyoming","https://campbell.schoolspring.com/","Campbell County Scholl District 1",2026-06-12
"619","Assistant HS Girls Basketball Coach",2026-05-21,"THUNDER BASIN HIGH SCHOOL","Gillette, Wyoming","https://campbell.schoolspring.com/","Campbell County Scholl District 1",2026-06-12
"620","Speech/Language Pathologist",2026-05-14,"CAMPBELL COUNTY SCHOOL DISTRICT #1","Gillette, Wyoming","https://campbell.schoolspring.com/","Campbell County Scholl District 1",2026-06-12
"621","Assistant Girls Wrestling Coach",2026-05-07,"THUNDER BASIN HIGH SCHOOL","Gillette, Wyoming","https://campbell.schoolspring.com/","Campbell County Scholl District 1",2026-06-12
"622","Vocational Job Coach",2026-05-06,"THUNDER BASIN HIGH SCHOOL","Gillette, Wyoming","https://campbell.schoolspring.com/","Campbell County Scholl District 1",2026-06-12
"623","Teacher of the Visually Impaired",2026-03-05,"CAMPBELL COUNTY SCHOOL DISTRICT #1","Gillette, Wyoming","https://campbell.schoolspring.com/","Campbell County Scholl District 1",2026-06-12
"624","Special Programs Education Assistant for Students with High Needs",2025-12-19,"HILLCREST ELEMENTARY","Gillette, Wyoming","https://campbell.schoolspring.com/","Campbell County Scholl District 1",2026-06-12
"625","Orientation and Mobility Specialist",2025-12-19,"CAMPBELL COUNTY SCHOOL DISTRICT #1","Gillette, Wyoming","https://campbell.schoolspring.com/","Campbell County Scholl District 1",2026-06-12
"626","Special Programs Education Assistant",2025-11-26,"HILLCREST ELEMENTARY","Gillette, Wyoming","https://campbell.schoolspring.com/","Campbell County Scholl District 1",2026-06-12
"627","Substitute School Nurse",2025-06-11,"CAMPBELL COUNTY SCHOOL DISTRICT #1","Gillette, Wyoming","https://campbell.schoolspring.com/","Campbell County Scholl District 1",2026-06-12
"628","SCHOOL PSYCHOLOGIST INTERN",2025-01-31,"CAMPBELL COUNTY SCHOOL DISTRICT #1","Gillette, Wyoming","https://campbell.schoolspring.com/","Campbell County Scholl District 1",2026-06-12
"629","Sample Classified Position",2010-02-16,"CAMPBELL COUNTY SCHOOL DISTRICT #1","Gillette, Wyoming","https://campbell.schoolspring.com/","Campbell County Scholl District 1",2026-06-12
"630","Sample Certified Position",2010-02-16,"CAMPBELL COUNTY SCHOOL DISTRICT #1","Gillette, Wyoming","https://campbell.schoolspring.com/","Campbell County Scholl District 1",2026-06-12
"631","Aide Pool- Star Valley",NA,"Classified","Star Valley","https://lcsd2.org/employment-opportunities/","Lincoln County School District 2",2026-06-12
"632","Bus Aide- Part-Time- Star Valley",NA,"Classified","Star Valley","https://lcsd2.org/employment-opportunities/","Lincoln County School District 2",2026-06-12
"633","Director of Food Service",NA,"Classified","District Wide","https://lcsd2.org/employment-opportunities/","Lincoln County School District 2",2026-06-12
"634","Musical Costumer- Star Valley High School",NA,"Classified","Star Valley High School","https://lcsd2.org/employment-opportunities/","Lincoln County School District 2",2026-06-12
"635","Educational Sign Language Interpreter- District Wide",NA,"Certified","District Wide","https://lcsd2.org/employment-opportunities/","Lincoln County School District 2",2026-06-12
"636","Special Education Teacher- Star Valley High School",NA,"Certified","Star Valley High School","https://lcsd2.org/employment-opportunities/","Lincoln County School District 2",2026-06-12
"637","Certified Substitute Teacher Pool- Cokeville",NA,"Substitutes","Cokeville","https://lcsd2.org/employment-opportunities/","Lincoln County School District 2",2026-06-12
"638","Certified Substitute Teacher Pool- Star Valley",NA,"Substitutes","Star Valley","https://lcsd2.org/employment-opportunities/","Lincoln County School District 2",2026-06-12
"639","Substitute Bus Aides- Star Valley",NA,"Substitutes","Star Valley","https://lcsd2.org/employment-opportunities/","Lincoln County School District 2",2026-06-12
"640","Substitute Bus Drivers- Cokeville",NA,"Substitutes","Cokeville","https://lcsd2.org/employment-opportunities/","Lincoln County School District 2",2026-06-12
"641","Substitute Bus Drivers- Star Valley",NA,"Substitutes","Star Valley","https://lcsd2.org/employment-opportunities/","Lincoln County School District 2",2026-06-12
"642","Substitute Food Service (Cooks)",NA,"Substitutes","District Wide","https://lcsd2.org/employment-opportunities/","Lincoln County School District 2",2026-06-12
"643","Substitute School Nurse- Star Valley",NA,"Substitutes","Star Valley","https://lcsd2.org/employment-opportunities/","Lincoln County School District 2",2026-06-12
"644","Assistant Boys Basketball Coach- Star Valley High School",NA,"Coaching","Star Valley High School","https://lcsd2.org/employment-opportunities/","Lincoln County School District 2",2026-06-12
"645","Head Girls Soccer Coach- Star Valley High School",NA,"Coaching","Star Valley High School","https://lcsd2.org/employment-opportunities/","Lincoln County School District 2",2026-06-12
"646","Musical Producer- Cokeville High School",NA,"Coaching","Cokeville High School","https://lcsd2.org/employment-opportunities/","Lincoln County School District 2",2026-06-12
"647","Volunteer Coach/Advisor",NA,"Coaching","District Wide","https://lcsd2.org/employment-opportunities/","Lincoln County School District 2",2026-06-12
"648","Elementary Teacher",NA,"Certified","Lusk, WY","https://www.growingluskleaders.org/page/human-resources","Niobrara County School District 1",2026-06-12
"649","Music/Band Teacher",NA,"Certified","Lusk, WY","https://www.growingluskleaders.org/page/human-resources","Niobrara County School District 1",2026-06-12
"650","Secondary English (Wyoming Virtual Academy)",NA,"Certified","Wyoming Virtual Academy","https://www.growingluskleaders.org/page/human-resources","Niobrara County School District 1",2026-06-12
"651","SPED Paraprofessional",NA,"Classified","Lusk, WY","https://www.growingluskleaders.org/page/human-resources","Niobrara County School District 1",2026-06-12
"652","Daycare Staff Provider",NA,"Classified","Lusk, WY","https://www.growingluskleaders.org/page/human-resources","Niobrara County School District 1",2026-06-12
"653","Library/Media Support Staff",NA,"Classified","Lusk Elementary School","https://www.growingluskleaders.org/page/human-resources","Niobrara County School District 1",2026-06-12
"654","Maintenance Worker",NA,"Classified","District Wide","https://www.growingluskleaders.org/page/human-resources","Niobrara County School District 1",2026-06-12
"655","Bus Driver Substitutes",NA,"Classified","District Wide","https://www.growingluskleaders.org/page/human-resources","Niobrara County School District 1",2026-06-12
"656","Custodial Substitute",NA,"Classified","District Wide","https://www.growingluskleaders.org/page/human-resources","Niobrara County School District 1",2026-06-12
"657","Special Education Paraprofessional",NA,"Classified","District","https://pcsd16.com/271372_2","Park County School District 16",2026-06-12
"658","7-12 Grade Science Teacher",NA,"Certified","District","https://pcsd16.com/271372_2","Park County School District 16",2026-06-12
"659","HS Head Track Coach",NA,"Coaching","District","https://pcsd16.com/271372_2","Park County School District 16",2026-06-12
"660","MS Head Track Coach",NA,"Coaching","District","https://pcsd16.com/271372_2","Park County School District 16",2026-06-12
"661","School Guidance Counselor",NA,"Certified","District","https://pcsd16.com/271372_2","Park County School District 16",2026-06-12
"662","Behavior Para",NA,"Classified","Platte County School District #1","https://www.platte1.org/89574_1","Platte County School District 1",2026-06-12
"663","Instructional Facilitator",NA,"Certified","Platte County School District #1","https://www.platte1.org/89574_1","Platte County School District 1",2026-06-12
"664","VB Aide",NA,"Classified","Platte County School District #1","https://www.platte1.org/89574_1","Platte County School District 1",2026-06-12
"665","WHS Math Teacher",NA,"Certified","Wheatland High School","https://www.platte1.org/89574_1","Platte County School District 1",2026-06-12
"666","WHS Assist. VB Coach",NA,"Coaching","Wheatland High School","https://www.platte1.org/89574_1","Platte County School District 1",2026-06-12
"667","WHS Assist Girls BBall Coach 2",NA,"Coaching","Wheatland High School","https://www.platte1.org/89574_1","Platte County School District 1",2026-06-12
"668","Custodian Subs",NA,"Classified","District Wide","https://www.platte1.org/89574_1","Platte County School District 1",2026-06-12
"669","Seeking Substitutes",NA,"Substitutes","District Wide","https://www.platte1.org/89574_1","Platte County School District 1",2026-06-12
"670","Substitute Activity Drivers",NA,"Classified","District","https://www.guernseysunrise.org/page/employment","Platte County School District 2",2026-06-12
"671","Substitute Certified Teachers",NA,"Substitute","District","https://www.guernseysunrise.org/page/employment","Platte County School District 2",2026-06-12
"672","Substitute Paraeducators",NA,"Classified","District","https://www.guernseysunrise.org/page/employment","Platte County School District 2",2026-06-12
"673","Junior High Head Boys Basketball Coach",NA,"Coaching","District","https://www.sheridan3.com/page/hr-and-career-opportunities","Sheridan County School District 3",2026-06-12
"674","Transportation Supervisor",NA,"Classified","District","https://www.sheridan3.com/page/hr-and-career-opportunities","Sheridan County School District 3",2026-06-12
"675","Bus Driver",NA,"Classified","District","https://www.sheridan3.com/page/hr-and-career-opportunities","Sheridan County School District 3",2026-06-12
"676","Meaintenance Supervisor/Custodial",NA,"Classified","District","https://www.sheridan3.com/page/hr-and-career-opportunities","Sheridan County School District 3",2026-06-12
"677","District Librarian / Sub Teacher",NA,"Certified","District","https://www.sheridan3.com/page/hr-and-career-opportunities","Sheridan County School District 3",2026-06-12
"678","Food Service Supervisor / Custodial Position",NA,"Classified","District","https://www.sheridan3.com/page/hr-and-career-opportunities","Sheridan County School District 3",2026-06-12
"679","Early Childhood Paraprofessional 6/11/2026",NA,"Certified","District","https://www.sub1.org/en-US/employment-and-human-resources-f26202d3","Sublette County School District 1",2026-06-12
"680","Girls Assistant Basketball Coaches 4/6/2026.docx",NA,"Classified","District","https://www.sub1.org/en-US/employment-and-human-resources-f26202d3","Sublette County School District 1",2026-06-12
"681","HS Girls Assistant Wrestling Coach - 26-27",NA,"Coaching","District","https://www.sub1.org/en-US/employment-and-human-resources-f26202d3","Sublette County School District 1",2026-06-12
"682","Speech Language Pathologist Assistant (SLPA) 26-27.docx",NA,"Certified","District","https://www.sub1.org/en-US/employment-and-human-resources-f26202d3","Sublette County School District 1",2026-06-12
"683","Substitute Bus Driver",NA,"Classified","District","https://www.sub1.org/en-US/employment-and-human-resources-f26202d3","Sublette County School District 1",2026-06-12
"684","Substitute School Nurse",NA,"Classified","District","https://www.sub1.org/en-US/employment-and-human-resources-f26202d3","Sublette County School District 1",2026-06-12
"685","Substitutes",NA,"Substitutes","District","https://www.sub1.org/en-US/employment-and-human-resources-f26202d3","Sublette County School District 1",2026-06-12
"686","K-12 Special Education Teacher",NA,"Certified","Uinta County School District #4","https://www.uinta4.com/departments/business_office/job_opportunities/current_openings","Uinta County School District 4",2026-06-12
"687","Secondary Math Teacher",NA,"Certified","Uinta County School District #4","https://www.uinta4.com/departments/business_office/job_opportunities/current_openings","Uinta County School District 4",2026-06-12
"688","School Bus Route Driver (immediate)",NA,"Classified","Uinta County School District #4","https://www.uinta4.com/departments/business_office/job_opportunities/current_openings","Uinta County School District 4",2026-06-12
"689","HS Varsity Wrestling",NA,"Coaching","High School","https://www.uinta4.com/departments/business_office/job_opportunities/current_openings","Uinta County School District 4",2026-06-12
"690","HS Assistant Football",NA,"Coaching","High School","https://www.uinta4.com/departments/business_office/job_opportunities/current_openings","Uinta County School District 4",2026-06-12
"691","HS Assistant Boys Basketball (Freshman)",NA,"Coaching","High School","https://www.uinta4.com/departments/business_office/job_opportunities/current_openings","Uinta County School District 4",2026-06-12
"692","Assistant Girls Basketball (JV and Freshman)",NA,"Coaching","High School","https://www.uinta4.com/departments/business_office/job_opportunities/current_openings","Uinta County School District 4",2026-06-12
"693","Assistant Girls Wrestling (pending participation numbers)",NA,"Coaching","High School","https://www.uinta4.com/departments/business_office/job_opportunities/current_openings","Uinta County School District 4",2026-06-12
"694","Assistant Volleyball (pending participation numbers)",NA,"Coaching","Middle School","https://www.uinta4.com/departments/business_office/job_opportunities/current_openings","Uinta County School District 4",2026-06-12
"695","Head Girls Wrestling",NA,"Coaching","Middle School","https://www.uinta4.com/departments/business_office/job_opportunities/current_openings","Uinta County School District 4",2026-06-12
"696","Assistant Girls Wrestling",NA,"Coaching","Middle School","https://www.uinta4.com/departments/business_office/job_opportunities/current_openings","Uinta County School District 4",2026-06-12
"697","Special Education Teacher",NA,"Certified","Uinta County School District #6","https://sites.google.com/lymanschools.org/ucsd6/home/job-openings?authuser=0","Uinta County School District 6",2026-06-12
"698","Substitute School Bus Drivers",NA,"Classified","Uinta County School District #6","https://sites.google.com/lymanschools.org/ucsd6/home/job-openings?authuser=0","Uinta County School District 6",2026-06-12
"699","Substitute School Bus Aides",NA,"Classified","Uinta County School District #6","https://sites.google.com/lymanschools.org/ucsd6/home/job-openings?authuser=0","Uinta County School District 6",2026-06-12
"700","Title 1 Teacher",NA,"Certified","Uinta County School District #6","https://sites.google.com/lymanschools.org/ucsd6/home/job-openings?authuser=0","Uinta County School District 6",2026-06-12
"701","Accompanist (Part-time)",NA,"Classified","Uinta County School District #6","https://sites.google.com/lymanschools.org/ucsd6/home/job-openings?authuser=0","Uinta County School District 6",2026-06-12
"702","High School Boys Assistant Swim Coach",NA,"Coaching","High School","https://sites.google.com/lymanschools.org/ucsd6/home/job-openings?authuser=0","Uinta County School District 6",2026-06-12
"703","Substitute",NA,"Substitutes","District Wide","https://sites.google.com/lymanschools.org/ucsd6/home/job-openings?authuser=0","Uinta County School District 6",2026-06-12
"704","K–12 Music Teacher (2026–27 School Year)",NA,"Certified","District","https://www.wsh2.k12.wy.us/apps/pages/index.jsp?uREC_ID=440610&type=d&pREC_ID=1008214","Washakie County School District 2",2026-06-12
"705","High School Girls Basketball Coach",NA,"Coaching","District","https://www.wsh2.k12.wy.us/apps/pages/index.jsp?uREC_ID=440610&type=d&pREC_ID=1008214","Washakie County School District 2",2026-06-12
"706","Speech-Language Pathologist",NA,"Certified","District","https://www.wcsd1.org/apps/pages/Career_Opportunities","Weston County School District 1",2026-06-12
"707","special education teacher position",NA,"Certified","District","https://www.wcsd1.org/apps/pages/Career_Opportunities","Weston County School District 1",2026-06-12
"708","Special Education Case Manager Job Description",NA,"Certified","District","https://www.wcsd1.org/apps/pages/Career_Opportunities","Weston County School District 1",2026-06-12
"709","Industrial Arts/Woodworking Teacher (9-12) Description",NA,"Certified","District","https://www.wcsd1.org/apps/pages/Career_Opportunities","Weston County School District 1",2026-06-12
"710","Special Education Paraprofessional Positions",NA,"Classified","District","https://www.wcsd1.org/apps/pages/Career_Opportunities","Weston County School District 1",2026-06-12
"711","Head Boys and Girls Swimming Coach",NA,"Coaching","District","https://www.wcsd1.org/apps/pages/Career_Opportunities","Weston County School District 1",2026-06-12
"712","MS Head Track Coach",NA,"Coaching","District","https://www.wcsd1.org/apps/pages/Career_Opportunities","Weston County School District 1",2026-06-12
"713","MS HEAD BOYS SOCCER COACH",NA,"Coaching","District","https://www.wcsd1.org/apps/pages/Career_Opportunities","Weston County School District 1",2026-06-12
"714","MS Head Girls Soccer Coach",NA,"Coaching","District","https://www.wcsd1.org/apps/pages/Career_Opportunities","Weston County School District 1",2026-06-12
"715","HS Assistant Cross Country Coach",NA,"Coaching","District","https://www.wcsd1.org/apps/pages/Career_Opportunities","Weston County School District 1",2026-06-12
"716","AssistantBoysSoccerCoach",NA,"Coaching","District","https://www.wcsd1.org/apps/pages/Career_Opportunities","Weston County School District 1",2026-06-12
"717","Kitchen Assistant Position",NA,"Classified","District","https://www.wcsd1.org/apps/pages/Career_Opportunities","Weston County School District 1",2026-06-12
"718","Route Bus Drivers",NA,"Classified","District","https://www.wcsd1.org/apps/pages/Career_Opportunities","Weston County School District 1",2026-06-12
"719","Substitutes",NA,"Classified","District","https://www.wcsd1.org/apps/pages/Career_Opportunities","Weston County School District 1",2026-06-12
"720","Custodial-Kitchensubs",NA,"Classified","District","https://www.wcsd1.org/apps/pages/Career_Opportunities","Weston County School District 1",2026-06-12
"721","Sub Bus Drivers",NA,"Classified","District","https://www.wcsd1.org/apps/pages/Career_Opportunities","Weston County School District 1",2026-06-12
"722","Substitute Teacher",NA,"Certified","Weston County School District #7","https://www.weston7.org/o/wcsd/page/employment","Weston County School District 7",2026-06-12
"723","Substitute Paraprofessional",NA,"Classified","Weston County School District #7","https://www.weston7.org/o/wcsd/page/employment","Weston County School District 7",2026-06-12
"724","Substitute Custodian",NA,"Classified","Weston County School District #7","https://www.weston7.org/o/wcsd/page/employment","Weston County School District 7",2026-06-12
"725","Substitute Bus Driver",NA,"Classified","Weston County School District #7","https://www.weston7.org/o/wcsd/page/employment","Weston County School District 7",2026-06-12
"726","Substitute Lunchroom Cook",NA,"Classified","Weston County School District #7","https://www.weston7.org/o/wcsd/page/employment","Weston County School District 7",2026-06-12
"727","Substitute Employees (All Areas)",NA,"Classified","Weston County School District #7","https://www.weston7.org/o/wcsd/page/employment","Weston County School District 7",2026-06-12
"728","Assistant Middle School Boys Basketball Coach",NA,"Seasonal","Certified","https://jobs.redroverk12.com/org/hotsprings1/opening/178913","Hot Springs County School District 1",2026-06-12
"729","Assistant High School Boys Basketball Coach",NA,"Seasonal","Certified","https://jobs.redroverk12.com/org/hotsprings1/opening/178902","Hot Springs County School District 1",2026-06-12
"730","Title I Paraprofessional",NA,"Full Time","Classified","https://jobs.redroverk12.com/org/hotsprings1/opening/177682","Hot Springs County School District 1",2026-06-12
"731","Special Education Paraprofessional",NA,"Full Time","Classified","https://jobs.redroverk12.com/org/hotsprings1/opening/175718","Hot Springs County School District 1",2026-06-12
"732","Assistant High School Speech & Debate Sponsor",NA,"Other","Classified","https://jobs.redroverk12.com/org/hotsprings1/opening/167695","Hot Springs County School District 1",2026-06-12
"733","Assistant High School Girls Basketball Coach",NA,"Seasonal","Certified","https://jobs.redroverk12.com/org/hotsprings1/opening/167509","Hot Springs County School District 1",2026-06-12
"734","Part-time Custodian",NA,"Part Time","Classified","https://jobs.redroverk12.com/org/hotsprings1/opening/128761","Hot Springs County School District 1",2026-06-12
"735","Transportation Assistant",NA,"Part Time","Classified","https://jobs.redroverk12.com/org/hotsprings1/opening/162215","Hot Springs County School District 1",2026-06-12
"736","Bus Driver",NA,"Part Time","Classified","https://jobs.redroverk12.com/org/hotsprings1/opening/162208","Hot Springs County School District 1",2026-06-12
"737","Crossing Guard",NA,"Part Time","Classified","https://jobs.redroverk12.com/org/hotsprings1/opening/162209","Hot Springs County School District 1",2026-06-12
"738","Daycare Director",NA,"Full Time","Non-Certified","https://jobs.redroverk12.com/org/hotsprings1/opening/158975","Hot Springs County School District 1",2026-06-12
"739","Substitute Paraprofessional",NA,"Substitute","Substitute","https://jobs.redroverk12.com/org/hotsprings1/opening/128737","Hot Springs County School District 1",2026-06-12
"740","Child Nutrition Cook",NA,"Part Time","Classified","https://jobs.redroverk12.com/org/hotsprings1/opening/151103","Hot Springs County School District 1",2026-06-12
"741","Daycare Support Staff",NA,"Full Time","Classified","https://jobs.redroverk12.com/org/hotsprings1/opening/148304","Hot Springs County School District 1",2026-06-12
"742","Substitute Teacher",NA,"Substitute","Substitute","https://jobs.redroverk12.com/org/hotsprings1/opening/128617","Hot Springs County School District 1",2026-06-12
"743","Resource Room Teacher",NA,"Full Time","Special Education Teacher","https://jobs.redroverk12.com/org/jcsd1/opening/178617","Johnson County School District 1",2026-06-12
"744","Food Service Kitchen Lead",NA,"Full Time","Food Service Lead","https://jobs.redroverk12.com/org/jcsd1/opening/178704","Johnson County School District 1",2026-06-12
"745","Head Middle School Boys Basketball Coach",NA,"Other","Head Coach","https://jobs.redroverk12.com/org/jcsd1/opening/175320","Johnson County School District 1",2026-06-12
"746","Assistant FFA Advisor",NA,"Seasonal","Assistant Coach","https://jobs.redroverk12.com/org/jcsd1/opening/178197","Johnson County School District 1",2026-06-12
"747","FBLA Sponsor",NA,"Seasonal","Activity Sponsor","https://jobs.redroverk12.com/org/jcsd1/opening/178194","Johnson County School District 1",2026-06-12
"748","Registrar/Student Support Instructional Aide",NA,"Full Time","Administrative Assistant","https://jobs.redroverk12.com/org/jcsd1/opening/173352","Johnson County School District 1",2026-06-12
"749","Assistant Marching Band Sponsor",NA,"Seasonal","Assistant Coach","https://jobs.redroverk12.com/org/jcsd1/opening/166153","Johnson County School District 1",2026-06-12
"750","Assistant Middle School Boys Basketball Coach",NA,"Other","Assistant Coach","https://jobs.redroverk12.com/org/jcsd1/opening/164727","Johnson County School District 1",2026-06-12
"751","Assistant Football Coach",NA,"Seasonal","Assistant Coach","https://jobs.redroverk12.com/org/jcsd1/opening/165693","Johnson County School District 1",2026-06-12
"752","Food Service Warehouse Transport",NA,"Full Time","Food Warehouse Transport","https://jobs.redroverk12.com/org/jcsd1/opening/155290","Johnson County School District 1",2026-06-12
"753","Sign Language Interpreter",NA,"Full Time","Sign Language Interpreter","https://jobs.redroverk12.com/org/jcsd1/opening/150867","Johnson County School District 1",2026-06-12
"754","Food Prep Tech",NA,"Part Time","Food Service Tech Prep","https://jobs.redroverk12.com/org/jcsd1/opening/145949","Johnson County School District 1",2026-06-12
"755","Paraprofessional Substitute",NA,"Substitute","Substitute Paraprofessional","https://jobs.redroverk12.com/org/jcsd1/opening/142219","Johnson County School District 1",2026-06-12
"756","Custodian Staff Substitute",NA,"Substitute","Custodian","https://jobs.redroverk12.com/org/jcsd1/opening/137493","Johnson County School District 1",2026-06-12
"757","Food Service Staff Substitute",NA,"Substitute","Food Service Tech Prep","https://jobs.redroverk12.com/org/jcsd1/opening/134419","Johnson County School District 1",2026-06-12
"758","Substitute Teacher",NA,"Substitute","Substitute Teacher","https://jobs.redroverk12.com/org/jcsd1/opening/132190","Johnson County School District 1",2026-06-12
"759","Substitute Buffalo Bus Route Driver",NA,"Substitute","Bus Driver","https://jobs.redroverk12.com/org/jcsd1/opening/131082","Johnson County School District 1",2026-06-12
"760","Substitute Kaycee Bus Route Driver",NA,"Substitute","Bus Driver","https://jobs.redroverk12.com/org/jcsd1/opening/131059","Johnson County School District 1",2026-06-12
"761","K-12 Special Education Para-Professional",NA,"Full Time","Paraeducator","https://jobs.redroverk12.com/org/PCSD2/opening/179982","Platte County School District 2",2026-06-12
"762","Part-Time Food Service Assistant",NA,"Part Time","Food Services","https://jobs.redroverk12.com/org/PCSD2/opening/176090","Platte County School District 2",2026-06-12
"763","Assistant Track Coach",NA,"Seasonal","Coach/Sponsor","https://jobs.redroverk12.com/org/PCSD2/opening/170973","Platte County School District 2",2026-06-12
"764","Lego League Co-Sponsor",NA,"Seasonal","Coach/Sponsor","https://jobs.redroverk12.com/org/PCSD2/opening/169186","Platte County School District 2",2026-06-12
"765","Close Up Co-Sponsor",NA,"Seasonal","Coach/Sponsor","https://jobs.redroverk12.com/org/PCSD2/opening/169154","Platte County School District 2",2026-06-12
"766","Assistant HS Volleyball Coach",NA,"Seasonal","Coach/Sponsor","https://jobs.redroverk12.com/org/PCSD2/opening/169182","Platte County School District 2",2026-06-12
"767","Prom Sponsor",NA,"Seasonal","Coach/Sponsor","https://jobs.redroverk12.com/org/PCSD2/opening/169181","Platte County School District 2",2026-06-12
"768","Jr High Boys Basketball Coach",NA,"Seasonal","Coach/Sponsor","https://jobs.redroverk12.com/org/PCSD2/opening/169168","Platte County School District 2",2026-06-12
"769","Jr High Girls Basketball Coach",NA,"Seasonal","Coach/Sponsor","https://jobs.redroverk12.com/org/PCSD2/opening/169171","Platte County School District 2",2026-06-12
"770","3rd Grade Elementary Teacher",NA,"Full Time","Teacher","https://jobs.redroverk12.com/org/PCSD2/opening/169140","Platte County School District 2",2026-06-12
"771","Jr High Girls Volleyball Coach",NA,"Seasonal","Coach/Sponsor","https://jobs.redroverk12.com/org/PCSD2/opening/143316","Platte County School District 2",2026-06-12
"772","Middle School Special Education Paraprofessional",NA,"Full Time","Paraprofessional","https://jobs.redroverk12.com/org/SCSD9/opening/171712","Sublette County School District 9",2026-06-12
"773","Elementary Special Education Paraprofessional",NA,"Full Time","Paraprofessional","https://jobs.redroverk12.com/org/SCSD9/opening/171721","Sublette County School District 9",2026-06-12
"774","6-8 Title I Interventionist",NA,"Full Time","Teacher","https://jobs.redroverk12.com/org/SCSD9/opening/170555","Sublette County School District 9",2026-06-12
"775","Head Middle School Boys Wrestling Coach",NA,"Seasonal","Coach","https://jobs.redroverk12.com/org/SCSD9/opening/164892","Sublette County School District 9",2026-06-12
"776","Head HS Girls Basketball Coach",NA,"Seasonal","Coach","https://jobs.redroverk12.com/org/SCSD9/opening/159007","Sublette County School District 9",2026-06-12
"777","Certified Substitute Teacher",NA,"Substitute","Teacher","https://jobs.redroverk12.com/org/SCSD9/opening/151690","Sublette County School District 9",2026-06-12
"778","Substitute Bus Driver",NA,"Substitute","Bus Driver","https://jobs.redroverk12.com/org/SCSD9/opening/151630","Sublette County School District 9",2026-06-12
