"","title","date_posted","position","location","url","District","Archive_Date"
"1","Head Coach High School Volleyball-Burlington",2025-12-16,"Athletics/ Activities/","Burlington Schools","https://www.applitrack.com/bighorn1/onlineapp/JobPostings/view.asp?all=1","Big Horn School District 1",2026-05-08
"2","Assistant Middle School Football Coach RMMS",2026-03-04,"Athletics/ Activities/","Rocky Mountain Middle/High School","https://www.applitrack.com/bighorn1/onlineapp/JobPostings/view.asp?all=1","Big Horn School District 1",2026-05-08
"3","Head Middle School Cross Country Coach-RMMS",2026-03-17,"Athletics/ Activities/","Rocky Mountain Middle/High School","https://www.applitrack.com/bighorn1/onlineapp/JobPostings/view.asp?all=1","Big Horn School District 1",2026-05-08
"4","High School Assistant Boys Basketball Coach-Burlington",2026-04-07,"Athletics/ Activities/","Burlington Schools","https://www.applitrack.com/bighorn1/onlineapp/JobPostings/view.asp?all=1","Big Horn School District 1",2026-05-08
"5","High School Girls Head Basketball Coach-Rocky",2026-04-17,"Athletics/ Activities/","Rocky Mountain Middle/High School","https://www.applitrack.com/bighorn1/onlineapp/JobPostings/view.asp?all=1","Big Horn School District 1",2026-05-08
"6","Assistant High School Girls Basketball Coach x2-Rocky",2026-04-17,"Athletics/ Activities/","Rocky Mountain Middle/High School","https://www.applitrack.com/bighorn1/onlineapp/JobPostings/view.asp?all=1","Big Horn School District 1",2026-05-08
"7","Assistant Middle School Wrestling Coach-Rocky",2026-04-17,"Athletics/ Activities/","Rocky Mountain Middle/High School","https://www.applitrack.com/bighorn1/onlineapp/JobPostings/view.asp?all=1","Big Horn School District 1",2026-05-08
"8","Assistant Wrestling Coach-Girls/Boys RMHS",2026-05-04,"Athletics/ Activities/","Rocky Mountain Middle/High School","https://www.applitrack.com/bighorn1/onlineapp/JobPostings/view.asp?all=1","Big Horn School District 1",2026-05-08
"9","Assistant Cook 20 hrs per week/Burlington",2026-04-20,"Food Service/","Burlington Schools","https://www.applitrack.com/bighorn1/onlineapp/JobPostings/view.asp?all=1","Big Horn School District 1",2026-05-08
"10","Summer Food Program Cook x2 High School Students 16 and older",2026-03-13,"Food Service/","Burlington Schools","https://www.applitrack.com/bighorn1/onlineapp/JobPostings/view.asp?all=1","Big Horn School District 1",2026-05-08
"11","Middle/High School Agriculture or CTE Industrial Arts-Burlington",2026-03-17,"Middle / High School/","Burlington Schools","https://www.applitrack.com/bighorn1/onlineapp/JobPostings/view.asp?all=1","Big Horn School District 1",2026-05-08
"12","Paraprofessional for Special Education 35.75 hours/week RMES",2026-04-21,"Paraprofessional/","Rocky Mountain Elementary","https://www.applitrack.com/bighorn1/onlineapp/JobPostings/view.asp?all=1","Big Horn School District 1",2026-05-08
"13","Paraprofessional Special Education 32.25 hrs/week RMES",2026-04-21,"Paraprofessional/","Rocky Mountain Elementary","https://www.applitrack.com/bighorn1/onlineapp/JobPostings/view.asp?all=1","Big Horn School District 1",2026-05-08
"14","Special Education Classroom Teacher (9-12) 185 days",2026-03-13,"Special Education Teaching/","Burlington Schools","https://www.applitrack.com/bighorn1/onlineapp/JobPostings/view.asp?all=1","Big Horn School District 1",2026-05-08
"15","Sub Nurse",2020-09-23,"Student Support Services/","Big Horn Co School District 1","https://www.applitrack.com/bighorn1/onlineapp/JobPostings/view.asp?all=1","Big Horn School District 1",2026-05-08
"16","Sub - Teacher",2020-09-23,"Substitute/","Big Horn Co School District 1","https://www.applitrack.com/bighorn1/onlineapp/JobPostings/view.asp?all=1","Big Horn School District 1",2026-05-08
"17","Sub- Custodial/Cook/Secretary",2020-09-23,"Support Staff/","Big Horn Co School District 1","https://www.applitrack.com/bighorn1/onlineapp/JobPostings/view.asp?all=1","Big Horn School District 1",2026-05-08
"18","Sub - Paraprofessional",2020-09-23,"Support Staff/","Big Horn Co School District 1","https://www.applitrack.com/bighorn1/onlineapp/JobPostings/view.asp?all=1","Big Horn School District 1",2026-05-08
"19","Sub- Route Bus Driver - Burlington",2020-09-23,"Support Staff/","Bus Barn - South","https://www.applitrack.com/bighorn1/onlineapp/JobPostings/view.asp?all=1","Big Horn School District 1",2026-05-08
"20","Sub- Route Bus Driver - Cowley",2020-09-23,"Support Staff/","Bus Barn - North","https://www.applitrack.com/bighorn1/onlineapp/JobPostings/view.asp?all=1","Big Horn School District 1",2026-05-08
"21","Substitute Teacher",2022-03-30,"Substitute/","Big Horn County School District #2","https://www.applitrack.com/bgh2/onlineapp/default.aspx?all=1","Big Horn School District 2",2026-05-08
"22","Special Education Paraprofessional",2026-05-04,"Support Staff/","Big Horn County School District #2","https://www.applitrack.com/bgh2/onlineapp/default.aspx?all=1","Big Horn School District 2",2026-05-08
"23","Substitute Route and Activity Bus Drivers",2022-03-29,"Transportation","Big Horn County School District #2","https://www.applitrack.com/bgh2/onlineapp/default.aspx?all=1","Big Horn School District 2",2026-05-08
"24","Route Bus Driver",2025-05-27,"Transportation/","Big Horn County School District #2","https://www.applitrack.com/bgh2/onlineapp/default.aspx?all=1","Big Horn School District 2",2026-05-08
"25","Paraprofessional- Elementary School",2026-03-25,"Support Staff/","Greybull Elementary School(High-Needs School)","https://www.applitrack.com/bighorn/onlineapp/default.aspx?all=1","Big Horn School District 3",2026-05-08
"26","Substitute Teacher",2017-07-05,"Substitute/","District Wide","https://www.applitrack.com/bighorn/onlineapp/default.aspx?all=1","Big Horn School District 3",2026-05-08
"27","Substitute Bus Driver / Activity Driver",2024-12-17,"Transportation/","Transportation","https://www.applitrack.com/bighorn/onlineapp/default.aspx?all=1","Big Horn School District 3",2026-05-08
"28","Kindergarten Teacher",2026-04-20,"Elementary School Teaching","Laura Irwin Elementary","https://www.applitrack.com/bgh4/onlineapp/default.aspx?all=1","Big Horn School District 4",2026-05-08
"29","CTE, Drones, Computer Science and CAD Teacher",2026-04-21,"High School Teaching","Riverside High School","https://www.applitrack.com/bgh4/onlineapp/default.aspx?all=1","Big Horn School District 4",2026-05-08
"30","Middle School Special Education Teacher",2026-04-13,"Middle School Teaching","RMS/RHS","https://www.applitrack.com/bgh4/onlineapp/default.aspx?all=1","Big Horn School District 4",2026-05-08
"31","21 CCLC After School Program Activity Leaders",2020-01-21,"Student Support Services","Laura Irwin Elementary","https://www.applitrack.com/bgh4/onlineapp/default.aspx?all=1","Big Horn School District 4",2026-05-08
"32","Bus Driver",2022-01-07,"Support Staff","District","https://www.applitrack.com/bgh4/onlineapp/default.aspx?all=1","Big Horn School District 4",2026-05-08
"33","Substitute",2025-07-21,"Support Staff","District","https://www.applitrack.com/bgh4/onlineapp/default.aspx?all=1","Big Horn School District 4",2026-05-08
"34","Lifeguard",2025-08-12,"Aquatics/","Rawlins Pool","https://www.applitrack.com/crb1/onlineapp/jobpostings/view.asp?all=1","Carbon County School District 1",2026-05-08
"35","Fall Play/State Drama Co-Sponsor",2026-04-27,"Athletics/Activities/","Rawlins High School","https://www.applitrack.com/crb1/onlineapp/jobpostings/view.asp?all=1","Carbon County School District 1",2026-05-08
"36","Spring Play Co-Sponsor",2026-04-27,"Athletics/Activities/","Rawlins High School","https://www.applitrack.com/crb1/onlineapp/jobpostings/view.asp?all=1","Carbon County School District 1",2026-05-08
"37","Asst. Girls Basketball Coach",2026-04-30,"Athletics/Activities/","Rawlins High School","https://www.applitrack.com/crb1/onlineapp/jobpostings/view.asp?all=1","Carbon County School District 1",2026-05-08
"38","Asst. Volleyball Coach",2026-04-23,"Athletics/Activities/","Rawlins High School","https://www.applitrack.com/crb1/onlineapp/jobpostings/view.asp?all=1","Carbon County School District 1",2026-05-08
"39","Asst. Boys Swim Coach",2026-04-27,"Athletics/Activities/","Rawlins High School","https://www.applitrack.com/crb1/onlineapp/jobpostings/view.asp?all=1","Carbon County School District 1",2026-05-08
"40","2nd Asst Swim Coach",2026-04-27,"Athletics/Activities/","Rawlins Middle School","https://www.applitrack.com/crb1/onlineapp/jobpostings/view.asp?all=1","Carbon County School District 1",2026-05-08
"41","Asst. Football Coach",2025-11-11,"Athletics/Activities/","Rawlins Middle School","https://www.applitrack.com/crb1/onlineapp/jobpostings/view.asp?all=1","Carbon County School District 1",2026-05-08
"42","Head Boys Wrestling Coach - Rawlins High School",2026-04-07,"Athletics/Activities/","Rawlins High School","https://www.applitrack.com/crb1/onlineapp/jobpostings/view.asp?all=1","Carbon County School District 1",2026-05-08
"43","Asst. High School Football Coach",2026-04-17,"Athletics/Activities/","Little Snake River Valley School","https://www.applitrack.com/crb1/onlineapp/jobpostings/view.asp?all=1","Carbon County School District 1",2026-05-08
"44","Music Teacher",2026-04-15,"Elementary School Teaching","Rawlins Elementary School","https://www.applitrack.com/crb1/onlineapp/jobpostings/view.asp?all=1","Carbon County School District 1",2026-05-08
"45","STEM Teacher",2026-02-10,"Elementary School Teaching","Rawlins Elementary School","https://www.applitrack.com/crb1/onlineapp/jobpostings/view.asp?all=1","Carbon County School District 1",2026-05-08
"46","Elementary Teacher Grades 2-5",2026-03-31,"Elementary School Teaching","Rawlins Elementary School","https://www.applitrack.com/crb1/onlineapp/jobpostings/view.asp?all=1","Carbon County School District 1",2026-05-08
"47","Substitute Food Service",2025-10-09,"Food Service/","Food Service","https://www.applitrack.com/crb1/onlineapp/jobpostings/view.asp?all=1","Carbon County School District 1",2026-05-08
"48","Summer Food Sevice Worker-Students 16 or Older Only",2026-04-08,"Food Service/","District","https://www.applitrack.com/crb1/onlineapp/jobpostings/view.asp?all=1","Carbon County School District 1",2026-05-08
"49","English Teacher",2026-04-16,"High School Teaching","Rawlins High School","https://www.applitrack.com/crb1/onlineapp/jobpostings/view.asp?all=1","Carbon County School District 1",2026-05-08
"50","Substitute Custodian",2025-07-29,"Maintenance/Custodial","District","https://www.applitrack.com/crb1/onlineapp/jobpostings/view.asp?all=1","Carbon County School District 1",2026-05-08
"51","Custodial - Substitute",2024-02-16,"Maintenance/Custodial","Little Snake River Valley School","https://www.applitrack.com/crb1/onlineapp/jobpostings/view.asp?all=1","Carbon County School District 1",2026-05-08
"52","Building Secretary",2026-04-21,"Secretarial/Clerical/","Rawlins Elementary School","https://www.applitrack.com/crb1/onlineapp/jobpostings/view.asp?all=1","Carbon County School District 1",2026-05-08
"53","Speech Language Pathology Assistant (SLPA)",2026-04-21,"Special Education","District","https://www.applitrack.com/crb1/onlineapp/jobpostings/view.asp?all=1","Carbon County School District 1",2026-05-08
"54","Speech Language Pathologist (SLP)",2026-04-21,"Special Education/","District","https://www.applitrack.com/crb1/onlineapp/jobpostings/view.asp?all=1","Carbon County School District 1",2026-05-08
"55","Substitute Teacher",2025-07-29,"Substitute/","District","https://www.applitrack.com/crb1/onlineapp/jobpostings/view.asp?all=1","Carbon County School District 1",2026-05-08
"56","Substitute Bus Driver",2025-07-29,"Transportation","District","https://www.applitrack.com/crb1/onlineapp/jobpostings/view.asp?all=1","Carbon County School District 1",2026-05-08
"57","Bus Driver",2023-09-22,"Transportation/","District","https://www.applitrack.com/crb1/onlineapp/jobpostings/view.asp?all=1","Carbon County School District 1",2026-05-08
"58","First Assistant (Head) Middle School Boys Basketball Coach",2026-02-25,"Athletics/Activities/","Encampment K-12","https://www.applitrack.com/crb2/onlineapp/default.aspx?all=1","Carbon County School District 2",2026-05-08
"59","Other Assistant Middle School Boys Basketball Coach",2026-02-25,"Athletics/Activities/","Encampment K-12","https://www.applitrack.com/crb2/onlineapp/default.aspx?all=1","Carbon County School District 2",2026-05-08
"60","Assistant High School Volleyball Coach",2026-03-03,"Athletics/Activities/","H-E-M Junior/Senior High School","https://www.applitrack.com/crb2/onlineapp/default.aspx?all=1","Carbon County School District 2",2026-05-08
"61","Other Assistant Middle School Volleyball Coach",2026-03-06,"Athletics/Activities/","H-E-M Junior/Senior High School","https://www.applitrack.com/crb2/onlineapp/default.aspx?all=1","Carbon County School District 2",2026-05-08
"62","Assistant High School Girls Basketball Coach",2026-03-10,"Athletics/Activities/","Saratoga Middle High School","https://www.applitrack.com/crb2/onlineapp/default.aspx?all=1","Carbon County School District 2",2026-05-08
"63","Other Assistant Middle School Girls Basketball Coach",2026-03-10,"Athletics/Activities/","Saratoga Middle High School","https://www.applitrack.com/crb2/onlineapp/default.aspx?all=1","Carbon County School District 2",2026-05-08
"64","Other Assistant Middle School Football Coach",2026-03-10,"Athletics/Activities/","Saratoga Middle High School","https://www.applitrack.com/crb2/onlineapp/default.aspx?all=1","Carbon County School District 2",2026-05-08
"65","First Assistant (Head) Middle School Boys Basketball Coach",2026-03-10,"Athletics/Activities/","Saratoga Middle High School","https://www.applitrack.com/crb2/onlineapp/default.aspx?all=1","Carbon County School District 2",2026-05-08
"66","Other Assistant Middle School Track Coach",2026-03-16,"Athletics/Activities/","H-E-M Junior/Senior High School","https://www.applitrack.com/crb2/onlineapp/default.aspx?all=1","Carbon County School District 2",2026-05-08
"67","High School Assistant Boys Basketball Coach",2025-03-12,"Athletics/Activities/","H-E-M Junior/Senior High School","https://www.applitrack.com/crb2/onlineapp/default.aspx?all=1","Carbon County School District 2",2026-05-08
"68","Assistant MS/HS Cross Country Coach",2026-05-04,"Athletics/Activities/","Saratoga Middle High School","https://www.applitrack.com/crb2/onlineapp/default.aspx?all=1","Carbon County School District 2",2026-05-08
"69","Other Assistant Middle School Girls Wrestling Coach",2026-05-04,"Athletics/Activities/","Saratoga Middle High School","https://www.applitrack.com/crb2/onlineapp/default.aspx?all=1","Carbon County School District 2",2026-05-08
"70","Temporary Summer Help",2026-04-08,"Maintenance/Custodial/","Encampment K-12","https://www.applitrack.com/crb2/onlineapp/default.aspx?all=1","Carbon County School District 2",2026-05-08
"71","Temporary Summer Help",2026-04-09,"Maintenance/Custodial/","Saratoga Elementary School","https://www.applitrack.com/crb2/onlineapp/default.aspx?all=1","Carbon County School District 2",2026-05-08
"72","Temporary Summer Help",2026-04-15,"Maintenance/Custodial/","H-E-M Junior/Senior High School","https://www.applitrack.com/crb2/onlineapp/default.aspx?all=1","Carbon County School District 2",2026-05-08
"73","District Mechanic",2026-04-23,"Other/","CCSD#2","https://www.applitrack.com/crb2/onlineapp/default.aspx?all=1","Carbon County School District 2",2026-05-08
"74","Elementary School Counselor",2026-01-28,"Student Support Services/","Hanna Elementary School","https://www.applitrack.com/crb2/onlineapp/default.aspx?all=1","Carbon County School District 2",2026-05-08
"75","Occupational Therapist(s)",2023-12-22,"Student Support Services/","CCSD#2","https://www.applitrack.com/crb2/onlineapp/default.aspx?all=1","Carbon County School District 2",2026-05-08
"76","Substitute Bus Driver 2025/2026 School Year",2025-07-15,"Substitute/","CCSD#2","https://www.applitrack.com/crb2/onlineapp/default.aspx?all=1","Carbon County School District 2",2026-05-08
"77","Substitute Classroom/Special Education Aide 2025/2026 School Year",2025-07-15,"Substitute/","CCSD#2","https://www.applitrack.com/crb2/onlineapp/default.aspx?all=1","Carbon County School District 2",2026-05-08
"78","Substitute Cook Helpers 2025/2026 School Year",2025-07-15,"Substitute/","CCSD#2","https://www.applitrack.com/crb2/onlineapp/default.aspx?all=1","Carbon County School District 2",2026-05-08
"79","Substitute Custodian 2025/2026 School Year",2025-07-15,"Substitute/","CCSD#2","https://www.applitrack.com/crb2/onlineapp/default.aspx?all=1","Carbon County School District 2",2026-05-08
"80","Substitute Teacher 2025/2026 School Year",2025-07-15,"Substitute/","CCSD#2","https://www.applitrack.com/crb2/onlineapp/default.aspx?all=1","Carbon County School District 2",2026-05-08
"81","Route Bus Driver",2025-12-02,"Support Staff/","Encampment K-12","https://www.applitrack.com/crb2/onlineapp/default.aspx?all=1","Carbon County School District 2",2026-05-08
"82","Music Classroom Aide-Saratoga Schools",2026-02-17,"Support Staff/","Saratoga Elementary School","https://www.applitrack.com/crb2/onlineapp/default.aspx?all=1","Carbon County School District 2",2026-05-08
"83","High School Assistant Principal (7-12)",2026-05-04,"Administration/","Glenrock Jr/Sr High School","https://www.applitrack.com/converse2/onlineapp/default.aspx?all=1","Converse County School Distrcit 2",2026-05-08
"84","High School Assistant Football Coach",2026-04-13,"Athletics/Activities/","Glenrock Jr/Sr High School","https://www.applitrack.com/converse2/onlineapp/default.aspx?all=1","Converse County School Distrcit 2",2026-05-08
"85","HS Assistant Volleyball Coach",2026-02-18,"Athletics/Activities/","Glenrock Jr/Sr High School","https://www.applitrack.com/converse2/onlineapp/default.aspx?all=1","Converse County School Distrcit 2",2026-05-08
"86","Junior High School (7-8) Head Football Coach",2026-04-02,"Athletics/Activities/","Glenrock Jr/Sr High School","https://www.applitrack.com/converse2/onlineapp/default.aspx?all=1","Converse County School Distrcit 2",2026-05-08
"87","JH Assistant Girls Basketball Coach",2026-04-02,"Athletics/Activities/","Glenrock Jr/Sr High School","https://www.applitrack.com/converse2/onlineapp/default.aspx?all=1","Converse County School Distrcit 2",2026-05-08
"88","Elementary Classroom Teacher (6th Grade)",2026-05-01,"Elementary School Teaching/","Glenrock Intermediate School","https://www.applitrack.com/converse2/onlineapp/default.aspx?all=1","Converse County School Distrcit 2",2026-05-08
"89","Food Service Worker - Cook (Part -Time, 14 hrs)",2025-12-02,"Food Service/","Converse County School District #2","https://www.applitrack.com/converse2/onlineapp/default.aspx?all=1","Converse County School Distrcit 2",2026-05-08
"90","Food Service Van Driver - (Part -Time)",2026-03-09,"Food Service/","Converse County School District #2","https://www.applitrack.com/converse2/onlineapp/default.aspx?all=1","Converse County School Distrcit 2",2026-05-08
"91","Secondary Math Teacher (9-12)",2026-03-31,"High School Teaching/","Glenrock Jr/Sr High School","https://www.applitrack.com/converse2/onlineapp/default.aspx?all=1","Converse County School Distrcit 2",2026-05-08
"92","Physical Education/Health Teacher (Grades 7-12)",2026-04-09,"High School Teaching/","Glenrock Jr/Sr High School","https://www.applitrack.com/converse2/onlineapp/default.aspx?all=1","Converse County School Distrcit 2",2026-05-08
"93","Night Custodian",2026-04-23,"Maintenance/Custodial/","Converse County School District #2","https://www.applitrack.com/converse2/onlineapp/default.aspx?all=1","Converse County School Distrcit 2",2026-05-08
"94","School Psychologist Intern",2026-04-22,"Student Support Services Certified/","Converse County School District #2","https://www.applitrack.com/converse2/onlineapp/default.aspx?all=1","Converse County School Distrcit 2",2026-05-08
"95","Occupational Therapist",2026-04-22,"Student Support Services Certified/","Converse County School District #2","https://www.applitrack.com/converse2/onlineapp/default.aspx?all=1","Converse County School Distrcit 2",2026-05-08
"96","Special Education Paraprofessional",2026-04-30,"Student Support Services Classified/","Converse County School District #2","https://www.applitrack.com/converse2/onlineapp/default.aspx?all=1","Converse County School Distrcit 2",2026-05-08
"97","Substitute Teacher/Aid/Cook/Custodian/Bus Driver/Summer Help",2019-03-26,"Substitute/","Converse County School District #2","https://www.applitrack.com/converse2/onlineapp/default.aspx?all=1","Converse County School Distrcit 2",2026-05-08
"98","Technology Director",2026-02-23,"Technology/","Converse County School District #2","https://www.applitrack.com/converse2/onlineapp/default.aspx?all=1","Converse County School Distrcit 2",2026-05-08
"99","Bus Driver (Route, Activity, Sub)",2023-04-13,"Transportation/","Converse County School District #2","https://www.applitrack.com/converse2/onlineapp/default.aspx?all=1","Converse County School Distrcit 2",2026-05-08
"100","DHS Assistant Football Coach",2026-04-30,"Athletics/Activities/Extra Duty/","Activities Department","https://www.applitrack.com/ccsd1/onlineapp/default.aspx?all=1","Converse County School District 1",2026-05-08
"101","DMS Head Volleyball Coach",2026-04-30,"Athletics/Activities/Extra Duty/","Activities Department","https://www.applitrack.com/ccsd1/onlineapp/default.aspx?all=1","Converse County School District 1",2026-05-08
"102","DPS Secretary",2026-04-27,"Clerical/Secretarial/","Douglas Primary School","https://www.applitrack.com/ccsd1/onlineapp/default.aspx?all=1","Converse County School District 1",2026-05-08
"103","Elementary Teachers",2026-04-09,"Elementary School Teaching","Douglas Upper Elementary School","https://www.applitrack.com/ccsd1/onlineapp/default.aspx?all=1","Converse County School District 1",2026-05-08
"104","K-1 / K-8 Rural Music",2026-04-10,"Elementary School Teaching","Douglas Primary School","https://www.applitrack.com/ccsd1/onlineapp/default.aspx?all=1","Converse County School District 1",2026-05-08
"105","K-1 / K-8 Rural Art",2026-04-10,"Elementary School Teaching","Douglas Primary School","https://www.applitrack.com/ccsd1/onlineapp/default.aspx?all=1","Converse County School District 1",2026-05-08
"106","ESY/Summer School Secretary",2026-03-11,"ESY/","Student Support Services","https://www.applitrack.com/ccsd1/onlineapp/default.aspx?all=1","Converse County School District 1",2026-05-08
"107","6th Grade Science Teacher",2026-05-06,"Middle School Teaching/","Douglas Middle School","https://www.applitrack.com/ccsd1/onlineapp/default.aspx?all=1","Converse County School District 1",2026-05-08
"108","DRC Field Crew Workers",2026-01-12,"Recreation/","Douglas Recreation Center","https://www.applitrack.com/ccsd1/onlineapp/default.aspx?all=1","Converse County School District 1",2026-05-08
"109","Summer Tech Workers",2026-05-05,"Student/","Technology","https://www.applitrack.com/ccsd1/onlineapp/default.aspx?all=1","Converse County School District 1",2026-05-08
"110","Speech/Language Pathology Assistant (SLPA)",2026-05-01,"Student Support Services","Converse County School District #1","https://www.applitrack.com/ccsd1/onlineapp/default.aspx?all=1","Converse County School District 1",2026-05-08
"111","Elementary SPED Teacher",2026-01-21,"Student Support Services","Elementary Schools","https://www.applitrack.com/ccsd1/onlineapp/default.aspx?all=1","Converse County School District 1",2026-05-08
"112","Secondary SPED Teacher",2026-01-21,"Student Support Services","Douglas Middle/High School","https://www.applitrack.com/ccsd1/onlineapp/default.aspx?all=1","Converse County School District 1",2026-05-08
"113","Special Education Functional Life Skills Teacher (Grades 6-8)",2026-03-26,"Student Support Services/","Douglas Middle School","https://www.applitrack.com/ccsd1/onlineapp/default.aspx?all=1","Converse County School District 1",2026-05-08
"114","School Psychologist",2026-03-12,"Student Support Services/","Converse County School District #1","https://www.applitrack.com/ccsd1/onlineapp/default.aspx?all=1","Converse County School District 1",2026-05-08
"115","STEAM Camp Coaches",2026-03-27,"Student Support Services/","Converse County School District #1","https://www.applitrack.com/ccsd1/onlineapp/default.aspx?all=1","Converse County School District 1",2026-05-08
"116","DRC Substitute Recreation Monitor",2026-01-12,"Substitute","Douglas Recreation Center","https://www.applitrack.com/ccsd1/onlineapp/default.aspx?all=1","Converse County School District 1",2026-05-08
"117","Classified Substitute Positions",2025-07-29,"Substitute","Central Administration","https://www.applitrack.com/ccsd1/onlineapp/default.aspx?all=1","Converse County School District 1",2026-05-08
"118","Food Service Substitute",2025-12-03,"Substitute","Central Administration","https://www.applitrack.com/ccsd1/onlineapp/default.aspx?all=1","Converse County School District 1",2026-05-08
"119","Substitute Custodian",2025-08-19,"Substitute/","Maintenance","https://www.applitrack.com/ccsd1/onlineapp/default.aspx?all=1","Converse County School District 1",2026-05-08
"120","Certified Substitute",2025-07-29,"Substitute/","Central Administration","https://www.applitrack.com/ccsd1/onlineapp/default.aspx?all=1","Converse County School District 1",2026-05-08
"121","Substitute Bus Monitor/Paraprofessional",2025-07-29,"Support Staff/","Transportation","https://www.applitrack.com/ccsd1/onlineapp/default.aspx?all=1","Converse County School District 1",2026-05-08
"122","Substitute Bus Driver",2025-07-29,"Transportation/","Transportation","https://www.applitrack.com/ccsd1/onlineapp/default.aspx?all=1","Converse County School District 1",2026-05-08
"123","Bus Driver",2025-07-28,"Transportation/","Transportation","https://www.applitrack.com/ccsd1/onlineapp/default.aspx?all=1","Converse County School District 1",2026-05-08
"124","Substitute Crossing Guard",2025-07-29,"Transportation/","Transportation","https://www.applitrack.com/ccsd1/onlineapp/default.aspx?all=1","Converse County School District 1",2026-05-08
"125","Crossing Guard",2026-03-23,"Transportation/","Transportation","https://www.applitrack.com/ccsd1/onlineapp/default.aspx?all=1","Converse County School District 1",2026-05-08
"126","Head 7th Volleyball Coach",2025-12-16,"Athletics/Activities/","Lander Middle School","https://www.applitrack.com/fremontwy/onlineapp/jobpostings/view.asp?all=1","Fremont County School District 1",2026-05-08
"127","Head 8th Volleyball Coach",2025-12-19,"Athletics/Activities/","Lander Middle School","https://www.applitrack.com/fremontwy/onlineapp/jobpostings/view.asp?all=1","Fremont County School District 1",2026-05-08
"128","Special Education Coordinator",2026-02-13,"Certified Teaching/","Baldwin Creek Elementary & Pathfinder High School","https://www.applitrack.com/fremontwy/onlineapp/jobpostings/view.asp?all=1","Fremont County School District 1",2026-05-08
"129","Special Education Life Skills Teacher",2026-04-16,"Certified Teaching/","Lander Middle School","https://www.applitrack.com/fremontwy/onlineapp/jobpostings/view.asp?all=1","Fremont County School District 1",2026-05-08
"130","Special Education Teacher - Resource",2026-03-23,"Certified Teaching/","Lander Middle School","https://www.applitrack.com/fremontwy/onlineapp/jobpostings/view.asp?all=1","Fremont County School District 1",2026-05-08
"131","Special Education Teacher - Behavior",2026-03-24,"Certified Teaching/","Lander Valley High School","https://www.applitrack.com/fremontwy/onlineapp/jobpostings/view.asp?all=1","Fremont County School District 1",2026-05-08
"132","Special Education Teacher - Extended Resource",2026-04-15,"Certified Teaching/","Lander Valley High School","https://www.applitrack.com/fremontwy/onlineapp/jobpostings/view.asp?all=1","Fremont County School District 1",2026-05-08
"133","Speech-Language Pathologist",2026-03-05,"Student Support Services/","District-wide","https://www.applitrack.com/fremontwy/onlineapp/jobpostings/view.asp?all=1","Fremont County School District 1",2026-05-08
"134","Substitute Custodian (at-will)",2025-06-11,"Substitute/","District-wide","https://www.applitrack.com/fremontwy/onlineapp/jobpostings/view.asp?all=1","Fremont County School District 1",2026-05-08
"135","Substitute Nurse (at-will)",2025-06-11,"Substitute/","District-wide","https://www.applitrack.com/fremontwy/onlineapp/jobpostings/view.asp?all=1","Fremont County School District 1",2026-05-08
"136","Substitute Nutritional Service Worker (at-will)",2025-06-11,"Substitute/","District-wide","https://www.applitrack.com/fremontwy/onlineapp/jobpostings/view.asp?all=1","Fremont County School District 1",2026-05-08
"137","Substitute - classrooms (at-will)",2025-06-11,"Substitute/","District-wide","https://www.applitrack.com/fremontwy/onlineapp/jobpostings/view.asp?all=1","Fremont County School District 1",2026-05-08
"138","Substitute Bus/Activity Driver (at-will)",2025-06-11,"Substitute/","Central Services","https://www.applitrack.com/fremontwy/onlineapp/jobpostings/view.asp?all=1","Fremont County School District 1",2026-05-08
"139","Adaptive PE Teacher",2026-03-18,"Temporary/","District-wide","https://www.applitrack.com/fremontwy/onlineapp/jobpostings/view.asp?all=1","Fremont County School District 1",2026-05-08
"140","Lights On Summer Reading Intervention Teacher",2026-05-05,"Temporary/","Lights On","https://www.applitrack.com/fremontwy/onlineapp/jobpostings/view.asp?all=1","Fremont County School District 1",2026-05-08
"141","Bus Route Driver",2026-04-21,"Transportation / Warehouse/","District-wide","https://www.applitrack.com/fremontwy/onlineapp/jobpostings/view.asp?all=1","Fremont County School District 1",2026-05-08
"142","Business Manager (Open until filled)",2026-03-19,"Administration/","Fremont County School District 21","https://www.applitrack.com/fortwashakieschool/onlineapp/default.aspx?all=1","Fremont County School District 21",2026-05-08
"143","High School English Teacher 2026-2027 School Year - Open Until Filled",2026-03-31,"High School Teaching/","Fort Washakie High School","https://www.applitrack.com/fortwashakieschool/onlineapp/default.aspx?all=1","Fremont County School District 21",2026-05-08
"144","Math Interventionist (6th - 8th Grades) Open Until Filled",2026-04-24,"Middle School Teaching/","Fort Washakie Middle School","https://www.applitrack.com/fortwashakieschool/onlineapp/default.aspx?all=1","Fremont County School District 21",2026-05-08
"145","Substitute Cooks",2025-10-06,"Student Support Services/","Fort Washakie Elementary","https://www.applitrack.com/fortwashakieschool/onlineapp/default.aspx?all=1","Fremont County School District 21",2026-05-08
"146","Special Education Teachers - Open Until Filled.",2026-03-24,"Student Support Services/","Fort Washakie Elementary","https://www.applitrack.com/fortwashakieschool/onlineapp/default.aspx?all=1","Fremont County School District 21",2026-05-08
"147","Special Education Teachers - Open Until Filled",2026-03-27,"Student Support Services/","Fort Washakie High School","https://www.applitrack.com/fortwashakieschool/onlineapp/default.aspx?all=1","Fremont County School District 21",2026-05-08
"148","Substitute Teacher",2023-09-12,"Substitute/","Fort Washakie Elementary","https://www.applitrack.com/fortwashakieschool/onlineapp/default.aspx?all=1","Fremont County School District 21",2026-05-08
"149","Paraprofessional (Special Education)",2026-03-24,"Support Staff/","Fremont County School District 21","https://www.applitrack.com/fortwashakieschool/onlineapp/default.aspx?all=1","Fremont County School District 21",2026-05-08
"150","Bus Driver Substitutes 2025-2026",2025-08-08,"Substitute/","K-12 Schoolwide","https://www.applitrack.com/fremont24/onlineapp/default.aspx?all=1","Fremont County School District 24",2026-05-08
"151","Cooks Helper Substitutes 2025-2026",2025-08-08,"Substitute/","District Office","https://www.applitrack.com/fremont24/onlineapp/default.aspx?all=1","Fremont County School District 24",2026-05-08
"152","Custodian Substitutes 2025-2026",2025-08-08,"Substitute/","District Wide","https://www.applitrack.com/fremont24/onlineapp/default.aspx?all=1","Fremont County School District 24",2026-05-08
"153","Substitute School Nurse 2025-2026",2025-08-08,"Substitute/","K-12 Schoolwide","https://www.applitrack.com/fremont24/onlineapp/default.aspx?all=1","Fremont County School District 24",2026-05-08
"154","Substitute Teacher 2025-2026",2025-08-08,"Substitute/","K-12 Schoolwide","https://www.applitrack.com/fremont24/onlineapp/default.aspx?all=1","Fremont County School District 24",2026-05-08
"155","Substitute Daycare Assistant 2025-2026",2025-08-08,"Substitute/","K-12 Schoolwide","https://www.applitrack.com/fremont24/onlineapp/default.aspx?all=1","Fremont County School District 24",2026-05-08
"156","No jobs",NA,NA,NA,"https://www.applitrack.com/fcsd38/onlineapp/default.aspx?all=1","Fremont County School District 38",2026-05-08
"157","High School Assistant Volleyball Coach",2025-03-24,"Athletics/Activities","Wind River High School","https://www.applitrack.com/fre6/onlineapp/default.aspx?all=1","Fremont County School District 6",2026-05-08
"158","HS Boys Boasketball Coach HEAD",2026-03-11,"Athletics/Activities","Wind River Middle/High School","https://www.applitrack.com/fre6/onlineapp/default.aspx?all=1","Fremont County School District 6",2026-05-08
"159","HS Volleyball Coach ASSISTANT",2026-03-11,"Athletics/Activities","Wind River Middle/High School","https://www.applitrack.com/fre6/onlineapp/default.aspx?all=1","Fremont County School District 6",2026-05-08
"160","Assistant HS Girls Basketball Coach",2026-03-26,"Athletics/Activities","Wind River High School","https://www.applitrack.com/fre6/onlineapp/default.aspx?all=1","Fremont County School District 6",2026-05-08
"161","Assistant High School Boys Basketball Coach",2026-04-22,"Athletics/Activities","Wind River Schools","https://www.applitrack.com/fre6/onlineapp/default.aspx?all=1","Fremont County School District 6",2026-05-08
"162","Assistant HS Football Coach",2026-04-22,"Athletics/Activities","Wind River Schools","https://www.applitrack.com/fre6/onlineapp/default.aspx?all=1","Fremont County School District 6",2026-05-08
"163","Elementary Classroom Teacher",2026-04-27,"Elementary School Teaching","Wind River Elementary","https://www.applitrack.com/fre6/onlineapp/default.aspx?all=1","Fremont County School District 6",2026-05-08
"164","Temp Grounds",2026-04-23,"Maintenance/Custodial/","Wind River Schools","https://www.applitrack.com/fre6/onlineapp/default.aspx?all=1","Fremont County School District 6",2026-05-08
"165","Substitute Teacher",2024-08-20,"Substitute/","Wind River Schools","https://www.applitrack.com/fre6/onlineapp/default.aspx?all=1","Fremont County School District 6",2026-05-08
"166","Substitute Para/Custodian/Food Service",2024-11-14,"Substitute/","Wind River Schools","https://www.applitrack.com/fre6/onlineapp/default.aspx?all=1","Fremont County School District 6",2026-05-08
"167","Arapaho Language Teacher",2026-04-09,"Elementary School Teaching","Wyoming Indian Elementary School","https://www.applitrack.com/fremont14/onlineapp/default.aspx?all=1","Fremont County School District 14",2026-05-08
"168","Secondary Art Teacher",2026-04-09,"High School Teaching/","Wyoming Indian High School","https://www.applitrack.com/fremont14/onlineapp/default.aspx?all=1","Fremont County School District 14",2026-05-08
"169","Middle School ELA Teacher",2026-03-25,"Middle School Teaching/","Wyoming Indian Middle School","https://www.applitrack.com/fremont14/onlineapp/default.aspx?all=1","Fremont County School District 14",2026-05-08
"170","Middle School Mathematics",2026-04-14,"Middle School Teaching/","Wyoming Indian Middle School","https://www.applitrack.com/fremont14/onlineapp/default.aspx?all=1","Fremont County School District 14",2026-05-08
"171","Substitute School Nurse",2020-07-23,"Student Health Services/","District Wide","https://www.applitrack.com/fremont14/onlineapp/default.aspx?all=1","Fremont County School District 14",2026-05-08
"172","Substitute Teacher - Classroom",2018-10-09,"Substitute Certified/","District Wide","https://www.applitrack.com/fremont14/onlineapp/default.aspx?all=1","Fremont County School District 14",2026-05-08
"173","Substitute School Secretary",2026-02-06,"Substitute Non Certified","District Wide","https://www.applitrack.com/fremont14/onlineapp/default.aspx?all=1","Fremont County School District 14",2026-05-08
"174","Substitute Cook",2018-10-10,"Substitute Non Certified/","District Wide","https://www.applitrack.com/fremont14/onlineapp/default.aspx?all=1","Fremont County School District 14",2026-05-08
"175","Substitute Custodian",2019-09-09,"Substitute Non Certified/","District Wide","https://www.applitrack.com/fremont14/onlineapp/default.aspx?all=1","Fremont County School District 14",2026-05-08
"176","Language and Culture Paraprofessional",2026-04-11,"Support Staff/","District Wide","https://www.applitrack.com/fremont14/onlineapp/default.aspx?all=1","Fremont County School District 14",2026-05-08
"177","Special Education Paraprofessional",2026-03-12,"Support Staff/","Wyoming Indian Elementary School","https://www.applitrack.com/fremont14/onlineapp/default.aspx?all=1","Fremont County School District 14",2026-05-08
"178","Technology Director",2026-03-12,"Technology/","District Wide","https://www.applitrack.com/fremont14/onlineapp/default.aspx?all=1","Fremont County School District 14",2026-05-08
"179","Bus Driver",2023-09-18,"Transportation/","District Wide","https://www.applitrack.com/fremont14/onlineapp/default.aspx?all=1","Fremont County School District 14",2026-05-08
"180","Substitute Bus Driver",2021-07-09,"Transportation/","District Wide","https://www.applitrack.com/fremont14/onlineapp/default.aspx?all=1","Fremont County School District 14",2026-05-08
"181","No jobs",NA,NA,NA,"https://www.applitrack.com/rangers1/onlineapp/default.aspx?all=1","Lincoln County School District 1",2026-05-08
"182","Physical Education Teacher",2026-05-05,"Elementary School Teaching/","Southside Elementary School","https://www.applitrack.com/park1/onlineapp/default.aspx?all=1","Park County School District 1",2026-05-08
"183","Spanish Teacher",2026-04-20,"Middle School Teaching/","Powell Middle School","https://www.applitrack.com/park1/onlineapp/default.aspx?all=1","Park County School District 1",2026-05-08
"184","Substitute School Nurse",2025-09-18,"Student Support Services/","District-Wide K-12","https://www.applitrack.com/park1/onlineapp/default.aspx?all=1","Park County School District 1",2026-05-08
"185","Substitute Teacher",2024-07-03,"Substitute/","District-Wide K-12","https://www.applitrack.com/park1/onlineapp/default.aspx?all=1","Park County School District 1",2026-05-08
"186","Substitute Custodian",2024-07-03,"Substitute Support Services/","District-Wide K-12","https://www.applitrack.com/park1/onlineapp/default.aspx?all=1","Park County School District 1",2026-05-08
"187","Substitute Para-Educator",2024-07-03,"Substitute Support Services/","District-Wide K-12","https://www.applitrack.com/park1/onlineapp/default.aspx?all=1","Park County School District 1",2026-05-08
"188","Substitute Bus Driver",2021-09-27,"Transportation/","Transportation Department","https://www.applitrack.com/park1/onlineapp/default.aspx?all=1","Park County School District 1",2026-05-08
"189","Secondary Literacy Teacher",2026-04-10,"Instructional Facilitators/","Cody High School","https://www.applitrack.com/park6/onlineapp/default.aspx?all=1","Park County School District 6",2026-05-08
"190","Secondary Literacy Teacher",2026-04-10,"Instructional Facilitators/","Cody Middle School","https://www.applitrack.com/park6/onlineapp/default.aspx?all=1","Park County School District 6",2026-05-08
"191","Custodian",2026-04-10,"Maintenance/Custodial/","Cody High School","https://www.applitrack.com/park6/onlineapp/default.aspx?all=1","Park County School District 6",2026-05-08
"192","Custodian",2026-04-10,"Maintenance/Custodial/","Livingston Elementary School","https://www.applitrack.com/park6/onlineapp/default.aspx?all=1","Park County School District 6",2026-05-08
"193","District Administrative Assistant - Student Support Services",2026-04-27,"Secretarial/Clerical/","District Office","https://www.applitrack.com/park6/onlineapp/default.aspx?all=1","Park County School District 6",2026-05-08
"194","Life Skills Teacher",2026-03-27,"Student Support Services/","Cody High School","https://www.applitrack.com/park6/onlineapp/default.aspx?all=1","Park County School District 6",2026-05-08
"195","ASD Special Education Teacher",2026-03-27,"Student Support Services/","Cody Middle School","https://www.applitrack.com/park6/onlineapp/default.aspx?all=1","Park County School District 6",2026-05-08
"196","Elementary Special Education Resource Teacher",2026-02-06,"Student Support Services/","Eastside Elementary School","https://www.applitrack.com/park6/onlineapp/default.aspx?all=1","Park County School District 6",2026-05-08
"197","Substitute Paraeducator (Aide) 2025-2026 School Year",2025-07-16,"Substitute/","All Schools","https://www.applitrack.com/park6/onlineapp/default.aspx?all=1","Park County School District 6",2026-05-08
"198","Substitute Custodian 2025-2026 School Year",2025-07-16,"Substitute/","All Schools","https://www.applitrack.com/park6/onlineapp/default.aspx?all=1","Park County School District 6",2026-05-08
"199","Substitute Nurse 2025-2026 School Year",2025-07-16,"Substitute/","All Schools","https://www.applitrack.com/park6/onlineapp/default.aspx?all=1","Park County School District 6",2026-05-08
"200","Substitute Teacher 2025-2026 School Year",2025-07-16,"Substitute/","All Schools","https://www.applitrack.com/park6/onlineapp/default.aspx?all=1","Park County School District 6",2026-05-08
"201","Special Education Life Skills Paraeducator",2026-01-27,"Support Staff/","Cody High School","https://www.applitrack.com/park6/onlineapp/default.aspx?all=1","Park County School District 6",2026-05-08
"202","Special Education Resource Paraeducator",2026-04-10,"Support Staff/","Cody Middle School","https://www.applitrack.com/park6/onlineapp/default.aspx?all=1","Park County School District 6",2026-05-08
"203","Route Driver",2025-07-16,"Transportation","All Schools","https://www.applitrack.com/park6/onlineapp/default.aspx?all=1","Park County School District 6",2026-05-08
"204","Bus Aide",2025-07-16,"Transportation","All Schools","https://www.applitrack.com/park6/onlineapp/default.aspx?all=1","Park County School District 6",2026-05-08
"205","Vocational Agriculture Teacher and FFA Sponsor",2026-04-02,"High School Teaching/","Big Horn High School and Middle School","https://www.applitrack.com/sheridanwy/onlineapp/default.aspx?all=1","Sheridan County School District 1",2026-05-08
"206","TRHS Head Boys Basketball Coach",2026-05-05,"Athletics/Activities/","Tongue River High School","https://www.applitrack.com/sheridanwy/onlineapp/default.aspx?all=1","Sheridan County School District 1",2026-05-08
"207","TRHS Assistant Boys Basketball Coach",2026-05-05,"Athletics/Activities/","Tongue River High School","https://www.applitrack.com/sheridanwy/onlineapp/default.aspx?all=1","Sheridan County School District 1",2026-05-08
"208","TRMS Assistant Cross-Country Coach",2026-02-04,"Athletics/Activities/","Tongue River Middle School","https://www.applitrack.com/sheridanwy/onlineapp/default.aspx?all=1","Sheridan County School District 1",2026-05-08
"209","TRMS Assistant Volleyball Coach",2026-02-04,"Athletics/Activities/","Tongue River Middle School","https://www.applitrack.com/sheridanwy/onlineapp/default.aspx?all=1","Sheridan County School District 1",2026-05-08
"210","Big Horn Custodian",2025-12-08,"Maintenance/Custodial/","Big Horn High School","https://www.applitrack.com/sheridanwy/onlineapp/default.aspx?all=1","Sheridan County School District 1",2026-05-08
"211","Tongue River Custodian",2026-04-21,"Maintenance/Custodial/","TR Schools","https://www.applitrack.com/sheridanwy/onlineapp/default.aspx?all=1","Sheridan County School District 1",2026-05-08
"212","Bus Driver",2025-04-01,"Transportation/","District-Wide","https://www.applitrack.com/sheridanwy/onlineapp/default.aspx?all=1","Sheridan County School District 1",2026-05-08
"213","TRMS Assistant Girls Basketball Coach",2025-05-20,"Athletics/Activities/","Tongue River Middle School","https://www.applitrack.com/sheridanwy/onlineapp/default.aspx?all=1","Sheridan County School District 1",2026-05-08
"214","TRHS Assistant Volleyball Coach",2025-05-28,"Athletics/Activities/","Tongue River High School","https://www.applitrack.com/sheridanwy/onlineapp/default.aspx?all=1","Sheridan County School District 1",2026-05-08
"215","TRHS Assistant Track Coach",2025-06-03,"Athletics/Activities/","Tongue River High School","https://www.applitrack.com/sheridanwy/onlineapp/default.aspx?all=1","Sheridan County School District 1",2026-05-08
"216","BHMS Assistant Football Coach",2025-07-28,"Athletics/Activities/","Big Horn Middle School","https://www.applitrack.com/sheridanwy/onlineapp/default.aspx?all=1","Sheridan County School District 1",2026-05-08
"217","TRMS Assistant Robotics Coach",2025-08-12,"Athletics/Activities/","Tongue River Middle School","https://www.applitrack.com/sheridanwy/onlineapp/default.aspx?all=1","Sheridan County School District 1",2026-05-08
"218","BHMS Assistant Boys Wrestling Coach",2025-09-08,"Athletics/Activities/","Big Horn Middle School","https://www.applitrack.com/sheridanwy/onlineapp/default.aspx?all=1","Sheridan County School District 1",2026-05-08
"219","TRHS Head Cross-Country Coach",2025-11-18,"Athletics/Activities/","Tongue River High School","https://www.applitrack.com/sheridanwy/onlineapp/default.aspx?all=1","Sheridan County School District 1",2026-05-08
"220","TRMS Assistant Boys Basketball Coach",2024-08-14,"Athletics/Activities/","Tongue River Middle School","https://www.applitrack.com/sheridanwy/onlineapp/default.aspx?all=1","Sheridan County School District 1",2026-05-08
"221","Substitute - Support Staff",2018-07-03,"Substitute/","District-Wide","https://www.applitrack.com/sheridanwy/onlineapp/default.aspx?all=1","Sheridan County School District 1",2026-05-08
"222","Substitute - Nurse",2025-09-04,"Substitute/","TR Schools","https://www.applitrack.com/sheridanwy/onlineapp/default.aspx?all=1","Sheridan County School District 1",2026-05-08
"223","Substitute - Teacher",2018-07-09,"Substitute/","District-Wide","https://www.applitrack.com/sheridanwy/onlineapp/default.aspx?all=1","Sheridan County School District 1",2026-05-08
"224","Principals Administrative Assistant - Sheridan High School",2026-04-24,"Administrative/Clerical","Sheridan High School","https://www.applitrack.com/scsd2/OnlineApp/default.aspx?all=1","Sheridan County School District 2",2026-05-08
"225","Office Paraprofessional - Sheridan High School",2026-05-06,"Administrative/Clerical","Sheridan High School","https://www.applitrack.com/scsd2/OnlineApp/default.aspx?all=1","Sheridan County School District 2",2026-05-08
"226","Assistant Football Coach - Sheridan High School",2026-05-05,"Athletic Coaches","Sheridan High School","https://www.applitrack.com/scsd2/OnlineApp/default.aspx?all=1","Sheridan County School District 2",2026-05-08
"227","Assistant Volleyball Coach - Sheridan High School",2026-04-30,"Athletic Coaches","Sheridan High School","https://www.applitrack.com/scsd2/OnlineApp/default.aspx?all=1","Sheridan County School District 2",2026-05-08
"228","Assistant Volleyball Coach - 8th Grade Girls - Sheridan Junior High School",2026-03-30,"Athletic Coaches","Sheridan Junior High School","https://www.applitrack.com/scsd2/OnlineApp/default.aspx?all=1","Sheridan County School District 2",2026-05-08
"229","Assistant Golf Coach - Sheridan High School",2026-04-16,"Athletic Coaches","Sheridan High School","https://www.applitrack.com/scsd2/OnlineApp/default.aspx?all=1","Sheridan County School District 2",2026-05-08
"230","Assistant Football Coach 8th Grade - Sheridan Junior High School",2026-04-21,"Athletic Coaches","Sheridan Junior High School","https://www.applitrack.com/scsd2/OnlineApp/default.aspx?all=1","Sheridan County School District 2",2026-05-08
"231","Assistant Basketball Coach - 9th Grade B Team - Sheridan High School",2026-02-10,"Athletic Coaches","Sheridan High School","https://www.applitrack.com/scsd2/OnlineApp/default.aspx?all=1","Sheridan County School District 2",2026-05-08
"232","Assistant Wrestling Coach - Sheridan Junior High School",2026-01-14,"Athletic Coaches","Sheridan Junior High School","https://www.applitrack.com/scsd2/OnlineApp/default.aspx?all=1","Sheridan County School District 2",2026-05-08
"233","Assistant Cross Country Coach - Sheridan Junior High School",2026-03-11,"Athletic Coaches","Sheridan Junior High School","https://www.applitrack.com/scsd2/OnlineApp/default.aspx?all=1","Sheridan County School District 2",2026-05-08
"234","Girls Assistant Volleyball Coach - 7th Grade B Team - Sheridan Junior High School",2026-03-12,"Athletic Coaches","Sheridan Junior High School","https://www.applitrack.com/scsd2/OnlineApp/default.aspx?all=1","Sheridan County School District 2",2026-05-08
"235","Girls Basketball Coach - 7th Grade C Team - Sheridan Junior High School",2026-03-12,"Athletic Coaches","Sheridan Junior High School","https://www.applitrack.com/scsd2/OnlineApp/default.aspx?all=1","Sheridan County School District 2",2026-05-08
"236","Head Football Coach - 7th Grade Boys - Sheridan Junior High School",2026-01-29,"Athletic Coaches/","Sheridan Junior High School","https://www.applitrack.com/scsd2/OnlineApp/default.aspx?all=1","Sheridan County School District 2",2026-05-08
"237","Head Basketball Coach - Boys 7th Grade - Sheridan Junior High School",2026-04-21,"Athletic Coaches/","Sheridan Junior High School","https://www.applitrack.com/scsd2/OnlineApp/default.aspx?all=1","Sheridan County School District 2",2026-05-08
"238","Head 8th Grade Football Coach - Sheridan Junior High School",2026-05-06,"Athletic Coaches/","Sheridan Junior High School","https://www.applitrack.com/scsd2/OnlineApp/default.aspx?all=1","Sheridan County School District 2",2026-05-08
"239","2nd Grade Classroom Teacher - Sagebrush Elementary",2026-04-24,"Elementary School Teaching","Sagebrush","https://www.applitrack.com/scsd2/OnlineApp/default.aspx?all=1","Sheridan County School District 2",2026-05-08
"240","Elementary Title I Literacy Teacher - Henry A. Coffeen Elementary",2026-04-30,"Elementary School Teaching","Henry A. Coffeen","https://www.applitrack.com/scsd2/OnlineApp/default.aspx?all=1","Sheridan County School District 2",2026-05-08
"241","Agriculture/Industrial Tech Classroom Teacher - Sheridan High School",2026-05-06,"High School Teaching","Sheridan High School","https://www.applitrack.com/scsd2/OnlineApp/default.aspx?all=1","Sheridan County School District 2",2026-05-08
"242","School Nurse - Sheridan Junior High School",2026-03-02,"Nurses/","Sheridan Junior High School","https://www.applitrack.com/scsd2/OnlineApp/default.aspx?all=1","Sheridan County School District 2",2026-05-08
"243","Pre-K Paraprofessional - Highland Park Elementary",2026-03-09,"Paraprofessionals","Highland Park","https://www.applitrack.com/scsd2/OnlineApp/default.aspx?all=1","Sheridan County School District 2",2026-05-08
"244","Special Education Paraprofessional - Sheridan High School",2026-05-03,"Paraprofessionals","Sheridan High School","https://www.applitrack.com/scsd2/OnlineApp/default.aspx?all=1","Sheridan County School District 2",2026-05-08
"245","Substitute Teacher (for prior SCSD2 Teachers only)",2025-07-01,"Prior Employee/","District Wide","https://www.applitrack.com/scsd2/OnlineApp/default.aspx?all=1","Sheridan County School District 2",2026-05-08
"246","Rotating Teacher - Districtwide",2026-04-28,"Rotating Teacher","Central Office","https://www.applitrack.com/scsd2/OnlineApp/default.aspx?all=1","Sheridan County School District 2",2026-05-08
"247","Seasonal Grounds Worker - Districtwide",2026-01-16,"Seasonal Staff","District Wide","https://www.applitrack.com/scsd2/OnlineApp/default.aspx?all=1","Sheridan County School District 2",2026-05-08
"248","Seasonal Bus Mechanic",2026-03-27,"Seasonal Staff","Bus Barn","https://www.applitrack.com/scsd2/OnlineApp/default.aspx?all=1","Sheridan County School District 2",2026-05-08
"249","Seasonal Inventory Lead",2026-03-27,"Seasonal Staff","Bus Barn","https://www.applitrack.com/scsd2/OnlineApp/default.aspx?all=1","Sheridan County School District 2",2026-05-08
"250","Speech Language Pathologist - Districtwide",2026-02-23,"Special Services Staff/",NA,"https://www.applitrack.com/scsd2/OnlineApp/default.aspx?all=1","Sheridan County School District 2",2026-05-08
"251","Substitute Custodian - Districtwide",2024-08-29,"Substitutes","District Wide","https://www.applitrack.com/scsd2/OnlineApp/default.aspx?all=1","Sheridan County School District 2",2026-05-08
"252","Substitute Bus Paraprofessional - Districtwide",2025-04-28,"Substitutes","Bus Barn","https://www.applitrack.com/scsd2/OnlineApp/default.aspx?all=1","Sheridan County School District 2",2026-05-08
"253","Substitute Paraprofessional",2024-07-10,"Substitutes","District Wide","https://www.applitrack.com/scsd2/OnlineApp/default.aspx?all=1","Sheridan County School District 2",2026-05-08
"254","Substitute School Nurse",2024-07-10,"Substitutes","District Wide","https://www.applitrack.com/scsd2/OnlineApp/default.aspx?all=1","Sheridan County School District 2",2026-05-08
"255","Substitute Teacher",2025-07-01,"Substitutes/","District Wide","https://www.applitrack.com/scsd2/OnlineApp/default.aspx?all=1","Sheridan County School District 2",2026-05-08
"256","Substitute Bus Driver",2025-10-07,"Transportation Staff","Bus Barn","https://www.applitrack.com/scsd2/OnlineApp/default.aspx?all=1","Sheridan County School District 2",2026-05-08
"257","FEMS-FEHS Assistant Coach - Football",2025-03-03,"Athletics/Activities/","Farson-Eden High School","https://www.applitrack.com/sweetwater/onlineapp/default.aspx?all=1","Sweetwater County School District 1",2026-05-08
"258","RSHS Assistant Coach - Volleyball - Freshman",2026-01-13,"Athletics/Activities/","Rock Springs High School","https://www.applitrack.com/sweetwater/onlineapp/default.aspx?all=1","Sweetwater County School District 1",2026-05-08
"259","RSHS Assistant Coach - Football (3)",2026-02-10,"Athletics/Activities/","Rock Springs High School","https://www.applitrack.com/sweetwater/onlineapp/default.aspx?all=1","Sweetwater County School District 1",2026-05-08
"260","RSJH Assistant Football Coach - 7th Grade",2026-02-10,"Athletics/Activities/","Rock Springs Junior High School","https://www.applitrack.com/sweetwater/onlineapp/default.aspx?all=1","Sweetwater County School District 1",2026-05-08
"261","Farson MS Head Track Coach",2026-02-18,"Athletics/Activities/","Farson-Eden Middle School","https://www.applitrack.com/sweetwater/onlineapp/default.aspx?all=1","Sweetwater County School District 1",2026-05-08
"262","RSHS Assistant Girls Basketball Coach - Freshman",2026-03-11,"Athletics/Activities/","Rock Springs High School","https://www.applitrack.com/sweetwater/onlineapp/default.aspx?all=1","Sweetwater County School District 1",2026-05-08
"263","RSHS Assistant Indoor Track Coach",2026-03-10,"Athletics/Activities/","Rock Springs High School","https://www.applitrack.com/sweetwater/onlineapp/default.aspx?all=1","Sweetwater County School District 1",2026-05-08
"264","RSHS Assistant Boys Basketball Coach - (2)",2026-03-19,"Athletics/Activities/","Rock Springs High School","https://www.applitrack.com/sweetwater/onlineapp/default.aspx?all=1","Sweetwater County School District 1",2026-05-08
"265","Farson/Eden MS Boys Assistant Basketball Coach",2026-04-21,"Athletics/Activities/","Farson-Eden Middle School","https://www.applitrack.com/sweetwater/onlineapp/default.aspx?all=1","Sweetwater County School District 1",2026-05-08
"266","Farson Assistant HS Volleyball Coach",2026-04-21,"Athletics/Activities/","Farson-Eden High School","https://www.applitrack.com/sweetwater/onlineapp/default.aspx?all=1","Sweetwater County School District 1",2026-05-08
"267","RSJH Assistant Coach - Track and Field",2026-04-28,"Athletics/Activities/","Rock Springs Junior High School","https://www.applitrack.com/sweetwater/onlineapp/default.aspx?all=1","Sweetwater County School District 1",2026-05-08
"268","RSJH 7th Grade Volleyball Coach",2026-04-28,"Athletics/Activities/","Rock Springs Junior High","https://www.applitrack.com/sweetwater/onlineapp/default.aspx?all=1","Sweetwater County School District 1",2026-05-08
"269","RSHS Head Coach - Tennis",2026-04-14,"Athletics/Activities/","Rock Springs High School","https://www.applitrack.com/sweetwater/onlineapp/default.aspx?all=1","Sweetwater County School District 1",2026-05-08
"270","RSJH 8th Grade Head Coach - Volleyball",2026-02-09,"Athletics/Activities/","Rock Springs Junior High School","https://www.applitrack.com/sweetwater/onlineapp/default.aspx?all=1","Sweetwater County School District 1",2026-05-08
"271","Elementary Teacher 2nd Grade",2026-04-16,"Certified Staff/","Desert View Elementary","https://www.applitrack.com/sweetwater/onlineapp/default.aspx?all=1","Sweetwater County School District 1",2026-05-08
"272","Elementary Teacher 1st Grade",2026-04-30,"Certified Staff/","Walnut Elementary","https://www.applitrack.com/sweetwater/onlineapp/default.aspx?all=1","Sweetwater County School District 1",2026-05-08
"273","EL Teacher",2025-11-04,"Certified Staff/","Rock Springs High School","https://www.applitrack.com/sweetwater/onlineapp/default.aspx?all=1","Sweetwater County School District 1",2026-05-08
"274","English/Language Arts",2026-04-20,"Certified Staff/","Rock Springs Junior High School","https://www.applitrack.com/sweetwater/onlineapp/default.aspx?all=1","Sweetwater County School District 1",2026-05-08
"275","English/Language Arts",2026-04-24,"Certified Staff/","Rock Springs High School","https://www.applitrack.com/sweetwater/onlineapp/default.aspx?all=1","Sweetwater County School District 1",2026-05-08
"276","English/Language Arts",2026-04-24,"Certified Staff/","Black Butte High School","https://www.applitrack.com/sweetwater/onlineapp/default.aspx?all=1","Sweetwater County School District 1",2026-05-08
"277","School Counselor",2026-04-13,"Certified Staff/","Farson Schools","https://www.applitrack.com/sweetwater/onlineapp/default.aspx?all=1","Sweetwater County School District 1",2026-05-08
"278","Industrial Arts - Welding",2026-05-04,"Certified Staff/","Rock Springs High School","https://www.applitrack.com/sweetwater/onlineapp/default.aspx?all=1","Sweetwater County School District 1",2026-05-08
"279","Library Media Specialist K-3 (Stagecoach and Wamsutter)",2025-11-03,"Certified Staff/","District Wide","https://www.applitrack.com/sweetwater/onlineapp/default.aspx?all=1","Sweetwater County School District 1",2026-05-08
"280","Math Teacher",2025-11-05,"Certified Staff/","Rock Springs High School","https://www.applitrack.com/sweetwater/onlineapp/default.aspx?all=1","Sweetwater County School District 1",2026-05-08
"281","Music Teacher 4-6 (3)",2025-11-06,"Certified Staff/","District Wide","https://www.applitrack.com/sweetwater/onlineapp/default.aspx?all=1","Sweetwater County School District 1",2026-05-08
"282","Music Teacher K-3 (2)",2025-11-06,"Certified Staff/","District Wide","https://www.applitrack.com/sweetwater/onlineapp/default.aspx?all=1","Sweetwater County School District 1",2026-05-08
"283","PE/Health Teacher",2026-04-16,"Certified Staff/","Black Butte High School","https://www.applitrack.com/sweetwater/onlineapp/default.aspx?all=1","Sweetwater County School District 1",2026-05-08
"284","PE/ Health Teacher",2026-04-21,"Certified Staff/","Eastside Elementary","https://www.applitrack.com/sweetwater/onlineapp/default.aspx?all=1","Sweetwater County School District 1",2026-05-08
"285","School Nurse",2026-02-24,"Certified Staff/","District Wide","https://www.applitrack.com/sweetwater/onlineapp/default.aspx?all=1","Sweetwater County School District 1",2026-05-08
"286","School Psychologist (5)",2026-03-31,"Certified Staff/","District Wide","https://www.applitrack.com/sweetwater/onlineapp/default.aspx?all=1","Sweetwater County School District 1",2026-05-08
"287","Social Worker",2026-03-31,"Certified Staff/","Stagecoach Elementary","https://www.applitrack.com/sweetwater/onlineapp/default.aspx?all=1","Sweetwater County School District 1",2026-05-08
"288","Social Worker",2025-11-06,"Certified Staff/","Rock Springs High School","https://www.applitrack.com/sweetwater/onlineapp/default.aspx?all=1","Sweetwater County School District 1",2026-05-08
"289","Resource Teacher",2025-11-03,"Certified Staff/","Desert Elementary (Wamsutter)","https://www.applitrack.com/sweetwater/onlineapp/default.aspx?all=1","Sweetwater County School District 1",2026-05-08
"290","Resource Teacher (4)",2025-11-05,"Certified Staff/","Rock Springs High School","https://www.applitrack.com/sweetwater/onlineapp/default.aspx?all=1","Sweetwater County School District 1",2026-05-08
"291","Special Education - Resource Teacher (2)",2025-11-04,"Certified Staff/","Eastside Elementary","https://www.applitrack.com/sweetwater/onlineapp/default.aspx?all=1","Sweetwater County School District 1",2026-05-08
"292","Resource Teacher",2025-11-04,"Certified Staff/","Overland Elementary","https://www.applitrack.com/sweetwater/onlineapp/default.aspx?all=1","Sweetwater County School District 1",2026-05-08
"293","Resource Teacher",2025-11-04,"Certified Staff/","Pilot Butte Elementary","https://www.applitrack.com/sweetwater/onlineapp/default.aspx?all=1","Sweetwater County School District 1",2026-05-08
"294","Resource Teacher (2)",2026-04-08,"Certified Staff/","Rock Springs Junior High School","https://www.applitrack.com/sweetwater/onlineapp/default.aspx?all=1","Sweetwater County School District 1",2026-05-08
"295","Alternative Communications Program (ACP) Teacher",2026-03-10,"Certified Staff/","Rock Springs Junior High School","https://www.applitrack.com/sweetwater/onlineapp/default.aspx?all=1","Sweetwater County School District 1",2026-05-08
"296","Alternative Behavior Program (ABP) Teacher",2026-03-12,"Certified Staff/","Stagecoach Elementary","https://www.applitrack.com/sweetwater/onlineapp/default.aspx?all=1","Sweetwater County School District 1",2026-05-08
"297","Alternative Behavior Program Teacher",2025-11-04,"Certified Staff/","Rock Springs High School","https://www.applitrack.com/sweetwater/onlineapp/default.aspx?all=1","Sweetwater County School District 1",2026-05-08
"298","Alternative Communication Program (ACP) Teacher",2025-11-04,"Certified Staff/","Rock Springs High School","https://www.applitrack.com/sweetwater/onlineapp/default.aspx?all=1","Sweetwater County School District 1",2026-05-08
"299","Alternative Behavior Program (ABP)",2025-11-05,"Certified Staff/","Sage Elementary","https://www.applitrack.com/sweetwater/onlineapp/default.aspx?all=1","Sweetwater County School District 1",2026-05-08
"300","Alternative Academic-Daily Living Skills Program Teacher",2025-10-22,"Certified Staff/","Rock Springs High School","https://www.applitrack.com/sweetwater/onlineapp/default.aspx?all=1","Sweetwater County School District 1",2026-05-08
"301","Alternative Communications Program",2026-02-11,"Certified Staff/","Stagecoach Elementary","https://www.applitrack.com/sweetwater/onlineapp/default.aspx?all=1","Sweetwater County School District 1",2026-05-08
"302","Speech and Language Pathologist (3)",2026-03-31,"Certified Staff/","District Wide","https://www.applitrack.com/sweetwater/onlineapp/default.aspx?all=1","Sweetwater County School District 1",2026-05-08
"303","Title One Teacher",2026-02-17,"Certified Staff/","Eastside Elementary","https://www.applitrack.com/sweetwater/onlineapp/default.aspx?all=1","Sweetwater County School District 1",2026-05-08
"304","Bus Driver/Classroom Paraprofessional",2025-08-11,"Combined Positions/","Desert Elementary (Wamsutter)","https://www.applitrack.com/sweetwater/onlineapp/default.aspx?all=1","Sweetwater County School District 1",2026-05-08
"305","Substitute - Head Start",2018-06-12,"Head Start","Overland Elementary","https://www.applitrack.com/sweetwater/onlineapp/default.aspx?all=1","Sweetwater County School District 1",2026-05-08
"306","Maintenance Technician",2026-04-15,"Maintenance/Custodial","Maintenance","https://www.applitrack.com/sweetwater/onlineapp/default.aspx?all=1","Sweetwater County School District 1",2026-05-08
"307","Activities Lead/ Full Time Custodian",2026-03-03,"Maintenance/Custodial/","District Wide","https://www.applitrack.com/sweetwater/onlineapp/default.aspx?all=1","Sweetwater County School District 1",2026-05-08
"308","Nutrition Services Assistant",2026-01-27,"Nutrition Services/","Rock Springs High School","https://www.applitrack.com/sweetwater/onlineapp/default.aspx?all=1","Sweetwater County School District 1",2026-05-08
"309","Nutrition Services Assistant",2026-05-05,"Nutrition Services/","Rock Springs Junior High","https://www.applitrack.com/sweetwater/onlineapp/default.aspx?all=1","Sweetwater County School District 1",2026-05-08
"310","Nutrition Services Substitute",2024-07-18,"Nutrition Services/","District Wide","https://www.applitrack.com/sweetwater/onlineapp/default.aspx?all=1","Sweetwater County School District 1",2026-05-08
"311","Classroom Paraprofessional",2026-04-08,"Paraprofessional/","Walnut Elementary","https://www.applitrack.com/sweetwater/onlineapp/default.aspx?all=1","Sweetwater County School District 1",2026-05-08
"312","Classroom Paraprofessional",2026-04-21,"Paraprofessional/","Pilot Butte Elementary","https://www.applitrack.com/sweetwater/onlineapp/default.aspx?all=1","Sweetwater County School District 1",2026-05-08
"313","Classroom Paraprofessional",2026-05-04,"Paraprofessional/","Rock Springs High School","https://www.applitrack.com/sweetwater/onlineapp/default.aspx?all=1","Sweetwater County School District 1",2026-05-08
"314","ELL Paraprofessional",2026-03-23,"Paraprofessional/","Walnut Elementary","https://www.applitrack.com/sweetwater/onlineapp/default.aspx?all=1","Sweetwater County School District 1",2026-05-08
"315","ELL Paraprofessional",2026-01-29,"Paraprofessional/","Desert View Elementary","https://www.applitrack.com/sweetwater/onlineapp/default.aspx?all=1","Sweetwater County School District 1",2026-05-08
"316","ELL Paraprofessional",2025-12-01,"Paraprofessional/","Rock Springs Junior High School","https://www.applitrack.com/sweetwater/onlineapp/default.aspx?all=1","Sweetwater County School District 1",2026-05-08
"317","Itinerant Paraprofessional/Testing Assistant",2026-05-05,"Paraprofessional/","District Wide","https://www.applitrack.com/sweetwater/onlineapp/default.aspx?all=1","Sweetwater County School District 1",2026-05-08
"318","Resource Room Paraprofessional",2025-08-21,"Paraprofessional/","Rock Springs Satellite High School","https://www.applitrack.com/sweetwater/onlineapp/default.aspx?all=1","Sweetwater County School District 1",2026-05-08
"319","Resource Room Paraprofessional (2)",2025-09-10,"Paraprofessional/","Rock Springs High School","https://www.applitrack.com/sweetwater/onlineapp/default.aspx?all=1","Sweetwater County School District 1",2026-05-08
"320","Alternative Behavior Special Programs One-on-One Paraprofessional",2026-03-05,"Paraprofessional/","Eastside Elementary","https://www.applitrack.com/sweetwater/onlineapp/default.aspx?all=1","Sweetwater County School District 1",2026-05-08
"321","Special Programs Paraprofessional (Alternative Communications Program)",2026-02-18,"Paraprofessional/","Rock Springs Junior High School","https://www.applitrack.com/sweetwater/onlineapp/default.aspx?all=1","Sweetwater County School District 1",2026-05-08
"322","One-On-One Paraprofessional",2026-03-30,"Paraprofessional/","Pilot Butte Elementary","https://www.applitrack.com/sweetwater/onlineapp/default.aspx?all=1","Sweetwater County School District 1",2026-05-08
"323","High School Special Education Paraprofessional and Daycare Assistant - Overland/RSHS",2026-04-07,"Paraprofessional/","Overland/RSHS","https://www.applitrack.com/sweetwater/onlineapp/default.aspx?all=1","Sweetwater County School District 1",2026-05-08
"324","High School Special Education Paraprofessional and Daycare Assistant - Overland/RSHS",2026-04-07,"Paraprofessional/","Overland/RSHS","https://www.applitrack.com/sweetwater/onlineapp/default.aspx?all=1","Sweetwater County School District 1",2026-05-08
"325","Alternate Academic Special Programs One-on-One Paraprofessional",2026-03-16,"Paraprofessional/","Eastside Elementary","https://www.applitrack.com/sweetwater/onlineapp/default.aspx?all=1","Sweetwater County School District 1",2026-05-08
"326","One-On-One Paraprofessional",2026-03-16,"Paraprofessional/","Eastside Elementary","https://www.applitrack.com/sweetwater/onlineapp/default.aspx?all=1","Sweetwater County School District 1",2026-05-08
"327","Special Programs (Alternative Academics Program) Paraprofessional (2)",2026-03-23,"Paraprofessional/","Rock Springs High School","https://www.applitrack.com/sweetwater/onlineapp/default.aspx?all=1","Sweetwater County School District 1",2026-05-08
"328","Alternative Behavior Special Programs One-on-One Paraprofessional",2026-04-15,"Paraprofessional/","Sage Elementary","https://www.applitrack.com/sweetwater/onlineapp/default.aspx?all=1","Sweetwater County School District 1",2026-05-08
"329","Special Programs One-on-One Paraprofessional",2026-04-16,"Paraprofessional/","Sage Elementary","https://www.applitrack.com/sweetwater/onlineapp/default.aspx?all=1","Sweetwater County School District 1",2026-05-08
"330","Special Programs Paraprofessional (Alternative Behavior Program)",2026-05-04,"Paraprofessional/","Rock Springs High School","https://www.applitrack.com/sweetwater/onlineapp/default.aspx?all=1","Sweetwater County School District 1",2026-05-08
"331","Certified Substitute School Nurse",2019-10-03,"Substitute","District Wide","https://www.applitrack.com/sweetwater/onlineapp/default.aspx?all=1","Sweetwater County School District 1",2026-05-08
"332","BOCES Part Time Building Substitute Teacher (2) - One Year Only",2025-06-05,"Substitute/","Overland Elementary","https://www.applitrack.com/sweetwater/onlineapp/default.aspx?all=1","Sweetwater County School District 1",2026-05-08
"333","2025-2026 Substitute Teacher - Part-Time",2025-07-07,"Substitute/","District Wide","https://www.applitrack.com/sweetwater/onlineapp/default.aspx?all=1","Sweetwater County School District 1",2026-05-08
"334","Summer Custodian (2)",2026-04-21,"Summer Employees/","Multiple Schools","https://www.applitrack.com/sweetwater/onlineapp/default.aspx?all=1","Sweetwater County School District 1",2026-05-08
"335","Summer Maintenance Laborer (2)",2026-04-21,"Summer Employees/","Maintenance","https://www.applitrack.com/sweetwater/onlineapp/default.aspx?all=1","Sweetwater County School District 1",2026-05-08
"336","Summer Technology Job Shadower (3)",2026-04-13,"Summer Employees/","Central Administration","https://www.applitrack.com/sweetwater/onlineapp/default.aspx?all=1","Sweetwater County School District 1",2026-05-08
"337","Summer Technology Intern (3)",2026-04-13,"Summer Employees/","Central Administration","https://www.applitrack.com/sweetwater/onlineapp/default.aspx?all=1","Sweetwater County School District 1",2026-05-08
"338","Bus Aide",2026-02-04,"Transportation/","Transportation","https://www.applitrack.com/sweetwater/onlineapp/default.aspx?all=1","Sweetwater County School District 1",2026-05-08
"339","Part-Time Bus Driver (26 Hours/Week)",2026-01-19,"Transportation/","Transportation","https://www.applitrack.com/sweetwater/onlineapp/default.aspx?all=1","Sweetwater County School District 1",2026-05-08
"340","GRHS Assistant Girls Soccer Coach",2025-06-05,"Athletics/Activities/","Green River High School","https://www.applitrack.com/swcsd2/onlineapp/default.aspx?all=1","Sweetwater County School District 2",2026-05-08
"341","GRHS Asst Boys Swimming Diving Coach",2026-04-10,"Athletics/Activities/","Green River High School","https://www.applitrack.com/swcsd2/onlineapp/default.aspx?all=1","Sweetwater County School District 2",2026-05-08
"342","GRHS Assistant Girls Wrestling Coach",2026-04-10,"Athletics/Activities/","Green River High School","https://www.applitrack.com/swcsd2/onlineapp/default.aspx?all=1","Sweetwater County School District 2",2026-05-08
"343","GRHS Assistant Summer Weight Room Supervisor",2026-04-10,"Athletics/Activities/","Green River High School","https://www.applitrack.com/swcsd2/onlineapp/default.aspx?all=1","Sweetwater County School District 2",2026-05-08
"344","Lincoln Middle School Assistant Boys Swimming Coach",2026-04-10,"Athletics/Activities/","Green River High School","https://www.applitrack.com/swcsd2/onlineapp/default.aspx?all=1","Sweetwater County School District 2",2026-05-08
"345","GRHS Head Boys Basketball Coach",2026-04-16,"Athletics/Activities/","Green River High School","https://www.applitrack.com/swcsd2/onlineapp/default.aspx?all=1","Sweetwater County School District 2",2026-05-08
"346","GRHS Head Dance Coach",2026-04-16,"Athletics/Activities/","Green River High School","https://www.applitrack.com/swcsd2/onlineapp/default.aspx?all=1","Sweetwater County School District 2",2026-05-08
"347","GRHS Assistant Football Coach",2026-04-30,"Athletics/Activities/","Green River High School","https://www.applitrack.com/swcsd2/onlineapp/default.aspx?all=1","Sweetwater County School District 2",2026-05-08
"348","GRHS Assistant Cheer Coach",2026-04-30,"Athletics/Activities/","Green River High School","https://www.applitrack.com/swcsd2/onlineapp/default.aspx?all=1","Sweetwater County School District 2",2026-05-08
"349","English Language Arts Teacher",2026-04-30,"High School Teaching/","Green River High School","https://www.applitrack.com/swcsd2/onlineapp/default.aspx?all=1","Sweetwater County School District 2",2026-05-08
"350","Mathematics Teacher (Grades 9-12)",2026-04-23,"High School Teaching/","Green River High School","https://www.applitrack.com/swcsd2/onlineapp/default.aspx?all=1","Sweetwater County School District 2",2026-05-08
"351","Substitute Custodian",2025-07-10,"Maintenance/Custodial/","Maintenance Department","https://www.applitrack.com/swcsd2/onlineapp/default.aspx?all=1","Sweetwater County School District 2",2026-05-08
"352","Substitute Nutrition Services",2025-07-10,"Nutrition Services/","Nutrition Services Department","https://www.applitrack.com/swcsd2/onlineapp/default.aspx?all=1","Sweetwater County School District 2",2026-05-08
"353","English Language Learning Paraprofessional",2025-10-13,"Paraprofessional/","Monroe Elementary School","https://www.applitrack.com/swcsd2/onlineapp/default.aspx?all=1","Sweetwater County School District 2",2026-05-08
"354","Substitute Teacher",2025-07-10,"Substitute/","Central Office","https://www.applitrack.com/swcsd2/onlineapp/default.aspx?all=1","Sweetwater County School District 2",2026-05-08
"355","Substitute Teacher Aide",2025-07-10,"Substitute/","Central Office","https://www.applitrack.com/swcsd2/onlineapp/default.aspx?all=1","Sweetwater County School District 2",2026-05-08
"356","Reading Intervention Paraprofessional",2026-04-23,"Support Staff/","Harrison Elementary School","https://www.applitrack.com/swcsd2/onlineapp/default.aspx?all=1","Sweetwater County School District 2",2026-05-08
"357","Bus Aide",2026-04-01,"Transportation/","Transportation Department","https://www.applitrack.com/swcsd2/onlineapp/default.aspx?all=1","Sweetwater County School District 2",2026-05-08
"358","Bus Driver",2026-04-01,"Transportation/","Transportation Department","https://www.applitrack.com/swcsd2/onlineapp/default.aspx?all=1","Sweetwater County School District 2",2026-05-08
"359","Substitute Bus Driver",2025-07-10,"Transportation/","Transportation Department","https://www.applitrack.com/swcsd2/onlineapp/default.aspx?all=1","Sweetwater County School District 2",2026-05-08
"360","High School Head Boys Basketball Coach",2026-03-18,"Athletics/Activities/","TCSD Schools","https://www.applitrack.com/tcsd/onlineapp/default.aspx?all=1","Teton County School District 1",2026-05-08
"361","High School Assistant Nordic Skiing Coach",2026-04-15,"Athletics/Activities/","TCSD Schools","https://www.applitrack.com/tcsd/onlineapp/default.aspx?all=1","Teton County School District 1",2026-05-08
"362","Middle School Assistant Volleyball Coach",2026-04-24,"Athletics/Activities/","TCSD Schools","https://www.applitrack.com/tcsd/onlineapp/default.aspx?all=1","Teton County School District 1",2026-05-08
"363","Middle School Girls Assistant Basketball Coach",2026-04-24,"Athletics/Activities/","TCSD Schools","https://www.applitrack.com/tcsd/onlineapp/default.aspx?all=1","Teton County School District 1",2026-05-08
"364",".2 Elementary Spanish Teacher",2026-04-14,"Elementary School Teaching","Kelly Elementary School","https://www.applitrack.com/tcsd/onlineapp/default.aspx?all=1","Teton County School District 1",2026-05-08
"365","ELL Teacher",2026-05-05,"Elementary School Teaching/","Colter Elementary School","https://www.applitrack.com/tcsd/onlineapp/default.aspx?all=1","Teton County School District 1",2026-05-08
"366","Elementary Teacher, Kindergarten",2026-05-06,"Elementary School Teaching/","Wilson Elementary School","https://www.applitrack.com/tcsd/onlineapp/default.aspx?all=1","Teton County School District 1",2026-05-08
"367","Elementary Teacher, 5th Grade",2026-05-06,"Elementary School Teaching/","Wilson Elementary School","https://www.applitrack.com/tcsd/onlineapp/default.aspx?all=1","Teton County School District 1",2026-05-08
"368","High School English Language Arts Teacher",2026-04-13,"High School Teaching/","Jackson Hole High School","https://www.applitrack.com/tcsd/onlineapp/default.aspx?all=1","Teton County School District 1",2026-05-08
"369","CTE Teacher, FABLAB",2026-04-27,"High School Teaching/","Jackson Hole High School","https://www.applitrack.com/tcsd/onlineapp/default.aspx?all=1","Teton County School District 1",2026-05-08
"370","High School Math Teacher",2026-05-05,"High School Teaching/","Jackson Hole High School","https://www.applitrack.com/tcsd/onlineapp/default.aspx?all=1","Teton County School District 1",2026-05-08
"371","Middle School Music Teacher",2026-04-16,"Middle School Teaching/","Jackson Hole Middle School","https://www.applitrack.com/tcsd/onlineapp/default.aspx?all=1","Teton County School District 1",2026-05-08
"372","Middle School STEM Teacher",2026-03-13,"Middle School Teaching/","Jackson Hole Middle School","https://www.applitrack.com/tcsd/onlineapp/default.aspx?all=1","Teton County School District 1",2026-05-08
"373","Instructional Paraprofessional",2025-12-18,"Paraprofessional/","Kelly Elementary School","https://www.applitrack.com/tcsd/onlineapp/default.aspx?all=1","Teton County School District 1",2026-05-08
"374","Credit Recovery Para",2026-04-08,"Paraprofessional/","Summit High School","https://www.applitrack.com/tcsd/onlineapp/default.aspx?all=1","Teton County School District 1",2026-05-08
"375","Instructional Paraprofessional",2026-04-29,"Paraprofessional/","Colter Elementary School","https://www.applitrack.com/tcsd/onlineapp/default.aspx?all=1","Teton County School District 1",2026-05-08
"376","Instructional Paraprofessional",2026-04-29,"Paraprofessional/","Wilson Elementary School","https://www.applitrack.com/tcsd/onlineapp/default.aspx?all=1","Teton County School District 1",2026-05-08
"377","K-12 Special Education Paraprofessional(s)",2026-04-28,"Paraprofessional/","TCSD Schools","https://www.applitrack.com/tcsd/onlineapp/default.aspx?all=1","Teton County School District 1",2026-05-08
"378","K-12 School Psychologist",2026-04-16,"Student Support Services/","TCSD Schools","https://www.applitrack.com/tcsd/onlineapp/default.aspx?all=1","Teton County School District 1",2026-05-08
"379","Special Education TVI Student Certified Aide",2026-04-09,"Student Support Services/","TCSD Schools","https://www.applitrack.com/tcsd/onlineapp/default.aspx?all=1","Teton County School District 1",2026-05-08
"380","Special Education Permanent Support Specialist (Permanent Substitute)",2026-04-07,"Substitute/","TCSD Schools","https://www.applitrack.com/tcsd/onlineapp/default.aspx?all=1","Teton County School District 1",2026-05-08
"381","Substitute Teachers/Nurses",2020-02-11,"Substitute/","TCSD Schools","https://www.applitrack.com/tcsd/onlineapp/default.aspx?all=1","Teton County School District 1",2026-05-08
"382","Long Term Sub 2nd Grade Teacher",2026-04-17,"Substitute/","Wilson Elementary School","https://www.applitrack.com/tcsd/onlineapp/default.aspx?all=1","Teton County School District 1",2026-05-08
"383","Substitute Para/Secretary",2020-02-11,"Substitute/","TCSD Schools","https://www.applitrack.com/tcsd/onlineapp/default.aspx?all=1","Teton County School District 1",2026-05-08
"384","Girls High School Assistant Swim Coach",2026-05-04,"Athletics/Activities/","Evanston High School","https://www.applitrack.com/uinta/onlineapp/jobpostings/view.asp?all=1","Uinta County School District 1",2026-05-08
"385","Assistant High School Golf Coach",2026-05-05,"Athletics/Activities/","Evanston High School","https://www.applitrack.com/uinta/onlineapp/jobpostings/view.asp?all=1","Uinta County School District 1",2026-05-08
"386","Elementary Teacher",2026-03-09,"Elementary School Teaching/","District Wide","https://www.applitrack.com/uinta/onlineapp/jobpostings/view.asp?all=1","Uinta County School District 1",2026-05-08
"387","Secondary English Language Arts Teacher",2026-04-24,"High School / Secondary Teaching/","Horizon Alternative School","https://www.applitrack.com/uinta/onlineapp/jobpostings/view.asp?all=1","Uinta County School District 1",2026-05-08
"388","Secondary Math Teacher",2026-02-12,"High School / Secondary Teaching/","Evanston High School & Davis Middle School","https://www.applitrack.com/uinta/onlineapp/jobpostings/view.asp?all=1","Uinta County School District 1",2026-05-08
"389","Substitute Custodians",2026-04-13,"Maintenance/Custodial/","District Wide","https://www.applitrack.com/uinta/onlineapp/jobpostings/view.asp?all=1","Uinta County School District 1",2026-05-08
"390","Administrative Assistant - Activities",2026-05-04,"Secretarial/Clerical/","Education Service Center","https://www.applitrack.com/uinta/onlineapp/jobpostings/view.asp?all=1","Uinta County School District 1",2026-05-08
"391","Administrative Assistant - Instructional Services and Federal Programs",2026-04-27,"Secretarial/Clerical/","Education Service Center","https://www.applitrack.com/uinta/onlineapp/jobpostings/view.asp?all=1","Uinta County School District 1",2026-05-08
"392","School Psychologist",2026-04-24,"Student Support Services/","District Wide","https://www.applitrack.com/uinta/onlineapp/jobpostings/view.asp?all=1","Uinta County School District 1",2026-05-08
"393","Speech-Language Pathologist",2026-01-30,"Student Support Services/","District Wide","https://www.applitrack.com/uinta/onlineapp/jobpostings/view.asp?all=1","Uinta County School District 1",2026-05-08
"394","Bus Drivers and Substitute Bus Drivers",2026-01-09,"Support Staff/","Transportation","https://www.applitrack.com/uinta/onlineapp/jobpostings/view.asp?all=1","Uinta County School District 1",2026-05-08
"395","Certified Occupational Therapist Assistant (COTA)",2026-04-28,"Support Staff/","District Wide","https://www.applitrack.com/uinta/onlineapp/jobpostings/view.asp?all=1","Uinta County School District 1",2026-05-08
"396","Full-time and Part-time Classroom Aides and SPED Paraprofessionals",2025-07-16,"Support Staff/","District Wide","https://www.applitrack.com/uinta/onlineapp/jobpostings/view.asp?all=1","Uinta County School District 1",2026-05-08
"397","Full-Time Lifeguard",2025-12-09,"Aquatic Center Staff/","Worland Aquatic Center","https://www.applitrack.com/washakie1/onlineapp/default.aspx?all=1","Washakie County School District 1",2026-05-08
"398","Part-Time Lifeguard",2026-04-22,"Aquatic Center Staff/","Worland Aquatic Center","https://www.applitrack.com/washakie1/onlineapp/default.aspx?all=1","Washakie County School District 1",2026-05-08
"399","Lifeguard - Student",2024-01-08,"Aquatic Center Staff/","Worland Aquatic Center","https://www.applitrack.com/washakie1/onlineapp/default.aspx?all=1","Washakie County School District 1",2026-05-08
"400","HS Assistant Cheer Coach",2025-04-29,"Athletics/Activities","Worland High School","https://www.applitrack.com/washakie1/onlineapp/default.aspx?all=1","Washakie County School District 1",2026-05-08
"401","HS Assistant Volleyball Coach",2026-03-26,"Athletics/Activities","Worland High School","https://www.applitrack.com/washakie1/onlineapp/default.aspx?all=1","Washakie County School District 1",2026-05-08
"402","HS Assistant Indoor Track Coach",2026-03-26,"Athletics/Activities","Worland High School","https://www.applitrack.com/washakie1/onlineapp/default.aspx?all=1","Washakie County School District 1",2026-05-08
"403","HS Assistant Boys Basketball Coach",2026-03-26,"Athletics/Activities","Worland High School","https://www.applitrack.com/washakie1/onlineapp/default.aspx?all=1","Washakie County School District 1",2026-05-08
"404","HS Head Girls Wrestling Coach",2026-03-26,"Athletics/Activities","Worland High School","https://www.applitrack.com/washakie1/onlineapp/default.aspx?all=1","Washakie County School District 1",2026-05-08
"405","MS Assistant Volleyball Coach",2026-03-26,"Athletics/Activities","Worland Middle School","https://www.applitrack.com/washakie1/onlineapp/default.aspx?all=1","Washakie County School District 1",2026-05-08
"406","MS Assistant Football Coach",2026-03-26,"Athletics/Activities","Worland Middle School","https://www.applitrack.com/washakie1/onlineapp/default.aspx?all=1","Washakie County School District 1",2026-05-08
"407","MS Assistant Wrestling Coach",2026-03-26,"Athletics/Activities","Worland Middle School","https://www.applitrack.com/washakie1/onlineapp/default.aspx?all=1","Washakie County School District 1",2026-05-08
"408","MS Head Cross Country Coach",2026-03-26,"Athletics/Activities","Worland Middle School","https://www.applitrack.com/washakie1/onlineapp/default.aspx?all=1","Washakie County School District 1",2026-05-08
"409","MS Head Volleyball Coach",2026-03-26,"Athletics/Activities","Worland Middle School","https://www.applitrack.com/washakie1/onlineapp/default.aspx?all=1","Washakie County School District 1",2026-05-08
"410","HS Assistant Girls Basketball Coach",2026-03-27,"Athletics/Activities","Worland High School","https://www.applitrack.com/washakie1/onlineapp/default.aspx?all=1","Washakie County School District 1",2026-05-08
"411","6-12 Chorus Teacher",2026-04-07,"High School Teaching/","Worland High School","https://www.applitrack.com/washakie1/onlineapp/default.aspx?all=1","Washakie County School District 1",2026-05-08
"412","Secondary Reading Specialist",2026-04-15,"Middle School Teaching/","Worland Middle School","https://www.applitrack.com/washakie1/onlineapp/default.aspx?all=1","Washakie County School District 1",2026-05-08
"413","Full-Time Special Education Paraeducator (Life Skills)",2026-05-01,"Paraprofessional","East Side Elementary","https://www.applitrack.com/washakie1/onlineapp/default.aspx?all=1","Washakie County School District 1",2026-05-08
"414","Full-Time Special Education Paraeducator (Resource)",2026-05-01,"Paraprofessional","East Side Elementary","https://www.applitrack.com/washakie1/onlineapp/default.aspx?all=1","Washakie County School District 1",2026-05-08
"415","Full-Time Special Education Paraeducator (Behavior)",2026-05-01,"Paraprofessional","South Side Elementary","https://www.applitrack.com/washakie1/onlineapp/default.aspx?all=1","Washakie County School District 1",2026-05-08
"416","Full-Time Special Education Paraeducator (Life Skills)",2026-05-01,"Paraprofessional","West Side Elementary","https://www.applitrack.com/washakie1/onlineapp/default.aspx?all=1","Washakie County School District 1",2026-05-08
"417","Full-Time Special Education Paraeducator (Life Skills)",2026-05-05,"Paraprofessional","South Side Elementary","https://www.applitrack.com/washakie1/onlineapp/default.aspx?all=1","Washakie County School District 1",2026-05-08
"418","Media Paraprofessional, Full-Time",2026-05-01,"Paraprofessional/","Worland Middle School","https://www.applitrack.com/washakie1/onlineapp/default.aspx?all=1","Washakie County School District 1",2026-05-08
"419","SLP-Assistant",2025-05-14,"Special Education Services","Education Resource Center","https://www.applitrack.com/washakie1/onlineapp/default.aspx?all=1","Washakie County School District 1",2026-05-08
"420","Speech Language Pathologist",2024-12-18,"Special Education Services","Education Resource Center","https://www.applitrack.com/washakie1/onlineapp/default.aspx?all=1","Washakie County School District 1",2026-05-08
"421","Substitute Bus Driver",2021-07-01,"Substitute/","Bus Barn","https://www.applitrack.com/washakie1/onlineapp/default.aspx?all=1","Washakie County School District 1",2026-05-08
"422","Substitute Cook",2020-11-04,"Substitute/","District","https://www.applitrack.com/washakie1/onlineapp/default.aspx?all=1","Washakie County School District 1",2026-05-08
"423","Substitute Housekeeper",2019-01-21,"Substitute/",NA,"https://www.applitrack.com/washakie1/onlineapp/default.aspx?all=1","Washakie County School District 1",2026-05-08
"424","Substitute Paraeducator",2016-03-02,"Substitute/",NA,"https://www.applitrack.com/washakie1/onlineapp/default.aspx?all=1","Washakie County School District 1",2026-05-08
"425","Substitute Teacher",2016-03-02,"Substitute/",NA,"https://www.applitrack.com/washakie1/onlineapp/default.aspx?all=1","Washakie County School District 1",2026-05-08
"426","2026-2027 High School Math Teacher",2026-04-16,"Certified","Dubois K-12 School","https://fremont2.tedk12.com/hire/index.aspx","Fremont County School District 2",2026-05-08
"427","2026-2027 MS Girls Basketball Head Coach",2026-04-15,"Coaching","Dubois K-12 School","https://fremont2.tedk12.com/hire/index.aspx","Fremont County School District 2",2026-05-08
"428","2026-2027 MS Girls Basketball Assistant Coach",2026-04-15,"Coaching","Dubois K-12 School","https://fremont2.tedk12.com/hire/index.aspx","Fremont County School District 2",2026-05-08
"429","2026-2027 HS Girls Basketball Assistant Coach",2026-04-15,"Coaching","Dubois K-12 School","https://fremont2.tedk12.com/hire/index.aspx","Fremont County School District 2",2026-05-08
"430","Special Education Teacher",2026-03-18,"Certified","Dubois K-12 School","https://fremont2.tedk12.com/hire/index.aspx","Fremont County School District 2",2026-05-08
"431","Substitute Custodian/Food Service",2025-02-01,"Classified","Dubois K-12 School","https://fremont2.tedk12.com/hire/index.aspx","Fremont County School District 2",2026-05-08
"432","Substitute Bus Driver",2024-04-01,"Classified","Bus Barn","https://fremont2.tedk12.com/hire/index.aspx","Fremont County School District 2",2026-05-08
"433","Substitute - Classified -  Para/Secretary",2024-04-01,"Classified","Dubois K-12 School","https://fremont2.tedk12.com/hire/index.aspx","Fremont County School District 2",2026-05-08
"434","Substitute Teaching",2024-04-01,"Substitute","Dubois K-12 School","https://fremont2.tedk12.com/hire/index.aspx","Fremont County School District 2",2026-05-08
"435","Teacher - Special Education (Torrington Middle School)",2026-05-05,"Special Education","Torrington Middle School","https://goshen.tedk12.com/hire/index.aspx#aJobListings","Goshen County School District 1",2026-05-08
"436","Art Teacher - Trail Elementary - 1/2 Time",2026-04-22,"Elementary Certified","Trail Elementary School","https://goshen.tedk12.com/hire/index.aspx#aJobListings","Goshen County School District 1",2026-05-08
"437","Head Custodian - Southeast Schools",2026-04-08,"Maintenance","Southeast Schools","https://goshen.tedk12.com/hire/index.aspx#aJobListings","Goshen County School District 1",2026-05-08
"438","Substitute Cook",2026-03-04,"Food Service","District Food Services","https://goshen.tedk12.com/hire/index.aspx#aJobListings","Goshen County School District 1",2026-05-08
"439","Speech Language Pathologist - District",2026-03-01,"Specialist - Certified","Office of Special Services","https://goshen.tedk12.com/hire/index.aspx#aJobListings","Goshen County School District 1",2026-05-08
"440","Bus Driver/ Sub Bus Driver",2026-01-01,"Bus Driver","Transportation Services","https://goshen.tedk12.com/hire/index.aspx#aJobListings","Goshen County School District 1",2026-05-08
"441","Future Administrative Positions",2026-01-01,"Administrative - building","Central Administration Office","https://goshen.tedk12.com/hire/index.aspx#aJobListings","Goshen County School District 1",2026-05-08
"442","Future Substitute Teacher Positions",2026-01-01,"Substitute","Central Administration Office","https://goshen.tedk12.com/hire/index.aspx#aJobListings","Goshen County School District 1",2026-05-08
"443","Future Classified Positions",2026-01-01,"Support","Central Administration Office","https://goshen.tedk12.com/hire/index.aspx#aJobListings","Goshen County School District 1",2026-05-08
"444","Future Certified Positions",2026-01-01,"K-12","Central Administration Office","https://goshen.tedk12.com/hire/index.aspx#aJobListings","Goshen County School District 1",2026-05-08
"445","Full-Time Custodian - Hulett",2026-04-30,"Hulett K-12","Hulett, Wyoming","https://crook1.schoolspring.com/","Crook County School District 1",2026-05-08
"446","Head High School Football Coach - Sundance",2026-04-23,"Sundance Secondary","Sundance, Wyoming","https://crook1.schoolspring.com/","Crook County School District 1",2026-05-08
"447","Junior High Volleyball Coach - Sundance",2026-04-16,"Sundance Secondary","Sundance, Wyoming","https://crook1.schoolspring.com/","Crook County School District 1",2026-05-08
"448","Junior High Boys Basketball Coach",2026-04-16,"Moorcroft Secondary","Moorcroft, Wyoming","https://crook1.schoolspring.com/","Crook County School District 1",2026-05-08
"449","SPED Paraprofessional",2026-04-16,"Moorcroft Elementary","Moorcroft, Wyoming","https://crook1.schoolspring.com/","Crook County School District 1",2026-05-08
"450","Agriculture Education Teacher",2026-04-16,"Hulett K-12","Hulett, Wyoming","https://crook1.schoolspring.com/","Crook County School District 1",2026-05-08
"451","Part- Time Summer Custodian - Morocroft",2026-04-09,"Moorcroft Secondary","Moorcroft, Wyoming","https://crook1.schoolspring.com/","Crook County School District 1",2026-05-08
"452","Full-Time Summer Custodian - Moorcroft",2026-04-09,"Moorcroft Secondary","Moorcroft, Wyoming","https://crook1.schoolspring.com/","Crook County School District 1",2026-05-08
"453","Full-Time Summer Custodian - Hulett",2026-04-09,"Hulett K-12","Hulett, Wyoming","https://crook1.schoolspring.com/","Crook County School District 1",2026-05-08
"454","Summer Grounds - Moorcroft",2026-04-09,"Moorcroft Secondary","Moorcroft, Wyoming","https://crook1.schoolspring.com/","Crook County School District 1",2026-05-08
"455","K-12 Music Teacher",2026-04-09,"Hulett K-12","Hulett, Wyoming","https://crook1.schoolspring.com/","Crook County School District 1",2026-05-08
"456","Full-Time Custodian - MES",2026-04-09,"Moorcroft Elementary","Moorcroft, Wyoming","https://crook1.schoolspring.com/","Crook County School District 1",2026-05-08
"457","Head High School Track Coach - SS",2026-04-07,"Sundance Secondary","Sundance, Wyoming","https://crook1.schoolspring.com/","Crook County School District 1",2026-05-08
"458","Junior High Girls Wrestling Coach - SS",2026-04-07,"Sundance Secondary","Sundance, Wyoming","https://crook1.schoolspring.com/","Crook County School District 1",2026-05-08
"459","Junior High Girls Wrestling Coach - HS",2026-04-07,"Hulett K-12","Hulett, Wyoming","https://crook1.schoolspring.com/","Crook County School District 1",2026-05-08
"460","Junior High Boys Wrestling Coach - HS",2026-04-07,"Hulett K-12","Hulett, Wyoming","https://crook1.schoolspring.com/","Crook County School District 1",2026-05-08
"461","Assistant High School Football Coach - HS",2026-04-07,"Hulett K-12","Hulett, Wyoming","https://crook1.schoolspring.com/","Crook County School District 1",2026-05-08
"462","Head High School Girls Basketball Coach - SS",2026-04-07,"Sundance Secondary","Sundance, Wyoming","https://crook1.schoolspring.com/","Crook County School District 1",2026-05-08
"463","Route Bus Driver",2026-03-09,"Sundance Secondary","Sundance, Wyoming","https://crook1.schoolspring.com/","Crook County School District 1",2026-05-08
"464","Activities Director/Supervisor",2026-02-11,"Sundance Secondary","Sundance, Wyoming","https://crook1.schoolspring.com/","Crook County School District 1",2026-05-08
"465","Route Bus Driver",2026-02-11,"Moorcroft Secondary","Moorcroft, Wyoming","https://crook1.schoolspring.com/","Crook County School District 1",2026-05-08
"466","Route Bus Driver",2026-01-19,"Sundance Secondary","Sundance, Wyoming","https://crook1.schoolspring.com/","Crook County School District 1",2026-05-08
"467","Substitute Custodian",2025-08-06,"Sundance Secondary","Sundance, Wyoming","https://crook1.schoolspring.com/","Crook County School District 1",2026-05-08
"468","Substitute Custodian",2025-08-06,"Moorcroft Secondary","Moorcroft, Wyoming","https://crook1.schoolspring.com/","Crook County School District 1",2026-05-08
"469","Substitute Custodian",2025-08-06,"Hulett K-12","Hulett, Wyoming","https://crook1.schoolspring.com/","Crook County School District 1",2026-05-08
"470","Substitute Teacher",2025-08-06,"Sundance Elementary","Sundance, Wyoming","https://crook1.schoolspring.com/","Crook County School District 1",2026-05-08
"471","Substitute Teacher",2025-08-06,"Moorcroft Elementary","Moorcroft, Wyoming","https://crook1.schoolspring.com/","Crook County School District 1",2026-05-08
"472","Substitute Teacher",2025-08-06,"Hulett K-12","Hulett, Wyoming","https://crook1.schoolspring.com/","Crook County School District 1",2026-05-08
"473","Substitute & Activity Bus Drivers",2025-08-06,"Sundance Secondary","Sundance, Wyoming","https://crook1.schoolspring.com/","Crook County School District 1",2026-05-08
"474","Substitute & Activity Bus Drivers",2025-08-06,"Moorcroft Secondary","Moorcroft, Wyoming","https://crook1.schoolspring.com/","Crook County School District 1",2026-05-08
"475","Substitute & Activity Bus Drivers",2025-08-06,"Hulett K-12","Hulett, Wyoming","https://crook1.schoolspring.com/","Crook County School District 1",2026-05-08
"476","4th Grade Teacher [TA09]",2026-05-07,"ROSSMAN ELEMENTARY SCHOOL","Cheyenne, Wyoming","https://laramie1.schoolspring.com/","Laramie County School District 1",2026-05-08
"477","Temp Summer Grounds [S007]",2026-05-06,"Laramie County School District 1","Cheyenne, Wyoming","https://laramie1.schoolspring.com/","Laramie County School District 1",2026-05-08
"478","Facility Technician - Maintenance Specialist [TS12]",2026-05-06,"Laramie County School District 1","Cheyenne, Wyoming","https://laramie1.schoolspring.com/","Laramie County School District 1",2026-05-08
"479","Facility Technician - Integrated Trades [TS20]",2026-05-06,"Laramie County School District 1","Cheyenne, Wyoming","https://laramie1.schoolspring.com/","Laramie County School District 1",2026-05-08
"480","Speech Language Pathologist-4 Positions available [XT14]",2026-05-06,"Laramie County School District 1","Cheyenne, Wyoming","https://laramie1.schoolspring.com/","Laramie County School District 1",2026-05-08
"481","Special Education Teacher [XT20]",2026-05-06,"CAREY JUNIOR HIGH SCHOOL","Cheyenne, Wyoming","https://laramie1.schoolspring.com/","Laramie County School District 1",2026-05-08
"482","Resource Teacher [XT21]",2026-05-06,"EDT (Elementary Day Treatment)","Cheyenne, Wyoming","https://laramie1.schoolspring.com/","Laramie County School District 1",2026-05-08
"483","Paraeducator Affective Needs [XP09]",2026-05-06,"GOINS ELEMENTARY SCHOOL","Cheyenne, Wyoming","https://laramie1.schoolspring.com/","Laramie County School District 1",2026-05-08
"484","Assistant Volleyball Coach - 3 positions [C136]",2026-05-06,"CENTRAL HIGH SCHOOL","Cheyenne, Wyoming","https://laramie1.schoolspring.com/","Laramie County School District 1",2026-05-08
"485","Paraeducator Special Needs PALS [XP09]",2026-05-05,"CENTRAL HIGH SCHOOL","Cheyenne, Wyoming","https://laramie1.schoolspring.com/","Laramie County School District 1",2026-05-08
"486","Paraeducator Affective Needs [XP09]",2026-05-04,"EDT (Elementary Day Treatment)","Cheyenne, Wyoming","https://laramie1.schoolspring.com/","Laramie County School District 1",2026-05-08
"487","Special Education Behavior Lab Paraeducator  [XP08]",2026-05-04,"MCCORMICK JUNIOR HIGH SCHOOL","Cheyenne, Wyoming","https://laramie1.schoolspring.com/","Laramie County School District 1",2026-05-08
"488","Paraeducator Special Needs PALS [XP09]",2026-05-04,"MCCORMICK JUNIOR HIGH SCHOOL","Cheyenne, Wyoming","https://laramie1.schoolspring.com/","Laramie County School District 1",2026-05-08
"489","Student Sweeper [ST05]",2026-05-04,"TRIUMPH HIGH SCHOOL","Cheyenne, Wyoming","https://laramie1.schoolspring.com/","Laramie County School District 1",2026-05-08
"490","Special Education Teacher [XT20]",2026-05-04,"ROSSMAN ELEMENTARY SCHOOL","Cheyenne, Wyoming","https://laramie1.schoolspring.com/","Laramie County School District 1",2026-05-08
"491","Special Education Teacher [XT20]",2026-05-04,"ROSSMAN ELEMENTARY SCHOOL","Cheyenne, Wyoming","https://laramie1.schoolspring.com/","Laramie County School District 1",2026-05-08
"492","8th Grade English Teacher [TC11]",2026-05-04,"CAREY JUNIOR HIGH SCHOOL","Cheyenne, Wyoming","https://laramie1.schoolspring.com/","Laramie County School District 1",2026-05-08
"493","6th Grade Teacher [TA13]",2026-05-04,"HEBARD ELEMENTARY SCHOOL","Cheyenne, Wyoming","https://laramie1.schoolspring.com/","Laramie County School District 1",2026-05-08
"494","Summer School Secondary Math Teacher - 1 position available",2026-05-04,"SOUTH HIGH SCHOOL","Cheyenne, Wyoming","https://laramie1.schoolspring.com/","Laramie County School District 1",2026-05-08
"495","Summer School Secondary English Teacher - 1 position available",2026-05-04,"SOUTH HIGH SCHOOL","Cheyenne, Wyoming","https://laramie1.schoolspring.com/","Laramie County School District 1",2026-05-08
"496","Sub-Custodian [S010]",2026-05-01,"Laramie County School District 1","Cheyenne, Wyoming","https://laramie1.schoolspring.com/","Laramie County School District 1",2026-05-08
"497","Physical Therapist [XT07]",2026-04-30,"Laramie County School District 1","Cheyenne, Wyoming","https://laramie1.schoolspring.com/","Laramie County School District 1",2026-05-08
"498","Middle School Science Teacher (7th and 8th) - 2026/2027 Contract Year",2026-04-29,"PODER ACADEMY SECONDARY (PASS)","Cheyenne, Wyoming","https://laramie1.schoolspring.com/","Laramie County School District 1",2026-05-08
"499","ELS/ELL Teacher (2026-2027 School Year)",2026-04-27,"PODER/PASS ACADEMY","Cheyenne, Wyoming","https://laramie1.schoolspring.com/","Laramie County School District 1",2026-05-08
"500","Safety and Access Control Operations [SS02]",2026-04-27,"Laramie County School District 1","Cheyenne, Wyoming","https://laramie1.schoolspring.com/","Laramie County School District 1",2026-05-08
"501","Secretary - Elementary [CE09]",2026-04-24,"DILDINE ELEMENTARY SCHOOL","Cheyenne, Wyoming","https://laramie1.schoolspring.com/","Laramie County School District 1",2026-05-08
"502","Secretary - Elementary [CE09]",2026-04-24,"ROSSMAN ELEMENTARY SCHOOL","Cheyenne, Wyoming","https://laramie1.schoolspring.com/","Laramie County School District 1",2026-05-08
"503","Science Geologic Systems and Physical Science Teacher [TC29]",2026-04-23,"CENTRAL HIGH SCHOOL","Cheyenne, Wyoming","https://laramie1.schoolspring.com/","Laramie County School District 1",2026-05-08
"504","Physical Education",2026-04-23,"PODER ACADEMY ELEMENTARY","Cheyenne, Wyoming","https://laramie1.schoolspring.com/","Laramie County School District 1",2026-05-08
"505","Special Education Resource Teacher [XT21]",2026-04-22,"CENTRAL HIGH SCHOOL","Cheyenne, Wyoming","https://laramie1.schoolspring.com/","Laramie County School District 1",2026-05-08
"506","Executive Director for All-City Children's Chorus",2026-04-21,"Laramie County School District 1","Cheyenne, Wyoming","https://laramie1.schoolspring.com/","Laramie County School District 1",2026-05-08
"507","Student Sweeper [ST05]",2026-04-20,"FAIRVIEW ELEMENTARY SCHOOL","Cheyenne, Wyoming","https://laramie1.schoolspring.com/","Laramie County School District 1",2026-05-08
"508","Student Sweeper [ST05]",2026-04-20,"ALTA VISTA ELEMENTARY SCHOOL","Cheyenne, Wyoming","https://laramie1.schoolspring.com/","Laramie County School District 1",2026-05-08
"509","Elementary Social Worker [CT10]",2026-04-20,"BAGGS ELEMENTARY SCHOOL","Cheyenne, Wyoming","https://laramie1.schoolspring.com/","Laramie County School District 1",2026-05-08
"510","Assistant Head Custodian - Class 4 [CU01]",2026-04-20,"MCCORMICK JUNIOR HIGH SCHOOL","Cheyenne, Wyoming","https://laramie1.schoolspring.com/","Laramie County School District 1",2026-05-08
"511","Special Education Resource Teacher [XT21]",2026-04-17,"CENTRAL HIGH SCHOOL","Cheyenne, Wyoming","https://laramie1.schoolspring.com/","Laramie County School District 1",2026-05-08
"512","Assistant Volleyball Coach [C136]",2026-04-16,"SOUTH HIGH SCHOOL","Cheyenne, Wyoming","https://laramie1.schoolspring.com/","Laramie County School District 1",2026-05-08
"513","Elementary K-6 Teacher",2026-04-15,"PODER ACADEMY ELEMENTARY","Cheyenne, Wyoming","https://laramie1.schoolspring.com/","Laramie County School District 1",2026-05-08
"514","Assistant Tennis Coach [C132]",2026-04-06,"CENTRAL HIGH SCHOOL","Cheyenne, Wyoming","https://laramie1.schoolspring.com/","Laramie County School District 1",2026-05-08
"515","Building Substitute [TS72]",2026-04-02,"SOUTH HIGH SCHOOL","Cheyenne, Wyoming","https://laramie1.schoolspring.com/","Laramie County School District 1",2026-05-08
"516","Office Manager",2026-03-20,"PODER ACADEMY ELEMENTARY","Cheyenne, Wyoming","https://laramie1.schoolspring.com/","Laramie County School District 1",2026-05-08
"517","Paraeducator Special Education [XP08]",2026-03-04,"ROSSMAN ELEMENTARY SCHOOL","Cheyenne, Wyoming","https://laramie1.schoolspring.com/","Laramie County School District 1",2026-05-08
"518","Secondary Math Teacher - 2026/2027 Contract Year",2026-02-19,"PODER ACADEMY SECONDARY (PASS)","Cheyenne, Wyoming","https://laramie1.schoolspring.com/","Laramie County School District 1",2026-05-08
"519","SPED Teacher",2026-02-17,"PODER ACADEMY ELEMENTARY","Cheyenne, Wyoming","https://laramie1.schoolspring.com/","Laramie County School District 1",2026-05-08
"520","Occupational Therapist [XT06]",2026-02-17,"Laramie County School District 1","Cheyenne, Wyoming","https://laramie1.schoolspring.com/","Laramie County School District 1",2026-05-08
"521","Custodial - Head Class 5 [CU02]",2026-02-17,"JOHNSON JUNIOR HIGH SCHOOL","Cheyenne, Wyoming","https://laramie1.schoolspring.com/","Laramie County School District 1",2026-05-08
"522","Enrollment Marketing and Community Outreach Coordinator",2026-02-09,"PODER/PASS ACADEMY","Cheyenne, Wyoming","https://laramie1.schoolspring.com/","Laramie County School District 1",2026-05-08
"523","Physical Therapy Assistant [XI03]",2026-02-09,"Laramie County School District 1","Cheyenne, Wyoming","https://laramie1.schoolspring.com/","Laramie County School District 1",2026-05-08
"524","Custodial - Head Class 5 [CU08]",2026-01-16,"CAREY JUNIOR HIGH SCHOOL","Cheyenne, Wyoming","https://laramie1.schoolspring.com/","Laramie County School District 1",2026-05-08
"525","We The People Sponsor",2025-11-18,"SOUTH HIGH SCHOOL","Cheyenne, Wyoming","https://laramie1.schoolspring.com/","Laramie County School District 1",2026-05-08
"526","Student Sweeper [ST05]",2025-11-07,"AFFLERBACH ELEMENTARY SCHOOL","Cheyenne, Wyoming","https://laramie1.schoolspring.com/","Laramie County School District 1",2026-05-08
"527","Student Sweeper [ST05]",2025-11-07,"ARP ELEMENTARY SCHOOL","Cheyenne, Wyoming","https://laramie1.schoolspring.com/","Laramie County School District 1",2026-05-08
"528","Student Sweeper [ST05]",2025-11-07,"BAGGS ELEMENTARY SCHOOL","Cheyenne, Wyoming","https://laramie1.schoolspring.com/","Laramie County School District 1",2026-05-08
"529","Student Sweeper [ST05]",2025-11-07,"BUFFALO RIDGE ELEMENTARY SCHL","Cheyenne, Wyoming","https://laramie1.schoolspring.com/","Laramie County School District 1",2026-05-08
"530","Student Sweeper [ST05]",2025-11-07,"DILDINE ELEMENTARY SCHOOL","Cheyenne, Wyoming","https://laramie1.schoolspring.com/","Laramie County School District 1",2026-05-08
"531","Student Sweeper [ST05]",2025-11-07,"HENDERSON ELEMENTARY SCHOOL","Cheyenne, Wyoming","https://laramie1.schoolspring.com/","Laramie County School District 1",2026-05-08
"532","Student Sweeper [ST05]",2025-11-07,"PRAIRIE WIND ELEMENTARY SCHOOL","Cheyenne, Wyoming","https://laramie1.schoolspring.com/","Laramie County School District 1",2026-05-08
"533","Paraprofessional",2025-10-20,"PODER ACADEMY SECONDARY (PASS)","Cheyenne, Wyoming","https://laramie1.schoolspring.com/","Laramie County School District 1",2026-05-08
"534","Paraeducator Sign Support [XP05]",2025-06-26,"BUILDING TO BE DETERMINED","Cheyenne, Wyoming","https://laramie1.schoolspring.com/","Laramie County School District 1",2026-05-08
"535","Centennial Head Custodian Middle Level",2026-05-06,"Centennial Middle School","Casper, Wyoming","https://natronaschools.schoolspring.com/","Natrona School District 1",2026-05-08
"536","Lincoln 3rd Grade Teacher for the 26-27 School Year Only",2026-05-06,"Lincoln Elementary","Casper, Wyoming","https://natronaschools.schoolspring.com/","Natrona School District 1",2026-05-08
"537","CMS FLS/ILS Education Support Specialist beginning the 26-27 school year",2026-05-06,"Centennial Middle School","Casper, Wyoming","https://natronaschools.schoolspring.com/","Natrona School District 1",2026-05-08
"538","CYMS Cross Country Aide",2026-05-05,"CY Middle School","Casper, Wyoming","https://natronaschools.schoolspring.com/","Natrona School District 1",2026-05-08
"539","Cottonwood Education Support Specialist - FLS beginning for the 26-27 school year",2026-05-05,"Cottonwood Elementary","Casper, Wyoming","https://natronaschools.schoolspring.com/","Natrona School District 1",2026-05-08
"540","Midwest HS Head Football Coach",2026-05-04,"Midwest Schools","Midwest, Wyoming","https://natronaschools.schoolspring.com/","Natrona School District 1",2026-05-08
"541","Journey Administrative Specialist beginning for the 2026-2027 school year.",2026-05-01,"Journey Elementary","Casper, Wyoming","https://natronaschools.schoolspring.com/","Natrona School District 1",2026-05-08
"542","RHS Math Classroom Teacher for the 2026-2027 School Year Only",2026-05-01,"Roosevelt High School","Casper, Wyoming","https://natronaschools.schoolspring.com/","Natrona School District 1",2026-05-08
"543","Southridge Education Support Personnel/Cafeteria Technician beginning for the 2026-2027 school year",2026-04-30,"Southridge Elementary","Casper, Wyoming","https://natronaschools.schoolspring.com/","Natrona School District 1",2026-05-08
"544","CYMS Part Time Education Support Personnel beginning for the 2026-2027 school year",2026-04-30,"CY Middle School","Casper, Wyoming","https://natronaschools.schoolspring.com/","Natrona School District 1",2026-05-08
"545","CYMS Substitute on Daily Assignment - BASE Program beginning for the 2026-2027 school year",2026-04-30,"CY Middle School","Casper, Wyoming","https://natronaschools.schoolspring.com/","Natrona School District 1",2026-05-08
"546","CYMS Education Support Specialist BASE beginning for the 26-27 school year",2026-04-30,"CY Middle School","Casper, Wyoming","https://natronaschools.schoolspring.com/","Natrona School District 1",2026-05-08
"547","CYMS Lead Custodian - Night",2026-04-30,"CY Middle School","Casper, Wyoming","https://natronaschools.schoolspring.com/","Natrona School District 1",2026-05-08
"548","CYMS Head Custodian",2026-04-30,"CY Middle School","Casper, Wyoming","https://natronaschools.schoolspring.com/","Natrona School District 1",2026-05-08
"549","NCHS Cafeteria Technician Beginning The 2026-2027 School Year",2026-04-30,"Natrona County High School","Casper, Wyoming","https://natronaschools.schoolspring.com/","Natrona School District 1",2026-05-08
"550","Manor Heights BASE Education Support Specialist beginning for the 26-27 school year",2026-04-30,"Manor Heights Elementary","Casper, Wyoming","https://natronaschools.schoolspring.com/","Natrona School District 1",2026-05-08
"551","Dean Morgan Athletics and Activities Facilitator",2026-04-30,"Dean Morgan Middle School","Casper, Wyoming","https://natronaschools.schoolspring.com/","Natrona School District 1",2026-05-08
"552","CCA Athletics and Activities Facilitator",2026-04-30,"Casper Classical Academy","Casper, Wyoming","https://natronaschools.schoolspring.com/","Natrona School District 1",2026-05-08
"553","Dean Morgan Education Support Personnel/Office and Records Beginning 26-27 School Year",2026-04-30,"Dean Morgan Middle School","Casper, Wyoming","https://natronaschools.schoolspring.com/","Natrona School District 1",2026-05-08
"554","Dean Morgan Education Support Personnel Beginning 26-27 School Year",2026-04-30,"Dean Morgan Middle School","Casper, Wyoming","https://natronaschools.schoolspring.com/","Natrona School District 1",2026-05-08
"555","Dean Morgan Education Support Specialist/Education Support Personnel Beginning 26-27 School Year",2026-04-30,"Dean Morgan Middle School","Casper, Wyoming","https://natronaschools.schoolspring.com/","Natrona School District 1",2026-05-08
"556","Dean Morgan Education Support Specialist (1-on-1) Beginning 26-27 School Year",2026-04-30,"Dean Morgan Middle School","Casper, Wyoming","https://natronaschools.schoolspring.com/","Natrona School District 1",2026-05-08
"557","Sagewood Behavior and Substitute Support Personnel Beginning 26-27 School Year",2026-04-30,"Sagewood Elementary","Casper, Wyoming","https://natronaschools.schoolspring.com/","Natrona School District 1",2026-05-08
"558","Sagewood Education Support Personnel Beginning 26-27 School Year",2026-04-30,"Sagewood Elementary","Casper, Wyoming","https://natronaschools.schoolspring.com/","Natrona School District 1",2026-05-08
"559","District Assistant Elementary Principal to begin 2026-2027 School Year",2026-04-30,"Curriculum and Instruction","Casper, Wyoming","https://natronaschools.schoolspring.com/","Natrona School District 1",2026-05-08
"560","CYMS Volleyball Coach Aide",2026-04-28,"CY Middle School","Casper, Wyoming","https://natronaschools.schoolspring.com/","Natrona School District 1",2026-05-08
"561","Pineview 4th Grade Teacher for the 26-27 School Year Only",2026-04-28,"Pineview Elementary","Casper, Wyoming","https://natronaschools.schoolspring.com/","Natrona School District 1",2026-05-08
"562","CCA Language Arts Teacher for the 26-27 school year only",2026-04-28,"Casper Classical Academy","Casper, Wyoming","https://natronaschools.schoolspring.com/","Natrona School District 1",2026-05-08
"563","Warehouse Delivery Worker",2026-04-27,"Purchasing/Warehouse","Casper, Wyoming","https://natronaschools.schoolspring.com/","Natrona School District 1",2026-05-08
"564","CYMS Head Cheer Coach",2026-04-24,"CY Middle School","Casper, Wyoming","https://natronaschools.schoolspring.com/","Natrona School District 1",2026-05-08
"565","Instructional Facilitator Beginning the 2026-2027 School Year",2026-04-23,"Curriculum and Instruction","Casper, Wyoming","https://natronaschools.schoolspring.com/","Natrona School District 1",2026-05-08
"566","Paradise Valley Kindergarten Teacher for the 2026-27 School Year Only",2026-04-22,"Paradise Valley Elementary","Casper, Wyoming","https://natronaschools.schoolspring.com/","Natrona School District 1",2026-05-08
"567","Landscape and Support Services Specialist",2026-04-22,"Plant/Maintenance","Casper, Wyoming","https://natronaschools.schoolspring.com/","Natrona School District 1",2026-05-08
"568","Midwest - Part Time Custodian",2026-04-22,"Midwest Schools","Midwest, Wyoming","https://natronaschools.schoolspring.com/","Natrona School District 1",2026-05-08
"569","NCHS Assistant Football Coach",2026-04-21,"Natrona County High School","Casper, Wyoming","https://natronaschools.schoolspring.com/","Natrona School District 1",2026-05-08
"570","CCA Cross Country Coach",2026-04-20,"Casper Classical Academy","Casper, Wyoming","https://natronaschools.schoolspring.com/","Natrona School District 1",2026-05-08
"571","Evansville Special Education Teacher to Begin the 2026-27 School Year",2026-04-16,"Evansville Elementary","Evansville, Wyoming","https://natronaschools.schoolspring.com/","Natrona School District 1",2026-05-08
"572","CCA Football Aide",2026-04-13,"Casper Classical Academy","Casper, Wyoming","https://natronaschools.schoolspring.com/","Natrona School District 1",2026-05-08
"573","CCA Girls Basketball Coach",2026-04-13,"Casper Classical Academy","Casper, Wyoming","https://natronaschools.schoolspring.com/","Natrona School District 1",2026-05-08
"574","CCA Cross Country Aide",2026-04-13,"Casper Classical Academy","Casper, Wyoming","https://natronaschools.schoolspring.com/","Natrona School District 1",2026-05-08
"575","Substitute Custodian",2026-04-09,"Human Resources","Casper, Wyoming","https://natronaschools.schoolspring.com/","Natrona School District 1",2026-05-08
"576","Substitute Nurse",2026-04-09,"Human Resources","Casper, Wyoming","https://natronaschools.schoolspring.com/","Natrona School District 1",2026-05-08
"577","Midwest Summer Grounds Worker",2026-04-08,"Midwest Schools","Midwest, Wyoming","https://natronaschools.schoolspring.com/","Natrona School District 1",2026-05-08
"578","CMS Football Coach",2026-04-02,"Centennial Middle School","Casper, Wyoming","https://natronaschools.schoolspring.com/","Natrona School District 1",2026-05-08
"579","Seasonal Grounds Worker",2026-04-01,"Plant/Maintenance","Casper, Wyoming","https://natronaschools.schoolspring.com/","Natrona School District 1",2026-05-08
"580","Poison Spider PE Teacher/Tutor for the 2026-27 School Year Only",2026-03-31,"Poison Spider K-8","Casper, Wyoming","https://natronaschools.schoolspring.com/","Natrona School District 1",2026-05-08
"581","Lincoln 5th Grade Teacher for the 26-27 School Year Only",2026-03-30,"Lincoln Elementary","Casper, Wyoming","https://natronaschools.schoolspring.com/","Natrona School District 1",2026-05-08
"582","Chief Financial Officer",2026-03-27,"Natrona County School District","Casper, Wyoming","https://natronaschools.schoolspring.com/","Natrona School District 1",2026-05-08
"583","Dean Morgan Math Teacher for the 26-27 School Year Only",2026-03-23,"Dean Morgan Middle School","Casper, Wyoming","https://natronaschools.schoolspring.com/","Natrona School District 1",2026-05-08
"584","Audiologist to begin the 2026-2027 School Year",2026-03-19,"Special Education Services Center","Casper, Wyoming","https://natronaschools.schoolspring.com/","Natrona School District 1",2026-05-08
"585","Physical Therapist to begin 2026-2027 School Year",2026-03-18,"Special Education Services Center","Casper, Wyoming","https://natronaschools.schoolspring.com/","Natrona School District 1",2026-05-08
"586","Substitute Bus Driver",2026-02-13,"Transportation","Casper, Wyoming","https://natronaschools.schoolspring.com/","Natrona School District 1",2026-05-08
"587","Verda James Elementary Dual Language Immersion (Spanish) Teacher Beginning the 2026-27 School Year",2026-02-02,"Verda James Elementary","Casper, Wyoming","https://natronaschools.schoolspring.com/","Natrona School District 1",2026-05-08
"588","Centennial Head Girls Soccer Coach",2026-01-16,"Centennial Middle School","Casper, Wyoming","https://natronaschools.schoolspring.com/","Natrona School District 1",2026-05-08
"589","KWHS - Marine Instructor (MI) OR Senior ROTC Marine Instructor (SMI)",2025-07-10,"Kelly Walsh High School","Casper, Wyoming","https://natronaschools.schoolspring.com/","Natrona School District 1",2026-05-08
"590","Lincoln Art Teacher for the 26-27 School Year Only",2025-05-06,"Lincoln Elementary","Casper, Wyoming","https://natronaschools.schoolspring.com/","Natrona School District 1",2026-05-08
"591","Education Interpreter",2025-05-01,"Special Education Services Center","Casper, Wyoming","https://natronaschools.schoolspring.com/","Natrona School District 1",2026-05-08
"592","SPED Teacher",2026-04-27,"LARAMIE COUNTY SD #2","Pine Bluffs, Wyoming","https://laramie2.schoolspring.com/","Laramie County School District 2",2026-05-08
"593","Paraprofessional",2026-04-27,"LARAMIE COUNTY SD #2","Pine Bluffs, Wyoming","https://laramie2.schoolspring.com/","Laramie County School District 2",2026-05-08
"594","Speech Language Pathologist Assistant",2026-04-23,"LARAMIE COUNTY SD #2","Pine Bluffs, Wyoming","https://laramie2.schoolspring.com/","Laramie County School District 2",2026-05-08
"595","Head High School Girls Basketball Coach",2026-04-15,"Pine Bluffs Jr./Sr. High School","Pine Bluffs, Wyoming","https://laramie2.schoolspring.com/","Laramie County School District 2",2026-05-08
"596","Technology Summer Employee",2026-04-07,"LARAMIE COUNTY SD #2","Pine Bluffs, Wyoming","https://laramie2.schoolspring.com/","Laramie County School District 2",2026-05-08
"597","Custodian",2026-03-23,"Burns Jr./Sr. High School","Burns, Wyoming","https://laramie2.schoolspring.com/","Laramie County School District 2",2026-05-08
"598","Technology Coordinator",2026-03-18,"LARAMIE COUNTY SD #2","Pine Bluffs, Wyoming","https://laramie2.schoolspring.com/","Laramie County School District 2",2026-05-08
"599","District PowerSchool Administrator",2026-03-17,"LARAMIE COUNTY SD #2","Pine Bluffs, Wyoming","https://laramie2.schoolspring.com/","Laramie County School District 2",2026-05-08
"600","Speech-Language Pathologist 2026-27 School Year (Signing Bonus)",2026-03-12,"LARAMIE COUNTY SD #2","Pine Bluffs, Wyoming","https://laramie2.schoolspring.com/","Laramie County School District 2",2026-05-08
"601","Summer Groundskeeper",2026-03-10,"Pine Bluffs Jr./Sr. High School","Pine Bluffs, Wyoming","https://laramie2.schoolspring.com/","Laramie County School District 2",2026-05-08
"602","Assistant High School Football Coach",2026-02-24,"Burns Jr./Sr. High School","Burns, Wyoming","https://laramie2.schoolspring.com/","Laramie County School District 2",2026-05-08
"603","Elementary Teacher 2026-27 School Year",2026-02-02,"LARAMIE COUNTY SD #2","Pine Bluffs, Wyoming","https://laramie2.schoolspring.com/","Laramie County School District 2",2026-05-08
"604","Assistant JH Volleyball Numbers Coach",2025-12-02,"Burns Jr./Sr. High School","Burns, Wyoming","https://laramie2.schoolspring.com/","Laramie County School District 2",2026-05-08
"605","Substitute School Nurse",2025-09-15,"LARAMIE COUNTY SD #2","Pine Bluffs, Wyoming","https://laramie2.schoolspring.com/","Laramie County School District 2",2026-05-08
"606","ELL Parent Translator Contactor",2025-09-15,"LARAMIE COUNTY SD #2","Pine Bluffs, Wyoming","https://laramie2.schoolspring.com/","Laramie County School District 2",2026-05-08
"607","Assistant JH Football Coach",2025-08-05,"Burns Jr./Sr. High School","Burns, Wyoming","https://laramie2.schoolspring.com/","Laramie County School District 2",2026-05-08
"608","ELL Paraprofessional",2025-06-10,"LARAMIE COUNTY SD #2","Pine Bluffs, Wyoming","https://laramie2.schoolspring.com/","Laramie County School District 2",2026-05-08
"609","Sub Paraprofessional",2025-01-30,"LARAMIE COUNTY SD #2","Pine Bluffs, Wyoming","https://laramie2.schoolspring.com/","Laramie County School District 2",2026-05-08
"610","Sub Custodian",2025-01-30,"LARAMIE COUNTY SD #2","Pine Bluffs, Wyoming","https://laramie2.schoolspring.com/","Laramie County School District 2",2026-05-08
"611","Substitute Cook",2025-01-30,"LARAMIE COUNTY SD #2","Pine Bluffs, Wyoming","https://laramie2.schoolspring.com/","Laramie County School District 2",2026-05-08
"612","Substitute Teacher",2025-01-30,"LARAMIE COUNTY SD #2","Pine Bluffs, Wyoming","https://laramie2.schoolspring.com/","Laramie County School District 2",2026-05-08
"613","Substitute Bus Driver",2025-01-30,"LARAMIE COUNTY SD #2","Pine Bluffs, Wyoming","https://laramie2.schoolspring.com/","Laramie County School District 2",2026-05-08
"614","HIGH SCHOOL HEAD COACH (GOLF)",2026-05-05,"RIVERTON HIGH SCHOOL","Riverton, Wyoming","https://fremont25.schoolspring.com/","Fremont County School District 25",2026-05-08
"615","HIGH SCHOOL TEACHER (SCIENCE)",2026-05-04,"RIVERTON HIGH SCHOOL","Riverton, Wyoming","https://fremont25.schoolspring.com/","Fremont County School District 25",2026-05-08
"616","FRONTIER ACADEMY TEACHER (SOCIAL STUDIES)",2026-04-14,"FRONTIER ACADEMY","Riverton, Wyoming","https://fremont25.schoolspring.com/","Fremont County School District 25",2026-05-08
"617","INSTRUCTIONAL SUPPORT SPECIALIST",2026-04-13,"Fremont County School District 25","Riverton, Wyoming","https://fremont25.schoolspring.com/","Fremont County School District 25",2026-05-08
"618","HOMEBOUND AND DISTRICT PLACEMENT SPECIAL EDUCATION TEACHER (SPED)",2026-04-08,"Fremont County School District 25","Riverton, Wyoming","https://fremont25.schoolspring.com/","Fremont County School District 25",2026-05-08
"619","2026-2027 PARAPROFESSIONAL POOL",2026-03-27,"Fremont County School District 25","Riverton, Wyoming","https://fremont25.schoolspring.com/","Fremont County School District 25",2026-05-08
"620","HIGH SCHOOL HEAD COACH (GIRLS BASKETBALL)",2026-03-24,"RIVERTON HIGH SCHOOL","Riverton, Wyoming","https://fremont25.schoolspring.com/","Fremont County School District 25",2026-05-08
"621","HIGH SCHOOL ASSISTANT COACH (GIRLS BASKETBALL)",2026-03-24,"RIVERTON HIGH SCHOOL","Riverton, Wyoming","https://fremont25.schoolspring.com/","Fremont County School District 25",2026-05-08
"622","PARA (SPED IDEAL)",2026-03-23,"RENDEZVOUS ELEMENTARY","Riverton, Wyoming","https://fremont25.schoolspring.com/","Fremont County School District 25",2026-05-08
"623","SUBSTITUTE BUS DRIVER",2026-03-20,"BUS GARAGE - TRANSPORTATION","Riverton, Wyoming","https://fremont25.schoolspring.com/","Fremont County School District 25",2026-05-08
"624","LAWN CREW",2026-03-11,"MAINTANENCE","Riverton, Wyoming","https://fremont25.schoolspring.com/","Fremont County School District 25",2026-05-08
"625","MIDDLE SCHOOL ASSISTANT COACH (CROSS COUNTRY)",2026-02-24,"RIVERTON MIDDLE SCHOOL","Riverton, Wyoming","https://fremont25.schoolspring.com/","Fremont County School District 25",2026-05-08
"626","PARA (SPED)",2026-02-23,"WILLOW CREEK","Riverton, Wyoming","https://fremont25.schoolspring.com/","Fremont County School District 25",2026-05-08
"627","MIDDLE SCHOOL COACH (ASSISTANT VOLLEYBALL)",2026-02-20,"RIVERTON MIDDLE SCHOOL","Riverton, Wyoming","https://fremont25.schoolspring.com/","Fremont County School District 25",2026-05-08
"628","PARA (SPED BSP)",2026-02-18,"RENDEZVOUS ELEMENTARY","Riverton, Wyoming","https://fremont25.schoolspring.com/","Fremont County School District 25",2026-05-08
"629","SPEECH LANGUAGE PATHOLOGIST",2026-02-09,"Fremont County School District 25","Riverton, Wyoming","https://fremont25.schoolspring.com/","Fremont County School District 25",2026-05-08
"630","SCHOOL PSYCHOLOGIST",2026-02-09,"ALTERNATIVE/SPECIAL SERVICES","Riverton, Wyoming","https://fremont25.schoolspring.com/","Fremont County School District 25",2026-05-08
"631","OCCUPATIONAL THERAPIST",2026-01-22,"Fremont County School District 25","Riverton, Wyoming","https://fremont25.schoolspring.com/","Fremont County School District 25",2026-05-08
"632","HIGH SCHOOL ASSISTANT COACH (VOLLEYBALL)",2025-12-22,"RIVERTON HIGH SCHOOL","Riverton, Wyoming","https://fremont25.schoolspring.com/","Fremont County School District 25",2026-05-08
"633","NATIVE AMERICAN EDUCATION STUDENT AMBASSADOR",2025-12-12,"Fremont County School District 25","Riverton, Wyoming","https://fremont25.schoolspring.com/","Fremont County School District 25",2026-05-08
"634","BUS AIDE",2025-10-17,"BUS GARAGE - TRANSPORTATION","Riverton, Wyoming","https://fremont25.schoolspring.com/","Fremont County School District 25",2026-05-08
"635","BUS DRIVER (PART TIME)",2025-10-17,"BUS GARAGE - TRANSPORTATION","Riverton, Wyoming","https://fremont25.schoolspring.com/","Fremont County School District 25",2026-05-08
"636","SUBSTITUTE PARA",2025-09-26,"Fremont County School District 25","Riverton, Wyoming","https://fremont25.schoolspring.com/","Fremont County School District 25",2026-05-08
"637","HIGH SCHOOL ASSISTANT COACH (CHEER)",2025-03-23,"RIVERTON HIGH SCHOOL","Riverton, Wyoming","https://fremont25.schoolspring.com/","Fremont County School District 25",2026-05-08
"638","SUBSTITUTE INTERPRETER FOR DEAF/HARD OF HEARING STUDENTS",2025-01-16,"Fremont County School District 25","Riverton, Wyoming","https://fremont25.schoolspring.com/","Fremont County School District 25",2026-05-08
"639","SUBSTITUTE CUSTODIAN",2024-09-17,"Fremont County School District 25","Riverton, Wyoming","https://fremont25.schoolspring.com/","Fremont County School District 25",2026-05-08
"640","SUBSTITUTE DAYCARE ASSISTANT",2024-07-22,"Fremont County School District 25","Riverton, Wyoming","https://fremont25.schoolspring.com/","Fremont County School District 25",2026-05-08
"641","SUBSTITUTE TEACHER",2024-07-18,"Fremont County School District 25","Riverton, Wyoming","https://fremont25.schoolspring.com/","Fremont County School District 25",2026-05-08
"642","SUBSTITUTE NURSE",2024-07-18,"Fremont County School District 25","Riverton, Wyoming","https://fremont25.schoolspring.com/","Fremont County School District 25",2026-05-08
"643","LIFEGUARD",2024-03-01,"RIVERTON AQUATICS CENTER","Riverton, Wyoming","https://fremont25.schoolspring.com/","Fremont County School District 25",2026-05-08
"644","DESK CLERK",2024-03-01,"RIVERTON AQUATICS CENTER","Riverton, Wyoming","https://fremont25.schoolspring.com/","Fremont County School District 25",2026-05-08
"645","Director of Human Resources",2026-05-06,"Albany County School District 1","Laramie, Wyoming","https://acsd1.schoolspring.com/","Albany Count School District 1",2026-05-08
"646","MTSS/504 Instructional Specialist",2026-05-06,"Laramie High School","Laramie, Wyoming","https://acsd1.schoolspring.com/","Albany Count School District 1",2026-05-08
"647","Secondary Math Interventionist",2026-04-27,"Laramie High School","Laramie, Wyoming","https://acsd1.schoolspring.com/","Albany Count School District 1",2026-05-08
"648","Secondary Math Interventionist",2026-04-27,"Laramie Middle School","Laramie, Wyoming","https://acsd1.schoolspring.com/","Albany Count School District 1",2026-05-08
"649","Special Education Teacher",2026-04-21,"Spring Creek Elementary School","Laramie, Wyoming","https://acsd1.schoolspring.com/","Albany Count School District 1",2026-05-08
"650","Instructional Facilitator",2026-04-14,"Albany County School District 1","Laramie, Wyoming","https://acsd1.schoolspring.com/","Albany Count School District 1",2026-05-08
"651","High School Assistant Tennis Coach",2026-04-13,"Laramie High School","Laramie, Wyoming","https://acsd1.schoolspring.com/","Albany Count School District 1",2026-05-08
"652","High School Assistant Swimming/Diving Coach",2026-04-13,"Laramie High School","Laramie, Wyoming","https://acsd1.schoolspring.com/","Albany Count School District 1",2026-05-08
"653","Middle School Head Volleyball Coach",2026-04-09,"Laramie Middle School","Laramie, Wyoming","https://acsd1.schoolspring.com/","Albany Count School District 1",2026-05-08
"654","Certified Occupational Therapist",2026-04-03,"Albany County School District 1","Laramie, Wyoming","https://acsd1.schoolspring.com/","Albany Count School District 1",2026-05-08
"655","Dual Language Immersion and ELL Programs Instructional Facilitator",2026-04-03,"Albany County School District 1","Laramie, Wyoming","https://acsd1.schoolspring.com/","Albany Count School District 1",2026-05-08
"656","Nurse Educator",2026-03-27,"Whiting High School","Laramie, Wyoming","https://acsd1.schoolspring.com/","Albany Count School District 1",2026-05-08
"657","High School Assistant Golf Coach",2026-03-04,"Laramie High School","Laramie, Wyoming","https://acsd1.schoolspring.com/","Albany Count School District 1",2026-05-08
"658","Certified Occupational Therapy Assistant",2026-03-02,"Albany County School District 1","Laramie, Wyoming","https://acsd1.schoolspring.com/","Albany Count School District 1",2026-05-08
"659","Substitute Custodian",2025-07-21,"Albany County School District 1","Laramie, Wyoming","https://acsd1.schoolspring.com/","Albany Count School District 1",2026-05-08
"660","Bus Aide",2025-06-05,"Albany County School District 1","Laramie, Wyoming","https://acsd1.schoolspring.com/","Albany Count School District 1",2026-05-08
"661","Bus Driver",2025-06-05,"Albany County School District 1","Laramie, Wyoming","https://acsd1.schoolspring.com/","Albany Count School District 1",2026-05-08
"662","Assistant Girls Wrestling Coach",2026-05-07,"THUNDER BASIN HIGH SCHOOL","Gillette, Wyoming","https://campbell.schoolspring.com/","Campbell County Scholl District 1",2026-05-08
"663","Assistant Girls Wrestling Coach",2026-05-06,"CAMPBELL COUNTY HIGH SCHOOL","Gillette, Wyoming","https://campbell.schoolspring.com/","Campbell County Scholl District 1",2026-05-08
"664","Summer Custodian",2026-05-06,"CONESTOGA ELEMENTARY","Gillette, Wyoming","https://campbell.schoolspring.com/","Campbell County Scholl District 1",2026-05-08
"665","Head Cheerleading Coach - Winter",2026-05-06,"THUNDER BASIN HIGH SCHOOL","Gillette, Wyoming","https://campbell.schoolspring.com/","Campbell County Scholl District 1",2026-05-08
"666","Head Cheerleading Coach - Fall",2026-05-06,"THUNDER BASIN HIGH SCHOOL","Gillette, Wyoming","https://campbell.schoolspring.com/","Campbell County Scholl District 1",2026-05-08
"667","Summer Custodian 8hrs/day",2026-05-06,"THUNDER BASIN HIGH SCHOOL","Gillette, Wyoming","https://campbell.schoolspring.com/","Campbell County Scholl District 1",2026-05-08
"668","Wright - Summer Lawn Crew",2026-05-06,"WRIGHT JR./SR. HIGH SCHOOL","Wright, Wyoming","https://campbell.schoolspring.com/","Campbell County Scholl District 1",2026-05-08
"669","Vocational Job Coach",2026-05-06,"THUNDER BASIN HIGH SCHOOL","Gillette, Wyoming","https://campbell.schoolspring.com/","Campbell County Scholl District 1",2026-05-08
"670","English Teacher",2026-05-05,"THUNDER BASIN HIGH SCHOOL","Gillette, Wyoming","https://campbell.schoolspring.com/","Campbell County Scholl District 1",2026-05-08
"671","Foreign Language Teacher - Spanish",2026-05-05,"CAMPBELL COUNTY HIGH SCHOOL","Gillette, Wyoming","https://campbell.schoolspring.com/","Campbell County Scholl District 1",2026-05-08
"672","Gifted and Talented Education Teacher",2026-05-04,"PAINTBRUSH ELEMENTARY","Gillette, Wyoming","https://campbell.schoolspring.com/","Campbell County Scholl District 1",2026-05-08
"673","School Counselor",2026-05-01,"THUNDER BASIN HIGH SCHOOL","Gillette, Wyoming","https://campbell.schoolspring.com/","Campbell County Scholl District 1",2026-05-08
"674","Fourth Grade Teacher",2026-04-30,"ROZET ELEMENTARY","Rozet, Wyoming","https://campbell.schoolspring.com/","Campbell County Scholl District 1",2026-05-08
"675","Art Teacher",2026-04-30,"COTTONWOOD ELEMENTARY","Wright, Wyoming","https://campbell.schoolspring.com/","Campbell County Scholl District 1",2026-05-08
"676","Skilled Maintenance Crafts - Mechanic",2026-04-30,"CAMPBELL COUNTY SCHOOL DISTRICT #1","Gillette, Wyoming","https://campbell.schoolspring.com/","Campbell County Scholl District 1",2026-05-08
"677","Assistant HS Boys Basketball Coach",2026-04-30,"THUNDER BASIN HIGH SCHOOL","Gillette, Wyoming","https://campbell.schoolspring.com/","Campbell County Scholl District 1",2026-05-08
"678","Special Programs Technology Coordinator",2026-04-29,"CAMPBELL COUNTY SCHOOL DISTRICT #1","Gillette, Wyoming","https://campbell.schoolspring.com/","Campbell County Scholl District 1",2026-05-08
"679","Summer Custodian",2026-04-29,"ROZET ELEMENTARY","Rozet, Wyoming","https://campbell.schoolspring.com/","Campbell County Scholl District 1",2026-05-08
"680","Summer Custodian",2026-04-29,"PRONGHORN ELEMENTARY","Gillette, Wyoming","https://campbell.schoolspring.com/","Campbell County Scholl District 1",2026-05-08
"681","Summer Custodian",2026-04-29,"WRIGHT JR./SR. HIGH SCHOOL","Wright, Wyoming","https://campbell.schoolspring.com/","Campbell County Scholl District 1",2026-05-08
"682","Summer Custodian 8hrs/day",2026-04-29,"CAMPBELL COUNTY HIGH SCHOOL","Gillette, Wyoming","https://campbell.schoolspring.com/","Campbell County Scholl District 1",2026-05-08
"683","Math Teacher",2026-04-28,"THUNDER BASIN HIGH SCHOOL","Gillette, Wyoming","https://campbell.schoolspring.com/","Campbell County Scholl District 1",2026-05-08
"684","Exceptional Child Specialist/Resource Room",2026-04-28,"THUNDER BASIN HIGH SCHOOL","Gillette, Wyoming","https://campbell.schoolspring.com/","Campbell County Scholl District 1",2026-05-08
"685","Technology Education Teacher",2026-04-28,"TWIN SPRUCE JUNIOR HIGH SCHOOL","Gillette, Wyoming","https://campbell.schoolspring.com/","Campbell County Scholl District 1",2026-05-08
"686","Assistant HS Girls Basketball Coach",2026-04-28,"THUNDER BASIN HIGH SCHOOL","Gillette, Wyoming","https://campbell.schoolspring.com/","Campbell County Scholl District 1",2026-05-08
"687","Elementary Teacher",2026-04-27,"COTTONWOOD ELEMENTARY","Wright, Wyoming","https://campbell.schoolspring.com/","Campbell County Scholl District 1",2026-05-08
"688","Exceptional Child Specialist/Resource Room",2026-04-27,"SAGE VALLEY JUNIOR HIGH SCHOOL","Gillette, Wyoming","https://campbell.schoolspring.com/","Campbell County Scholl District 1",2026-05-08
"689","Elementary Teacher",2026-04-24,"CONESTOGA ELEMENTARY","Gillette, Wyoming","https://campbell.schoolspring.com/","Campbell County Scholl District 1",2026-05-08
"690","Exceptional Child Specialist/Resource Room",2026-04-23,"HILLCREST ELEMENTARY","Gillette, Wyoming","https://campbell.schoolspring.com/","Campbell County Scholl District 1",2026-05-08
"691","Transitional Teacher-YES House",2026-04-22,"WESTWOOD HIGH SCHOOL","Gillette, Wyoming","https://campbell.schoolspring.com/","Campbell County Scholl District 1",2026-05-08
"692","HS Head Boys Swimming Coach",2026-04-22,"THUNDER BASIN HIGH SCHOOL","Gillette, Wyoming","https://campbell.schoolspring.com/","Campbell County Scholl District 1",2026-05-08
"693","ACTIVITY BUS DRIVER",2026-04-08,"CAMPBELL COUNTY SCHOOL DISTRICT #1","Gillette, Wyoming","https://campbell.schoolspring.com/","Campbell County Scholl District 1",2026-05-08
"694","ESL (English as a Second Language) Teacher Assistant",2026-04-01,"CAMPBELL COUNTY HIGH SCHOOL","Gillette, Wyoming","https://campbell.schoolspring.com/","Campbell County Scholl District 1",2026-05-08
"695","BUS DRIVER/BUS DRIVER IN TRAINING",2026-03-24,"CAMPBELL COUNTY SCHOOL DISTRICT #1","Gillette, Wyoming","https://campbell.schoolspring.com/","Campbell County Scholl District 1",2026-05-08
"696","Teacher of the Visually Impaired",2026-03-05,"CAMPBELL COUNTY SCHOOL DISTRICT #1","Gillette, Wyoming","https://campbell.schoolspring.com/","Campbell County Scholl District 1",2026-05-08
"697","Emotionally Disabled Special Programs Education Assistant",2026-03-04,"CAMPBELL COUNTY HIGH SCHOOL","Gillette, Wyoming","https://campbell.schoolspring.com/","Campbell County Scholl District 1",2026-05-08
"698","Special Programs Education Assistant/ASD",2026-02-09,"LAKEVIEW ELEMENTARY","Gillette, Wyoming","https://campbell.schoolspring.com/","Campbell County Scholl District 1",2026-05-08
"699","Special Programs Education Assistant",2026-01-29,"CAMPBELL COUNTY HIGH SCHOOL","Gillette, Wyoming","https://campbell.schoolspring.com/","Campbell County Scholl District 1",2026-05-08
"700","Special Programs Education Assistant",2026-01-26,"ROZET ELEMENTARY","Rozet, Wyoming","https://campbell.schoolspring.com/","Campbell County Scholl District 1",2026-05-08
"701","Special Programs Education Assistant",2026-01-21,"BUFFALO RIDGE ELEMENTARY SCHOOL","Gillette, Wyoming","https://campbell.schoolspring.com/","Campbell County Scholl District 1",2026-05-08
"702","Special Programs Education Assistant",2026-01-20,"RAWHIDE ELEMENTARY","Gillette, Wyoming","https://campbell.schoolspring.com/","Campbell County Scholl District 1",2026-05-08
"703","Emotionally Disabled Special Programs Education Assistant",2026-01-14,"PAINTBRUSH ELEMENTARY","Gillette, Wyoming","https://campbell.schoolspring.com/","Campbell County Scholl District 1",2026-05-08
"704","Special Programs Education Assistant for Students with High Needs",2025-12-19,"HILLCREST ELEMENTARY","Gillette, Wyoming","https://campbell.schoolspring.com/","Campbell County Scholl District 1",2026-05-08
"705","Orientation and Mobility Specialist",2025-12-19,"CAMPBELL COUNTY SCHOOL DISTRICT #1","Gillette, Wyoming","https://campbell.schoolspring.com/","Campbell County Scholl District 1",2026-05-08
"706","Special Programs Education Assistant",2025-11-26,"HILLCREST ELEMENTARY","Gillette, Wyoming","https://campbell.schoolspring.com/","Campbell County Scholl District 1",2026-05-08
"707","Safety Patrol",2025-10-29,"CAMPBELL COUNTY SCHOOL DISTRICT #1","Gillette, Wyoming","https://campbell.schoolspring.com/","Campbell County Scholl District 1",2026-05-08
"708","Safety Patrol",2025-10-29,"CAMPBELL COUNTY SCHOOL DISTRICT #1","Gillette, Wyoming","https://campbell.schoolspring.com/","Campbell County Scholl District 1",2026-05-08
"709","Special Programs Education Assistant",2025-10-24,"PAINTBRUSH ELEMENTARY","Gillette, Wyoming","https://campbell.schoolspring.com/","Campbell County Scholl District 1",2026-05-08
"710","Hearing Impaired Interpreter",2025-09-03,"PRONGHORN ELEMENTARY","Gillette, Wyoming","https://campbell.schoolspring.com/","Campbell County Scholl District 1",2026-05-08
"711","Substitute School Nurse",2025-06-11,"CAMPBELL COUNTY SCHOOL DISTRICT #1","Gillette, Wyoming","https://campbell.schoolspring.com/","Campbell County Scholl District 1",2026-05-08
"712","SCHOOL PSYCHOLOGIST INTERN",2025-01-31,"CAMPBELL COUNTY SCHOOL DISTRICT #1","Gillette, Wyoming","https://campbell.schoolspring.com/","Campbell County Scholl District 1",2026-05-08
"713","Sample Classified Position",2010-02-16,"CAMPBELL COUNTY SCHOOL DISTRICT #1","Gillette, Wyoming","https://campbell.schoolspring.com/","Campbell County Scholl District 1",2026-05-08
"714","Sample Certified Position",2010-02-16,"CAMPBELL COUNTY SCHOOL DISTRICT #1","Gillette, Wyoming","https://campbell.schoolspring.com/","Campbell County Scholl District 1",2026-05-08
"715","Pep Club/Concessions Stand Advisor- Cokeville High School",NA,"Coaching","Cokeville High School","https://lcsd2.org/employment-opportunities/","Lincoln County School District 2",2026-05-08
"716","Aide Pool- Star Valley- 2026-2027 school year",NA,"Classified","Star Valley","https://lcsd2.org/employment-opportunities/","Lincoln County School District 2",2026-05-08
"717","Bus Aide- Part-Time- Star Valley",NA,"Classified","Star Valley","https://lcsd2.org/employment-opportunities/","Lincoln County School District 2",2026-05-08
"718","Permanent Substitute Teacher- Star Valley",NA,"Classified","Star Valley","https://lcsd2.org/employment-opportunities/","Lincoln County School District 2",2026-05-08
"719","Special Education Teacher",NA,"Certified","District","https://lcsd2.org/employment-opportunities/","Lincoln County School District 2",2026-05-08
"720","Substitute School Nurse- Star Valley",NA,"Classified","Star Valley","https://lcsd2.org/employment-opportunities/","Lincoln County School District 2",2026-05-08
"721","Certified Substitute Teacher Pool- Star Valley",NA,"Substitute","Star Valley","https://lcsd2.org/employment-opportunities/","Lincoln County School District 2",2026-05-08
"722","Certified Substitute Teacher Pool- Cokeville",NA,"Substitute","Cokeville","https://lcsd2.org/employment-opportunities/","Lincoln County School District 2",2026-05-08
"723","Substitute Bus Drivers- Cokeville",NA,"Classified","Cokeville","https://lcsd2.org/employment-opportunities/","Lincoln County School District 2",2026-05-08
"724","Substitute Bus Drivers- Star Valley",NA,"Classified","District","https://lcsd2.org/employment-opportunities/","Lincoln County School District 2",2026-05-08
"725","Substitute Bus Aides- Star Valley",NA,"Classified","District","https://lcsd2.org/employment-opportunities/","Lincoln County School District 2",2026-05-08
"726","Substitute Food Service (Cooks)",NA,"Classified","District","https://lcsd2.org/employment-opportunities/","Lincoln County School District 2",2026-05-08
"727","Assistant Football Coach- Star Valley Middle School",NA,"Coaching","Star Valley Middle","https://lcsd2.org/employment-opportunities/","Lincoln County School District 2",2026-05-08
"728","Head Volleyball Coach- Cokeville High School",NA,"Coaching","Cokeville High School","https://lcsd2.org/employment-opportunities/","Lincoln County School District 2",2026-05-08
"729","Volunteer Coach/Advisor",NA,"Volunterr","District","https://lcsd2.org/employment-opportunities/","Lincoln County School District 2",2026-05-08
"730","Elementary Principal (K-6)",NA,"Certified","District","https://www.growingluskleaders.org/page/human-resources","Niobrara County School District 1",2026-05-08
"731","Guidance Counselor 7-12th grade",NA,"Certified","District","https://www.growingluskleaders.org/page/human-resources","Niobrara County School District 1",2026-05-08
"732","Science Teacher 7-12th grade",NA,"Certified","District","https://www.growingluskleaders.org/page/human-resources","Niobrara County School District 1",2026-05-08
"733","Elementary Teacher K-6th grade",NA,"Certified","District","https://www.growingluskleaders.org/page/human-resources","Niobrara County School District 1",2026-05-08
"734","Music/Band Teacher K-12th grade",NA,"Certified","District","https://www.growingluskleaders.org/page/human-resources","Niobrara County School District 1",2026-05-08
"735","SPED Paraprofessional",NA,"Classified","District","https://www.growingluskleaders.org/page/human-resources","Niobrara County School District 1",2026-05-08
"736","Business Manager",NA,"Classified","District","https://www.growingluskleaders.org/page/human-resources","Niobrara County School District 1",2026-05-08
"737","Maintenance Worker",NA,"Classified","District","https://www.growingluskleaders.org/page/human-resources","Niobrara County School District 1",2026-05-08
"738","Bus Driver Substitutes",NA,"Classified","District","https://www.growingluskleaders.org/page/human-resources","Niobrara County School District 1",2026-05-08
"739","Custodial Substitute",NA,"Classified","District","https://www.growingluskleaders.org/page/human-resources","Niobrara County School District 1",2026-05-08
"740","Head High School Football Coach",NA,"Coaching","District","https://www.growingluskleaders.org/page/human-resources","Niobrara County School District 1",2026-05-08
"741","Head High School Volleyball Coach",NA,"Coaching","District","https://www.growingluskleaders.org/page/human-resources","Niobrara County School District 1",2026-05-08
"742","Special Education Paraprofessional",NA,"Classified","District","https://pcsd16.com/271372_2","Park County School District 16",2026-05-08
"743","7-12 Grade Science Teacher",NA,"Certified","District","https://pcsd16.com/271372_2","Park County School District 16",2026-05-08
"744","HS Head Track Coach",NA,"Coaching","District","https://pcsd16.com/271372_2","Park County School District 16",2026-05-08
"745","MS Head Track Coach",NA,"Coaching","District","https://pcsd16.com/271372_2","Park County School District 16",2026-05-08
"746","Seeking Substitutes",NA,"Substitute","District Wide","https://www.platte1.org/89574_1","Platte County School District 1",2026-05-08
"747","Custodian Subs",NA,"Classified","District Wide","https://www.platte1.org/89574_1","Platte County School District 1",2026-05-08
"748","Sped Teachers",NA,"Certified","District Wide","https://www.platte1.org/89574_1","Platte County School District 1",2026-05-08
"749","West SPED Teacher",NA,"Certified","District Wide","https://www.platte1.org/89574_1","Platte County School District 1",2026-05-08
"750","WHS Assist. VB Coach",NA,"Coaching","District Wide","https://www.platte1.org/89574_1","Platte County School District 1",2026-05-08
"751","WHS Assist. FB Coach",NA,"Coaching","District Wide","https://www.platte1.org/89574_1","Platte County School District 1",2026-05-08
"752","Secretary/Para",NA,"Classified","District Wide","https://www.platte1.org/89574_1","Platte County School District 1",2026-05-08
"753","WHS Math Teacher",NA,"Certified","District Wide","https://www.platte1.org/89574_1","Platte County School District 1",2026-05-08
"754","Head Girls Basketball Coach",NA,"Coaching","District Wide","https://www.platte1.org/89574_1","Platte County School District 1",2026-05-08
"755","Substitute Activity Drivers",NA,"Classified","District","https://www.guernseysunrise.org/page/employment","Platte County School District 2",2026-05-08
"756","Substitute Certified Teachers",NA,"Substitute","District","https://www.guernseysunrise.org/page/employment","Platte County School District 2",2026-05-08
"757","Substitute Paraeducators",NA,"Classified","District","https://www.guernseysunrise.org/page/employment","Platte County School District 2",2026-05-08
"758","Junior High Head Boys Basketball Coach",NA,"Coaching","District","https://www.sheridan3.com/page/hr-and-career-opportunities","Sheridan County School District 3",2026-05-08
"759","Bus Driver",NA,"Classified","District","https://www.sheridan3.com/page/hr-and-career-opportunities","Sheridan County School District 3",2026-05-08
"760","Elementary School Two 5th grade Teachers 26-27",NA,"Certified","District","https://www.sub1.org/en-US/employment-and-human-resources-f26202d3","Sublette County School District 1",2026-05-08
"761","Girls Assistant Basketball Coaches 4/6/2026.docx",NA,"Coaching","District","https://www.sub1.org/en-US/employment-and-human-resources-f26202d3","Sublette County School District 1",2026-05-08
"762","HS Girls Assistant Wrestling Coach - 26-27",NA,"Coaching","District","https://www.sub1.org/en-US/employment-and-human-resources-f26202d3","Sublette County School District 1",2026-05-08
"763","High School Boys JV Basketball Coach",NA,"Coaching","District","https://www.sub1.org/en-US/employment-and-human-resources-f26202d3","Sublette County School District 1",2026-05-08
"764","Middle School Football Coach 5/6/2026.docx",NA,"Coaching","District","https://www.sub1.org/en-US/employment-and-human-resources-f26202d3","Sublette County School District 1",2026-05-08
"765","Middle School Special Education Paraprofessional 26-27",NA,"Classified","District","https://www.sub1.org/en-US/employment-and-human-resources-f26202d3","Sublette County School District 1",2026-05-08
"766","Secondary Literacy Specialist - 4/23/2026.docx",NA,"Certified","District","https://www.sub1.org/en-US/employment-and-human-resources-f26202d3","Sublette County School District 1",2026-05-08
"767","Speech Language Pathologist Assistant (SLPA) 26-27.docx",NA,"Classified","District","https://www.sub1.org/en-US/employment-and-human-resources-f26202d3","Sublette County School District 1",2026-05-08
"768","Substitute Bus Driver",NA,"Classified","District","https://www.sub1.org/en-US/employment-and-human-resources-f26202d3","Sublette County School District 1",2026-05-08
"769","Substitute School Nurse",NA,"Classified","District","https://www.sub1.org/en-US/employment-and-human-resources-f26202d3","Sublette County School District 1",2026-05-08
"770","Substitutes",NA,"Substitute","District","https://www.sub1.org/en-US/employment-and-human-resources-f26202d3","Sublette County School District 1",2026-05-08
"771","K–12 Special Education Teacher",NA,"Certified","District","https://www.uinta4.com/departments/business_office/job_opportunities/current_openings","Uinta County School District 4",2026-05-08
"772","Secondary Math Teacher",NA,"Certified","District","https://www.uinta4.com/departments/business_office/job_opportunities/current_openings","Uinta County School District 4",2026-05-08
"773","Elementary Physical Education Teacher",NA,"Certified","District","https://www.uinta4.com/departments/business_office/job_opportunities/current_openings","Uinta County School District 4",2026-05-08
"774","Kindergarten Paraeducator",NA,"Classified","District","https://www.uinta4.com/departments/business_office/job_opportunities/current_openings","Uinta County School District 4",2026-05-08
"775","Bus Driver",NA,"Classified","District","https://www.uinta4.com/departments/business_office/job_opportunities/current_openings","Uinta County School District 4",2026-05-08
"776","Head High School Football Coach",NA,"Coaching","District","https://www.uinta4.com/departments/business_office/job_opportunities/current_openings","Uinta County School District 4",2026-05-08
"777","Assistant High School Football Coach",NA,"Coaching","District","https://www.uinta4.com/departments/business_office/job_opportunities/current_openings","Uinta County School District 4",2026-05-08
"778","Assistant Boys Basketball Coach (Freshman)",NA,"Coaching","District","https://www.uinta4.com/departments/business_office/job_opportunities/current_openings","Uinta County School District 4",2026-05-08
"779","Assistant Girls Basketball Coach (JV/Freshman)",NA,"Coaching","District","https://www.uinta4.com/departments/business_office/job_opportunities/current_openings","Uinta County School District 4",2026-05-08
"780","Assistant Girls Wrestling Coach",NA,"Coaching","District","https://www.uinta4.com/departments/business_office/job_opportunities/current_openings","Uinta County School District 4",2026-05-08
"781","Head Girls Wrestling Coach",NA,"Coaching","District","https://www.uinta4.com/departments/business_office/job_opportunities/current_openings","Uinta County School District 4",2026-05-08
"782","Assistant Volleyball Coach (Middle School)",NA,"Coaching","District","https://www.uinta4.com/departments/business_office/job_opportunities/current_openings","Uinta County School District 4",2026-05-08
"783","Special Education Teacher",NA,"Certified","District","https://sites.google.com/lymanschools.org/ucsd6/home/job-openings?authuser=0","Uinta County School District 6",2026-05-08
"784","Aquatic Center Director",NA,"Administration","District","https://sites.google.com/lymanschools.org/ucsd6/home/job-openings?authuser=0","Uinta County School District 6",2026-05-08
"785","Substitute School Bus Driver",NA,"Classified","District","https://sites.google.com/lymanschools.org/ucsd6/home/job-openings?authuser=0","Uinta County School District 6",2026-05-08
"786","Substitute School Bus Aide",NA,"Classified","District","https://sites.google.com/lymanschools.org/ucsd6/home/job-openings?authuser=0","Uinta County School District 6",2026-05-08
"787","Title I Teacher",NA,"Certified","District","https://sites.google.com/lymanschools.org/ucsd6/home/job-openings?authuser=0","Uinta County School District 6",2026-05-08
"788","9th Grade Boys Basketball Coach",NA,"Coaching","District","https://sites.google.com/lymanschools.org/ucsd6/home/job-openings?authuser=0","Uinta County School District 6",2026-05-08
"789","9th Grade Girls Basketball Coach",NA,"Coaching","District","https://sites.google.com/lymanschools.org/ucsd6/home/job-openings?authuser=0","Uinta County School District 6",2026-05-08
"790","7th Grade Volleyball Head Coach",NA,"Coaching","District","https://sites.google.com/lymanschools.org/ucsd6/home/job-openings?authuser=0","Uinta County School District 6",2026-05-08
"791","7th Grade Volleyball Assistant Coach",NA,"Coaching","District","https://sites.google.com/lymanschools.org/ucsd6/home/job-openings?authuser=0","Uinta County School District 6",2026-05-08
"792","Middle School / Sub-Varsity Coach (various positions)",NA,"Coaching","District","https://sites.google.com/lymanschools.org/ucsd6/home/job-openings?authuser=0","Uinta County School District 6",2026-05-08
"793","Substitute Teacher (implied from substitutes section)",NA,"Substitute","District","https://sites.google.com/lymanschools.org/ucsd6/home/job-openings?authuser=0","Uinta County School District 6",2026-05-08
"794","K–12 Music Teacher (2026–27 School Year)",NA,"Certified","District","https://www.wsh2.k12.wy.us/apps/pages/index.jsp?uREC_ID=440610&type=d&pREC_ID=1008214","Washakie County School District 2",2026-05-08
"795","High School Girls Basketball Coach",NA,"Coaching","District","https://www.wsh2.k12.wy.us/apps/pages/index.jsp?uREC_ID=440610&type=d&pREC_ID=1008214","Washakie County School District 2",2026-05-08
"796","Speech-Language Pathologist",NA,"Certified","District","https://www.wcsd1.org/apps/pages/Career_Opportunities","Weston County School District 1",2026-05-08
"797","Business Manager Job Description",NA,"Classified","District","https://www.wcsd1.org/apps/pages/Career_Opportunities","Weston County School District 1",2026-05-08
"798","Elementary Counselor Position",NA,"Certified","District","https://www.wcsd1.org/apps/pages/Career_Opportunities","Weston County School District 1",2026-05-08
"799","Special Ed. Director position",NA,"Certified","District","https://www.wcsd1.org/apps/pages/Career_Opportunities","Weston County School District 1",2026-05-08
"800","Special Education Case Manager Job Description",NA,"Certified","District","https://www.wcsd1.org/apps/pages/Career_Opportunities","Weston County School District 1",2026-05-08
"801","Ag and Welding Teacher (9-12) Description",NA,"Certified","District","https://www.wcsd1.org/apps/pages/Career_Opportunities","Weston County School District 1",2026-05-08
"802","Industrial Arts/Woodworking Teacher (9-12) Description",NA,"Certified","District","https://www.wcsd1.org/apps/pages/Career_Opportunities","Weston County School District 1",2026-05-08
"803","MS Science Teacher Job Description",NA,"Certified","District","https://www.wcsd1.org/apps/pages/Career_Opportunities","Weston County School District 1",2026-05-08
"804","FFA Advisor (9-12) Job Description",NA,"Coaching","District","https://www.wcsd1.org/apps/pages/Career_Opportunities","Weston County School District 1",2026-05-08
"805","Special Education Paraprofessional Positions",NA,"Classified","District","https://www.wcsd1.org/apps/pages/Career_Opportunities","Weston County School District 1",2026-05-08
"806","Head Boys and Girls Swimming Coach",NA,"Coaching","District","https://www.wcsd1.org/apps/pages/Career_Opportunities","Weston County School District 1",2026-05-08
"807","Head Cross Country Coach",NA,"Coaching","District","https://www.wcsd1.org/apps/pages/Career_Opportunities","Weston County School District 1",2026-05-08
"808","MS HEAD BOYS SOCCER COACH",NA,"Coaching","District","https://www.wcsd1.org/apps/pages/Career_Opportunities","Weston County School District 1",2026-05-08
"809","AssistantBoysSoccerCoach",NA,"Coaching","District","https://www.wcsd1.org/apps/pages/Career_Opportunities","Weston County School District 1",2026-05-08
"810","MS Head Girls Soccer Coach",NA,"Coaching","District","https://www.wcsd1.org/apps/pages/Career_Opportunities","Weston County School District 1",2026-05-08
"811","Route Bus Drivers",NA,"Classified","District","https://www.wcsd1.org/apps/pages/Career_Opportunities","Weston County School District 1",2026-05-08
"812","Substitutes",NA,"Substitute","District","https://www.wcsd1.org/apps/pages/Career_Opportunities","Weston County School District 1",2026-05-08
"813","Custodial-Kitchensubs",NA,"Classified","District","https://www.wcsd1.org/apps/pages/Career_Opportunities","Weston County School District 1",2026-05-08
"814","Sub Bus Drivers",NA,"Classified","District","https://www.wcsd1.org/apps/pages/Career_Opportunities","Weston County School District 1",2026-05-08
"815","Substitute Teacher",NA,"Substitute","District","https://www.weston7.org/o/wcsd/page/employment","Weston County School District 7",2026-05-08
"816","Substitute Paraprofessional",NA,"Classified","District","https://www.weston7.org/o/wcsd/page/employment","Weston County School District 7",2026-05-08
"817","Substitute Custodian",NA,"Classified","District","https://www.weston7.org/o/wcsd/page/employment","Weston County School District 7",2026-05-08
"818","Substitute Bus Driver (CDL preferred but willing to train)",NA,"Classified","District","https://www.weston7.org/o/wcsd/page/employment","Weston County School District 7",2026-05-08
"819","Substitute Lunchroom Cook",NA,"Classified","District","https://www.weston7.org/o/wcsd/page/employment","Weston County School District 7",2026-05-08
"820","Secondary Math Teacher",NA,"Certified","District","https://www.weston7.org/o/wcsd/page/employment","Weston County School District 7",2026-05-08
"821","Spring/Fall Golf Coach",NA,"Classified","District","https://www.weston7.org/o/wcsd/page/employment","Weston County School District 7",2026-05-08
"822","Middle/High School Activities Director",NA,"Administration","District","https://www.weston7.org/o/wcsd/page/employment","Weston County School District 7",2026-05-08
"823","Assistant High School Speech & Debate Sponsor",NA,"Other","Classified","https://jobs.redroverk12.com/org/hotsprings1/opening/167695","Hot Springs County School District 1",2026-05-08
"824","Head Middle School Volleyball Coach",NA,"Seasonal","Certified","https://jobs.redroverk12.com/org/hotsprings1/opening/167511","Hot Springs County School District 1",2026-05-08
"825","Assistant High School Girls Basketball Coach",NA,"Seasonal","Certified","https://jobs.redroverk12.com/org/hotsprings1/opening/167509","Hot Springs County School District 1",2026-05-08
"826","Part-time Custodian",NA,"Part Time","Classified","https://jobs.redroverk12.com/org/hotsprings1/opening/128761","Hot Springs County School District 1",2026-05-08
"827","Transportation Assistant",NA,"Part Time","Classified","https://jobs.redroverk12.com/org/hotsprings1/opening/162215","Hot Springs County School District 1",2026-05-08
"828","Bus Driver",NA,"Part Time","Classified","https://jobs.redroverk12.com/org/hotsprings1/opening/162208","Hot Springs County School District 1",2026-05-08
"829","Crossing Guard",NA,"Part Time","Classified","https://jobs.redroverk12.com/org/hotsprings1/opening/162209","Hot Springs County School District 1",2026-05-08
"830","Head High School Boys Basketball Coach",NA,"Seasonal","Certified","https://jobs.redroverk12.com/org/hotsprings1/opening/161865","Hot Springs County School District 1",2026-05-08
"831","Assistant Middle School Volleyball Coach",NA,"Seasonal","Certified","https://jobs.redroverk12.com/org/hotsprings1/opening/161863","Hot Springs County School District 1",2026-05-08
"832","Daycare Director",NA,"Full Time","Non-Certified","https://jobs.redroverk12.com/org/hotsprings1/opening/158975","Hot Springs County School District 1",2026-05-08
"833","Life Skills Teacher",NA,"Full Time","Certified","https://jobs.redroverk12.com/org/hotsprings1/opening/149723","Hot Springs County School District 1",2026-05-08
"834","Substitute Paraprofessional",NA,"Substitute","Substitute","https://jobs.redroverk12.com/org/hotsprings1/opening/128737","Hot Springs County School District 1",2026-05-08
"835","Child Nutrition Cook",NA,"Part Time","Classified","https://jobs.redroverk12.com/org/hotsprings1/opening/151103","Hot Springs County School District 1",2026-05-08
"836","Daycare Support Staff",NA,"Full Time","Classified","https://jobs.redroverk12.com/org/hotsprings1/opening/148304","Hot Springs County School District 1",2026-05-08
"837","Substitute Teacher",NA,"Substitute","Substitute","https://jobs.redroverk12.com/org/hotsprings1/opening/128617","Hot Springs County School District 1",2026-05-08
"838","Assistant Marching Band Sponsor",NA,"Seasonal","Assistant Coach","https://jobs.redroverk12.com/org/jcsd1/opening/166153","Johnson County School District 1",2026-05-08
"839","Kinder Boost Teacher Stipend",NA,"Other","Teacher Stipend","https://jobs.redroverk12.com/org/jcsd1/opening/163842","Johnson County School District 1",2026-05-08
"840","Assistant Middle School Volleyball Coach",NA,"Other","Assistant Coach","https://jobs.redroverk12.com/org/jcsd1/opening/164718","Johnson County School District 1",2026-05-08
"841","Assistant Middle School Boys Basketball Coach",NA,"Other","Assistant Coach","https://jobs.redroverk12.com/org/jcsd1/opening/164727","Johnson County School District 1",2026-05-08
"842","Assistant Football Coach",NA,"Seasonal","Assistant Coach","https://jobs.redroverk12.com/org/jcsd1/opening/165693","Johnson County School District 1",2026-05-08
"843","Elementary Teacher",NA,"Full Time","Teacher","https://jobs.redroverk12.com/org/jcsd1/opening/163841","Johnson County School District 1",2026-05-08
"844","Language Arts",NA,"Full Time","Teacher","https://jobs.redroverk12.com/org/jcsd1/opening/159922","Johnson County School District 1",2026-05-08
"845","Head Volleyball Coach",NA,"Seasonal","Head Coach","https://jobs.redroverk12.com/org/jcsd1/opening/157764","Johnson County School District 1",2026-05-08
"846","Food Service Warehouse Transport",NA,"Full Time","Food Warehouse Transport","https://jobs.redroverk12.com/org/jcsd1/opening/155290","Johnson County School District 1",2026-05-08
"847","Sign Language Interpreter",NA,"Full Time","Sign Language Interpreter","https://jobs.redroverk12.com/org/jcsd1/opening/150867","Johnson County School District 1",2026-05-08
"848","Food Prep Tech",NA,"Part Time","Food Service Tech Prep","https://jobs.redroverk12.com/org/jcsd1/opening/145949","Johnson County School District 1",2026-05-08
"849","Paraprofessional Substitute",NA,"Substitute","Substitute Paraprofessional","https://jobs.redroverk12.com/org/jcsd1/opening/142219","Johnson County School District 1",2026-05-08
"850","Custodian Staff Substitute",NA,"Substitute","Custodian","https://jobs.redroverk12.com/org/jcsd1/opening/137493","Johnson County School District 1",2026-05-08
"851","Food Service Staff Substitute",NA,"Substitute","Food Service Tech Prep","https://jobs.redroverk12.com/org/jcsd1/opening/134419","Johnson County School District 1",2026-05-08
"852","Substitute Teacher",NA,"Substitute","Substitute Teacher","https://jobs.redroverk12.com/org/jcsd1/opening/132190","Johnson County School District 1",2026-05-08
"853","Substitute Buffalo Bus Route Driver",NA,"Substitute","Bus Driver","https://jobs.redroverk12.com/org/jcsd1/opening/131082","Johnson County School District 1",2026-05-08
"854","Substitute Kaycee Bus Route Driver",NA,"Substitute","Bus Driver","https://jobs.redroverk12.com/org/jcsd1/opening/131059","Johnson County School District 1",2026-05-08
"855","Lego League Co-Sponsor",NA,"Seasonal","Coach/Sponsor","https://jobs.redroverk12.com/org/PCSD2/opening/169186","Platte County School District 2",2026-05-08
"856","Close Up Co-Sponsor",NA,"Seasonal","Coach/Sponsor","https://jobs.redroverk12.com/org/PCSD2/opening/169154","Platte County School District 2",2026-05-08
"857","Assistant HS Volleyball Coach",NA,"Seasonal","Coach/Sponsor","https://jobs.redroverk12.com/org/PCSD2/opening/169182","Platte County School District 2",2026-05-08
"858","Prom Sponsor",NA,"Seasonal","Coach/Sponsor","https://jobs.redroverk12.com/org/PCSD2/opening/169181","Platte County School District 2",2026-05-08
"859","Jr High Boys Basketball Coach",NA,"Seasonal","Coach/Sponsor","https://jobs.redroverk12.com/org/PCSD2/opening/169168","Platte County School District 2",2026-05-08
"860","Jr High Girls Basketball Coach",NA,"Seasonal","Coach/Sponsor","https://jobs.redroverk12.com/org/PCSD2/opening/169171","Platte County School District 2",2026-05-08
"861","Librarian",NA,"Full Time","Office/Clarical","https://jobs.redroverk12.com/org/PCSD2/opening/169146","Platte County School District 2",2026-05-08
"862","3rd Grade Elementary Teacher",NA,"Full Time","Teacher","https://jobs.redroverk12.com/org/PCSD2/opening/169140","Platte County School District 2",2026-05-08
"863","K-12 Art Teacher",NA,"Full Time","Teacher","https://jobs.redroverk12.com/org/PCSD2/opening/149113","Platte County School District 2",2026-05-08
"864","Jr High Girls Volleyball Coach",NA,"Seasonal","Coach/Sponsor","https://jobs.redroverk12.com/org/PCSD2/opening/143316","Platte County School District 2",2026-05-08
"865","Head Middle School Boys Wrestling Coach",NA,"Seasonal","Coach","https://jobs.redroverk12.com/org/SCSD9/opening/164892","Sublette County School District 9",2026-05-08
"866","Head HS Girls Basketball Coach",NA,"Seasonal","Coach","https://jobs.redroverk12.com/org/SCSD9/opening/159007","Sublette County School District 9",2026-05-08
"867","Head HS Boys Basketball Coach",NA,"Seasonal","Coach","https://jobs.redroverk12.com/org/SCSD9/opening/159008","Sublette County School District 9",2026-05-08
"868","Academic Support Specialist",NA,"Full Time","Non-SPED Paraprofessional","https://jobs.redroverk12.com/org/SCSD9/opening/159752","Sublette County School District 9",2026-05-08
"869","Technology Integration and Support Specialist",NA,"Full Time","Technology","https://jobs.redroverk12.com/org/SCSD9/opening/151180","Sublette County School District 9",2026-05-08
"870","Certified Substitute Teacher",NA,"Substitute","Teacher","https://jobs.redroverk12.com/org/SCSD9/opening/151690","Sublette County School District 9",2026-05-08
"871","Substitute Bus Driver",NA,"Substitute","Bus Driver","https://jobs.redroverk12.com/org/SCSD9/opening/151630","Sublette County School District 9",2026-05-08
