"X","title","date_posted","position","location","url","District","Archive_Date"
1,"(1500) Assistant MS Track Coach-Cowley","8/25/2025","Athletics/ Activities/","Rocky Mountain Middle/High School","https://www.applitrack.com/bighorn1/onlineapp/JobPostings/view.asp?all=1","Big Horn School District 1","2025-10-24"
2,"Middle School Assistant Boys Basketball Coach-Burlington","9/3/2025","Athletics/ Activities/","Burlington Schools","https://www.applitrack.com/bighorn1/onlineapp/JobPostings/view.asp?all=1","Big Horn School District 1","2025-10-24"
3,"Middle School Assistant Girls Basketball Coach-Burlington","9/3/2025","Athletics/ Activities/","Burlington Schools","https://www.applitrack.com/bighorn1/onlineapp/JobPostings/view.asp?all=1","Big Horn School District 1","2025-10-24"
4,"Sub Nurse","9/23/2020","Student Support Services/","Big Horn Co School District 1","https://www.applitrack.com/bighorn1/onlineapp/JobPostings/view.asp?all=1","Big Horn School District 1","2025-10-24"
5,"Sub - Teacher","9/23/2020","Substitute/","Big Horn Co School District 1","https://www.applitrack.com/bighorn1/onlineapp/JobPostings/view.asp?all=1","Big Horn School District 1","2025-10-24"
6,"Sub- Custodial/Cook/Secretary","9/23/2020","Support Staff/","Big Horn Co School District 1","https://www.applitrack.com/bighorn1/onlineapp/JobPostings/view.asp?all=1","Big Horn School District 1","2025-10-24"
7,"Sub - Paraprofessional","9/23/2020","Support Staff/","Big Horn Co School District 1","https://www.applitrack.com/bighorn1/onlineapp/JobPostings/view.asp?all=1","Big Horn School District 1","2025-10-24"
8,"Sub- Route Bus Driver - Burlington","9/23/2020","Support Staff/","Bus Barn - South","https://www.applitrack.com/bighorn1/onlineapp/JobPostings/view.asp?all=1","Big Horn School District 1","2025-10-24"
9,"Sub- Route Bus Driver - Cowley","9/23/2020","Support Staff/","Bus Barn - North","https://www.applitrack.com/bighorn1/onlineapp/JobPostings/view.asp?all=1","Big Horn School District 1","2025-10-24"
10,"High School Assistant Wrestling Coach","6/16/2025","Athletics/Activities","Lovell High School","https://www.applitrack.com/bgh2/onlineapp/default.aspx?all=1","Big Horn School District 2","2025-10-24"
11,"Full-Time Custodian","10/17/2025","Maintenance/Custodial/","Lovell Middle School","https://www.applitrack.com/bgh2/onlineapp/default.aspx?all=1","Big Horn School District 2","2025-10-24"
12,"Executive Assistant to the Superintendent and School Board","10/17/2025","Secretarial/Clerical/","Big Horn County School District #2","https://www.applitrack.com/bgh2/onlineapp/default.aspx?all=1","Big Horn School District 2","2025-10-24"
13,"Substitute Teacher","3/30/2022","Substitute/","Big Horn County School District #2","https://www.applitrack.com/bgh2/onlineapp/default.aspx?all=1","Big Horn School District 2","2025-10-24"
14,"Substitute Route and Activity Bus Drivers","3/29/2022","Transportation","Big Horn County School District #2","https://www.applitrack.com/bgh2/onlineapp/default.aspx?all=1","Big Horn School District 2","2025-10-24"
15,"Route Bus Driver","5/27/2025","Transportation/","Big Horn County School District #2","https://www.applitrack.com/bgh2/onlineapp/default.aspx?all=1","Big Horn School District 2","2025-10-24"
16,"Director of BOCES","8/16/2025","Administration","District Wide","https://www.applitrack.com/bighorn/onlineapp/default.aspx?all=1","Big Horn School District 3","2025-10-24"
17,"High School Assistant Track Coach","7/15/2025","Athletics/Activities","District Wide","https://www.applitrack.com/bighorn/onlineapp/default.aspx?all=1","Big Horn School District 3","2025-10-24"
18,"Middle School Assistant Boys Basketball Coach","6/11/2025","Athletics/Activities","District Wide","https://www.applitrack.com/bighorn/onlineapp/default.aspx?all=1","Big Horn School District 3","2025-10-24"
19,"Paraprofessional- Elementary School","6/3/2025","Support Staff/","Greybull Elementary School(High-Needs School)","https://www.applitrack.com/bighorn/onlineapp/default.aspx?all=1","Big Horn School District 3","2025-10-24"
20,"Substitute Teacher","7/5/2017","Substitute/","District Wide","https://www.applitrack.com/bighorn/onlineapp/default.aspx?all=1","Big Horn School District 3","2025-10-24"
21,"24-25 Substitute Bus Driver / Activity Driver","12/17/2024","Transportation/","Transportation","https://www.applitrack.com/bighorn/onlineapp/default.aspx?all=1","Big Horn School District 3","2025-10-24"
22,"Head Boys and Girls Track Coach","2/12/2025","Athletics/Activities","Riverside High School","https://www.applitrack.com/bgh4/onlineapp/default.aspx?all=1","Big Horn School District 4","2025-10-24"
23,"Special Education Paraprofessional","10/10/2025","Paraprofessional/","Laura Irwin Elementary","https://www.applitrack.com/bgh4/onlineapp/default.aspx?all=1","Big Horn School District 4","2025-10-24"
24,"21 CCLC After School Program Activity Leaders","1/21/2020","Student Support Services","Laura Irwin Elementary","https://www.applitrack.com/bgh4/onlineapp/default.aspx?all=1","Big Horn School District 4","2025-10-24"
25,"Bus Driver","1/7/2022","Support Staff","District","https://www.applitrack.com/bgh4/onlineapp/default.aspx?all=1","Big Horn School District 4","2025-10-24"
26,"Substitute","7/21/2025","Support Staff","District","https://www.applitrack.com/bgh4/onlineapp/default.aspx?all=1","Big Horn School District 4","2025-10-24"
27,"Lifeguard","8/12/2025","Aquatics/","Rawlins Pool","https://www.applitrack.com/crb1/onlineapp/jobpostings/view.asp?all=1","Carbon County School District 1","2025-10-24"
28,"Shift Lead-Full Time","8/12/2025","Aquatics/","Rawlins Pool","https://www.applitrack.com/crb1/onlineapp/jobpostings/view.asp?all=1","Carbon County School District 1","2025-10-24"
29,"Shift Lead-Part Time","8/12/2025","Aquatics/","Rawlins Pool","https://www.applitrack.com/crb1/onlineapp/jobpostings/view.asp?all=1","Carbon County School District 1","2025-10-24"
30,"Asst. Musical Director","6/9/2025","Athletics/Activities/","Rawlins High School","https://www.applitrack.com/crb1/onlineapp/jobpostings/view.asp?all=1","Carbon County School District 1","2025-10-24"
31,"Asst. Boys and Girls Soccer Coach","6/9/2025","Athletics/Activities/","Rawlins Middle School","https://www.applitrack.com/crb1/onlineapp/jobpostings/view.asp?all=1","Carbon County School District 1","2025-10-24"
32,"2nd Asst. Swim Coach","6/12/2025","Athletics/Activities/","Rawlins Middle School","https://www.applitrack.com/crb1/onlineapp/jobpostings/view.asp?all=1","Carbon County School District 1","2025-10-24"
33,"2nd Asst. Track Coach","8/4/2025","Athletics/Activities/","Rawlins Middle School","https://www.applitrack.com/crb1/onlineapp/jobpostings/view.asp?all=1","Carbon County School District 1","2025-10-24"
34,"STEM Teacher","4/28/2025","Elementary School Teaching","Rawlins Elementary School","https://www.applitrack.com/crb1/onlineapp/jobpostings/view.asp?all=1","Carbon County School District 1","2025-10-24"
35,"Substitute Food Service","10/9/2025","Food Service/","Food Service","https://www.applitrack.com/crb1/onlineapp/jobpostings/view.asp?all=1","Carbon County School District 1","2025-10-24"
36,"Substitute Custodian","7/29/2025","Maintenance/Custodial","District","https://www.applitrack.com/crb1/onlineapp/jobpostings/view.asp?all=1","Carbon County School District 1","2025-10-24"
37,"Custodial - Substitute","2/16/2024","Maintenance/Custodial","Little Snake River Valley School","https://www.applitrack.com/crb1/onlineapp/jobpostings/view.asp?all=1","Carbon County School District 1","2025-10-24"
38,"ESL/ELL Teacher","4/16/2025","Middle School Teaching","Rawlins Middle School","https://www.applitrack.com/crb1/onlineapp/jobpostings/view.asp?all=1","Carbon County School District 1","2025-10-24"
39,"Special Ed. Para Professional","10/13/2025","Special Education/","Rawlins Elementary School","https://www.applitrack.com/crb1/onlineapp/jobpostings/view.asp?all=1","Carbon County School District 1","2025-10-24"
40,"Substitute Teacher","7/29/2025","Substitute/","District","https://www.applitrack.com/crb1/onlineapp/jobpostings/view.asp?all=1","Carbon County School District 1","2025-10-24"
41,"Substitute Bus Driver","7/29/2025","Transportation","District","https://www.applitrack.com/crb1/onlineapp/jobpostings/view.asp?all=1","Carbon County School District 1","2025-10-24"
42,"Bus Driver","9/22/2023","Transportation/","District","https://www.applitrack.com/crb1/onlineapp/jobpostings/view.asp?all=1","Carbon County School District 1","2025-10-24"
43,"Assistant Business Manager","10/24/2025","Administration/","CCSD#2","https://www.applitrack.com/crb2/onlineapp/default.aspx?all=1","Carbon County School District 2","2025-10-24"
44,"First Assistant (Head) Middle School Football Coach","10/13/2025","Athletics/Activities/","H-E-M Junior/Senior High School","https://www.applitrack.com/crb2/onlineapp/default.aspx?all=1","Carbon County School District 2","2025-10-24"
45,"Other Assistant Middle School Girls Basketball Coach","6/9/2025","Athletics/Activities/","Saratoga Middle High School","https://www.applitrack.com/crb2/onlineapp/default.aspx?all=1","Carbon County School District 2","2025-10-24"
46,"Other Assistant Middle School Wrestling Coach","6/9/2025","Athletics/Activities/","Saratoga Middle High School","https://www.applitrack.com/crb2/onlineapp/default.aspx?all=1","Carbon County School District 2","2025-10-24"
47,"Head High School Speech Coach","6/9/2025","Athletics/Activities/","Saratoga Middle High School","https://www.applitrack.com/crb2/onlineapp/default.aspx?all=1","Carbon County School District 2","2025-10-24"
48,"High School Assistant Boys Basketball Coach","3/12/2025","Athletics/Activities/","H-E-M Junior/Senior High School","https://www.applitrack.com/crb2/onlineapp/default.aspx?all=1","Carbon County School District 2","2025-10-24"
49,"6-12 Band Teacher","3/31/2025","High School Teaching/","Saratoga Middle High School","https://www.applitrack.com/crb2/onlineapp/default.aspx?all=1","Carbon County School District 2","2025-10-24"
50,"Music Teacher","2/24/2025","High School Teaching/","Saratoga Middle High School","https://www.applitrack.com/crb2/onlineapp/default.aspx?all=1","Carbon County School District 2","2025-10-24"
51,"Head Maintenance","10/15/2025","Maintenance/Custodial/","Saratoga Elementary School","https://www.applitrack.com/crb2/onlineapp/default.aspx?all=1","Carbon County School District 2","2025-10-24"
52,"Elementary School Counselor","9/3/2025","Student Support Services/","Hanna Elementary School","https://www.applitrack.com/crb2/onlineapp/default.aspx?all=1","Carbon County School District 2","2025-10-24"
53,"Occupational Therapist(s)","12/22/2023","Student Support Services/","CCSD#2","https://www.applitrack.com/crb2/onlineapp/default.aspx?all=1","Carbon County School District 2","2025-10-24"
54,"Speech Language Pathologist(s)","3/4/2022","Student Support Services/","CCSD#2","https://www.applitrack.com/crb2/onlineapp/default.aspx?all=1","Carbon County School District 2","2025-10-24"
55,"Substitute Bus Driver 2025/2026 School Year","7/15/2025","Substitute/","CCSD#2","https://www.applitrack.com/crb2/onlineapp/default.aspx?all=1","Carbon County School District 2","2025-10-24"
56,"Substitute Classroom/Special Education Aide 2025/2026 School Year","7/15/2025","Substitute/","CCSD#2","https://www.applitrack.com/crb2/onlineapp/default.aspx?all=1","Carbon County School District 2","2025-10-24"
57,"Substitute Cook Helpers 2025/2026 School Year","7/15/2025","Substitute/","CCSD#2","https://www.applitrack.com/crb2/onlineapp/default.aspx?all=1","Carbon County School District 2","2025-10-24"
58,"Substitute Custodian 2025/2026 School Year","7/15/2025","Substitute/","CCSD#2","https://www.applitrack.com/crb2/onlineapp/default.aspx?all=1","Carbon County School District 2","2025-10-24"
59,"Substitute Teacher 2025/2026 School Year","7/15/2025","Substitute/","CCSD#2","https://www.applitrack.com/crb2/onlineapp/default.aspx?all=1","Carbon County School District 2","2025-10-24"
60,"Cooks Helper(s)","7/16/2025","Support Staff/","Saratoga Middle High School","https://www.applitrack.com/crb2/onlineapp/default.aspx?all=1","Carbon County School District 2","2025-10-24"
61,"Route/Activity Driver","9/2/2025","Support Staff/","Encampment K-12","https://www.applitrack.com/crb2/onlineapp/default.aspx?all=1","Carbon County School District 2","2025-10-24"
62,"Route/Activity Bus Driver(s)","2/24/2025","Support Staff/","Saratoga Middle High School","https://www.applitrack.com/crb2/onlineapp/default.aspx?all=1","Carbon County School District 2","2025-10-24"
63,"Special Education Aide","8/11/2025","Support Staff/","Saratoga Middle High School","https://www.applitrack.com/crb2/onlineapp/default.aspx?all=1","Carbon County School District 2","2025-10-24"
64,"High School Assistant Speech Sponsor","6/5/2025","Athletics/Activities/","Glenrock Jr/Sr High School","https://www.applitrack.com/converse2/onlineapp/default.aspx?all=1","Converse County School Distrcit 2","2025-10-24"
65,"High School Assistant Drama Sponsor","6/5/2025","Athletics/Activities/","Glenrock Jr/Sr High School","https://www.applitrack.com/converse2/onlineapp/default.aspx?all=1","Converse County School Distrcit 2","2025-10-24"
66,"High School FBLA Sponsor","6/5/2025","Athletics/Activities/","Glenrock Jr/Sr High School","https://www.applitrack.com/converse2/onlineapp/default.aspx?all=1","Converse County School Distrcit 2","2025-10-24"
67,"K-6 Music Teacher","7/14/2025","Elementary School Teaching/","Grant Elementary School","https://www.applitrack.com/converse2/onlineapp/default.aspx?all=1","Converse County School Distrcit 2","2025-10-24"
68,"Speech Therapist/Speech Pathologist","5/3/2024","Student Support Services Certified/","Converse County School District #2","https://www.applitrack.com/converse2/onlineapp/default.aspx?all=1","Converse County School Distrcit 2","2025-10-24"
69,"HS Special Education Paraprofessional","9/18/2025","Student Support Services Classified/","Converse County School District #2","https://www.applitrack.com/converse2/onlineapp/default.aspx?all=1","Converse County School Distrcit 2","2025-10-24"
70,"Substitute Teacher/Aid/Cook/Custodian/Bus Driver/Summer Help","3/26/2019","Substitute/","Converse County School District #2","https://www.applitrack.com/converse2/onlineapp/default.aspx?all=1","Converse County School Distrcit 2","2025-10-24"
71,"Technology Director","10/15/2025","Technology/","Converse County School District #2","https://www.applitrack.com/converse2/onlineapp/default.aspx?all=1","Converse County School Distrcit 2","2025-10-24"
72,"Bus Driver (Route, Activity, Sub)","4/13/2023","Transportation/","Converse County School District #2","https://www.applitrack.com/converse2/onlineapp/default.aspx?all=1","Converse County School Distrcit 2","2025-10-24"
73,"Transportation Secretary/Dispatcher","9/24/2025","Transportation/","Converse County School District #2","https://www.applitrack.com/converse2/onlineapp/default.aspx?all=1","Converse County School Distrcit 2","2025-10-24"
74,"Destination Imagination Coaches","10/17/2025","Converse County School District #1","Central Administration","https://www.applitrack.com/ccsd1/onlineapp/default.aspx?all=1","Converse County School District 1","2025-10-24"
75,"American Legion A Head Coach","9/10/2025","Recreation/","Douglas Recreation Center","https://www.applitrack.com/ccsd1/onlineapp/default.aspx?all=1","Converse County School District 1","2025-10-24"
76,"DRC Lifeguard","8/1/2025","Student/","Douglas Recreation Center","https://www.applitrack.com/ccsd1/onlineapp/default.aspx?all=1","Converse County School District 1","2025-10-24"
77,"Classified Substitute Positions","7/29/2025","Substitute","Central Administration","https://www.applitrack.com/ccsd1/onlineapp/default.aspx?all=1","Converse County School District 1","2025-10-24"
78,"Substitute Custodian","8/19/2025","Substitute/","Maintenance","https://www.applitrack.com/ccsd1/onlineapp/default.aspx?all=1","Converse County School District 1","2025-10-24"
79,"Certified Substitute","7/29/2025","Substitute/","Central Administration","https://www.applitrack.com/ccsd1/onlineapp/default.aspx?all=1","Converse County School District 1","2025-10-24"
80,"Substitute Bus Monitor/Paraprofessional","7/29/2025","Support Staff/","Transportation","https://www.applitrack.com/ccsd1/onlineapp/default.aspx?all=1","Converse County School District 1","2025-10-24"
81,"CCSD#1 Paraprofessionals","7/8/2025","Support Staff/","Converse County School District #1","https://www.applitrack.com/ccsd1/onlineapp/default.aspx?all=1","Converse County School District 1","2025-10-24"
82,"SPED Paraprofessional","9/19/2025","Support Staff/","Converse County School District #1","https://www.applitrack.com/ccsd1/onlineapp/default.aspx?all=1","Converse County School District 1","2025-10-24"
83,"DPS Part-Time SPED FLS/Behavioral Paraprofessional","9/29/2025","Support Staff/","Douglas Primary School","https://www.applitrack.com/ccsd1/onlineapp/default.aspx?all=1","Converse County School District 1","2025-10-24"
84,"Bus Driver","7/28/2025","Transportation/","Transportation","https://www.applitrack.com/ccsd1/onlineapp/default.aspx?all=1","Converse County School District 1","2025-10-24"
85,"Substitute Bus Driver","7/29/2025","Transportation/","Transportation","https://www.applitrack.com/ccsd1/onlineapp/default.aspx?all=1","Converse County School District 1","2025-10-24"
86,"Substitute Crossing Guard","7/29/2025","Transportation/","Transportation","https://www.applitrack.com/ccsd1/onlineapp/default.aspx?all=1","Converse County School District 1","2025-10-24"
87,"Assistant 8th Volleyball Coach","5/22/2025","Athletics/Activities/","Lander Middle School","https://www.applitrack.com/fremontwy/onlineapp/jobpostings/view.asp?all=1","Fremont County School District 1","2025-10-24"
88,"Assistant Nordic Ski Coach","6/12/2025","Athletics/Activities/","Lander Valley High School","https://www.applitrack.com/fremontwy/onlineapp/jobpostings/view.asp?all=1","Fremont County School District 1","2025-10-24"
89,"Assistant Nordic Ski Coach","9/4/2025","Athletics/Activities/","Lander Middle School","https://www.applitrack.com/fremontwy/onlineapp/jobpostings/view.asp?all=1","Fremont County School District 1","2025-10-24"
90,"Assistant Swim Coach","9/26/2025","Athletics/Activities/","Lander Middle School","https://www.applitrack.com/fremontwy/onlineapp/jobpostings/view.asp?all=1","Fremont County School District 1","2025-10-24"
91,"Assistant Wrestling Coach","9/26/2025","Athletics/Activities/","Lander Middle School","https://www.applitrack.com/fremontwy/onlineapp/jobpostings/view.asp?all=1","Fremont County School District 1","2025-10-24"
92,"Head Softball Coach","9/26/2025","Athletics/Activities/","Lander Valley High School","https://www.applitrack.com/fremontwy/onlineapp/jobpostings/view.asp?all=1","Fremont County School District 1","2025-10-24"
93,"Head Girls Wrestling Coach","9/26/2025","Athletics/Activities/","Lander Valley High School","https://www.applitrack.com/fremontwy/onlineapp/jobpostings/view.asp?all=1","Fremont County School District 1","2025-10-24"
94,"E-Sports Coach","10/3/2025","Athletics/Activities/","Lander Valley High School","https://www.applitrack.com/fremontwy/onlineapp/jobpostings/view.asp?all=1","Fremont County School District 1","2025-10-24"
95,"Special Education Coordinator","10/20/2025","Certified Teaching/","Lander Valley High School","https://www.applitrack.com/fremontwy/onlineapp/jobpostings/view.asp?all=1","Fremont County School District 1","2025-10-24"
96,"Custodian","10/7/2025","Maintenance/","Lander Valley High School","https://www.applitrack.com/fremontwy/onlineapp/jobpostings/view.asp?all=1","Fremont County School District 1","2025-10-24"
97,"Special Education Life Skills Paraprofessional","10/16/2025","Paraprofessional/","Gannett Peak Elementary","https://www.applitrack.com/fremontwy/onlineapp/jobpostings/view.asp?all=1","Fremont County School District 1","2025-10-24"
98,"Special Education Paraprofessional","10/20/2025","Paraprofessional/","Baldwin Creek Elementary","https://www.applitrack.com/fremontwy/onlineapp/jobpostings/view.asp?all=1","Fremont County School District 1","2025-10-24"
99,"Accounts Payable/ Grants Manager","10/21/2025","Secretarial/Clerical/","District Office - Jack King Building","https://www.applitrack.com/fremontwy/onlineapp/jobpostings/view.asp?all=1","Fremont County School District 1","2025-10-24"
100,"Substitute Custodian (at-will)","6/11/2025","Substitute/","District-wide","https://www.applitrack.com/fremontwy/onlineapp/jobpostings/view.asp?all=1","Fremont County School District 1","2025-10-24"
101,"Substitute Nurse (at-will)","6/11/2025","Substitute/","District-wide","https://www.applitrack.com/fremontwy/onlineapp/jobpostings/view.asp?all=1","Fremont County School District 1","2025-10-24"
102,"Substitute Nutritional Service Worker (at-will)","6/11/2025","Substitute/","District-wide","https://www.applitrack.com/fremontwy/onlineapp/jobpostings/view.asp?all=1","Fremont County School District 1","2025-10-24"
103,"Substitute - classrooms (at-will)","6/11/2025","Substitute/","District-wide","https://www.applitrack.com/fremontwy/onlineapp/jobpostings/view.asp?all=1","Fremont County School District 1","2025-10-24"
104,"Substitute Bus/Activity Driver (at-will)","6/11/2025","Substitute/","Central Services","https://www.applitrack.com/fremontwy/onlineapp/jobpostings/view.asp?all=1","Fremont County School District 1","2025-10-24"
105,"Lights On Early Bird Leader","9/30/2025","Temporary/","Lights On","https://www.applitrack.com/fremontwy/onlineapp/jobpostings/view.asp?all=1","Fremont County School District 1","2025-10-24"
106,"Bus Driver","7/25/2025","Transportation / Warehouse/","District-wide","https://www.applitrack.com/fremontwy/onlineapp/jobpostings/view.asp?all=1","Fremont County School District 1","2025-10-24"
107,"Bus Driver - Assigned Route","8/25/2025","Transportation / Warehouse/","District-wide","https://www.applitrack.com/fremontwy/onlineapp/jobpostings/view.asp?all=1","Fremont County School District 1","2025-10-24"
108,"Bus Monitor","10/22/2025","Transportation / Warehouse/","District-wide","https://www.applitrack.com/fremontwy/onlineapp/jobpostings/view.asp?all=1","Fremont County School District 1","2025-10-24"
109,"MTSS (Multi-Tiered System of Support) Coordinator (K-8)","6/30/2025","Elementary School Teaching/","Fremont County School District 21","https://www.applitrack.com/fortwashakieschool/onlineapp/default.aspx?all=1","Fremont County School District 21","2025-10-24"
110,"Substitute Custodians","9/28/2021","Maintenance/Custodial/","Fort Washakie Elementary","https://www.applitrack.com/fortwashakieschool/onlineapp/default.aspx?all=1","Fremont County School District 21","2025-10-24"
111,"Substitute Cooks","10/6/2025","Student Support Services/","Fort Washakie Elementary","https://www.applitrack.com/fortwashakieschool/onlineapp/default.aspx?all=1","Fremont County School District 21","2025-10-24"
112,"Speech/Language Pathologist - Open until filled","7/23/2025","Student Support Services/","Fremont County School District 21","https://www.applitrack.com/fortwashakieschool/onlineapp/default.aspx?all=1","Fremont County School District 21","2025-10-24"
113,"Substitute Teacher","9/12/2023","Substitute/","Fort Washakie Elementary","https://www.applitrack.com/fortwashakieschool/onlineapp/default.aspx?all=1","Fremont County School District 21","2025-10-24"
114,"Paraprofessional","9/10/2024","Support Staff/","Fremont County School District 21","https://www.applitrack.com/fortwashakieschool/onlineapp/default.aspx?all=1","Fremont County School District 21","2025-10-24"
115,"Information Support Technician - Open until filled.","5/1/2025","Technology/","Fremont County School District 21","https://www.applitrack.com/fortwashakieschool/onlineapp/default.aspx?all=1","Fremont County School District 21","2025-10-24"
116,"Bus Driver Substitutes 2025-2026","8/8/2025","Substitute/","K-12 Schoolwide","https://www.applitrack.com/fremont24/onlineapp/default.aspx?all=1","Fremont County School District 24","2025-10-24"
117,"Cooks Helper Substitutes 2025-2026","8/8/2025","Substitute/","District Office","https://www.applitrack.com/fremont24/onlineapp/default.aspx?all=1","Fremont County School District 24","2025-10-24"
118,"Custodian Substitutes 2025-2026","8/8/2025","Substitute/","District Wide","https://www.applitrack.com/fremont24/onlineapp/default.aspx?all=1","Fremont County School District 24","2025-10-24"
119,"Substitute School Nurse 2025-2026","8/8/2025","Substitute/","K-12 Schoolwide","https://www.applitrack.com/fremont24/onlineapp/default.aspx?all=1","Fremont County School District 24","2025-10-24"
120,"Substitute Teacher 2025-2026","8/8/2025","Substitute/","K-12 Schoolwide","https://www.applitrack.com/fremont24/onlineapp/default.aspx?all=1","Fremont County School District 24","2025-10-24"
121,"Substitute Daycare Assistant 2025-2026","8/8/2025","Substitute/","K-12 Schoolwide","https://www.applitrack.com/fremont24/onlineapp/default.aspx?all=1","Fremont County School District 24","2025-10-24"
122,"Food Service Director","10/16/2024","Administration/","Fremont County School District 38","https://www.applitrack.com/fcsd38/onlineapp/default.aspx?all=1","Fremont County School District 38","2025-10-24"
123,"Music Teacher","4/2/2024","Certified Staff/","Fremont County School District 38","https://www.applitrack.com/fcsd38/onlineapp/default.aspx?all=1","Fremont County School District 38","2025-10-24"
124,"Music Teacher","4/6/2023","Certified Staff/","Fremont County School District 38","https://www.applitrack.com/fcsd38/onlineapp/default.aspx?all=1","Fremont County School District 38","2025-10-24"
125,"District Cultural Advocate","3/21/2023","Culture/","Fremont County School District 38","https://www.applitrack.com/fcsd38/onlineapp/default.aspx?all=1","Fremont County School District 38","2025-10-24"
126,"Elementary Teacher","1/26/2023","Elementary School Teaching/","Fremont County School District 38","https://www.applitrack.com/fcsd38/onlineapp/default.aspx?all=1","Fremont County School District 38","2025-10-24"
127,"High School Math Teacher","4/2/2024","High School Teaching/","Fremont County School District 38","https://www.applitrack.com/fcsd38/onlineapp/default.aspx?all=1","Fremont County School District 38","2025-10-24"
128,"Substitute Custodian","3/12/2020","Maintenance/Custodial/","Fremont County School District 38","https://www.applitrack.com/fcsd38/onlineapp/default.aspx?all=1","Fremont County School District 38","2025-10-24"
129,"Paraprofessional","3/21/2023","Paraprofessional/","Fremont County School District 38","https://www.applitrack.com/fcsd38/onlineapp/default.aspx?all=1","Fremont County School District 38","2025-10-24"
130,"Special Education Teacher","4/2/2024","Special Education/","Fremont County School District 38","https://www.applitrack.com/fcsd38/onlineapp/default.aspx?all=1","Fremont County School District 38","2025-10-24"
131,"Special Education Teacher","5/2/2023","Special Education/","Fremont County School District 38","https://www.applitrack.com/fcsd38/onlineapp/default.aspx?all=1","Fremont County School District 38","2025-10-24"
132,"K-12 Counselor","6/4/2024","Student Support Services/","Fremont County School District 38","https://www.applitrack.com/fcsd38/onlineapp/default.aspx?all=1","Fremont County School District 38","2025-10-24"
133,"Substitute Cook","3/19/2021","Substitute/","Fremont County School District 38","https://www.applitrack.com/fcsd38/onlineapp/default.aspx?all=1","Fremont County School District 38","2025-10-24"
134,"Substitute Teacher","8/18/2022","Substitute/","Fremont County School District 38","https://www.applitrack.com/fcsd38/onlineapp/default.aspx?all=1","Fremont County School District 38","2025-10-24"
135,"Bus Driver","5/25/2023","Transportation/","Fremont County School District 38","https://www.applitrack.com/fcsd38/onlineapp/default.aspx?all=1","Fremont County School District 38","2025-10-24"
136,"Bus Monitor","7/19/2023","Transportation/","Fremont County School District 38","https://www.applitrack.com/fcsd38/onlineapp/default.aspx?all=1","Fremont County School District 38","2025-10-24"
137,"Substitute Bus Driver","3/12/2020","Transportation/","Fremont County School District 38","https://www.applitrack.com/fcsd38/onlineapp/default.aspx?all=1","Fremont County School District 38","2025-10-24"
138,"High School Assistant Volleyball Coach","3/24/2025","Athletics/Activities","Wind River High School","https://www.applitrack.com/fre6/onlineapp/default.aspx?all=1","Fremont County School District 6","2025-10-24"
139,"Athletic Coach","8/21/2025","Athletics/Activities","Wind River Schools","https://www.applitrack.com/fre6/onlineapp/default.aspx?all=1","Fremont County School District 6","2025-10-24"
140,"Custodian","12/17/2024","Maintenance/Custodial/","Wind River Schools","https://www.applitrack.com/fre6/onlineapp/default.aspx?all=1","Fremont County School District 6","2025-10-24"
141,"Maintenance/Custodian","7/30/2025","Maintenance/Custodial/","Wind River Schools","https://www.applitrack.com/fre6/onlineapp/default.aspx?all=1","Fremont County School District 6","2025-10-24"
142,"Substitute Teacher","8/20/2024","Substitute/","Wind River Schools","https://www.applitrack.com/fre6/onlineapp/default.aspx?all=1","Fremont County School District 6","2025-10-24"
143,"Substitute Para/Custodian/Food Service","11/14/2024","Substitute/","Wind River Schools","https://www.applitrack.com/fre6/onlineapp/default.aspx?all=1","Fremont County School District 6","2025-10-24"
144,"Bus Driver","3/10/2025","Support Staff","Wind River Schools","https://www.applitrack.com/fre6/onlineapp/default.aspx?all=1","Fremont County School District 6","2025-10-24"
145,"Shoshone Language Teacher","8/7/2025","Elementary School Teaching","Wyoming Indian Elementary School","https://www.applitrack.com/fremont14/onlineapp/default.aspx?all=1","Fremont County School District 14","2025-10-24"
146,"Substitute School Nurse","7/23/2020","Student Health Services/","District Wide","https://www.applitrack.com/fremont14/onlineapp/default.aspx?all=1","Fremont County School District 14","2025-10-24"
147,"Substitute Teacher - Classroom","10/9/2018","Substitute Certified/","District Wide","https://www.applitrack.com/fremont14/onlineapp/default.aspx?all=1","Fremont County School District 14","2025-10-24"
148,"Substitute Cook","10/10/2018","Substitute Non Certified/","District Wide","https://www.applitrack.com/fremont14/onlineapp/default.aspx?all=1","Fremont County School District 14","2025-10-24"
149,"Substitute Custodian","9/9/2019","Substitute Non Certified/","District Wide","https://www.applitrack.com/fremont14/onlineapp/default.aspx?all=1","Fremont County School District 14","2025-10-24"
150,"Special Education Paraprofessional","9/17/2025","Support Staff/","District Wide","https://www.applitrack.com/fremont14/onlineapp/default.aspx?all=1","Fremont County School District 14","2025-10-24"
151,"Bus Driver","9/18/2023","Transportation/","District Wide","https://www.applitrack.com/fremont14/onlineapp/default.aspx?all=1","Fremont County School District 14","2025-10-24"
152,"Substitute Bus Driver","7/9/2021","Transportation/","District Wide","https://www.applitrack.com/fremont14/onlineapp/default.aspx?all=1","Fremont County School District 14","2025-10-24"
153,"Grandparent Consultant","12/13/2022","Tutors/","District Wide","https://www.applitrack.com/fremont14/onlineapp/default.aspx?all=1","Fremont County School District 14","2025-10-24"
155,"Assistant Cook - Powell Middle School","10/21/2025","Food Service/","Powell Middle School","https://www.applitrack.com/park1/onlineapp/default.aspx?all=1","Park County School District 1","2025-10-24"
156,"ELL - English Language Learners Paraeducator","10/21/2025","Para-Educator/","Powell High School","https://www.applitrack.com/park1/onlineapp/default.aspx?all=1","Park County School District 1","2025-10-24"
157,"Kindergarten Paraeducator","10/17/2025","Para-Educator/","Parkside Elementary School","https://www.applitrack.com/park1/onlineapp/default.aspx?all=1","Park County School District 1","2025-10-24"
158,"Substitute School Nurse","9/18/2025","Student Support Services/","District-Wide K-12","https://www.applitrack.com/park1/onlineapp/default.aspx?all=1","Park County School District 1","2025-10-24"
159,"Substitute Teacher","7/3/2024","Substitute/","District-Wide K-12","https://www.applitrack.com/park1/onlineapp/default.aspx?all=1","Park County School District 1","2025-10-24"
160,"Substitute Custodian","7/3/2024","Substitute Support Services/","District-Wide K-12","https://www.applitrack.com/park1/onlineapp/default.aspx?all=1","Park County School District 1","2025-10-24"
161,"Substitute Para-Educator","7/3/2024","Substitute Support Services/","District-Wide K-12","https://www.applitrack.com/park1/onlineapp/default.aspx?all=1","Park County School District 1","2025-10-24"
162,"Activity Bus Driver","7/2/2025","Transportation/","Transportation Department","https://www.applitrack.com/park1/onlineapp/default.aspx?all=1","Park County School District 1","2025-10-24"
163,"Route Bus Driver - Clark Elementary School","7/30/2025","Transportation/","Clark Elementary School","https://www.applitrack.com/park1/onlineapp/default.aspx?all=1","Park County School District 1","2025-10-24"
164,"Route Bus Driver","9/27/2021","Transportation/","Transportation Department","https://www.applitrack.com/park1/onlineapp/default.aspx?all=1","Park County School District 1","2025-10-24"
165,"Assistant Girls Wrestling Coach","10/6/2025","Athletics/Activities/","Cody High School","https://www.applitrack.com/park6/onlineapp/default.aspx?all=1","Park County School District 6","2025-10-24"
166,"Middle School Girls Basketball Coach","10/6/2025","Athletics/Activities/","Cody Middle School","https://www.applitrack.com/park6/onlineapp/default.aspx?all=1","Park County School District 6","2025-10-24"
167,"Assistant Girls Basketball Coach","10/8/2025","Athletics/Activities/","Cody High School","https://www.applitrack.com/park6/onlineapp/default.aspx?all=1","Park County School District 6","2025-10-24"
168,"School Nutrition Assistant (Part Time)","7/16/2025","Food Services/","Sunset Elementary School","https://www.applitrack.com/park6/onlineapp/default.aspx?all=1","Park County School District 6","2025-10-24"
169,"Board Certified Behavior Analyst","2/7/2025","Student Support Services/","All Schools","https://www.applitrack.com/park6/onlineapp/default.aspx?all=1","Park County School District 6","2025-10-24"
170,"Substitute Paraeducator (Aide) 2025-2026 School Year","7/16/2025","Substitute/","All Schools","https://www.applitrack.com/park6/onlineapp/default.aspx?all=1","Park County School District 6","2025-10-24"
171,"Substitute Custodian 2025-2026 School Year","7/16/2025","Substitute/","All Schools","https://www.applitrack.com/park6/onlineapp/default.aspx?all=1","Park County School District 6","2025-10-24"
172,"Substitute Nurse 2025-2026 School Year","7/16/2025","Substitute/","All Schools","https://www.applitrack.com/park6/onlineapp/default.aspx?all=1","Park County School District 6","2025-10-24"
173,"Substitute Teacher 2025-2026 School Year","7/16/2025","Substitute/","All Schools","https://www.applitrack.com/park6/onlineapp/default.aspx?all=1","Park County School District 6","2025-10-24"
174,"ELL Para Educator - Part Time","8/19/2025","Support Staff/","All Schools","https://www.applitrack.com/park6/onlineapp/default.aspx?all=1","Park County School District 6","2025-10-24"
175,"Technology Help Desk Technician","10/8/2025","Technology/","District Wide","https://www.applitrack.com/park6/onlineapp/default.aspx?all=1","Park County School District 6","2025-10-24"
176,"Route Driver","7/16/2025","Transportation","All Schools","https://www.applitrack.com/park6/onlineapp/default.aspx?all=1","Park County School District 6","2025-10-24"
177,"Bus Aide","7/16/2025","Transportation","All Schools","https://www.applitrack.com/park6/onlineapp/default.aspx?all=1","Park County School District 6","2025-10-24"
178,"TRMS Paraprofessional","8/18/2025","Support Staff/","Tongue River Middle School","https://www.applitrack.com/sheridanwy/onlineapp/default.aspx?all=1","Sheridan County School District 1","2025-10-24"
179,"BHMS Assistant Wrestling Coach","9/8/2025","Athletics/Activities/","Big Horn Middle School","https://www.applitrack.com/sheridanwy/onlineapp/default.aspx?all=1","Sheridan County School District 1","2025-10-24"
180,"TRHS Assistant Boys Basketball Coach","6/3/2024","Athletics/Activities/","Tongue River High School","https://www.applitrack.com/sheridanwy/onlineapp/default.aspx?all=1","Sheridan County School District 1","2025-10-24"
181,"TRMS Assistant Boys Basketball Coach","8/14/2024","Athletics/Activities/","Tongue River Middle School","https://www.applitrack.com/sheridanwy/onlineapp/default.aspx?all=1","Sheridan County School District 1","2025-10-24"
182,"TRHS Head Track Coach","6/3/2025","Athletics/Activities/","Tongue River High School","https://www.applitrack.com/sheridanwy/onlineapp/default.aspx?all=1","Sheridan County School District 1","2025-10-24"
183,"TRHS Assistant Track Coach","6/3/2025","Athletics/Activities/","Tongue River High School","https://www.applitrack.com/sheridanwy/onlineapp/default.aspx?all=1","Sheridan County School District 1","2025-10-24"
184,"BHMS Assistant Football Coach","7/28/2025","Athletics/Activities/","Big Horn Middle School","https://www.applitrack.com/sheridanwy/onlineapp/default.aspx?all=1","Sheridan County School District 1","2025-10-24"
185,"TRMS Assistant Robotics Coach","8/12/2025","Athletics/Activities/","Tongue River Middle School","https://www.applitrack.com/sheridanwy/onlineapp/default.aspx?all=1","Sheridan County School District 1","2025-10-24"
186,"Bus Driver","4/1/2025","Transportation/","District-Wide","https://www.applitrack.com/sheridanwy/onlineapp/default.aspx?all=1","Sheridan County School District 1","2025-10-24"
187,"BHHS Assistant Volleyball Coach","4/8/2025","Athletics/Activities/","Big Horn High School","https://www.applitrack.com/sheridanwy/onlineapp/default.aspx?all=1","Sheridan County School District 1","2025-10-24"
188,"TRMS Assistant Girls Basketball Coach","5/20/2025","Athletics/Activities/","Tongue River Middle School","https://www.applitrack.com/sheridanwy/onlineapp/default.aspx?all=1","Sheridan County School District 1","2025-10-24"
189,"TRHS Assistant Volleyball Coach","5/28/2025","Athletics/Activities/","Tongue River High School","https://www.applitrack.com/sheridanwy/onlineapp/default.aspx?all=1","Sheridan County School District 1","2025-10-24"
190,"Substitute - Nurse","9/4/2025","Substitute/","TR Schools","https://www.applitrack.com/sheridanwy/onlineapp/default.aspx?all=1","Sheridan County School District 1","2025-10-24"
191,"Substitute - Support Staff","7/3/2018","Substitute/","District-Wide","https://www.applitrack.com/sheridanwy/onlineapp/default.aspx?all=1","Sheridan County School District 1","2025-10-24"
192,"Substitute - Teacher","7/9/2018","Substitute/","District-Wide","https://www.applitrack.com/sheridanwy/onlineapp/default.aspx?all=1","Sheridan County School District 1","2025-10-24"
193,"After School Program Paraprofessional - Highland Park Elementary","9/29/2025","After School Program/","Highland Park","https://www.applitrack.com/scsd2/OnlineApp/default.aspx?all=1","Sheridan County School District 2","2025-10-24"
194,"After School Coordinator - Highland Park Elementary","10/7/2025","After School Program/","Highland Park","https://www.applitrack.com/scsd2/OnlineApp/default.aspx?all=1","Sheridan County School District 2","2025-10-24"
195,"Assistant Nordic Ski Coach- Sheridan Junior High School","10/13/2025","Athletic Coaches","Sheridan Junior High School","https://www.applitrack.com/scsd2/OnlineApp/default.aspx?all=1","Sheridan County School District 2","2025-10-24"
196,"Boys Basketball Coach - 8th Grade B Team - Sheridan Junior High School","10/21/2025","Athletic Coaches","Sheridan Junior High School","https://www.applitrack.com/scsd2/OnlineApp/default.aspx?all=1","Sheridan County School District 2","2025-10-24"
197,"Assistant Cross Country Coach- Sheridan Junior High School","5/12/2025","Athletic Coaches","Sheridan Junior High School","https://www.applitrack.com/scsd2/OnlineApp/default.aspx?all=1","Sheridan County School District 2","2025-10-24"
198,"9th Grade Boys Basketball B Team Assistant Coach - Sheridan High School","5/13/2025","Athletic Coaches","Sheridan High School","https://www.applitrack.com/scsd2/OnlineApp/default.aspx?all=1","Sheridan County School District 2","2025-10-24"
199,"7th Grade Volleyball B Coach- Sheridan Junior High School","7/24/2025","Athletic Coaches","Sheridan Junior High School","https://www.applitrack.com/scsd2/OnlineApp/default.aspx?all=1","Sheridan County School District 2","2025-10-24"
200,"Assistant Girls Basketball Coach - Sheridan High School","4/15/2025","Athletic Coaches","Sheridan High School","https://www.applitrack.com/scsd2/OnlineApp/default.aspx?all=1","Sheridan County School District 2","2025-10-24"
201,"Assistant Indoor Track Coach - Sheridan High School","9/10/2025","Athletic Coaches","Sheridan High School","https://www.applitrack.com/scsd2/OnlineApp/default.aspx?all=1","Sheridan County School District 2","2025-10-24"
202,"Assistant Outdoor Track Coach - Sheridan High School","9/10/2025","Athletic Coaches","Sheridan High School","https://www.applitrack.com/scsd2/OnlineApp/default.aspx?all=1","Sheridan County School District 2","2025-10-24"
203,"Girls Assistant Basketball C Coach - Sheridan Junior High School","9/19/2025","Athletic Coaches","Sheridan Junior High School","https://www.applitrack.com/scsd2/OnlineApp/default.aspx?all=1","Sheridan County School District 2","2025-10-24"
204,"Head Wrestling Coach- Sheridan Junior High School","10/13/2025","Athletic Coaches/","Sheridan Junior High School","https://www.applitrack.com/scsd2/OnlineApp/default.aspx?all=1","Sheridan County School District 2","2025-10-24"
205,"English Language Paraprofessional and After School Coordinator - Highland Park Elementary","8/26/2025","Paraprofessionals","Highland Park","https://www.applitrack.com/scsd2/OnlineApp/default.aspx?all=1","Sheridan County School District 2","2025-10-24"
206,"Paraprofessional - John C. Schiffer Collaborative School","9/5/2025","Paraprofessionals","John C. Schiffer","https://www.applitrack.com/scsd2/OnlineApp/default.aspx?all=1","Sheridan County School District 2","2025-10-24"
207,"English Language Paraprofessional - Meadowlark/Highland Park Elementary","10/8/2025","Paraprofessionals/","Meadowlark","https://www.applitrack.com/scsd2/OnlineApp/default.aspx?all=1","Sheridan County School District 2","2025-10-24"
208,"Substitute Teacher (for prior SCSD2 Teachers only)","7/1/2025","Prior Employee/","District Wide","https://www.applitrack.com/scsd2/OnlineApp/default.aspx?all=1","Sheridan County School District 2","2025-10-24"
209,"Seasonal Grounds Worker - Districtwide","2/21/2025","Seasonal Staff","District Wide","https://www.applitrack.com/scsd2/OnlineApp/default.aspx?all=1","Sheridan County School District 2","2025-10-24"
210,"Substitute Paraprofessional","7/10/2024","Substitutes","District Wide","https://www.applitrack.com/scsd2/OnlineApp/default.aspx?all=1","Sheridan County School District 2","2025-10-24"
211,"Substitute School Nurse","7/10/2024","Substitutes","District Wide","https://www.applitrack.com/scsd2/OnlineApp/default.aspx?all=1","Sheridan County School District 2","2025-10-24"
212,"Substitute Cooks Helper - Districtwide","8/23/2024","Substitutes","District Wide","https://www.applitrack.com/scsd2/OnlineApp/default.aspx?all=1","Sheridan County School District 2","2025-10-24"
213,"Substitute Custodian - Districtwide","8/29/2024","Substitutes","District Wide","https://www.applitrack.com/scsd2/OnlineApp/default.aspx?all=1","Sheridan County School District 2","2025-10-24"
214,"Substitute Bus Paraprofessional - Districtwide","4/28/2025","Substitutes","Bus Barn","https://www.applitrack.com/scsd2/OnlineApp/default.aspx?all=1","Sheridan County School District 2","2025-10-24"
215,"Substitute Teacher","7/1/2025","Substitutes/","District Wide","https://www.applitrack.com/scsd2/OnlineApp/default.aspx?all=1","Sheridan County School District 2","2025-10-24"
216,"Bus Driver - Districtwide","2/11/2025","Transportation Staff","Bus Barn","https://www.applitrack.com/scsd2/OnlineApp/default.aspx?all=1","Sheridan County School District 2","2025-10-24"
217,"Substitute Bus Driver","10/7/2025","Transportation Staff","Bus Barn","https://www.applitrack.com/scsd2/OnlineApp/default.aspx?all=1","Sheridan County School District 2","2025-10-24"
218,"Facility Accounting and Operations Specialist I","7/8/2025","Administrative Support Services","Maintenance","https://www.applitrack.com/sweetwater/onlineapp/default.aspx?all=1","Sweetwater County School District 1","2025-10-24"
219,"Data Specialist/ Technician","9/15/2025","Administrative Support Services","Central Administration","https://www.applitrack.com/sweetwater/onlineapp/default.aspx?all=1","Sweetwater County School District 1","2025-10-24"
220,"FEMS Assistant Coach - Basketball - Girls","9/15/2025","Athletics/Activities/","Farson-Eden Middle School","https://www.applitrack.com/sweetwater/onlineapp/default.aspx?all=1","Sweetwater County School District 1","2025-10-24"
221,"RSJH Assistant Coach - Boys Basketball - 8th Grade","9/23/2025","Athletics/Activities/","Rock Springs Junior High","https://www.applitrack.com/sweetwater/onlineapp/default.aspx?all=1","Sweetwater County School District 1","2025-10-24"
222,"RSHS Assistant Coach - Girls Swim","4/30/2025","Athletics/Activities/","Rock Springs High School","https://www.applitrack.com/sweetwater/onlineapp/default.aspx?all=1","Sweetwater County School District 1","2025-10-24"
223,"RSHS Assistant Coach - Boys Swim","4/30/2025","Athletics/Activities/","Rock Springs High School","https://www.applitrack.com/sweetwater/onlineapp/default.aspx?all=1","Sweetwater County School District 1","2025-10-24"
224,"RSJH Assistant Coach - 7th Grade Girls Basketball","8/4/2025","Athletics/Activities/","Rock Springs Junior High","https://www.applitrack.com/sweetwater/onlineapp/default.aspx?all=1","Sweetwater County School District 1","2025-10-24"
225,"FEMS-FEHS Assistant Coach - Football","3/3/2025","Athletics/Activities/","Farson-Eden High School","https://www.applitrack.com/sweetwater/onlineapp/default.aspx?all=1","Sweetwater County School District 1","2025-10-24"
226,"RSHS Assistant Coach - Outdoor Track and Field","4/25/2025","Athletics/Activities/","Rock Springs High School","https://www.applitrack.com/sweetwater/onlineapp/default.aspx?all=1","Sweetwater County School District 1","2025-10-24"
227,"FEMS Head Coach - Basketball - Boys","8/5/2025","Athletics/Activities/","Farson-Eden Middle School","https://www.applitrack.com/sweetwater/onlineapp/default.aspx?all=1","Sweetwater County School District 1","2025-10-24"
228,"RSJH Head Coach - Girls Swim","10/21/2025","Athletics/Activities/","Rock Springs Junior High","https://www.applitrack.com/sweetwater/onlineapp/default.aspx?all=1","Sweetwater County School District 1","2025-10-24"
229,"RSJH Head Coach - Boys Swim","10/21/2025","Athletics/Activities/","Rock Springs Junior High","https://www.applitrack.com/sweetwater/onlineapp/default.aspx?all=1","Sweetwater County School District 1","2025-10-24"
230,"RSJH Head Coach - Girls Soccer - 7th Grade","8/26/2025","Athletics/Activities/","Rock Springs Junior High","https://www.applitrack.com/sweetwater/onlineapp/default.aspx?all=1","Sweetwater County School District 1","2025-10-24"
231,"RSJH Head Coach - Girls Soccer - 8th Grade","8/26/2025","Athletics/Activities/","Rock Springs Junior High","https://www.applitrack.com/sweetwater/onlineapp/default.aspx?all=1","Sweetwater County School District 1","2025-10-24"
232,"RSJH Head Coach - Boys Soccer - 7th Grade","8/26/2025","Athletics/Activities/","Rock Springs Junior High","https://www.applitrack.com/sweetwater/onlineapp/default.aspx?all=1","Sweetwater County School District 1","2025-10-24"
233,"RSJH Head Coach - Boys Soccer - 8th Grade","8/26/2025","Athletics/Activities/","Rock Springs Junior High","https://www.applitrack.com/sweetwater/onlineapp/default.aspx?all=1","Sweetwater County School District 1","2025-10-24"
234,"School Counselor","4/29/2025","Certified Staff/","Eastside Elementary","https://www.applitrack.com/sweetwater/onlineapp/default.aspx?all=1","Sweetwater County School District 1","2025-10-24"
235,"Band Teacher - Pilot Butte and Eastside Elementary","9/10/2025","Certified Staff/","District Wide","https://www.applitrack.com/sweetwater/onlineapp/default.aspx?all=1","Sweetwater County School District 1","2025-10-24"
236,"Music Teacher 4-6","1/21/2025","Certified Staff/","District Wide","https://www.applitrack.com/sweetwater/onlineapp/default.aspx?all=1","Sweetwater County School District 1","2025-10-24"
237,"Music Teacher K-3 (3) Part-Time or Full-Time","1/21/2025","Certified Staff/","District Wide","https://www.applitrack.com/sweetwater/onlineapp/default.aspx?all=1","Sweetwater County School District 1","2025-10-24"
238,"Social Worker","5/22/2025","Certified Staff/","Rock Springs High School","https://www.applitrack.com/sweetwater/onlineapp/default.aspx?all=1","Sweetwater County School District 1","2025-10-24"
239,"Alternative Academic-Daily Living Skills Program Teacher","10/22/2025","Certified Staff/","Rock Springs High School","https://www.applitrack.com/sweetwater/onlineapp/default.aspx?all=1","Sweetwater County School District 1","2025-10-24"
240,"Bus Driver/Classroom Paraprofessional","8/11/2025","Combined Positions/","Desert Elementary (Wamsutter)","https://www.applitrack.com/sweetwater/onlineapp/default.aspx?all=1","Sweetwater County School District 1","2025-10-24"
241,"Bus Driver/Resource Room Paraprofessional","8/11/2025","Combined Positions/","Desert Elementary (Wamsutter)","https://www.applitrack.com/sweetwater/onlineapp/default.aspx?all=1","Sweetwater County School District 1","2025-10-24"
242,"Full-Time TANF Preschool Teacher Assistant","9/25/2025","Daycare/","Overland Elementary","https://www.applitrack.com/sweetwater/onlineapp/default.aspx?all=1","Sweetwater County School District 1","2025-10-24"
243,"Substitute - Head Start","6/12/2018","Head Start","Overland Elementary","https://www.applitrack.com/sweetwater/onlineapp/default.aspx?all=1","Sweetwater County School District 1","2025-10-24"
244,"Full-Time Custodian","8/19/2025","Maintenance/Custodial/","Eastside Elementary","https://www.applitrack.com/sweetwater/onlineapp/default.aspx?all=1","Sweetwater County School District 1","2025-10-24"
245,"Lead Custodian","9/29/2025","Maintenance/Custodial/","Overland Elementary","https://www.applitrack.com/sweetwater/onlineapp/default.aspx?all=1","Sweetwater County School District 1","2025-10-24"
246,"Activities Lead/ Full Time Custodian","9/10/2025","Maintenance/Custodial/","District Wide","https://www.applitrack.com/sweetwater/onlineapp/default.aspx?all=1","Sweetwater County School District 1","2025-10-24"
247,"Full-Time Custodian (2)","9/4/2025","Maintenance/Custodial/","Rock Springs High School","https://www.applitrack.com/sweetwater/onlineapp/default.aspx?all=1","Sweetwater County School District 1","2025-10-24"
248,"Lead Custodian","9/18/2025","Maintenance/Custodial/","Central Administration","https://www.applitrack.com/sweetwater/onlineapp/default.aspx?all=1","Sweetwater County School District 1","2025-10-24"
249,"Nutrition Services Assistant","7/16/2025","Nutrition Services/","Overland Elementary","https://www.applitrack.com/sweetwater/onlineapp/default.aspx?all=1","Sweetwater County School District 1","2025-10-24"
250,"Nutrition Services Secretary","9/18/2025","Nutrition Services/","Central Administration","https://www.applitrack.com/sweetwater/onlineapp/default.aspx?all=1","Sweetwater County School District 1","2025-10-24"
251,"Nutrition Services Substitute","7/18/2024","Nutrition Services/","District Wide","https://www.applitrack.com/sweetwater/onlineapp/default.aspx?all=1","Sweetwater County School District 1","2025-10-24"
252,"Accompanist","8/20/2025","Paraprofessional/","Rock Springs Junior High","https://www.applitrack.com/sweetwater/onlineapp/default.aspx?all=1","Sweetwater County School District 1","2025-10-24"
253,"Office Paraprofessional","10/3/2025","Paraprofessional/","Overland Elementary","https://www.applitrack.com/sweetwater/onlineapp/default.aspx?all=1","Sweetwater County School District 1","2025-10-24"
254,"ELL Paraprofessional","10/3/2025","Paraprofessional/","Rock Springs High School","https://www.applitrack.com/sweetwater/onlineapp/default.aspx?all=1","Sweetwater County School District 1","2025-10-24"
255,"ELL Paraprofessional","6/4/2025","Paraprofessional/","Walnut Elementary","https://www.applitrack.com/sweetwater/onlineapp/default.aspx?all=1","Sweetwater County School District 1","2025-10-24"
256,"Special Education Paraprofessional (2)","4/2/2025","Paraprofessional/","Lowell School","https://www.applitrack.com/sweetwater/onlineapp/default.aspx?all=1","Sweetwater County School District 1","2025-10-24"
257,"Resource Room Paraprofessional","8/19/2025","Paraprofessional/","Walnut Elementary","https://www.applitrack.com/sweetwater/onlineapp/default.aspx?all=1","Sweetwater County School District 1","2025-10-24"
258,"Resource Room Paraprofessional","9/29/2025","Paraprofessional/","Stagecoach Elementary","https://www.applitrack.com/sweetwater/onlineapp/default.aspx?all=1","Sweetwater County School District 1","2025-10-24"
259,"Resource Room Paraprofessional (3)","8/21/2025","Paraprofessional/","Rock Springs Satellite High School","https://www.applitrack.com/sweetwater/onlineapp/default.aspx?all=1","Sweetwater County School District 1","2025-10-24"
260,"Resource Room Paraprofessional","9/10/2025","Paraprofessional/","Rock Springs High School","https://www.applitrack.com/sweetwater/onlineapp/default.aspx?all=1","Sweetwater County School District 1","2025-10-24"
261,"Alternate Academic Special Programs One-on-One Paraprofessional","9/10/2025","Paraprofessional/","Pilot Butte Elementary","https://www.applitrack.com/sweetwater/onlineapp/default.aspx?all=1","Sweetwater County School District 1","2025-10-24"
262,"Special Programs One-on-One Paraprofessional","9/25/2025","Paraprofessional/","Sage Elementary","https://www.applitrack.com/sweetwater/onlineapp/default.aspx?all=1","Sweetwater County School District 1","2025-10-24"
263,"Special Programs Paraprofessional (Alternative Communications Program)","10/20/2025","Paraprofessional/","Sage Elementary","https://www.applitrack.com/sweetwater/onlineapp/default.aspx?all=1","Sweetwater County School District 1","2025-10-24"
264,"Alternative Communications Paraprofessional","8/11/2025","Paraprofessional/","Rock Springs High School","https://www.applitrack.com/sweetwater/onlineapp/default.aspx?all=1","Sweetwater County School District 1","2025-10-24"
265,"Special Programs Paraprofessional (Alternative Behavior Program)","8/11/2025","Paraprofessional/","Stagecoach Elementary","https://www.applitrack.com/sweetwater/onlineapp/default.aspx?all=1","Sweetwater County School District 1","2025-10-24"
266,"Special Programs Paraprofessional (Alternative Communications Program) (2)","7/31/2025","Paraprofessional/","Pilot Butte Elementary","https://www.applitrack.com/sweetwater/onlineapp/default.aspx?all=1","Sweetwater County School District 1","2025-10-24"
267,"Alternate Academic Special Programs One-on-One Paraprofessional","5/5/2025","Paraprofessional/","Rock Springs Junior High","https://www.applitrack.com/sweetwater/onlineapp/default.aspx?all=1","Sweetwater County School District 1","2025-10-24"
268,"Full-Time High School Special Education Paraprofessional and Daycare Assistant - Overland/RSHS","11/4/2024","Paraprofessional/","Overland/RSHS","https://www.applitrack.com/sweetwater/onlineapp/default.aspx?all=1","Sweetwater County School District 1","2025-10-24"
269,"Special Programs (Alternative Academics Program) Paraprofessional (2)","3/13/2025","Paraprofessional/","Rock Springs High School","https://www.applitrack.com/sweetwater/onlineapp/default.aspx?all=1","Sweetwater County School District 1","2025-10-24"
270,"Certified Substitute School Nurse","10/3/2019","Substitute","District Wide","https://www.applitrack.com/sweetwater/onlineapp/default.aspx?all=1","Sweetwater County School District 1","2025-10-24"
271,"Long Term Substitute Teacher - Music 4-6 (.75 PBE)","7/24/2025","Substitute/","Pilot Butte Elementary","https://www.applitrack.com/sweetwater/onlineapp/default.aspx?all=1","Sweetwater County School District 1","2025-10-24"
272,"Long Term Substitute Teacher - Music K-3 (.5 position) - Part-time","8/12/2025","Substitute/","Stagecoach Elementary","https://www.applitrack.com/sweetwater/onlineapp/default.aspx?all=1","Sweetwater County School District 1","2025-10-24"
273,"BOCES Full Time Building Substitute Teacher (1) - One Year Only","2/4/2025","Substitute/","Overland Elementary","https://www.applitrack.com/sweetwater/onlineapp/default.aspx?all=1","Sweetwater County School District 1","2025-10-24"
274,"BOCES Part Time Building Substitute Teacher (2) - One Year Only","6/5/2025","Substitute/","Overland Elementary","https://www.applitrack.com/sweetwater/onlineapp/default.aspx?all=1","Sweetwater County School District 1","2025-10-24"
275,"Substitute Teacher","7/7/2025","Substitute/","District Wide","https://www.applitrack.com/sweetwater/onlineapp/default.aspx?all=1","Sweetwater County School District 1","2025-10-24"
276,"Long Term Substitute Teacher - Alternative Daily Living Skills Program","10/22/2025","Substitute/","Rock Springs High School","https://www.applitrack.com/sweetwater/onlineapp/default.aspx?all=1","Sweetwater County School District 1","2025-10-24"
277,"Long Term Substitute Teacher - Alternative Behavior Program","9/24/2025","Substitute/","Pilot Butte Elementary","https://www.applitrack.com/sweetwater/onlineapp/default.aspx?all=1","Sweetwater County School District 1","2025-10-24"
278,"Long Term Substitute Teacher - 5th Grade","10/14/2025","Substitute/","Eastside Elementary","https://www.applitrack.com/sweetwater/onlineapp/default.aspx?all=1","Sweetwater County School District 1","2025-10-24"
279,"Long Term Substitute Teacher - Music 4-6 ( Part time @ ESE)","8/21/2025","Substitute/","Eastside Elementary","https://www.applitrack.com/sweetwater/onlineapp/default.aspx?all=1","Sweetwater County School District 1","2025-10-24"
280,"Long Term Substitute Teacher - 1st Grade","8/20/2025","Substitute/","Desert View Elementary","https://www.applitrack.com/sweetwater/onlineapp/default.aspx?all=1","Sweetwater County School District 1","2025-10-24"
281,"Bus Aide","4/23/2025","Transportation/","Transportation","https://www.applitrack.com/sweetwater/onlineapp/default.aspx?all=1","Sweetwater County School District 1","2025-10-24"
282,"Part-Time Bus Driver (26 Hours/Week)","9/5/2019","Transportation/","Transportation","https://www.applitrack.com/sweetwater/onlineapp/default.aspx?all=1","Sweetwater County School District 1","2025-10-24"
283,"Substitute Bus Driver","7/8/2025","Transportation/","Transportation","https://www.applitrack.com/sweetwater/onlineapp/default.aspx?all=1","Sweetwater County School District 1","2025-10-24"
284,"GRHS Assistant Boys Swim and Diving Coach","6/5/2025","Athletics/Activities/","Green River High School","https://www.applitrack.com/swcsd2/onlineapp/default.aspx?all=1","Sweetwater County School District 2","2025-10-24"
285,"GRHS Assistant Boys Soccer Coach","6/5/2025","Athletics/Activities/","Green River High School","https://www.applitrack.com/swcsd2/onlineapp/default.aspx?all=1","Sweetwater County School District 2","2025-10-24"
286,"GRHS Assistant Girls Soccer Coach","6/5/2025","Athletics/Activities/","Green River High School","https://www.applitrack.com/swcsd2/onlineapp/default.aspx?all=1","Sweetwater County School District 2","2025-10-24"
287,"LMS Head Co-Ed Soccer Coach","6/5/2025","Athletics/Activities/","Lincoln Middle School","https://www.applitrack.com/swcsd2/onlineapp/default.aspx?all=1","Sweetwater County School District 2","2025-10-24"
288,"LMS Assistant Co-Ed Soccer Coach","6/5/2025","Athletics/Activities/","Lincoln Middle School","https://www.applitrack.com/swcsd2/onlineapp/default.aspx?all=1","Sweetwater County School District 2","2025-10-24"
289,"GRHS Assistant Girls Basketball Coach","7/31/2025","Athletics/Activities/","Green River High School","https://www.applitrack.com/swcsd2/onlineapp/default.aspx?all=1","Sweetwater County School District 2","2025-10-24"
290,"Kindergarten Classroom Teacher","10/23/2025","Elementary School Teaching","Monroe Elementary School","https://www.applitrack.com/swcsd2/onlineapp/default.aspx?all=1","Sweetwater County School District 2","2025-10-24"
291,"Floater Custodians","10/20/2025","Maintenance/Custodial/","Maintenance Department","https://www.applitrack.com/swcsd2/onlineapp/default.aspx?all=1","Sweetwater County School District 2","2025-10-24"
292,"Substitute Custodian","7/10/2025","Maintenance/Custodial/","Maintenance Department","https://www.applitrack.com/swcsd2/onlineapp/default.aspx?all=1","Sweetwater County School District 2","2025-10-24"
293,"Substitute Nutrition Services","7/10/2025","Nutrition Services/","Nutrition Services Department","https://www.applitrack.com/swcsd2/onlineapp/default.aspx?all=1","Sweetwater County School District 2","2025-10-24"
294,"English Language Learning Paraprofessional","10/13/2025","Paraprofessional/","Monroe Elementary School","https://www.applitrack.com/swcsd2/onlineapp/default.aspx?all=1","Sweetwater County School District 2","2025-10-24"
295,"Substitute Teacher","7/10/2025","Substitute/","Central Office","https://www.applitrack.com/swcsd2/onlineapp/default.aspx?all=1","Sweetwater County School District 2","2025-10-24"
296,"Substitute Teacher Aide","7/10/2025","Substitute/","Central Office","https://www.applitrack.com/swcsd2/onlineapp/default.aspx?all=1","Sweetwater County School District 2","2025-10-24"
297,"Substitute Mechanic","7/10/2025","Transportation","Transportation Department","https://www.applitrack.com/swcsd2/onlineapp/default.aspx?all=1","Sweetwater County School District 2","2025-10-24"
298,"Bus Aide","7/31/2025","Transportation/","Transportation Department","https://www.applitrack.com/swcsd2/onlineapp/default.aspx?all=1","Sweetwater County School District 2","2025-10-24"
299,"Substitute Bus Aide","7/10/2025","Transportation/","Transportation Department","https://www.applitrack.com/swcsd2/onlineapp/default.aspx?all=1","Sweetwater County School District 2","2025-10-24"
300,"Substitute Bus Driver","7/10/2025","Transportation/","Transportation Department","https://www.applitrack.com/swcsd2/onlineapp/default.aspx?all=1","Sweetwater County School District 2","2025-10-24"
301,"ATHLETIC TRAINER","7/15/2025","Athletics/Activities/","TCSD Schools","https://www.applitrack.com/tcsd/onlineapp/default.aspx?all=1","Teton County School District 1","2025-10-24"
302,"High School Head Softball Coach","8/7/2025","Athletics/Activities/","TCSD Schools","https://www.applitrack.com/tcsd/onlineapp/default.aspx?all=1","Teton County School District 1","2025-10-24"
303,"Middle School Boys Assistant Basketball Coach","10/2/2025","Athletics/Activities/","TCSD Schools","https://www.applitrack.com/tcsd/onlineapp/default.aspx?all=1","Teton County School District 1","2025-10-24"
304,"High School Assistant Alpine Skiing Coach","5/20/2025","Athletics/Activities/","TCSD Schools","https://www.applitrack.com/tcsd/onlineapp/default.aspx?all=1","Teton County School District 1","2025-10-24"
305,"High School Assistant Girls Basketball Coach","6/3/2025","Athletics/Activities/","TCSD Schools","https://www.applitrack.com/tcsd/onlineapp/default.aspx?all=1","Teton County School District 1","2025-10-24"
306,"Middle School Assistant Track Coach","6/10/2025","Athletics/Activities/","TCSD Schools","https://www.applitrack.com/tcsd/onlineapp/default.aspx?all=1","Teton County School District 1","2025-10-24"
307,"After School Program Teacher, Alta Elementary","6/16/2025","Extra Duty","Alta Elementary School","https://www.applitrack.com/tcsd/onlineapp/default.aspx?all=1","Teton County School District 1","2025-10-24"
308,"Substitute Custodians","10/29/2019","Maintenance/Custodial/","Facilities","https://www.applitrack.com/tcsd/onlineapp/default.aspx?all=1","Teton County School District 1","2025-10-24"
309,"Special Education Paraprofessional(s) Grades 6-12","9/18/2025","Paraprofessional/","TCSD Schools","https://www.applitrack.com/tcsd/onlineapp/default.aspx?all=1","Teton County School District 1","2025-10-24"
310,"Early Education Teacher, Birth to age 3","3/13/2025","Student Support Services/","TCSD Cubs","https://www.applitrack.com/tcsd/onlineapp/default.aspx?all=1","Teton County School District 1","2025-10-24"
311,"Permanent Support Specialist (Permanent Substitute)","10/21/2024","Substitute/","TCSD Schools","https://www.applitrack.com/tcsd/onlineapp/default.aspx?all=1","Teton County School District 1","2025-10-24"
312,"Substitute Teachers/Nurses","2/11/2020","Substitute/","TCSD Schools","https://www.applitrack.com/tcsd/onlineapp/default.aspx?all=1","Teton County School District 1","2025-10-24"
313,"Long Term Sub 5th Grade Dual Immersion Teacher-English Instruction","8/29/2025","Substitute/","Munger Mountain Elementary","https://www.applitrack.com/tcsd/onlineapp/default.aspx?all=1","Teton County School District 1","2025-10-24"
314,"Substitute Para/Secretary","2/11/2020","Substitute/","TCSD Schools","https://www.applitrack.com/tcsd/onlineapp/default.aspx?all=1","Teton County School District 1","2025-10-24"
315,"MORAN Route Driver","11/20/2024","Transportation/","Transportation","https://www.applitrack.com/tcsd/onlineapp/default.aspx?all=1","Teton County School District 1","2025-10-24"
316,"Route Bus Driver","10/29/2019","Transportation/","Transportation","https://www.applitrack.com/tcsd/onlineapp/default.aspx?all=1","Teton County School District 1","2025-10-24"
317,"Substitute Bus Drivers","10/29/2019","Transportation/","Transportation","https://www.applitrack.com/tcsd/onlineapp/default.aspx?all=1","Teton County School District 1","2025-10-24"
318,"Lawn and Grounds Maintenance Generalist (Internal Applicants Only)","10/13/2025","Maintenance/Custodial/","District Wide","https://www.applitrack.com/uinta/onlineapp/jobpostings/view.asp?all=1","Uinta County School District 1","2025-10-24"
319,"Part-time Food Service Specialist","9/23/2025","Support Staff/","Evanston High School","https://www.applitrack.com/uinta/onlineapp/jobpostings/view.asp?all=1","Uinta County School District 1","2025-10-24"
320,"Temporary Part-time Piano Accompanist","8/23/2023","Support Staff/","Evanston High School","https://www.applitrack.com/uinta/onlineapp/jobpostings/view.asp?all=1","Uinta County School District 1","2025-10-24"
321,"Full-time and Part-time Classroom Aides and SPED Paraprofessionals","7/16/2025","Support Staff/","District Wide","https://www.applitrack.com/uinta/onlineapp/jobpostings/view.asp?all=1","Uinta County School District 1","2025-10-24"
322,"Lifeguard","9/16/2025","Aquatic Center Staff/","Worland Aquatic Center","https://www.applitrack.com/washakie1/onlineapp/default.aspx?all=1","Washakie County School District 1","2025-10-24"
323,"Lifeguard - HS Student","1/8/2024","Aquatic Center Staff/","Worland Aquatic Center","https://www.applitrack.com/washakie1/onlineapp/default.aspx?all=1","Washakie County School District 1","2025-10-24"
324,"HS Assistant Indoor Track Coach","4/29/2025","Athletics/Activities","Worland High School","https://www.applitrack.com/washakie1/onlineapp/default.aspx?all=1","Washakie County School District 1","2025-10-24"
325,"HS Assistant Cheer Coach","4/29/2025","Athletics/Activities","Worland High School","https://www.applitrack.com/washakie1/onlineapp/default.aspx?all=1","Washakie County School District 1","2025-10-24"
326,"MS Boys Basketball Coach","10/22/2025","Athletics/Activities","Worland Middle School","https://www.applitrack.com/washakie1/onlineapp/default.aspx?all=1","Washakie County School District 1","2025-10-24"
327,"Paraeducator - Part-Time","9/24/2025","Paraprofessional","08/18/2025","https://www.applitrack.com/washakie1/onlineapp/default.aspx?all=1","Washakie County School District 1","2025-10-24"
328,"SLP-Assistant","5/14/2025","Special Education Services","Education Resource Center","https://www.applitrack.com/washakie1/onlineapp/default.aspx?all=1","Washakie County School District 1","2025-10-24"
329,"Speech Language Pathologist","12/18/2024","Special Education Services","Education Resource Center","https://www.applitrack.com/washakie1/onlineapp/default.aspx?all=1","Washakie County School District 1","2025-10-24"
330,"Substitute Bus Driver","7/1/2021","Substitute/","Bus Barn","https://www.applitrack.com/washakie1/onlineapp/default.aspx?all=1","Washakie County School District 1","2025-10-24"
331,"Substitute Cook","11/4/2020","Substitute/","District","https://www.applitrack.com/washakie1/onlineapp/default.aspx?all=1","Washakie County School District 1","2025-10-24"
332,"Substitute Housekeeper","1/21/2019","Substitute/",NA,"https://www.applitrack.com/washakie1/onlineapp/default.aspx?all=1","Washakie County School District 1","2025-10-24"
333,"Substitute Paraeducator","3/2/2016","Substitute/",NA,"https://www.applitrack.com/washakie1/onlineapp/default.aspx?all=1","Washakie County School District 1","2025-10-24"
334,"Substitute Teacher","3/2/2016","Substitute/",NA,"https://www.applitrack.com/washakie1/onlineapp/default.aspx?all=1","Washakie County School District 1","2025-10-24"
335,"2025-2026 HS Track Assistant Coach","08/27/2025","Coaching","Dubois K-12 School","https://fremont2.tedk12.com/hire/index.aspx","Fremont County School District 2","2025-10-24"
336,"Part-Time Special Education Paraprofessional","08/12/2025","Classified","Dubois K-12 School","https://fremont2.tedk12.com/hire/index.aspx","Fremont County School District 2","2025-10-24"
337,"2025-2026 Drama Club Sponsor","05/23/2025","Coaching","Dubois K-12 School","https://fremont2.tedk12.com/hire/index.aspx","Fremont County School District 2","2025-10-24"
338,"Licensed Mental Health Counselor","04/17/2025","Certified","Dubois K-12 School","https://fremont2.tedk12.com/hire/index.aspx","Fremont County School District 2","2025-10-24"
339,"Substitute Custodian/Food Service","02/01/2025","Classified","Dubois K-12 School","https://fremont2.tedk12.com/hire/index.aspx","Fremont County School District 2","2025-10-24"
340,"Substitute Bus Driver","04/01/2024","Classified","Central Office","https://fremont2.tedk12.com/hire/index.aspx","Fremont County School District 2","2025-10-24"
341,"Substitute - Classified -  Para/Secretary","04/01/2024","Classified","Dubois K-12 School","https://fremont2.tedk12.com/hire/index.aspx","Fremont County School District 2","2025-10-24"
342,"Substitute Teaching","04/01/2024","Substitute","Dubois K-12 School","https://fremont2.tedk12.com/hire/index.aspx","Fremont County School District 2","2025-10-24"
343,"BUS AIDE","10/17/2025","NON INSTRUCTIONAL SUPPORT","BUS GARAGE - TRANSPORTATION","https://fremont25.tedk12.com/hire/index.aspx","Fremont County School District 25","2025-10-24"
344,"BUS DRIVER (PART TIME)","10/17/2025","NON INSTRUCTIONAL SUPPORT","BUS GARAGE - TRANSPORTATION","https://fremont25.tedk12.com/hire/index.aspx","Fremont County School District 25","2025-10-24"
345,"RENDEZVOUS ELEMENTARY PARA (TITLE I)","10/17/2025","CLASSROOM SUPPORT","RENDEZVOUS ELEMENTARY","https://fremont25.tedk12.com/hire/index.aspx","Fremont County School District 25","2025-10-24"
346,"IT: SIS & COMMUNICATION SUPPORT SPECIALIST","10/16/2025","NON INSTRUCTIONAL SUPPORT","CENTRAL OFFICE","https://fremont25.tedk12.com/hire/index.aspx","Fremont County School District 25","2025-10-24"
347,"RIVERTON MIDDLE SCHOOL PARA (ARSP)","10/06/2025","CLASSROOM SUPPORT","RIVERTON MIDDLE SCHOOL","https://fremont25.tedk12.com/hire/index.aspx","Fremont County School District 25","2025-10-24"
348,"SUBSTITUTE PARA","09/26/2025","CLASSROOM SUPPORT","DISTRICT","https://fremont25.tedk12.com/hire/index.aspx","Fremont County School District 25","2025-10-24"
349,"MIDDLE SCHOOL COACH (ASSISTANT TRACK)","08/21/2025","COACH","RIVERTON MIDDLE SCHOOL","https://fremont25.tedk12.com/hire/index.aspx","Fremont County School District 25","2025-10-24"
350,"MIDDLE SCHOOL PARA (SPED LEARNING RESOURCE)","08/07/2025","CLASSROOM SUPPORT","RIVERTON MIDDLE SCHOOL","https://fremont25.tedk12.com/hire/index.aspx","Fremont County School District 25","2025-10-24"
351,"HIGH SCHOOL ASSISTANT COACH (WRESTLING)","07/31/2025","COACH","RIVERTON HIGH SCHOOL","https://fremont25.tedk12.com/hire/index.aspx","Fremont County School District 25","2025-10-24"
352,"HIGH SCHOOL ASSISTANT COACH (TRACK)","07/31/2025","COACH","RIVERTON HIGH SCHOOL","https://fremont25.tedk12.com/hire/index.aspx","Fremont County School District 25","2025-10-24"
353,"SUBSTITUTE INTERPRETER FOR DEAF/HARD OF HEARING STUDENTS","01/16/2025","STUDENT SUPPORT","DISTRICT","https://fremont25.tedk12.com/hire/index.aspx","Fremont County School District 25","2025-10-24"
354,"SUBSTITUTE CUSTODIAN","09/17/2024","NON INSTRUCTIONAL SUPPORT","DISTRICT","https://fremont25.tedk12.com/hire/index.aspx","Fremont County School District 25","2025-10-24"
355,"SUBSTITUTE DAYCARE ASSISTANT","07/22/2024","STUDENT SUPPORT","DISTRICT","https://fremont25.tedk12.com/hire/index.aspx","Fremont County School District 25","2025-10-24"
356,"SUBSTITUTE NURSE","07/18/2024","SERVICE PROVIDER","DISTRICT","https://fremont25.tedk12.com/hire/index.aspx","Fremont County School District 25","2025-10-24"
357,"SUBSTITUTE TEACHER","07/18/2024","INSTRUCTION","DISTRICT","https://fremont25.tedk12.com/hire/index.aspx","Fremont County School District 25","2025-10-24"
358,"LIFEGUARD","03/01/2024","NON INSTRUCTIONAL SUPPORT","RIVERTON AQUATICS CENTER","https://fremont25.tedk12.com/hire/index.aspx","Fremont County School District 25","2025-10-24"
359,"DESK CLERK","03/01/2024","NON INSTRUCTIONAL SUPPORT","RIVERTON AQUATICS CENTER","https://fremont25.tedk12.com/hire/index.aspx","Fremont County School District 25","2025-10-24"
360,"SUBSTITUTE BUS DRIVER","11/06/2023","NON INSTRUCTIONAL SUPPORT","BUS GARAGE - TRANSPORTATION","https://fremont25.tedk12.com/hire/index.aspx","Fremont County School District 25","2025-10-24"
361,"Special Education Paraprofessional - Trail Elementary (REPOSTED)","10/09/2025","Support","Trail Elementary School","https://goshen.tedk12.com/hire/index.aspx#aJobListings","Goshen County School District 1","2025-10-24"
362,"Teacher - Secondary Math - Torrington High School","09/18/2025","Secondary Certified","Torrington High School","https://goshen.tedk12.com/hire/index.aspx#aJobListings","Goshen County School District 1","2025-10-24"
363,"Teacher - Band (Torrington High School & Torrington Middle School) - Reposted","09/18/2025","Secondary Certified","Torrington Middle and High Schools","https://goshen.tedk12.com/hire/index.aspx#aJobListings","Goshen County School District 1","2025-10-24"
364,"Cook - Lingle-Fort Laramie Schools (REPOSTED)","08/29/2025","Food Service","Lingle Ft Laramie Schools","https://goshen.tedk12.com/hire/index.aspx#aJobListings","Goshen County School District 1","2025-10-24"
365,"Special Education Paraprofessional - Torrington High School (REPOSTED)","08/19/2025","Support","Torrington High School","https://goshen.tedk12.com/hire/index.aspx#aJobListings","Goshen County School District 1","2025-10-24"
366,"Bus Driver/ Sub Bus Driver","01/01/2025","Bus Driver","Transportation Services","https://goshen.tedk12.com/hire/index.aspx#aJobListings","Goshen County School District 1","2025-10-24"
367,"Future Administrative Positions","01/01/2025","Administrative - building","Central Administration Office","https://goshen.tedk12.com/hire/index.aspx#aJobListings","Goshen County School District 1","2025-10-24"
368,"Future Substitute Teacher Positions","01/01/2025","Substitute","Central Administration Office","https://goshen.tedk12.com/hire/index.aspx#aJobListings","Goshen County School District 1","2025-10-24"
369,"Future Classified Positions","01/01/2025","Support","Central Administration Office","https://goshen.tedk12.com/hire/index.aspx#aJobListings","Goshen County School District 1","2025-10-24"
370,"Future Certified Positions","01/01/2025","K-12","Central Administration Office","https://goshen.tedk12.com/hire/index.aspx#aJobListings","Goshen County School District 1","2025-10-24"
371,"Speech Language Pathologist - District","07/11/2023","Specialist - Certified","Office of Special Services","https://goshen.tedk12.com/hire/index.aspx#aJobListings","Goshen County School District 1","2025-10-24"
372,"JH Boys basketball assistant coach","10/01/2025","Coaching","Burns Jr./Sr. High School","https://laramie2.tedk12.com/hire/index.aspx","Laramie County School District 2","2025-10-24"
373,"JH Girls Wrestling Assistant Coach","10/01/2025","Coaching","Burns Jr./Sr. High School","https://laramie2.tedk12.com/hire/index.aspx","Laramie County School District 2","2025-10-24"
374,"JH Girls Wrestling Assigned Head Coach","10/01/2025","Coaching","Burns Jr./Sr. High School","https://laramie2.tedk12.com/hire/index.aspx","Laramie County School District 2","2025-10-24"
375,"HS Boys Wrestling (Numbers Coach)","10/01/2025","Coaching","Burns Jr./Sr. High School","https://laramie2.tedk12.com/hire/index.aspx","Laramie County School District 2","2025-10-24"
376,"JH Boys Wrestling (Numbers Coach","10/01/2025","Coaching","Burns Jr./Sr. High School","https://laramie2.tedk12.com/hire/index.aspx","Laramie County School District 2","2025-10-24"
377,"Head Junior High Boys Basketball Coach","09/22/2025","Coaching","Pine Bluffs Jr./Sr. High School","https://laramie2.tedk12.com/hire/index.aspx","Laramie County School District 2","2025-10-24"
378,"Substitute School Nurse","09/15/2025","Substitute","District","https://laramie2.tedk12.com/hire/index.aspx","Laramie County School District 2","2025-10-24"
379,"ELL Parent Translator Contactor","09/15/2025","Classified","District","https://laramie2.tedk12.com/hire/index.aspx","Laramie County School District 2","2025-10-24"
380,"Assistant JH Football Coach","08/05/2025","Coaching","Burns Jr./Sr. High School","https://laramie2.tedk12.com/hire/index.aspx","Laramie County School District 2","2025-10-24"
381,"ELL Paraprofessional","06/10/2025","Classified","District","https://laramie2.tedk12.com/hire/index.aspx","Laramie County School District 2","2025-10-24"
382,"JH Assistant Track Coach","05/27/2025","Coaching","Pine Bluffs Jr./Sr. High School","https://laramie2.tedk12.com/hire/index.aspx","Laramie County School District 2","2025-10-24"
383,"Sub Paraprofessional","01/30/2025","Classified","District","https://laramie2.tedk12.com/hire/index.aspx","Laramie County School District 2","2025-10-24"
384,"Sub Custodian","01/30/2025","Classified","District","https://laramie2.tedk12.com/hire/index.aspx","Laramie County School District 2","2025-10-24"
385,"Substitute Cook","01/30/2025","Food Service","District","https://laramie2.tedk12.com/hire/index.aspx","Laramie County School District 2","2025-10-24"
386,"Substitute Teacher","01/30/2025","Substitute","District","https://laramie2.tedk12.com/hire/index.aspx","Laramie County School District 2","2025-10-24"
387,"Substitute Bus Driver","01/30/2025","Substitute","District","https://laramie2.tedk12.com/hire/index.aspx","Laramie County School District 2","2025-10-24"
388,"District Wide Transportation-Bus Mechanic","Oct 06, 2025 6:00 AM (UTC)","District Wide Transportation-Bus Mechanic","Crook County School District 1","https://crook1.schoolspring.com/","Crook County School District 1","2025-10-24"
389,"Substitute Custodian",NA,"Substitute Custodian","Sundance Secondary","https://crook1.schoolspring.com/","Crook County School District 1","2025-10-24"
390,"Substitute Custodian",NA,"Substitute Custodian","Moorcroft Secondary","https://crook1.schoolspring.com/","Crook County School District 1","2025-10-24"
391,"Substitute Custodian",NA,"Substitute Custodian","Hulett K-12","https://crook1.schoolspring.com/","Crook County School District 1","2025-10-24"
392,"Substitute Teacher",NA,"Substitute Teacher","Sundance Elementary","https://crook1.schoolspring.com/","Crook County School District 1","2025-10-24"
393,"Substitute Teacher",NA,"Substitute Teacher","Moorcroft Elementary","https://crook1.schoolspring.com/","Crook County School District 1","2025-10-24"
394,"Substitute Teacher",NA,"Substitute Teacher","Hulett K-12","https://crook1.schoolspring.com/","Crook County School District 1","2025-10-24"
395,"Substitute & Activity Bus Drivers",NA,"Substitute & Activity Bus Drivers","Sundance Secondary","https://crook1.schoolspring.com/","Crook County School District 1","2025-10-24"
396,"Substitute & Activity Bus Drivers",NA,"Substitute & Activity Bus Drivers","Moorcroft Secondary","https://crook1.schoolspring.com/","Crook County School District 1","2025-10-24"
397,"Substitute & Activity Bus Drivers",NA,"Substitute & Activity Bus Drivers","Hulett K-12","https://crook1.schoolspring.com/","Crook County School District 1","2025-10-24"
398,"Cook",NA,"Cook","Hulett K-12","https://crook1.schoolspring.com/","Crook County School District 1","2025-10-24"
399,"Route Bus Driver",NA,"Route Bus Driver","Moorcroft Secondary","https://crook1.schoolspring.com/","Crook County School District 1","2025-10-24"
400,"Junior High Track Coach",NA,"Junior High Track Coach","Hulett K-12","https://crook1.schoolspring.com/","Crook County School District 1","2025-10-24"
401,"K-12 Music Teacher",NA,"K-12 Music Teacher","Hulett K-12","https://crook1.schoolspring.com/","Crook County School District 1","2025-10-24"
402,"DECA Advisor [CO58]",NA,"DECA Advisor [CO58]","SOUTH HIGH SCHOOL","https://laramie1.schoolspring.com/","Laramie County School District 1","2025-10-24"
403,"Physical Therapist [XT07]",NA,"Physical Therapist [XT07]","Laramie County School District 1","https://laramie1.schoolspring.com/","Laramie County School District 1","2025-10-24"
404,"2nd Grade Teacher DLI Spanish [TA40]",NA,"2nd Grade Teacher DLI Spanish [TA40]","AFFLERBACH ELEMENTARY SCHOOL","https://laramie1.schoolspring.com/","Laramie County School District 1","2025-10-24"
405,"School Psychologist Intern [XT32]",NA,"School Psychologist Intern [XT32]","Laramie County School District 1","https://laramie1.schoolspring.com/","Laramie County School District 1","2025-10-24"
406,"Elementary Assistant Volleyball Coach [C186]",NA,"Elementary Assistant Volleyball Coach [C186]","WILLADSEN ELEMENTARY SCHOOL","https://laramie1.schoolspring.com/","Laramie County School District 1","2025-10-24"
407,"Speech & Debate Assistant Coach [CO46]","Oct 22, 2025 6:00 AM (UTC)","Speech & Debate Assistant Coach [CO46]","EAST HIGH SCHOOL","https://laramie1.schoolspring.com/","Laramie County School District 1","2025-10-24"
408,"Paraprofessional","Oct 20, 2025 6:00 AM (UTC)","Paraprofessional","PODER ACADEMY SECONDARY (PASS)","https://laramie1.schoolspring.com/","Laramie County School District 1","2025-10-24"
409,"Nutrition-Elementary Head Cashier [NU03]","Oct 20, 2025 6:00 AM (UTC)","Nutrition-Elementary Head Cashier [NU03]","JESSUP ELEMENTARY SCHOOL","https://laramie1.schoolspring.com/","Laramie County School District 1","2025-10-24"
410,"Paraeducator Resource Room [XP08]","Oct 20, 2025 6:00 AM (UTC)","Paraeducator Resource Room [XP08]","SOUTH HIGH SCHOOL","https://laramie1.schoolspring.com/","Laramie County School District 1","2025-10-24"
411,"Afternoon Strength & Conditioning Coach [SO08]","Oct 20, 2025 6:00 AM (UTC)","Afternoon Strength & Conditioning Coach [SO08]","MCCORMICK JUNIOR HIGH SCHOOL","https://laramie1.schoolspring.com/","Laramie County School District 1","2025-10-24"
412,"Assistant Head Custodian - Class 4 [CU01]","Oct 17, 2025 6:00 AM (UTC)","Assistant Head Custodian - Class 4 [CU01]","MCCORMICK JUNIOR HIGH SCHOOL","https://laramie1.schoolspring.com/","Laramie County School District 1","2025-10-24"
413,"Paraeducator Special Needs Life Skills/ASD [XP09]","Oct 16, 2025 6:00 AM (UTC)","Paraeducator Special Needs Life Skills/ASD [XP09]","SUNRISE ELEMENTARY SCHOOL","https://laramie1.schoolspring.com/","Laramie County School District 1","2025-10-24"
414,"Transportation Activity Driver [TR06]","Oct 15, 2025 6:00 AM (UTC)","Transportation Activity Driver [TR06]","Laramie County School District 1","https://laramie1.schoolspring.com/","Laramie County School District 1","2025-10-24"
415,"Para eHelper [XP08]","Oct 13, 2025 6:00 AM (UTC)","Para eHelper [XP08]","HOBBS ELEMENTARY SCHOOL","https://laramie1.schoolspring.com/","Laramie County School District 1","2025-10-24"
416,"Paraeducator Special Education [XP08]","Oct 13, 2025 6:00 AM (UTC)","Paraeducator Special Education [XP08]","GOINS ELEMENTARY SCHOOL","https://laramie1.schoolspring.com/","Laramie County School District 1","2025-10-24"
417,"Assistant Boys Basketball Coach [C158]","Oct 07, 2025 6:00 AM (UTC)","Assistant Boys Basketball Coach [C158]","MCCORMICK JUNIOR HIGH SCHOOL","https://laramie1.schoolspring.com/","Laramie County School District 1","2025-10-24"
418,"Custodial - Head Class 4 [CU07]","Oct 07, 2025 6:00 AM (UTC)","Custodial - Head Class 4 [CU07]","MEADOWLARK ELEMENTARY SCHOOL","https://laramie1.schoolspring.com/","Laramie County School District 1","2025-10-24"
419,"Special Needs Behavior Lab Paraeducator [XP09]","Oct 03, 2025 6:00 AM (UTC)","Special Needs Behavior Lab Paraeducator [XP09]","MCCORMICK JUNIOR HIGH SCHOOL","https://laramie1.schoolspring.com/","Laramie County School District 1","2025-10-24"
420,"Nutrition Services Warehouse Delivery Driver [TE02]","Oct 03, 2025 6:00 AM (UTC)","Nutrition Services Warehouse Delivery Driver [TE02]","Laramie County School District 1","https://laramie1.schoolspring.com/","Laramie County School District 1","2025-10-24"
421,"Elementary Assistant Volleyball Coach","Oct 03, 2025 6:00 AM (UTC)","Elementary Assistant Volleyball Coach","SUNRISE ELEMENTARY SCHOOL","https://laramie1.schoolspring.com/","Laramie County School District 1","2025-10-24"
422,"Elementary Assistant Volleyball Coach","Oct 03, 2025 6:00 AM (UTC)","Elementary Assistant Volleyball Coach","ROSSMAN ELEMENTARY SCHOOL","https://laramie1.schoolspring.com/","Laramie County School District 1","2025-10-24"
423,"Elementary Assistant Volleyball Coach","Oct 03, 2025 6:00 AM (UTC)","Elementary Assistant Volleyball Coach","PIONEER PARK ELEMENTARY SCHOOL","https://laramie1.schoolspring.com/","Laramie County School District 1","2025-10-24"
424,"Elementary Assistant Volleyball Coach","Oct 03, 2025 6:00 AM (UTC)","Elementary Assistant Volleyball Coach","HENDERSON ELEMENTARY SCHOOL","https://laramie1.schoolspring.com/","Laramie County School District 1","2025-10-24"
425,"Elementary Assistant Volleyball Coach","Oct 03, 2025 6:00 AM (UTC)","Elementary Assistant Volleyball Coach","GOINS ELEMENTARY SCHOOL","https://laramie1.schoolspring.com/","Laramie County School District 1","2025-10-24"
426,"Elementary Assistant Volleyball Coach","Oct 03, 2025 6:00 AM (UTC)","Elementary Assistant Volleyball Coach","COLE ELEMENTARY SCHOOL","https://laramie1.schoolspring.com/","Laramie County School District 1","2025-10-24"
427,"Elementary Assistant Volleyball Coach","Oct 03, 2025 6:00 AM (UTC)","Elementary Assistant Volleyball Coach","AFFLERBACH ELEMENTARY SCHOOL","https://laramie1.schoolspring.com/","Laramie County School District 1","2025-10-24"
428,"Elementary Head Volleyball Coach","Oct 03, 2025 6:00 AM (UTC)","Elementary Head Volleyball Coach","PIONEER PARK ELEMENTARY SCHOOL","https://laramie1.schoolspring.com/","Laramie County School District 1","2025-10-24"
429,"Elementary Head Volleyball Coach","Oct 03, 2025 6:00 AM (UTC)","Elementary Head Volleyball Coach","HENDERSON ELEMENTARY SCHOOL","https://laramie1.schoolspring.com/","Laramie County School District 1","2025-10-24"
430,"Elementary Head Volleyball Coach","Oct 03, 2025 6:00 AM (UTC)","Elementary Head Volleyball Coach","GOINS ELEMENTARY SCHOOL","https://laramie1.schoolspring.com/","Laramie County School District 1","2025-10-24"
431,"Elementary Assistant Volleyball Coach","Oct 03, 2025 6:00 AM (UTC)","Elementary Assistant Volleyball Coach","FREEDOM ELEMENTARY SCHOOL","https://laramie1.schoolspring.com/","Laramie County School District 1","2025-10-24"
432,"Elementary Head Volleyball Coach","Oct 03, 2025 6:00 AM (UTC)","Elementary Head Volleyball Coach","FREEDOM ELEMENTARY SCHOOL","https://laramie1.schoolspring.com/","Laramie County School District 1","2025-10-24"
433,"Elementary Head Volleyball Coach","Oct 03, 2025 6:00 AM (UTC)","Elementary Head Volleyball Coach","AFFLERBACH ELEMENTARY SCHOOL","https://laramie1.schoolspring.com/","Laramie County School District 1","2025-10-24"
434,"Elementary Assistant Volleyball Coach","Oct 02, 2025 6:00 AM (UTC)","Elementary Assistant Volleyball Coach","MEADOWLARK ELEMENTARY SCHOOL","https://laramie1.schoolspring.com/","Laramie County School District 1","2025-10-24"
435,"Elementary Assistant Volleyball Coach","Oct 02, 2025 6:00 AM (UTC)","Elementary Assistant Volleyball Coach","FAIRVIEW ELEMENTARY SCHOOL","https://laramie1.schoolspring.com/","Laramie County School District 1","2025-10-24"
436,"Elementary Head Volleyball Coach","Oct 02, 2025 6:00 AM (UTC)","Elementary Head Volleyball Coach","MEADOWLARK ELEMENTARY SCHOOL","https://laramie1.schoolspring.com/","Laramie County School District 1","2025-10-24"
437,"Transportation Assistant [TR01]","Oct 02, 2025 6:00 AM (UTC)","Transportation Assistant [TR01]","Laramie County School District 1","https://laramie1.schoolspring.com/","Laramie County School District 1","2025-10-24"
438,"Bus Driver [TR04]","Oct 02, 2025 6:00 AM (UTC)","Bus Driver [TR04]","Laramie County School District 1","https://laramie1.schoolspring.com/","Laramie County School District 1","2025-10-24"
439,"School Menu Coordinator","Oct 02, 2025 6:00 AM (UTC)","School Menu Coordinator","Laramie County School District 1","https://laramie1.schoolspring.com/","Laramie County School District 1","2025-10-24"
440,"Early Childhood Special Education Teacher [XT20]","Oct 01, 2025 6:00 AM (UTC)","Early Childhood Special Education Teacher [XT20]","Laramie County School District 1","https://laramie1.schoolspring.com/","Laramie County School District 1","2025-10-24"
441,"Paraeducator Special Education [XP08]","Oct 01, 2025 6:00 AM (UTC)","Paraeducator Special Education [XP08]","BUFFALO RIDGE ELEMENTARY SCHL","https://laramie1.schoolspring.com/","Laramie County School District 1","2025-10-24"
442,"Paraeducator Resource Room [XP08]","Oct 01, 2025 6:00 AM (UTC)","Paraeducator Resource Room [XP08]","MCCORMICK JUNIOR HIGH SCHOOL","https://laramie1.schoolspring.com/","Laramie County School District 1","2025-10-24"
443,"Facility Technician - Integrated Trades [TS20]","Oct 01, 2025 6:00 AM (UTC)","Facility Technician - Integrated Trades [TS20]","Laramie County School District 1","https://laramie1.schoolspring.com/","Laramie County School District 1","2025-10-24"
444,"Head Indoor Track Coach","Sep 29, 2025 6:00 AM (UTC)","Head Indoor Track Coach","EAST HIGH SCHOOL","https://laramie1.schoolspring.com/","Laramie County School District 1","2025-10-24"
445,"Nutrition Services Aid [NU02]","Sep 29, 2025 6:00 AM (UTC)","Nutrition Services Aid [NU02]","CAREY/JOHNSON JHS","https://laramie1.schoolspring.com/","Laramie County School District 1","2025-10-24"
446,"Nutrition Services Aid [NU02]","Sep 29, 2025 6:00 AM (UTC)","Nutrition Services Aid [NU02]","PIONEER PARK ELEMENTARY SCHOOL","https://laramie1.schoolspring.com/","Laramie County School District 1","2025-10-24"
447,"Nutrition Services Aid [NU02]","Sep 29, 2025 6:00 AM (UTC)","Nutrition Services Aid [NU02]","SOUTH HIGH SCHOOL","https://laramie1.schoolspring.com/","Laramie County School District 1","2025-10-24"
448,"Assistant Speech and Debate Coach [CO46]","Sep 23, 2025 6:00 AM (UTC)","Assistant Speech and Debate Coach [CO46]","CENTRAL HIGH SCHOOL","https://laramie1.schoolspring.com/","Laramie County School District 1","2025-10-24"
449,"Nutrition Services Aid [NU02]","Sep 23, 2025 6:00 AM (UTC)","Nutrition Services Aid [NU02]","MCCORMICK JUNIOR HIGH SCHOOL","https://laramie1.schoolspring.com/","Laramie County School District 1","2025-10-24"
450,"Assistant Boys Basketball Coach [CO76]","Sep 23, 2025 6:00 AM (UTC)","Assistant Boys Basketball Coach [CO76]","JOHNSON JUNIOR HIGH SCHOOL","https://laramie1.schoolspring.com/","Laramie County School District 1","2025-10-24"
451,"Paraeducator General 2025/2026 Contract Year Only [PA14]","Sep 16, 2025 6:00 AM (UTC)","Paraeducator General 2025/2026 Contract Year Only [PA14]","SUNRISE ELEMENTARY SCHOOL","https://laramie1.schoolspring.com/","Laramie County School District 1","2025-10-24"
452,"Occupational Therapist [XT06]","Sep 12, 2025 6:00 AM (UTC)","Occupational Therapist [XT06]","Laramie County School District 1","https://laramie1.schoolspring.com/","Laramie County School District 1","2025-10-24"
453,"Nutrition Services Aid [NU02]","Sep 11, 2025 6:00 AM (UTC)","Nutrition Services Aid [NU02]","JOHNSON JUNIOR HIGH SCHOOL","https://laramie1.schoolspring.com/","Laramie County School District 1","2025-10-24"
454,"Assistant - Speech Language Pathology [XI02]","Sep 11, 2025 6:00 AM (UTC)","Assistant - Speech Language Pathology [XI02]","HOBBS ELEMENTARY SCHOOL","https://laramie1.schoolspring.com/","Laramie County School District 1","2025-10-24"
455,"Nutrition Services Aid [NU02]","Sep 11, 2025 6:00 AM (UTC)","Nutrition Services Aid [NU02]","MCCORMICK JUNIOR HIGH SCHOOL","https://laramie1.schoolspring.com/","Laramie County School District 1","2025-10-24"
456,"Assistant Boys Basketball Coach [C158]","Sep 10, 2025 6:00 AM (UTC)","Assistant Boys Basketball Coach [C158]","CAREY JUNIOR HIGH SCHOOL","https://laramie1.schoolspring.com/","Laramie County School District 1","2025-10-24"
457,"Assistant Girls Basketball Coach [C1258]","Sep 10, 2025 6:00 AM (UTC)","Assistant Girls Basketball Coach [C1258]","CAREY JUNIOR HIGH SCHOOL","https://laramie1.schoolspring.com/","Laramie County School District 1","2025-10-24"
458,"Paraeducator Resource Room [XP08]","Sep 08, 2025 6:00 AM (UTC)","Paraeducator Resource Room [XP08]","SUNRISE ELEMENTARY SCHOOL","https://laramie1.schoolspring.com/","Laramie County School District 1","2025-10-24"
459,"Custodial - Head Class 4 [CU07]","Sep 08, 2025 6:00 AM (UTC)","Custodial - Head Class 4 [CU07]","JESSUP ELEMENTARY SCHOOL","https://laramie1.schoolspring.com/","Laramie County School District 1","2025-10-24"
460,"Student Sweeper - Custodial [ST05]","Sep 02, 2025 6:00 AM (UTC)","Student Sweeper - Custodial [ST05]","Laramie County School District 1","https://laramie1.schoolspring.com/","Laramie County School District 1","2025-10-24"
461,"Sub-Custodian [S010]","Sep 02, 2025 6:00 AM (UTC)","Sub-Custodian [S010]","Laramie County School District 1","https://laramie1.schoolspring.com/","Laramie County School District 1","2025-10-24"
462,"Special Education Teacher - 2025/2026 Contract Year Only [XT20]","Sep 02, 2025 6:00 AM (UTC)","Special Education Teacher - 2025/2026 Contract Year Only [XT20]","SOUTH HIGH SCHOOL","https://laramie1.schoolspring.com/","Laramie County School District 1","2025-10-24"
463,"Nutrition Services Aid [NU02]",NA,"Nutrition Services Aid [NU02]","JOHNSON JUNIOR HIGH SCHOOL","https://laramie1.schoolspring.com/","Laramie County School District 1","2025-10-24"
464,"Paraeducator SNA Affective Needs [XP09]",NA,"Paraeducator SNA Affective Needs [XP09]","ADT (Adolescent Day Treatment)","https://laramie1.schoolspring.com/","Laramie County School District 1","2025-10-24"
465,"Paraeducator Special Needs [XP08]",NA,"Paraeducator Special Needs [XP08]","PRAIRIE WIND ELEMENTARY SCHOOL","https://laramie1.schoolspring.com/","Laramie County School District 1","2025-10-24"
466,"Speech Language Pathologist [XT14]",NA,"Speech Language Pathologist [XT14]","Laramie County School District 1","https://laramie1.schoolspring.com/","Laramie County School District 1","2025-10-24"
467,"Custodial - Head Class 6 (3:00pm-11:00pm shift) [CU09]",NA,"Custodial - Head Class 6 (3:00pm-11:00pm shift) [CU09]","SOUTH HIGH SCHOOL","https://laramie1.schoolspring.com/","Laramie County School District 1","2025-10-24"
468,"Custodial - Head Class 5 [CU02]",NA,"Custodial - Head Class 5 [CU02]","MCCORMICK JUNIOR HIGH SCHOOL","https://laramie1.schoolspring.com/","Laramie County School District 1","2025-10-24"
469,"Custodial - Head Class 5 [CU02]",NA,"Custodial - Head Class 5 [CU02]","JOHNSON JUNIOR HIGH SCHOOL","https://laramie1.schoolspring.com/","Laramie County School District 1","2025-10-24"
470,"Applicant Pool - Substitute Teacher [S035]",NA,"Applicant Pool - Substitute Teacher [S035]","SUBSTITUTE TEACHERS","https://laramie1.schoolspring.com/","Laramie County School District 1","2025-10-24"
471,"Substitute Nutrition [S020]",NA,"Substitute Nutrition [S020]","Laramie County School District 1","https://laramie1.schoolspring.com/","Laramie County School District 1","2025-10-24"
472,"Paraeducator Sign Support [XP05]",NA,"Paraeducator Sign Support [XP05]","BUILDING TO BE DETERMINED","https://laramie1.schoolspring.com/","Laramie County School District 1","2025-10-24"
473,"Educational Sign Language Interpreter",NA,"Educational Sign Language Interpreter","BUILDING TO BE DETERMINED","https://laramie1.schoolspring.com/","Laramie County School District 1","2025-10-24"
474,"Paraeducator Resource Room [XP08]",NA,"Paraeducator Resource Room [XP08]","CAREY JUNIOR HIGH SCHOOL","https://laramie1.schoolspring.com/","Laramie County School District 1","2025-10-24"
475,"Paraeducator Special Needs Life Skills [XP09]",NA,"Paraeducator Special Needs Life Skills [XP09]","MCCORMICK JUNIOR HIGH SCHOOL","https://laramie1.schoolspring.com/","Laramie County School District 1","2025-10-24"
476,"School Psychologist [XA01]",NA,"School Psychologist [XA01]","BUILDING TO BE DETERMINED","https://laramie1.schoolspring.com/","Laramie County School District 1","2025-10-24"
477,"Paraeducator Special Needs PALS [XP09]",NA,"Paraeducator Special Needs PALS [XP09]","CENTRAL HIGH SCHOOL","https://laramie1.schoolspring.com/","Laramie County School District 1","2025-10-24"
478,"Paraeducator Special Needs PALS [XP09]",NA,"Paraeducator Special Needs PALS [XP09]","EAST HIGH SCHOOL","https://laramie1.schoolspring.com/","Laramie County School District 1","2025-10-24"
479,"Assistant Girls Wrestling Coach [C168]",NA,"Assistant Girls Wrestling Coach [C168]","MCCORMICK JUNIOR HIGH SCHOOL","https://laramie1.schoolspring.com/","Laramie County School District 1","2025-10-24"
480,"Assistant Boys Basketball Coach [C158]",NA,"Assistant Boys Basketball Coach [C158]","MCCORMICK JUNIOR HIGH SCHOOL","https://laramie1.schoolspring.com/","Laramie County School District 1","2025-10-24"
481,"Centennial Cafeteria Technician",NA,"Centennial Cafeteria Technician","Centennial Middle School","https://natronaschools.schoolspring.com/","Natrona School District 1","2025-10-24"
482,"CCA Education Support Specialist",NA,"CCA Education Support Specialist","Casper Classical Academy","https://natronaschools.schoolspring.com/","Natrona School District 1","2025-10-24"
483,"Dean Morgan Education Support Specialist",NA,"Dean Morgan Education Support Specialist","Dean Morgan Middle School","https://natronaschools.schoolspring.com/","Natrona School District 1","2025-10-24"
484,"CCA Custodian","Oct 21, 2025 6:00 AM (UTC)","CCA Custodian","Casper Classical Academy","https://natronaschools.schoolspring.com/","Natrona School District 1","2025-10-24"
485,"Pineview Education Support Specialist / Education Support Personnel / Cafeteria Technician","Oct 21, 2025 6:00 AM (UTC)","Pineview Education Support Specialist / Education Support Personnel / Cafeteria Technician","Pineview Elementary","https://natronaschools.schoolspring.com/","Natrona School District 1","2025-10-24"
486,"Transportation Support Personnel","Oct 21, 2025 6:00 AM (UTC)","Transportation Support Personnel","Transportation","https://natronaschools.schoolspring.com/","Natrona School District 1","2025-10-24"
487,"CCA Swimming Aide","Oct 17, 2025 6:00 AM (UTC)","CCA Swimming Aide","Casper Classical Academy","https://natronaschools.schoolspring.com/","Natrona School District 1","2025-10-24"
488,"Lincoln Education Support Personnel / Cafeteria Technician","Oct 17, 2025 6:00 AM (UTC)","Lincoln Education Support Personnel / Cafeteria Technician","Lincoln Elementary","https://natronaschools.schoolspring.com/","Natrona School District 1","2025-10-24"
489,"KWHS Education Support Specialist/Education Support Personnel","Oct 17, 2025 6:00 AM (UTC)","KWHS Education Support Specialist/Education Support Personnel","Kelly Walsh High School","https://natronaschools.schoolspring.com/","Natrona School District 1","2025-10-24"
490,"Summit Education Support Personnel/Cafeteria Technician (Part-Time)","Oct 16, 2025 6:00 AM (UTC)","Summit Education Support Personnel/Cafeteria Technician (Part-Time)","Summit Elementary","https://natronaschools.schoolspring.com/","Natrona School District 1","2025-10-24"
491,"KWHS Cafeteria Technician","Oct 16, 2025 6:00 AM (UTC)","KWHS Cafeteria Technician","Kelly Walsh High School","https://natronaschools.schoolspring.com/","Natrona School District 1","2025-10-24"
492,"Dean Morgan Boys Basketball Coach","Oct 13, 2025 6:00 AM (UTC)","Dean Morgan Boys Basketball Coach","Dean Morgan Middle School","https://natronaschools.schoolspring.com/","Natrona School District 1","2025-10-24"
493,"CCA Part-Time Education Support Personnel / Office and Records","Oct 13, 2025 6:00 AM (UTC)","CCA Part-Time Education Support Personnel / Office and Records","Casper Classical Academy","https://natronaschools.schoolspring.com/","Natrona School District 1","2025-10-24"
494,"Pineivew Education Support Specialist / Education Support Personnel","Oct 13, 2025 6:00 AM (UTC)","Pineivew Education Support Specialist / Education Support Personnel","Pineview Elementary","https://natronaschools.schoolspring.com/","Natrona School District 1","2025-10-24"
495,"Pineview Education Support Personnel / Education Support Specialist / Elementary Library Media Technician","Oct 13, 2025 6:00 AM (UTC)","Pineview Education Support Personnel / Education Support Specialist / Elementary Library Media Technician","Pineview Elementary","https://natronaschools.schoolspring.com/","Natrona School District 1","2025-10-24"
496,"Bar Nunn Education Support Personnel","Oct 13, 2025 6:00 AM (UTC)","Bar Nunn Education Support Personnel","Bar Nunn Elementary","https://natronaschools.schoolspring.com/","Natrona School District 1","2025-10-24"
497,"CYMS At-Will Co-Curricular Volunteer 8th Grade Boys Basketball Head Coach","Oct 10, 2025 6:00 AM (UTC)","CYMS At-Will Co-Curricular Volunteer 8th Grade Boys Basketball Head Coach","CY Middle School","https://natronaschools.schoolspring.com/","Natrona School District 1","2025-10-24"
498,"NCHS Asst. JROTC Rifle Team Coach","Oct 09, 2025 6:00 AM (UTC)","NCHS Asst. JROTC Rifle Team Coach","Natrona County High School","https://natronaschools.schoolspring.com/","Natrona School District 1","2025-10-24"
499,"Landscape and Support Services Specialist","Oct 08, 2025 6:00 AM (UTC)","Landscape and Support Services Specialist","Plant/Maintenance","https://natronaschools.schoolspring.com/","Natrona School District 1","2025-10-24"
500,"Midwest Part Time Custodian/Grounds","Oct 08, 2025 6:00 AM (UTC)","Midwest Part Time Custodian/Grounds","Midwest Schools","https://natronaschools.schoolspring.com/","Natrona School District 1","2025-10-24"
501,"KWHS Head Coach Nordic Ski","Oct 07, 2025 6:00 AM (UTC)","KWHS Head Coach Nordic Ski","Kelly Walsh High School","https://natronaschools.schoolspring.com/","Natrona School District 1","2025-10-24"
502,"NCHS Assistant Boys Soccer Coach","Oct 07, 2025 6:00 AM (UTC)","NCHS Assistant Boys Soccer Coach","Natrona County High School","https://natronaschools.schoolspring.com/","Natrona School District 1","2025-10-24"
503,"Woods Education Support Personnel","Oct 03, 2025 6:00 AM (UTC)","Woods Education Support Personnel","Woods Learning Center","https://natronaschools.schoolspring.com/","Natrona School District 1","2025-10-24"
504,"Summit Elementary Education Support Personnel","Oct 03, 2025 6:00 AM (UTC)","Summit Elementary Education Support Personnel","Summit Elementary","https://natronaschools.schoolspring.com/","Natrona School District 1","2025-10-24"
505,"Casper Mountain Science Program Intern","Oct 01, 2025 6:00 AM (UTC)","Casper Mountain Science Program Intern","Curriculum and Instruction","https://natronaschools.schoolspring.com/","Natrona School District 1","2025-10-24"
506,"Bar Nunn Elementary Education Support Personnel/Cafeteria Technician","Sep 29, 2025 6:00 AM (UTC)","Bar Nunn Elementary Education Support Personnel/Cafeteria Technician","Bar Nunn Elementary","https://natronaschools.schoolspring.com/","Natrona School District 1","2025-10-24"
507,"CYMS Part-Time Education Support Personnel","Sep 29, 2025 6:00 AM (UTC)","CYMS Part-Time Education Support Personnel","CY Middle School","https://natronaschools.schoolspring.com/","Natrona School District 1","2025-10-24"
508,"Centennial Education Support Personnel","Sep 29, 2025 6:00 AM (UTC)","Centennial Education Support Personnel","Centennial Middle School","https://natronaschools.schoolspring.com/","Natrona School District 1","2025-10-24"
509,"Park Education Support Personnel/ Office and Records","Sep 29, 2025 6:00 AM (UTC)","Park Education Support Personnel/ Office and Records","Park Elementary","https://natronaschools.schoolspring.com/","Natrona School District 1","2025-10-24"
510,"Special Education Specialist","Sep 23, 2025 6:00 AM (UTC)","Special Education Specialist","Special Education Services Center","https://natronaschools.schoolspring.com/","Natrona School District 1","2025-10-24"
511,"KWHS Education Support Personnel","Sep 22, 2025 6:00 AM (UTC)","KWHS Education Support Personnel","Kelly Walsh High School","https://natronaschools.schoolspring.com/","Natrona School District 1","2025-10-24"
512,"CCA Behavior and Substitute Support Personnel","Sep 19, 2025 6:00 AM (UTC)","CCA Behavior and Substitute Support Personnel","Casper Classical Academy","https://natronaschools.schoolspring.com/","Natrona School District 1","2025-10-24"
513,"RHS Behavior and Substitute Support Personnel","Sep 19, 2025 6:00 AM (UTC)","RHS Behavior and Substitute Support Personnel","Roosevelt High School","https://natronaschools.schoolspring.com/","Natrona School District 1","2025-10-24"
514,"Journey Education Support Personnel/Cafeteria Technician","Sep 18, 2025 6:00 AM (UTC)","Journey Education Support Personnel/Cafeteria Technician","Journey Elementary","https://natronaschools.schoolspring.com/","Natrona School District 1","2025-10-24"
515,"Journey Education Support Personnel","Sep 18, 2025 6:00 AM (UTC)","Journey Education Support Personnel","Journey Elementary","https://natronaschools.schoolspring.com/","Natrona School District 1","2025-10-24"
516,"NCHS Assistant Girls Soccer Coach","Sep 16, 2025 6:00 AM (UTC)","NCHS Assistant Girls Soccer Coach","Natrona County High School","https://natronaschools.schoolspring.com/","Natrona School District 1","2025-10-24"
517,"Senior Mechanic","Sep 11, 2025 6:00 AM (UTC)","Senior Mechanic","Transportation","https://natronaschools.schoolspring.com/","Natrona School District 1","2025-10-24"
518,"Manor Heights BASE-Education Support Specialist","Sep 10, 2025 6:00 AM (UTC)","Manor Heights BASE-Education Support Specialist","Manor Heights Elementary","https://natronaschools.schoolspring.com/","Natrona School District 1","2025-10-24"
519,"Paradise Valley Education Support Personnel/Cafeteria Technician",NA,"Paradise Valley Education Support Personnel/Cafeteria Technician","Paradise Valley Elementary","https://natronaschools.schoolspring.com/","Natrona School District 1","2025-10-24"
520,"Cottonwood Education Support Specialist -FLS",NA,"Cottonwood Education Support Specialist -FLS","Cottonwood Elementary","https://natronaschools.schoolspring.com/","Natrona School District 1","2025-10-24"
521,"Cottonwood Behavior and Substitute Support Personnel",NA,"Cottonwood Behavior and Substitute Support Personnel","Cottonwood Elementary","https://natronaschools.schoolspring.com/","Natrona School District 1","2025-10-24"
522,"CYMS At-Will Co-Curricular Basketball Aide",NA,"CYMS At-Will Co-Curricular Basketball Aide","CY Middle School","https://natronaschools.schoolspring.com/","Natrona School District 1","2025-10-24"
523,"CYMS At-Will Co-Curricular  Head Coach X-Country Skiing",NA,"CYMS At-Will Co-Curricular  Head Coach X-Country Skiing","CY Middle School","https://natronaschools.schoolspring.com/","Natrona School District 1","2025-10-24"
524,"Evansville Elementary Tutor for the 2025-2026 School Year Only",NA,"Evansville Elementary Tutor for the 2025-2026 School Year Only","Evansville Elementary","https://natronaschools.schoolspring.com/","Natrona School District 1","2025-10-24"
525,"Education Support Specialist/Education Support Personnel",NA,"Education Support Specialist/Education Support Personnel","Centennial Middle School","https://natronaschools.schoolspring.com/","Natrona School District 1","2025-10-24"
526,"Occupational Therapist beginning the 2025-2026 School Year",NA,"Occupational Therapist beginning the 2025-2026 School Year","Special Education Services Center","https://natronaschools.schoolspring.com/","Natrona School District 1","2025-10-24"
527,"Dean Morgan Education Support Personnel",NA,"Dean Morgan Education Support Personnel","Dean Morgan Middle School","https://natronaschools.schoolspring.com/","Natrona School District 1","2025-10-24"
528,"Dean Morgan Part Time Cafeteria Technician",NA,"Dean Morgan Part Time Cafeteria Technician","Dean Morgan Middle School","https://natronaschools.schoolspring.com/","Natrona School District 1","2025-10-24"
529,"Dean Morgan Substitute on Daily Assignment",NA,"Dean Morgan Substitute on Daily Assignment","Dean Morgan Middle School","https://natronaschools.schoolspring.com/","Natrona School District 1","2025-10-24"
530,"SESC - 1:1 School Nurse Beginning the 2025-2026 School Year",NA,"SESC - 1:1 School Nurse Beginning the 2025-2026 School Year","Special Education Services Center","https://natronaschools.schoolspring.com/","Natrona School District 1","2025-10-24"
531,"Verda James Education Support Personnel (Part-Time)",NA,"Verda James Education Support Personnel (Part-Time)","Verda James Elementary","https://natronaschools.schoolspring.com/","Natrona School District 1","2025-10-24"
532,"Verda James Education Support Personnel",NA,"Verda James Education Support Personnel","Verda James Elementary","https://natronaschools.schoolspring.com/","Natrona School District 1","2025-10-24"
533,"Fort Caspar Academy Education Support Specialist (FLS Classroom)",NA,"Fort Caspar Academy Education Support Specialist (FLS Classroom)","Fort Caspar Academy","https://natronaschools.schoolspring.com/","Natrona School District 1","2025-10-24"
534,"Fort Caspar Academy Cafeteria Specialist / Education Support Personnel",NA,"Fort Caspar Academy Cafeteria Specialist / Education Support Personnel","Fort Caspar Academy","https://natronaschools.schoolspring.com/","Natrona School District 1","2025-10-24"
535,"KWHS - Marine Instructor (MI) OR Senior ROTC Marine Instructor (SMI)",NA,"KWHS - Marine Instructor (MI) OR Senior ROTC Marine Instructor (SMI)","Kelly Walsh High School","https://natronaschools.schoolspring.com/","Natrona School District 1","2025-10-24"
536,"RHS Substitute on Daily Assignment",NA,"RHS Substitute on Daily Assignment","Roosevelt High School","https://natronaschools.schoolspring.com/","Natrona School District 1","2025-10-24"
537,"Classified Substitute 2025-26 School Year",NA,"Classified Substitute 2025-26 School Year","NCSD","https://natronaschools.schoolspring.com/","Natrona School District 1","2025-10-24"
538,"Substitute Teacher 2025-26 School Year",NA,"Substitute Teacher 2025-26 School Year","NCSD","https://natronaschools.schoolspring.com/","Natrona School District 1","2025-10-24"
539,"Special Education Teacher Beginning the 2025-2026 School Year",NA,"Special Education Teacher Beginning the 2025-2026 School Year","Special Education Services Center","https://natronaschools.schoolspring.com/","Natrona School District 1","2025-10-24"
540,"NCHS Education Support Personnel",NA,"NCHS Education Support Personnel","Natrona County High School","https://natronaschools.schoolspring.com/","Natrona School District 1","2025-10-24"
541,"NCHS Education Support Specialist/Education Support Personnel",NA,"NCHS Education Support Specialist/Education Support Personnel","Natrona County High School","https://natronaschools.schoolspring.com/","Natrona School District 1","2025-10-24"
542,"CYMS At-Will Co-Curricular-Football Coach Aide",NA,"CYMS At-Will Co-Curricular-Football Coach Aide","CY Middle School","https://natronaschools.schoolspring.com/","Natrona School District 1","2025-10-24"
543,"Bus Driver 175-day",NA,"Bus Driver 175-day","Transportation","https://natronaschools.schoolspring.com/","Natrona School District 1","2025-10-24"
544,"District Counselor/Social Worker to Begin the 2025-2026 School Year",NA,"District Counselor/Social Worker to Begin the 2025-2026 School Year","Special Education Services Center","https://natronaschools.schoolspring.com/","Natrona School District 1","2025-10-24"
545,"Education Interpreter",NA,"Education Interpreter","Special Education Services Center","https://natronaschools.schoolspring.com/","Natrona School District 1","2025-10-24"
546,"KWHS Assistant Girls Basketball Coach",NA,"KWHS Assistant Girls Basketball Coach","Kelly Walsh High School","https://natronaschools.schoolspring.com/","Natrona School District 1","2025-10-24"
547,"District Physical Therapist Beginning 2025-26 School Year",NA,"District Physical Therapist Beginning 2025-26 School Year","Special Education Services Center","https://natronaschools.schoolspring.com/","Natrona School District 1","2025-10-24"
548,"Lego League/ Robotics Activity",NA,"Lego League/ Robotics Activity","District Activities","https://natronaschools.schoolspring.com/","Natrona School District 1","2025-10-24"
549,"School Psychologist Beginning the 2025-2026 School Year",NA,"School Psychologist Beginning the 2025-2026 School Year","Special Education Services Center","https://natronaschools.schoolspring.com/","Natrona School District 1","2025-10-24"
550,"Substitute Custodian",NA,"Substitute Custodian","Human Resources","https://natronaschools.schoolspring.com/","Natrona School District 1","2025-10-24"
551,"Substitute Nurse",NA,"Substitute Nurse","Natrona County School District","https://natronaschools.schoolspring.com/","Natrona School District 1","2025-10-24"
552,"JH Boys basketball assistant coach","Oct 01, 2025 6:00 AM (UTC)","JH Boys basketball assistant coach","Burns Jr./Sr. High School","https://laramie2.schoolspring.com/","Laramie County School District 2","2025-10-24"
553,"JH Girls Wrestling Assistant Coach","Oct 01, 2025 6:00 AM (UTC)","JH Girls Wrestling Assistant Coach","Burns Jr./Sr. High School","https://laramie2.schoolspring.com/","Laramie County School District 2","2025-10-24"
554,"JH Girls Wrestling Assigned Head Coach","Oct 01, 2025 6:00 AM (UTC)","JH Girls Wrestling Assigned Head Coach","Burns Jr./Sr. High School","https://laramie2.schoolspring.com/","Laramie County School District 2","2025-10-24"
555,"HS Boys Wrestling (Numbers Coach)","Oct 01, 2025 6:00 AM (UTC)","HS Boys Wrestling (Numbers Coach)","Burns Jr./Sr. High School","https://laramie2.schoolspring.com/","Laramie County School District 2","2025-10-24"
556,"JH Boys Wrestling (Numbers Coach","Oct 01, 2025 6:00 AM (UTC)","JH Boys Wrestling (Numbers Coach","Burns Jr./Sr. High School","https://laramie2.schoolspring.com/","Laramie County School District 2","2025-10-24"
557,"Head Junior High Boys Basketball Coach","Sep 22, 2025 6:00 AM (UTC)","Head Junior High Boys Basketball Coach","Pine Bluffs Jr./Sr. High School","https://laramie2.schoolspring.com/","Laramie County School District 2","2025-10-24"
558,"Substitute School Nurse","Sep 15, 2025 6:00 AM (UTC)","Substitute School Nurse","LARAMIE COUNTY SD #2","https://laramie2.schoolspring.com/","Laramie County School District 2","2025-10-24"
559,"ELL Parent Translator Contactor","Sep 15, 2025 6:00 AM (UTC)","ELL Parent Translator Contactor","LARAMIE COUNTY SD #2","https://laramie2.schoolspring.com/","Laramie County School District 2","2025-10-24"
560,"Assistant JH Football Coach",NA,"Assistant JH Football Coach","Burns Jr./Sr. High School","https://laramie2.schoolspring.com/","Laramie County School District 2","2025-10-24"
561,"ELL Paraprofessional",NA,"ELL Paraprofessional","LARAMIE COUNTY SD #2","https://laramie2.schoolspring.com/","Laramie County School District 2","2025-10-24"
562,"JH Assistant Track Coach",NA,"JH Assistant Track Coach","Pine Bluffs Jr./Sr. High School","https://laramie2.schoolspring.com/","Laramie County School District 2","2025-10-24"
563,"Sub Paraprofessional",NA,"Sub Paraprofessional","LARAMIE COUNTY SD #2","https://laramie2.schoolspring.com/","Laramie County School District 2","2025-10-24"
564,"Sub Custodian",NA,"Sub Custodian","LARAMIE COUNTY SD #2","https://laramie2.schoolspring.com/","Laramie County School District 2","2025-10-24"
565,"Substitute Cook",NA,"Substitute Cook","LARAMIE COUNTY SD #2","https://laramie2.schoolspring.com/","Laramie County School District 2","2025-10-24"
566,"Substitute Teacher",NA,"Substitute Teacher","LARAMIE COUNTY SD #2","https://laramie2.schoolspring.com/","Laramie County School District 2","2025-10-24"
567,"Substitute Bus Driver",NA,"Substitute Bus Driver","LARAMIE COUNTY SD #2","https://laramie2.schoolspring.com/","Laramie County School District 2","2025-10-24"
568,"BUS AIDE","Oct 17, 2025 6:00 AM (UTC)","BUS AIDE","BUS GARAGE - TRANSPORTATION","https://fremont25.schoolspring.com/","Fremont County School District 25","2025-10-24"
569,"BUS DRIVER (PART TIME)","Oct 17, 2025 6:00 AM (UTC)","BUS DRIVER (PART TIME)","BUS GARAGE - TRANSPORTATION","https://fremont25.schoolspring.com/","Fremont County School District 25","2025-10-24"
570,"RENDEZVOUS ELEMENTARY PARA (TITLE I)","Oct 17, 2025 6:00 AM (UTC)","RENDEZVOUS ELEMENTARY PARA (TITLE I)","RENDEZVOUS ELEMENTARY","https://fremont25.schoolspring.com/","Fremont County School District 25","2025-10-24"
571,"IT: SIS & COMMUNICATION SUPPORT SPECIALIST","Oct 16, 2025 6:00 AM (UTC)","IT: SIS & COMMUNICATION SUPPORT SPECIALIST","CENTRAL OFFICE","https://fremont25.schoolspring.com/","Fremont County School District 25","2025-10-24"
572,"RIVERTON MIDDLE SCHOOL PARA (ARSP)","Oct 06, 2025 6:00 AM (UTC)","RIVERTON MIDDLE SCHOOL PARA (ARSP)","RIVERTON MIDDLE SCHOOL","https://fremont25.schoolspring.com/","Fremont County School District 25","2025-10-24"
573,"SUBSTITUTE PARA","Sep 26, 2025 6:00 AM (UTC)","SUBSTITUTE PARA","Fremont County School District 25","https://fremont25.schoolspring.com/","Fremont County School District 25","2025-10-24"
574,"MIDDLE SCHOOL COACH (ASSISTANT TRACK)",NA,"MIDDLE SCHOOL COACH (ASSISTANT TRACK)","RIVERTON MIDDLE SCHOOL","https://fremont25.schoolspring.com/","Fremont County School District 25","2025-10-24"
575,"MIDDLE SCHOOL PARA (SPED LEARNING RESOURCE)",NA,"MIDDLE SCHOOL PARA (SPED LEARNING RESOURCE)","RIVERTON MIDDLE SCHOOL","https://fremont25.schoolspring.com/","Fremont County School District 25","2025-10-24"
576,"HIGH SCHOOL ASSISTANT COACH (WRESTLING)",NA,"HIGH SCHOOL ASSISTANT COACH (WRESTLING)","RIVERTON HIGH SCHOOL","https://fremont25.schoolspring.com/","Fremont County School District 25","2025-10-24"
577,"HIGH SCHOOL ASSISTANT COACH (TRACK)",NA,"HIGH SCHOOL ASSISTANT COACH (TRACK)","RIVERTON HIGH SCHOOL","https://fremont25.schoolspring.com/","Fremont County School District 25","2025-10-24"
578,"SUBSTITUTE INTERPRETER FOR DEAF/HARD OF HEARING STUDENTS",NA,"SUBSTITUTE INTERPRETER FOR DEAF/HARD OF HEARING STUDENTS","Fremont County School District 25","https://fremont25.schoolspring.com/","Fremont County School District 25","2025-10-24"
579,"SUBSTITUTE CUSTODIAN","Sep 17, 2024 12:00 AM (UTC)","SUBSTITUTE CUSTODIAN","Fremont County School District 25","https://fremont25.schoolspring.com/","Fremont County School District 25","2025-10-24"
580,"SUBSTITUTE DAYCARE ASSISTANT",NA,"SUBSTITUTE DAYCARE ASSISTANT","Fremont County School District 25","https://fremont25.schoolspring.com/","Fremont County School District 25","2025-10-24"
581,"SUBSTITUTE TEACHER",NA,"SUBSTITUTE TEACHER","Fremont County School District 25","https://fremont25.schoolspring.com/","Fremont County School District 25","2025-10-24"
582,"SUBSTITUTE NURSE",NA,"SUBSTITUTE NURSE","Fremont County School District 25","https://fremont25.schoolspring.com/","Fremont County School District 25","2025-10-24"
583,"LIFEGUARD",NA,"LIFEGUARD","RIVERTON AQUATICS CENTER","https://fremont25.schoolspring.com/","Fremont County School District 25","2025-10-24"
584,"DESK CLERK",NA,"DESK CLERK","RIVERTON AQUATICS CENTER","https://fremont25.schoolspring.com/","Fremont County School District 25","2025-10-24"
585,"SUBSTITUTE BUS DRIVER",NA,"SUBSTITUTE BUS DRIVER","BUS GARAGE - TRANSPORTATION","https://fremont25.schoolspring.com/","Fremont County School District 25","2025-10-24"
586,"Paraprofessional - Specialized Populations","Oct 22, 2025 6:00 AM (UTC)","Paraprofessional - Specialized Populations","Albany County School District 1","https://acsd1.schoolspring.com/","Albany Count School District 1","2025-10-24"
587,"Personalized Learning Services Paraprofessional","Oct 20, 2025 6:00 AM (UTC)","Personalized Learning Services Paraprofessional","Indian Paintbrush Elementary School","https://acsd1.schoolspring.com/","Albany Count School District 1","2025-10-24"
588,"Middle School Assistant Track Coach","Oct 06, 2025 6:00 AM (UTC)","Middle School Assistant Track Coach","Rock River Junior High","https://acsd1.schoolspring.com/","Albany Count School District 1","2025-10-24"
589,"Junior High School Boys' Assistant Basketball Coach","Sep 29, 2025 6:00 AM (UTC)","Junior High School Boys' Assistant Basketball Coach","Rock River Junior High","https://acsd1.schoolspring.com/","Albany Count School District 1","2025-10-24"
590,"Sports Paraprofessional",NA,"Sports Paraprofessional","Laramie Middle School","https://acsd1.schoolspring.com/","Albany Count School District 1","2025-10-24"
591,"Substitute Nurse",NA,"Substitute Nurse","Albany County School District 1","https://acsd1.schoolspring.com/","Albany Count School District 1","2025-10-24"
592,"Substitute Teacher",NA,"Substitute Teacher","Albany County School District 1","https://acsd1.schoolspring.com/","Albany Count School District 1","2025-10-24"
593,"High School Head Track Coach",NA,"High School Head Track Coach","Rock River High School","https://acsd1.schoolspring.com/","Albany Count School District 1","2025-10-24"
594,"Substitute Custodian",NA,"Substitute Custodian","Albany County School District 1","https://acsd1.schoolspring.com/","Albany Count School District 1","2025-10-24"
595,"Middle School Girls' Wrestling Coach",NA,"Middle School Girls' Wrestling Coach","Laramie Middle School","https://acsd1.schoolspring.com/","Albany Count School District 1","2025-10-24"
596,"Bus Aide",NA,"Bus Aide","Albany County School District 1","https://acsd1.schoolspring.com/","Albany Count School District 1","2025-10-24"
597,"Bus Driver",NA,"Bus Driver","Albany County School District 1","https://acsd1.schoolspring.com/","Albany Count School District 1","2025-10-24"
598,"Special Programs Education Assistant/ASD",NA,"Special Programs Education Assistant/ASD","PRONGHORN ELEMENTARY","https://campbell.schoolspring.com/","Campbell County Scholl District 1","2025-10-24"
599,"Special Programs Education Assistant - Hearing Impaired",NA,"Special Programs Education Assistant - Hearing Impaired","PRONGHORN ELEMENTARY","https://campbell.schoolspring.com/","Campbell County Scholl District 1","2025-10-24"
600,"Asst. HS Girls Basketball Coach","Oct 22, 2025 6:00 AM (UTC)","Asst. HS Girls Basketball Coach","WRIGHT JR./SR. HIGH SCHOOL","https://campbell.schoolspring.com/","Campbell County Scholl District 1","2025-10-24"
601,"Special Programs Education Assistant","Oct 22, 2025 6:00 AM (UTC)","Special Programs Education Assistant","CONESTOGA ELEMENTARY","https://campbell.schoolspring.com/","Campbell County Scholl District 1","2025-10-24"
602,"Special Programs Education Assistant","Oct 22, 2025 6:00 AM (UTC)","Special Programs Education Assistant","HILLCREST ELEMENTARY","https://campbell.schoolspring.com/","Campbell County Scholl District 1","2025-10-24"
603,"Special Programs Education Assistant","Oct 22, 2025 6:00 AM (UTC)","Special Programs Education Assistant","MEADOWLARK ELEMENTARY","https://campbell.schoolspring.com/","Campbell County Scholl District 1","2025-10-24"
604,"Custodian","Oct 22, 2025 6:00 AM (UTC)","Custodian","CAMPBELL COUNTY HIGH SCHOOL","https://campbell.schoolspring.com/","Campbell County Scholl District 1","2025-10-24"
605,"Special Programs Education Assistant","Oct 21, 2025 6:00 AM (UTC)","Special Programs Education Assistant","SUNFLOWER ELEMENTARY","https://campbell.schoolspring.com/","Campbell County Scholl District 1","2025-10-24"
606,"Student Custodian","Oct 15, 2025 6:00 AM (UTC)","Student Custodian","THUNDER BASIN HIGH SCHOOL","https://campbell.schoolspring.com/","Campbell County Scholl District 1","2025-10-24"
607,"Special Programs Education Assistant","Oct 15, 2025 6:00 AM (UTC)","Special Programs Education Assistant","WAGONWHEEL ELEMENTARY","https://campbell.schoolspring.com/","Campbell County Scholl District 1","2025-10-24"
608,"Special Programs Education Assistant for Students with High Needs","Oct 15, 2025 6:00 AM (UTC)","Special Programs Education Assistant for Students with High Needs","BUFFALO RIDGE ELEMENTARY SCHOOL","https://campbell.schoolspring.com/","Campbell County Scholl District 1","2025-10-24"
609,"Skilled Maintenance Crafts - Mechanic","Oct 13, 2025 6:00 AM (UTC)","Skilled Maintenance Crafts - Mechanic","CAMPBELL COUNTY SCHOOL DISTRICT #1","https://campbell.schoolspring.com/","Campbell County Scholl District 1","2025-10-24"
610,"Interpreter/Translator","Sep 29, 2025 6:00 AM (UTC)","Interpreter/Translator","CAMPBELL COUNTY HIGH SCHOOL","https://campbell.schoolspring.com/","Campbell County Scholl District 1","2025-10-24"
611,"Emotionally Disabled Special Programs Education Assistant","Sep 24, 2025 6:00 AM (UTC)","Emotionally Disabled Special Programs Education Assistant","CONESTOGA ELEMENTARY","https://campbell.schoolspring.com/","Campbell County Scholl District 1","2025-10-24"
612,"Special Programs Education Assistant/ASD","Sep 19, 2025 6:00 AM (UTC)","Special Programs Education Assistant/ASD","LAKEVIEW ELEMENTARY","https://campbell.schoolspring.com/","Campbell County Scholl District 1","2025-10-24"
613,"Special Programs Education Assistant for Students with High Needs","Sep 11, 2025 6:00 AM (UTC)","Special Programs Education Assistant for Students with High Needs","CAMPBELL COUNTY HIGH SCHOOL","https://campbell.schoolspring.com/","Campbell County Scholl District 1","2025-10-24"
614,"Special Programs Education Assistant","Sep 03, 2025 6:00 AM (UTC)","Special Programs Education Assistant","PRONGHORN ELEMENTARY","https://campbell.schoolspring.com/","Campbell County Scholl District 1","2025-10-24"
615,"Hearing Impaired Interpreter","Sep 03, 2025 6:00 AM (UTC)","Hearing Impaired Interpreter","PRONGHORN ELEMENTARY","https://campbell.schoolspring.com/","Campbell County Scholl District 1","2025-10-24"
616,"Jr. Cheerleading Sponsor",NA,"Jr. Cheerleading Sponsor","WRIGHT JR./SR. HIGH SCHOOL","https://campbell.schoolspring.com/","Campbell County Scholl District 1","2025-10-24"
617,"Foreign Language Teacher - German",NA,"Foreign Language Teacher - German","CAMPBELL COUNTY HIGH SCHOOL","https://campbell.schoolspring.com/","Campbell County Scholl District 1","2025-10-24"
618,"Orientation and Mobility Specialist",NA,"Orientation and Mobility Specialist","CAMPBELL COUNTY SCHOOL DISTRICT #1","https://campbell.schoolspring.com/","Campbell County Scholl District 1","2025-10-24"
619,"Teacher for the Deaf and Hard of Hearing",NA,"Teacher for the Deaf and Hard of Hearing","CAMPBELL COUNTY SCHOOL DISTRICT #1","https://campbell.schoolspring.com/","Campbell County Scholl District 1","2025-10-24"
620,"ACTIVITY BUS DRIVER",NA,"ACTIVITY BUS DRIVER","CAMPBELL COUNTY SCHOOL DISTRICT #1","https://campbell.schoolspring.com/","Campbell County Scholl District 1","2025-10-24"
621,"BUS DRIVER/BUS DRIVER IN TRAINING",NA,"BUS DRIVER/BUS DRIVER IN TRAINING","CAMPBELL COUNTY SCHOOL DISTRICT #1","https://campbell.schoolspring.com/","Campbell County Scholl District 1","2025-10-24"
622,"Substitute School Nurse",NA,"Substitute School Nurse","CAMPBELL COUNTY SCHOOL DISTRICT #1","https://campbell.schoolspring.com/","Campbell County Scholl District 1","2025-10-24"
623,"Substitute Teacher",NA,"Substitute Teacher","CAMPBELL COUNTY SCHOOL DISTRICT #1","https://campbell.schoolspring.com/","Campbell County Scholl District 1","2025-10-24"
624,"7/8 Football Coach",NA,"7/8 Football Coach","WRIGHT JR./SR. HIGH SCHOOL","https://campbell.schoolspring.com/","Campbell County Scholl District 1","2025-10-24"
625,"SCHOOL PSYCHOLOGIST INTERN",NA,"SCHOOL PSYCHOLOGIST INTERN","CAMPBELL COUNTY SCHOOL DISTRICT #1","https://campbell.schoolspring.com/","Campbell County Scholl District 1","2025-10-24"
626,"Sample Classified Position",NA,"Sample Classified Position","CAMPBELL COUNTY SCHOOL DISTRICT #1","https://campbell.schoolspring.com/","Campbell County Scholl District 1","2025-10-24"
627,"Sample Certified Position",NA,"Sample Certified Position","CAMPBELL COUNTY SCHOOL DISTRICT #1","https://campbell.schoolspring.com/","Campbell County Scholl District 1","2025-10-24"
628,"Permanent Substitute Teacher",NA,"Substitute","Etna/Thayne Elementary","https://lcsd2.org/employment-opportunities/","Lincoln County School District 2","2025-10-24"
629,"Groundskeeper",NA,"Classified","Cokeville","https://lcsd2.org/employment-opportunities/","Lincoln County School District 2","2025-10-24"
630,"Food Service",NA,"Classified","Star Valley High School","https://lcsd2.org/employment-opportunities/","Lincoln County School District 2","2025-10-24"
631,"Activity Bus Driver",NA,"Classified","Star Valley","https://lcsd2.org/employment-opportunities/","Lincoln County School District 2","2025-10-24"
632,"Bus Driver",NA,"Classified","Star Valley","https://lcsd2.org/employment-opportunities/","Lincoln County School District 2","2025-10-24"
633,"Snow Removal",NA,"Classified","Star Valley","https://lcsd2.org/employment-opportunities/","Lincoln County School District 2","2025-10-24"
634,"Special Education Aide",NA,"Classified","Osmond Elementary","https://lcsd2.org/employment-opportunities/","Lincoln County School District 2","2025-10-24"
635,"Special Education Aide",NA,"Classified","Thayne Elementary","https://lcsd2.org/employment-opportunities/","Lincoln County School District 2","2025-10-24"
636,"Special Education Aide",NA,"Classified","Star Valley Middle School","https://lcsd2.org/employment-opportunities/","Lincoln County School District 2","2025-10-24"
637,"Special Education Aide",NA,"Classified","Etna Elementary","https://lcsd2.org/employment-opportunities/","Lincoln County School District 2","2025-10-24"
638,"Title I Aide- Part Time",NA,"Classified","Etna Elemntary","https://lcsd2.org/employment-opportunities/","Lincoln County School District 2","2025-10-24"
639,"Food Service- Two hours a day",NA,"Classified","Afton Elementary","https://lcsd2.org/employment-opportunities/","Lincoln County School District 2","2025-10-24"
640,"Bus Aide",NA,"Classified","Part Time","https://lcsd2.org/employment-opportunities/","Lincoln County School District 2","2025-10-24"
641,"Speech Language Pathologist",NA,"Certified","District Wide","https://lcsd2.org/employment-opportunities/","Lincoln County School District 2","2025-10-24"
642,"Substitute School Nurse",NA,"Classified","Star Valley","https://lcsd2.org/employment-opportunities/","Lincoln County School District 2","2025-10-24"
643,"Certified Substitute Teacher Pool",NA,"Substitute","Star Valley","https://lcsd2.org/employment-opportunities/","Lincoln County School District 2","2025-10-24"
644,"Certified Substitute Teacher Pool",NA,"Substitute","Cokeville","https://lcsd2.org/employment-opportunities/","Lincoln County School District 2","2025-10-24"
645,"Substitute Custodians",NA,"Classified","District","https://lcsd2.org/employment-opportunities/","Lincoln County School District 2","2025-10-24"
646,"Substitute Bus Drivers",NA,"Classified","Cokeville","https://lcsd2.org/employment-opportunities/","Lincoln County School District 2","2025-10-24"
647,"Substitute Bus Drivers",NA,"Classified","Star Valley","https://lcsd2.org/employment-opportunities/","Lincoln County School District 2","2025-10-24"
648,"Substitute Bus Aides",NA,"Classified","Star Valley","https://lcsd2.org/employment-opportunities/","Lincoln County School District 2","2025-10-24"
649,"Substitute Food Service (Cooks)",NA,"Classified","District","https://lcsd2.org/employment-opportunities/","Lincoln County School District 2","2025-10-24"
650,"Girls Soccer Coach",NA,"Coaching","Star Valley Middle School","https://lcsd2.org/employment-opportunities/","Lincoln County School District 2","2025-10-24"
651,"Boys Soccer Coach",NA,"Coaching","Star Valley Middle School","https://lcsd2.org/employment-opportunities/","Lincoln County School District 2","2025-10-24"
652,"Boys Basketball Coach",NA,"Coaching","Cokeville Junior High School","https://lcsd2.org/employment-opportunities/","Lincoln County School District 2","2025-10-24"
653,"Volunteer Coach/Advisor",NA,"Coaching","District","https://lcsd2.org/employment-opportunities/","Lincoln County School District 2","2025-10-24"
654,"Assistant High School Boys Basketball",NA,"Coaching","District","https://www.growingluskleaders.org/page/human-resources","Niobrara County School District 1","2025-10-24"
655,"Assistant High School Football",NA,"Coaching","District","https://www.growingluskleaders.org/page/human-resources","Niobrara County School District 1","2025-10-24"
656,"Assistant Middle School Volleyball",NA,"Coaching","District","https://www.growingluskleaders.org/page/human-resources","Niobrara County School District 1","2025-10-24"
657,"Yearbook Sponsor",NA,"Coaching","District","https://www.growingluskleaders.org/page/human-resources","Niobrara County School District 1","2025-10-24"
658,"BUS DRIVER SUBSTITUTES- District Wide",NA,"Classified","District","https://www.growingluskleaders.org/page/human-resources","Niobrara County School District 1","2025-10-24"
659,"CUSTODIAL SUBSTITUTE- District Wide",NA,"Classified","District","https://www.growingluskleaders.org/page/human-resources","Niobrara County School District 1","2025-10-24"
660,"HS Assistant Track Coach",NA,"Coaching","District","https://pcsd16.com/271372_2","Park County School District 16","2025-10-24"
661,"SPECIAL EDUCATION PARAPROFESSIONAL",NA,"Classified","District","https://pcsd16.com/271372_2","Park County School District 16","2025-10-24"
662,"Substitutes for all Postions",NA,"Substitute","PCSD#1 Schools, Glendo and Wheatland","https://www.platte1.org/377683_4","Platte County School District 1","2025-10-24"
663,"Head Softball Coach",NA,"Coaching","Wheatland High School","https://www.platte1.org/377683_4","Platte County School District 1","2025-10-24"
664,"Full Time Substitute Custodian",NA,"Classified","Glendo, WY","https://www.platte1.org/377683_4","Platte County School District 1","2025-10-24"
665,"Substitutes for Custodians",NA,"Classified","District","https://www.platte1.org/377683_4","Platte County School District 1","2025-10-24"
666,"Assistant Wrestling Coachinges",NA,"Coaching","Wheatland High School","https://www.platte1.org/377683_4","Platte County School District 1","2025-10-24"
667,"Custodial/Maintenance Position",NA,"Classified","District","https://www.guernseysunrise.org/page/employment","Platte County School District 2","2025-10-24"
668,"Junior High Boys Basketball",NA,"Other","District","https://www.guernseysunrise.org/page/employment","Platte County School District 2","2025-10-24"
669,"Substitute Activity Drivers",NA,"Classified","District","https://www.guernseysunrise.org/page/employment","Platte County School District 2","2025-10-24"
670,"Substitute Certified Teachers $180/Day",NA,"Substitute","District","https://www.guernseysunrise.org/page/employment","Platte County School District 2","2025-10-24"
671,"Substitute Paraeducators $100/Day",NA,"Classified","District","https://www.guernseysunrise.org/page/employment","Platte County School District 2","2025-10-24"
672,"Bus Driver",NA,"Classified","District","https://www.sheridan3.com/page/hr-and-career-opportunities","Sheridan County School District 3","2025-10-24"
673,"Certified Substitute Teachers ($150.00 per day (plus lunch) or $75.00 per 1/2 day)",NA,"Substitute","District","https://www.sheridan3.com/page/hr-and-career-opportunities","Sheridan County School District 3","2025-10-24"
674,"High School Assistant Volleyball",NA,"Coach","District","https://www.sheridan3.com/page/hr-and-career-opportunities","Sheridan County School District 3","2025-10-24"
675,"Bus Driver - Bus Driver",NA,"Classified","District","https://www.sub1.org/en-US/employment-and-human-resources-f26202d3","Sublette County School District 1","2025-10-24"
676,"Food Service Worker - 2025-2026",NA,"Classified","District","https://www.sub1.org/en-US/employment-and-human-resources-f26202d3","Sublette County School District 1","2025-10-24"
677,"Food Service Workers - 2025-2026",NA,"Classified","District","https://www.sub1.org/en-US/employment-and-human-resources-f26202d3","Sublette County School District 1","2025-10-24"
678,"Substitute Bus Driver",NA,"Classified","District","https://www.sub1.org/en-US/employment-and-human-resources-f26202d3","Sublette County School District 1","2025-10-24"
679,"Substitute School Nurse",NA,"Classified","District","https://www.sub1.org/en-US/employment-and-human-resources-f26202d3","Sublette County School District 1","2025-10-24"
680,"Substitutes",NA,"Substitute","District","https://www.sub1.org/en-US/employment-and-human-resources-f26202d3","Sublette County School District 1","2025-10-24"
681,"Track Coach- Middle School",NA,"Coach","District","https://www.sub1.org/en-US/employment-and-human-resources-f26202d3","Sublette County School District 1","2025-10-24"
682,"K-12 English Language Learner Aide",NA,"Classified","District","https://www.sublette9.org/apps/pages/index.jsp?uREC_ID=4445550&type=d&pREC_ID=2685329","Sublette County School District 9","2025-10-24"
683,"Middle School Basketball",NA,"Coaching","District","https://www.sublette9.org/apps/pages/index.jsp?uREC_ID=4445550&type=d&pREC_ID=2685329","Sublette County School District 9","2025-10-24"
684,"Middle School Asst. Track",NA,"Coaching","District","https://www.sublette9.org/apps/pages/index.jsp?uREC_ID=4445550&type=d&pREC_ID=2685329","Sublette County School District 9","2025-10-24"
685,"High School Assistant Track",NA,"Coaching","District","https://www.sublette9.org/apps/pages/index.jsp?uREC_ID=4445550&type=d&pREC_ID=2685329","Sublette County School District 9","2025-10-24"
686,"All kinds of Substitutes",NA,"Substitute","District","https://www.sublette9.org/apps/pages/index.jsp?uREC_ID=4445550&type=d&pREC_ID=2685329","Sublette County School District 9","2025-10-24"
687,"Substitutes- all positions",NA,"Substitute","District","https://www.uinta4.com/departments/business_office/job_opportunities/current_openings","Uinta County School District 4","2025-10-24"
688,"Substitute Bus Drivers",NA,"Classified","District","https://sites.google.com/lymanschools.org/ucsd6/home/job-openings?authuser=0","Uinta County School District 6","2025-10-24"
689,"Substitute School Bus Aides",NA,"Classified","District","https://sites.google.com/lymanschools.org/ucsd6/home/job-openings?authuser=0","Uinta County School District 6","2025-10-24"
690,"High School Assitant Girls Wrestling Coach",NA,"Coaching","District","https://sites.google.com/lymanschools.org/ucsd6/home/job-openings?authuser=0","Uinta County School District 6","2025-10-24"
691,"High School Assistant Girls Basket Ball Coach",NA,"Coaching","District","https://sites.google.com/lymanschools.org/ucsd6/home/job-openings?authuser=0","Uinta County School District 6","2025-10-24"
692,"Middle School Girls Wrestling Coach",NA,"Coaching","District","https://sites.google.com/lymanschools.org/ucsd6/home/job-openings?authuser=0","Uinta County School District 6","2025-10-24"
693,"Middle School 8th Grade Volleyball Coach",NA,"Coaching","District","https://sites.google.com/lymanschools.org/ucsd6/home/job-openings?authuser=0","Uinta County School District 6","2025-10-24"
694,"Middle School Boys Basketball Coach",NA,"Coaching","District","https://sites.google.com/lymanschools.org/ucsd6/home/job-openings?authuser=0","Uinta County School District 6","2025-10-24"
695,"Always in need of substitutes",NA,"Substitute","District","https://sites.google.com/lymanschools.org/ucsd6/home/job-openings?authuser=0","Uinta County School District 6","2025-10-24"
696,"Substitute and activity BUS DRIVER",NA,"Classified","District","https://www.wsh2.k12.wy.us/apps/pages/index.jsp?uREC_ID=440610&type=d&pREC_ID=1008214","Washakie County School District 2","2025-10-24"
697,"High School Girls Basketball Coach",NA,"Coaching","District","https://www.wsh2.k12.wy.us/apps/pages/index.jsp?uREC_ID=440610&type=d&pREC_ID=1008214","Washakie County School District 2","2025-10-24"
698,"Special Education Case Manager Job Description",NA,"Certified","District","https://www.wcsd1.org/apps/pages/Career_Opportunities","Weston County School District 1","2025-10-24"
699,"Special Ed. Teacher position",NA,"Certified","District","https://www.wcsd1.org/apps/pages/Career_Opportunities","Weston County School District 1","2025-10-24"
700,"Paraprofessionals",NA,"Classified","District","https://www.wcsd1.org/apps/pages/Career_Opportunities","Weston County School District 1","2025-10-24"
701,"MS Girls Head and Assistant Wrestling Coach Positions",NA,"Coaching","District","https://www.wcsd1.org/apps/pages/Career_Opportunities","Weston County School District 1","2025-10-24"
702,"Route Bus Drivers",NA,"Classified","District","https://www.wcsd1.org/apps/pages/Career_Opportunities","Weston County School District 1","2025-10-24"
703,"Substitutes",NA,"Substitute","District","https://www.wcsd1.org/apps/pages/Career_Opportunities","Weston County School District 1","2025-10-24"
704,"Custodial-Kitchen subs",NA,"Classified","District","https://www.wcsd1.org/apps/pages/Career_Opportunities","Weston County School District 1","2025-10-24"
705,"Sub Bus Driver",NA,"Classified","District","https://www.wcsd1.org/apps/pages/Career_Opportunities","Weston County School District 1","2025-10-24"
706,"Student Teaching Opportunities",NA,"Student Teaching","District","https://www.wcsd1.org/apps/pages/Career_Opportunities","Weston County School District 1","2025-10-24"
707,"District Maintenance/Transportation Director",NA,"Adminstrative","District","https://www.weston7.org/o/wcsd/page/employment","Weston County School District 7","2025-10-24"
708,"Substitute Teacher",NA,"Substitute","District","https://www.weston7.org/o/wcsd/page/employment","Weston County School District 7","2025-10-24"
709,"Substitute Paraprofessional",NA,"Classified","District","https://www.weston7.org/o/wcsd/page/employment","Weston County School District 7","2025-10-24"
710,"Substitute Custodian",NA,"Classified","District","https://www.weston7.org/o/wcsd/page/employment","Weston County School District 7","2025-10-24"
711,"Substitute Bus Driver (CDL preferred but willing to train)",NA,"Classified","District","https://www.weston7.org/o/wcsd/page/employment","Weston County School District 7","2025-10-24"
712,"Substitute Lunchroom Cook",NA,"Classified","District","https://www.weston7.org/o/wcsd/page/employment","Weston County School District 7","2025-10-24"
713,"Substitute Special Education Aides",NA,"Classified","District","https://www.weston7.org/o/wcsd/page/employment","Weston County School District 7","2025-10-24"
714,"Substitute Teachers",NA,"Substitute","District","https://www.weston7.org/o/wcsd/page/employment","Weston County School District 7","2025-10-24"
715,"Transportation Assistant",NA,"Classified","District","https://jobs.redroverk12.com/org/hotsprings1","Hot Springs County School District 1","2025-10-24"
716,"Crossing Guard",NA,"Classified","District","https://jobs.redroverk12.com/org/hotsprings1","Hot Springs County School District 1","2025-10-24"
717,"Bus Driver",NA,"Classified","District","https://jobs.redroverk12.com/org/hotsprings1","Hot Springs County School District 1","2025-10-24"
718,"Part-Time Custodian",NA,"Classified","District","https://jobs.redroverk12.com/org/hotsprings1","Hot Springs County School District 1","2025-10-24"
719,"Substitute Teacher",NA,"Classified","District","https://jobs.redroverk12.com/org/hotsprings1","Hot Springs County School District 1","2025-10-24"
720,"Paraprofessional",NA,"Classified","District","https://jobs.redroverk12.com/org/hotsprings1","Hot Springs County School District 1","2025-10-24"
721,"Temporary Part Time Secretary",NA,"Classified","New West High","https://jobs.redroverk12.com/org/jcsd1","Johnson County School District 1","2025-10-24"
722,"Asst. Track Coach",NA,"Coaching","Buffalo High School","https://jobs.redroverk12.com/org/jcsd1","Johnson County School District 1","2025-10-24"
723,"Custodial Staff Stubstitute",NA,"Classified","District","https://jobs.redroverk12.com/org/jcsd1","Johnson County School District 1","2025-10-24"
724,"Food Service Staff Substitutes",NA,"Classified","District","https://jobs.redroverk12.com/org/jcsd1","Johnson County School District 1","2025-10-24"
725,"Substitute Teacher",NA,"Substitute","District","https://jobs.redroverk12.com/org/jcsd1","Johnson County School District 1","2025-10-24"
726,"Substiture Buffalo Bus Route Driver",NA,"Classified","District","https://jobs.redroverk12.com/org/jcsd1","Johnson County School District 1","2025-10-24"
727,"Substitute Kaycee Bus Route Driver",NA,"Classified","Kaycee","https://jobs.redroverk12.com/org/jcsd1","Johnson County School District 1","2025-10-24"
728,"Asst. Girls Basketball Coach",NA,"Coaching","Buffalo High School","https://jobs.redroverk12.com/org/jcsd1","Johnson County School District 1","2025-10-24"
729,"Asst. Track Coach",NA,"Coaching","Clear Creek Middle","https://jobs.redroverk12.com/org/jcsd1","Johnson County School District 1","2025-10-24"
