"","title","date_posted","position","location","url","District","Archive_Date"
"1","(1500) Assistant MS Track Coach-Cowley",2025-08-25,"Athletics/ Activities/","Rocky Mountain Middle/High School","https://www.applitrack.com/bighorn1/onlineapp/JobPostings/view.asp?all=1","Big Horn School District 1",2026-03-13
"2","Head Coach High School Volleyball-Burlington",2025-12-16,"Athletics/ Activities/","Burlington Schools","https://www.applitrack.com/bighorn1/onlineapp/JobPostings/view.asp?all=1","Big Horn School District 1",2026-03-13
"3","Middle School Head Wrestling Coach (RMMHS)",2026-02-24,"Athletics/ Activities/","Rocky Mountain Middle/High School","https://www.applitrack.com/bighorn1/onlineapp/JobPostings/view.asp?all=1","Big Horn School District 1",2026-03-13
"4","High School Cross Country Head Coach RMMHS",2026-02-24,"Athletics/ Activities/","Rocky Mountain Middle/High School","https://www.applitrack.com/bighorn1/onlineapp/JobPostings/view.asp?all=1","Big Horn School District 1",2026-03-13
"5","Assistant Middle School Football Coach RMMS",2026-03-04,"Athletics/ Activities/","Rocky Mountain Middle/High School","https://www.applitrack.com/bighorn1/onlineapp/JobPostings/view.asp?all=1","Big Horn School District 1",2026-03-13
"6","School Counselor (Grades 6-12) RMMHS",2026-02-19,"Student Support Services/","Rocky Mountain Middle/High School","https://www.applitrack.com/bighorn1/onlineapp/JobPostings/view.asp?all=1","Big Horn School District 1",2026-03-13
"7","Sub Nurse",2020-09-23,"Student Support Services/","Big Horn Co School District 1","https://www.applitrack.com/bighorn1/onlineapp/JobPostings/view.asp?all=1","Big Horn School District 1",2026-03-13
"8","Sub - Teacher",2020-09-23,"Substitute/","Big Horn Co School District 1","https://www.applitrack.com/bighorn1/onlineapp/JobPostings/view.asp?all=1","Big Horn School District 1",2026-03-13
"9","Sub- Custodial/Cook/Secretary",2020-09-23,"Support Staff/","Big Horn Co School District 1","https://www.applitrack.com/bighorn1/onlineapp/JobPostings/view.asp?all=1","Big Horn School District 1",2026-03-13
"10","Sub - Paraprofessional",2020-09-23,"Support Staff/","Big Horn Co School District 1","https://www.applitrack.com/bighorn1/onlineapp/JobPostings/view.asp?all=1","Big Horn School District 1",2026-03-13
"11","Sub- Route Bus Driver - Burlington",2020-09-23,"Support Staff/","Bus Barn - South","https://www.applitrack.com/bighorn1/onlineapp/JobPostings/view.asp?all=1","Big Horn School District 1",2026-03-13
"12","Sub- Route Bus Driver - Cowley",2020-09-23,"Support Staff/","Bus Barn - North","https://www.applitrack.com/bighorn1/onlineapp/JobPostings/view.asp?all=1","Big Horn School District 1",2026-03-13
"13","High School Principal",2026-03-05,"Administration/","Lovell High School","https://www.applitrack.com/bgh2/onlineapp/default.aspx?all=1","Big Horn School District 2",2026-03-13
"14","Family and Consumer Science Teacher - Middle and High School",2026-03-04,"High School Teaching/","Big Horn County School District #2","https://www.applitrack.com/bgh2/onlineapp/default.aspx?all=1","Big Horn School District 2",2026-03-13
"15","Substitute Teacher",2022-03-30,"Substitute/","Big Horn County School District #2","https://www.applitrack.com/bgh2/onlineapp/default.aspx?all=1","Big Horn School District 2",2026-03-13
"16","Substitute Route and Activity Bus Drivers",2022-03-29,"Transportation","Big Horn County School District #2","https://www.applitrack.com/bgh2/onlineapp/default.aspx?all=1","Big Horn School District 2",2026-03-13
"17","Route Bus Driver",2025-05-27,"Transportation/","Big Horn County School District #2","https://www.applitrack.com/bgh2/onlineapp/default.aspx?all=1","Big Horn School District 2",2026-03-13
"18","High School English Teacher",2026-03-04,"High School Teaching/","Greybull High School","https://www.applitrack.com/bighorn/onlineapp/default.aspx?all=1","Big Horn School District 3",2026-03-13
"19","Transportation Director",2026-02-19,"Transportation","District Wide","https://www.applitrack.com/bighorn/onlineapp/default.aspx?all=1","Big Horn School District 3",2026-03-13
"20","Head Golf Coach",2026-02-11,"Athletics/Activities","Greybull High School","https://www.applitrack.com/bighorn/onlineapp/default.aspx?all=1","Big Horn School District 3",2026-03-13
"21","Middle School Assistant Volleyball Coach",2026-02-11,"Athletics/Activities","Greybull Middle School","https://www.applitrack.com/bighorn/onlineapp/default.aspx?all=1","Big Horn School District 3",2026-03-13
"22","Substitute Teacher",2017-07-05,"Substitute/","District Wide","https://www.applitrack.com/bighorn/onlineapp/default.aspx?all=1","Big Horn School District 3",2026-03-13
"23","Substitute Bus Driver / Activity Driver",2024-12-17,"Transportation/","Transportation","https://www.applitrack.com/bighorn/onlineapp/default.aspx?all=1","Big Horn School District 3",2026-03-13
"24","Assistant Middle School Track Coach",2026-02-18,"Athletics/Activities","Riverside Middle School","https://www.applitrack.com/bgh4/onlineapp/default.aspx?all=1","Big Horn School District 4",2026-03-13
"25","Drivers Ed Teacher",2026-01-12,"High School Teaching","Riverside High School","https://www.applitrack.com/bgh4/onlineapp/default.aspx?all=1","Big Horn School District 4",2026-03-13
"26","Secondary English Teacher",2026-02-11,"High School Teaching/","RMS/RHS","https://www.applitrack.com/bgh4/onlineapp/default.aspx?all=1","Big Horn School District 4",2026-03-13
"27","21 CCLC After School Program Activity Leaders",2020-01-21,"Student Support Services","Laura Irwin Elementary","https://www.applitrack.com/bgh4/onlineapp/default.aspx?all=1","Big Horn School District 4",2026-03-13
"28","Bus Driver",2022-01-07,"Support Staff","District","https://www.applitrack.com/bgh4/onlineapp/default.aspx?all=1","Big Horn School District 4",2026-03-13
"29","Substitute",2025-07-21,"Support Staff","District","https://www.applitrack.com/bgh4/onlineapp/default.aspx?all=1","Big Horn School District 4",2026-03-13
"30","Lifeguard",2025-08-12,"Aquatics/","Rawlins Pool","https://www.applitrack.com/crb1/onlineapp/jobpostings/view.asp?all=1","Carbon County School District 1",2026-03-13
"31","Head Girls Basketball Coach",2026-03-12,"Athletics/Activities/","Rawlins High School","https://www.applitrack.com/crb1/onlineapp/jobpostings/view.asp?all=1","Carbon County School District 1",2026-03-13
"32","Asst Volleyball Coach",2025-10-27,"Athletics/Activities/","Rawlins Middle School","https://www.applitrack.com/crb1/onlineapp/jobpostings/view.asp?all=1","Carbon County School District 1",2026-03-13
"33","Asst. Football Coach",2025-11-11,"Athletics/Activities/","Rawlins Middle School","https://www.applitrack.com/crb1/onlineapp/jobpostings/view.asp?all=1","Carbon County School District 1",2026-03-13
"34","Head High School Volleyball Coach",2026-01-19,"Athletics/Activities/","Little Snake River Valley School","https://www.applitrack.com/crb1/onlineapp/jobpostings/view.asp?all=1","Carbon County School District 1",2026-03-13
"35","Asst High School Volleyball Coach",2026-01-19,"Athletics/Activities/","Little Snake River Valley School","https://www.applitrack.com/crb1/onlineapp/jobpostings/view.asp?all=1","Carbon County School District 1",2026-03-13
"36","STEM Teacher",2026-02-10,"Elementary School Teaching","Rawlins Elementary School","https://www.applitrack.com/crb1/onlineapp/jobpostings/view.asp?all=1","Carbon County School District 1",2026-03-13
"37","Substitute Food Service",2025-10-09,"Food Service/","Food Service","https://www.applitrack.com/crb1/onlineapp/jobpostings/view.asp?all=1","Carbon County School District 1",2026-03-13
"38","Substitute Custodian",2025-07-29,"Maintenance/Custodial","District","https://www.applitrack.com/crb1/onlineapp/jobpostings/view.asp?all=1","Carbon County School District 1",2026-03-13
"39","Science Teacher",2026-02-19,"Middle School Teaching","Rawlins Middle School","https://www.applitrack.com/crb1/onlineapp/jobpostings/view.asp?all=1","Carbon County School District 1",2026-03-13
"40","Speech Language Pathology Assistant (SLPA)",2026-02-26,"Special Education","Rawlins Elementary K-5","https://www.applitrack.com/crb1/onlineapp/jobpostings/view.asp?all=1","Carbon County School District 1",2026-03-13
"41","Special Education Teacher",2026-03-10,"Special Education","Rawlins Elementary School","https://www.applitrack.com/crb1/onlineapp/jobpostings/view.asp?all=1","Carbon County School District 1",2026-03-13
"42","Special Education Resource Teacher",2026-01-22,"Special Education/","Rawlins High School","https://www.applitrack.com/crb1/onlineapp/jobpostings/view.asp?all=1","Carbon County School District 1",2026-03-13
"43","Speech Language Pathologist (SLP)",2026-02-06,"Special Education/","Rawlins Elementary School","https://www.applitrack.com/crb1/onlineapp/jobpostings/view.asp?all=1","Carbon County School District 1",2026-03-13
"44","Substitute Teacher",2025-07-29,"Substitute/","District","https://www.applitrack.com/crb1/onlineapp/jobpostings/view.asp?all=1","Carbon County School District 1",2026-03-13
"45","Building (Office) Para Professional",2026-03-10,"Support Staff/","Rawlins High School","https://www.applitrack.com/crb1/onlineapp/jobpostings/view.asp?all=1","Carbon County School District 1",2026-03-13
"46","Substitute Bus Driver",2025-07-29,"Transportation","District","https://www.applitrack.com/crb1/onlineapp/jobpostings/view.asp?all=1","Carbon County School District 1",2026-03-13
"47","Bus Driver",2023-09-22,"Transportation/","District","https://www.applitrack.com/crb1/onlineapp/jobpostings/view.asp?all=1","Carbon County School District 1",2026-03-13
"48","High School Assistant Boys Basketball Coach",2025-03-12,"Athletics/Activities/","H-E-M Junior/Senior High School","https://www.applitrack.com/crb2/onlineapp/default.aspx?all=1","Carbon County School District 2",2026-03-13
"49","Head High School Speech Coach",2025-06-09,"Athletics/Activities/","Saratoga Middle High School","https://www.applitrack.com/crb2/onlineapp/default.aspx?all=1","Carbon County School District 2",2026-03-13
"50","First Assistant (Head) Middle School Football Coach",2025-10-13,"Athletics/Activities/","H-E-M Junior/Senior High School","https://www.applitrack.com/crb2/onlineapp/default.aspx?all=1","Carbon County School District 2",2026-03-13
"51","First Assistant (Head) Middle School Boys Basketball Coach",2026-02-25,"Athletics/Activities/","Encampment K-12","https://www.applitrack.com/crb2/onlineapp/default.aspx?all=1","Carbon County School District 2",2026-03-13
"52","Other Assistant Middle School Boys Basketball Coach",2026-02-25,"Athletics/Activities/","Encampment K-12","https://www.applitrack.com/crb2/onlineapp/default.aspx?all=1","Carbon County School District 2",2026-03-13
"53","Assistant High School Volleyball Coach",2026-03-03,"Athletics/Activities/","H-E-M Junior/Senior High School","https://www.applitrack.com/crb2/onlineapp/default.aspx?all=1","Carbon County School District 2",2026-03-13
"54","Other Assistant Middle School Volleyball Coach",2026-03-06,"Athletics/Activities/","H-E-M Junior/Senior High School","https://www.applitrack.com/crb2/onlineapp/default.aspx?all=1","Carbon County School District 2",2026-03-13
"55","Assistant Middle School Track Coach",2026-01-22,"Athletics/Activities/","Saratoga Middle High School","https://www.applitrack.com/crb2/onlineapp/default.aspx?all=1","Carbon County School District 2",2026-03-13
"56","First Assistant (Head) Middle School Track Coach",2026-03-09,"Athletics/Activities/","Encampment K-12","https://www.applitrack.com/crb2/onlineapp/default.aspx?all=1","Carbon County School District 2",2026-03-13
"57","Assistant High School Girls Basketball Coach",2026-03-10,"Athletics/Activities/","Saratoga Middle High School","https://www.applitrack.com/crb2/onlineapp/default.aspx?all=1","Carbon County School District 2",2026-03-13
"58","Other Assistant Middle School Girls Basketball Coach",2026-03-10,"Athletics/Activities/","Saratoga Middle High School","https://www.applitrack.com/crb2/onlineapp/default.aspx?all=1","Carbon County School District 2",2026-03-13
"59","Other Assistant Middle School Football Coach",2026-03-10,"Athletics/Activities/","Saratoga Middle High School","https://www.applitrack.com/crb2/onlineapp/default.aspx?all=1","Carbon County School District 2",2026-03-13
"60","First Assistant (Head) Middle School Boys Basketball Coach",2026-03-10,"Athletics/Activities/","Saratoga Middle High School","https://www.applitrack.com/crb2/onlineapp/default.aspx?all=1","Carbon County School District 2",2026-03-13
"61","Half Time or Full Time Math Teacher",2026-03-09,"High School Teaching/","Saratoga Middle High School","https://www.applitrack.com/crb2/onlineapp/default.aspx?all=1","Carbon County School District 2",2026-03-13
"62","6-12 Band Teacher",2026-01-13,"High School Teaching/","Saratoga Middle High School","https://www.applitrack.com/crb2/onlineapp/default.aspx?all=1","Carbon County School District 2",2026-03-13
"63","K-12 Music Teacher",2026-03-09,"K-12 Teacher/","Encampment K-12","https://www.applitrack.com/crb2/onlineapp/default.aspx?all=1","Carbon County School District 2",2026-03-13
"64","Elementary School Counselor",2026-01-28,"Student Support Services/","Hanna Elementary School","https://www.applitrack.com/crb2/onlineapp/default.aspx?all=1","Carbon County School District 2",2026-03-13
"65","Occupational Therapist(s)",2023-12-22,"Student Support Services/","CCSD#2","https://www.applitrack.com/crb2/onlineapp/default.aspx?all=1","Carbon County School District 2",2026-03-13
"66","Speech Language Pathologist(s)",2022-03-04,"Student Support Services/","CCSD#2","https://www.applitrack.com/crb2/onlineapp/default.aspx?all=1","Carbon County School District 2",2026-03-13
"67","Substitute Bus Driver 2025/2026 School Year",2025-07-15,"Substitute/","CCSD#2","https://www.applitrack.com/crb2/onlineapp/default.aspx?all=1","Carbon County School District 2",2026-03-13
"68","Substitute Classroom/Special Education Aide 2025/2026 School Year",2025-07-15,"Substitute/","CCSD#2","https://www.applitrack.com/crb2/onlineapp/default.aspx?all=1","Carbon County School District 2",2026-03-13
"69","Substitute Cook Helpers 2025/2026 School Year",2025-07-15,"Substitute/","CCSD#2","https://www.applitrack.com/crb2/onlineapp/default.aspx?all=1","Carbon County School District 2",2026-03-13
"70","Substitute Custodian 2025/2026 School Year",2025-07-15,"Substitute/","CCSD#2","https://www.applitrack.com/crb2/onlineapp/default.aspx?all=1","Carbon County School District 2",2026-03-13
"71","Substitute Teacher 2025/2026 School Year",2025-07-15,"Substitute/","CCSD#2","https://www.applitrack.com/crb2/onlineapp/default.aspx?all=1","Carbon County School District 2",2026-03-13
"72","Route Bus Driver",2025-12-02,"Support Staff/","Encampment K-12","https://www.applitrack.com/crb2/onlineapp/default.aspx?all=1","Carbon County School District 2",2026-03-13
"73","Music Classroom Aide-Saratoga Schools",2026-02-17,"Support Staff/","Saratoga Elementary School","https://www.applitrack.com/crb2/onlineapp/default.aspx?all=1","Carbon County School District 2",2026-03-13
"74","High School FBLA Sponsor",2025-06-05,"Athletics/Activities/","Glenrock Jr/Sr High School","https://www.applitrack.com/converse2/onlineapp/default.aspx?all=1","Converse County School Distrcit 2",2026-03-13
"75","HS Assistant Volleyball Coach",2026-02-18,"Athletics/Activities/","Glenrock Jr/Sr High School","https://www.applitrack.com/converse2/onlineapp/default.aspx?all=1","Converse County School Distrcit 2",2026-03-13
"76","JH/HS Assistant Track Coach - Specializing in Shot Put and Discus",2026-02-18,"Athletics/Activities/","Glenrock Jr/Sr High School","https://www.applitrack.com/converse2/onlineapp/default.aspx?all=1","Converse County School Distrcit 2",2026-03-13
"77","Elementary Classroom Teacher (5th Grade)",2026-02-11,"Elementary School Teaching/","Glenrock Intermediate School","https://www.applitrack.com/converse2/onlineapp/default.aspx?all=1","Converse County School Distrcit 2",2026-03-13
"78","K-6 Music Teacher",2025-12-08,"Elementary School Teaching/","Grant Elementary School","https://www.applitrack.com/converse2/onlineapp/default.aspx?all=1","Converse County School Distrcit 2",2026-03-13
"79","Elementary Classroom Teacher (3rd Grade)",2026-02-23,"Elementary School Teaching/","Grant Elementary School","https://www.applitrack.com/converse2/onlineapp/default.aspx?all=1","Converse County School Distrcit 2",2026-03-13
"80","Elementary Teacher (Title I)",2026-02-23,"Elementary School Teaching/","Grant Elementary School","https://www.applitrack.com/converse2/onlineapp/default.aspx?all=1","Converse County School Distrcit 2",2026-03-13
"81","Food Service Worker - Cook (Part -Time, 14 hrs)",2025-12-02,"Food Service/","Converse County School District #2","https://www.applitrack.com/converse2/onlineapp/default.aspx?all=1","Converse County School Distrcit 2",2026-03-13
"82","Food Service Van Driver - (Part -Time)",2026-03-09,"Food Service/","Converse County School District #2","https://www.applitrack.com/converse2/onlineapp/default.aspx?all=1","Converse County School Distrcit 2",2026-03-13
"83","Band/Choir Teacher (7-12)",2026-02-10,"High School Teaching/","Glenrock Jr/Sr High School","https://www.applitrack.com/converse2/onlineapp/default.aspx?all=1","Converse County School Distrcit 2",2026-03-13
"84","Social Studies Teacher (Grades 9-12)",2026-02-10,"High School Teaching/","Glenrock Jr/Sr High School","https://www.applitrack.com/converse2/onlineapp/default.aspx?all=1","Converse County School Distrcit 2",2026-03-13
"85","Junior High Language Arts Teacher (Grades 7-8)",2026-02-25,"Junior High Teaching/","Glenrock Jr/Sr High School","https://www.applitrack.com/converse2/onlineapp/default.aspx?all=1","Converse County School Distrcit 2",2026-03-13
"86","K-6 School Counselor/Social Worker",2026-03-03,"Student Support Services Certified/","Grant Elementary School","https://www.applitrack.com/converse2/onlineapp/default.aspx?all=1","Converse County School Distrcit 2",2026-03-13
"87","Substitute Teacher/Aid/Cook/Custodian/Bus Driver/Summer Help",2019-03-26,"Substitute/","Converse County School District #2","https://www.applitrack.com/converse2/onlineapp/default.aspx?all=1","Converse County School Distrcit 2",2026-03-13
"88","Technology Director",2026-02-23,"Technology/","Converse County School District #2","https://www.applitrack.com/converse2/onlineapp/default.aspx?all=1","Converse County School Distrcit 2",2026-03-13
"89","Bus Driver (Route, Activity, Sub)",2023-04-13,"Transportation/","Converse County School District #2","https://www.applitrack.com/converse2/onlineapp/default.aspx?all=1","Converse County School Distrcit 2",2026-03-13
"90","ESY Paraprofessionals",2026-02-23,"ESY/","Student Support Services","https://www.applitrack.com/ccsd1/onlineapp/default.aspx?all=1","Converse County School District 1",2026-03-13
"91","DMS Science Teacher",2026-03-03,"Middle School Teaching/","Douglas Middle School","https://www.applitrack.com/ccsd1/onlineapp/default.aspx?all=1","Converse County School District 1",2026-03-13
"92","DRC Field Crew Workers",2026-01-12,"Recreation/","Douglas Recreation Center","https://www.applitrack.com/ccsd1/onlineapp/default.aspx?all=1","Converse County School District 1",2026-03-13
"93","DRC Lifeguard Supervisor",2026-03-09,"Recreation/","Douglas Recreation Center","https://www.applitrack.com/ccsd1/onlineapp/default.aspx?all=1","Converse County School District 1",2026-03-13
"94","Part-Time Recreation Center Building Monitor",2026-02-23,"Recreation/","Douglas Recreation Center","https://www.applitrack.com/ccsd1/onlineapp/default.aspx?all=1","Converse County School District 1",2026-03-13
"95","Elementary SPED Teacher",2026-01-21,"Student Support Services","Elementary Schools","https://www.applitrack.com/ccsd1/onlineapp/default.aspx?all=1","Converse County School District 1",2026-03-13
"96","Secondary SPED Teacher",2026-01-21,"Student Support Services","Douglas Middle/High School","https://www.applitrack.com/ccsd1/onlineapp/default.aspx?all=1","Converse County School District 1",2026-03-13
"97","DRC Substitute Recreation Monitor",2026-01-12,"Substitute","Douglas Recreation Center","https://www.applitrack.com/ccsd1/onlineapp/default.aspx?all=1","Converse County School District 1",2026-03-13
"98","Classified Substitute Positions",2025-07-29,"Substitute","Central Administration","https://www.applitrack.com/ccsd1/onlineapp/default.aspx?all=1","Converse County School District 1",2026-03-13
"99","Food Service Substitute",2025-12-03,"Substitute","Central Administration","https://www.applitrack.com/ccsd1/onlineapp/default.aspx?all=1","Converse County School District 1",2026-03-13
"100","Substitute Custodian",2025-08-19,"Substitute/","Maintenance","https://www.applitrack.com/ccsd1/onlineapp/default.aspx?all=1","Converse County School District 1",2026-03-13
"101","Certified Substitute",2025-07-29,"Substitute/","Central Administration","https://www.applitrack.com/ccsd1/onlineapp/default.aspx?all=1","Converse County School District 1",2026-03-13
"102","Substitute Bus Monitor/Paraprofessional",2025-07-29,"Support Staff/","Transportation","https://www.applitrack.com/ccsd1/onlineapp/default.aspx?all=1","Converse County School District 1",2026-03-13
"103","Substitute Bus Driver",2025-07-29,"Transportation/","Transportation","https://www.applitrack.com/ccsd1/onlineapp/default.aspx?all=1","Converse County School District 1",2026-03-13
"104","Bus Driver",2025-07-28,"Transportation/","Transportation","https://www.applitrack.com/ccsd1/onlineapp/default.aspx?all=1","Converse County School District 1",2026-03-13
"105","Substitute Crossing Guard",2025-07-29,"Transportation/","Transportation","https://www.applitrack.com/ccsd1/onlineapp/default.aspx?all=1","Converse County School District 1",2026-03-13
"106","Assistant 8th Volleyball Coach",2025-05-22,"Athletics/Activities/","Lander Middle School","https://www.applitrack.com/fremontwy/onlineapp/jobpostings/view.asp?all=1","Fremont County School District 1",2026-03-13
"107","Assistant Wrestling Coach",2025-09-26,"Athletics/Activities/","Lander Middle School","https://www.applitrack.com/fremontwy/onlineapp/jobpostings/view.asp?all=1","Fremont County School District 1",2026-03-13
"108","Boys Soccer Coach",2025-11-11,"Athletics/Activities/","Lander Middle School","https://www.applitrack.com/fremontwy/onlineapp/jobpostings/view.asp?all=1","Fremont County School District 1",2026-03-13
"109","Assistant Girls Soccer Coach",2025-12-16,"Athletics/Activities/","Lander Valley High School","https://www.applitrack.com/fremontwy/onlineapp/jobpostings/view.asp?all=1","Fremont County School District 1",2026-03-13
"110","Head 7th Volleyball Coach",2025-12-16,"Athletics/Activities/","Lander Middle School","https://www.applitrack.com/fremontwy/onlineapp/jobpostings/view.asp?all=1","Fremont County School District 1",2026-03-13
"111","Head 8th Volleyball Coach",2025-12-19,"Athletics/Activities/","Lander Middle School","https://www.applitrack.com/fremontwy/onlineapp/jobpostings/view.asp?all=1","Fremont County School District 1",2026-03-13
"112","Assistant Girls Soccer Coach",2026-01-26,"Athletics/Activities/","Lander Middle School","https://www.applitrack.com/fremontwy/onlineapp/jobpostings/view.asp?all=1","Fremont County School District 1",2026-03-13
"113","Assistant Boys Soccer Coach",2026-03-04,"Athletics/Activities/","Lander Middle School","https://www.applitrack.com/fremontwy/onlineapp/jobpostings/view.asp?all=1","Fremont County School District 1",2026-03-13
"114","Science Teacher",2026-03-12,"Certified Teaching/","Lander Middle School","https://www.applitrack.com/fremontwy/onlineapp/jobpostings/view.asp?all=1","Fremont County School District 1",2026-03-13
"115","Special Education Coordinator",2026-02-13,"Certified Teaching/","Baldwin Creek Elementary & Pathfinder High School","https://www.applitrack.com/fremontwy/onlineapp/jobpostings/view.asp?all=1","Fremont County School District 1",2026-03-13
"116","Special Education Teacher (Resource)",2026-02-06,"Certified Teaching/","Gannett Peak Elementary","https://www.applitrack.com/fremontwy/onlineapp/jobpostings/view.asp?all=1","Fremont County School District 1",2026-03-13
"117","Special Education Coordinator",2026-03-05,"Student Support Services/","Lander Valley High School","https://www.applitrack.com/fremontwy/onlineapp/jobpostings/view.asp?all=1","Fremont County School District 1",2026-03-13
"118","Speech-Language Pathologist",2026-03-05,"Student Support Services/","District-wide","https://www.applitrack.com/fremontwy/onlineapp/jobpostings/view.asp?all=1","Fremont County School District 1",2026-03-13
"119","Substitute Custodian (at-will)",2025-06-11,"Substitute/","District-wide","https://www.applitrack.com/fremontwy/onlineapp/jobpostings/view.asp?all=1","Fremont County School District 1",2026-03-13
"120","Substitute Nurse (at-will)",2025-06-11,"Substitute/","District-wide","https://www.applitrack.com/fremontwy/onlineapp/jobpostings/view.asp?all=1","Fremont County School District 1",2026-03-13
"121","Substitute Nutritional Service Worker (at-will)",2025-06-11,"Substitute/","District-wide","https://www.applitrack.com/fremontwy/onlineapp/jobpostings/view.asp?all=1","Fremont County School District 1",2026-03-13
"122","Substitute - classrooms (at-will)",2025-06-11,"Substitute/","District-wide","https://www.applitrack.com/fremontwy/onlineapp/jobpostings/view.asp?all=1","Fremont County School District 1",2026-03-13
"123","Substitute Bus/Activity Driver (at-will)",2025-06-11,"Substitute/","Central Services","https://www.applitrack.com/fremontwy/onlineapp/jobpostings/view.asp?all=1","Fremont County School District 1",2026-03-13
"124","High School Social Studies Teacher 2026-2027 School Year",2026-03-03,"High School Teaching/","Fort Washakie High School","https://www.applitrack.com/fortwashakieschool/onlineapp/default.aspx?all=1","Fremont County School District 21",2026-03-13
"125","Substitute Custodians",2021-09-28,"Maintenance/Custodial/","Fort Washakie Elementary","https://www.applitrack.com/fortwashakieschool/onlineapp/default.aspx?all=1","Fremont County School District 21",2026-03-13
"126","Substitute Cooks",2025-10-06,"Student Support Services/","Fort Washakie Elementary","https://www.applitrack.com/fortwashakieschool/onlineapp/default.aspx?all=1","Fremont County School District 21",2026-03-13
"127","Substitute Teacher",2023-09-12,"Substitute/","Fort Washakie Elementary","https://www.applitrack.com/fortwashakieschool/onlineapp/default.aspx?all=1","Fremont County School District 21",2026-03-13
"128","Paraprofessional",2024-09-10,"Support Staff/","Fremont County School District 21","https://www.applitrack.com/fortwashakieschool/onlineapp/default.aspx?all=1","Fremont County School District 21",2026-03-13
"129","Secondary English Teacher",2026-02-17,"High School Teaching/","Shoshoni JH/HS","https://www.applitrack.com/fremont24/onlineapp/default.aspx?all=1","Fremont County School District 24",2026-03-13
"130","Bus Driver Substitutes 2025-2026",2025-08-08,"Substitute/","K-12 Schoolwide","https://www.applitrack.com/fremont24/onlineapp/default.aspx?all=1","Fremont County School District 24",2026-03-13
"131","Cooks Helper Substitutes 2025-2026",2025-08-08,"Substitute/","District Office","https://www.applitrack.com/fremont24/onlineapp/default.aspx?all=1","Fremont County School District 24",2026-03-13
"132","Custodian Substitutes 2025-2026",2025-08-08,"Substitute/","District Wide","https://www.applitrack.com/fremont24/onlineapp/default.aspx?all=1","Fremont County School District 24",2026-03-13
"133","Substitute School Nurse 2025-2026",2025-08-08,"Substitute/","K-12 Schoolwide","https://www.applitrack.com/fremont24/onlineapp/default.aspx?all=1","Fremont County School District 24",2026-03-13
"134","Substitute Teacher 2025-2026",2025-08-08,"Substitute/","K-12 Schoolwide","https://www.applitrack.com/fremont24/onlineapp/default.aspx?all=1","Fremont County School District 24",2026-03-13
"135","Substitute Daycare Assistant 2025-2026",2025-08-08,"Substitute/","K-12 Schoolwide","https://www.applitrack.com/fremont24/onlineapp/default.aspx?all=1","Fremont County School District 24",2026-03-13
"136","No jobs",NA,NA,NA,"https://www.applitrack.com/fcsd38/onlineapp/default.aspx?all=1","Fremont County School District 38",2026-03-13
"137","High School Assistant Volleyball Coach",2025-03-24,"Athletics/Activities","Wind River High School","https://www.applitrack.com/fre6/onlineapp/default.aspx?all=1","Fremont County School District 6",2026-03-13
"138","HS Boys Boasketball Coach HEAD",2026-03-11,"Athletics/Activities","Wind River Middle/High School","https://www.applitrack.com/fre6/onlineapp/default.aspx?all=1","Fremont County School District 6",2026-03-13
"139","HS Volleyball Coach ASSISTANT",2026-03-11,"Athletics/Activities","Wind River Middle/High School","https://www.applitrack.com/fre6/onlineapp/default.aspx?all=1","Fremont County School District 6",2026-03-13
"140","Custodian",2024-12-17,"Maintenance/Custodial/","Wind River Schools","https://www.applitrack.com/fre6/onlineapp/default.aspx?all=1","Fremont County School District 6",2026-03-13
"141","Substitute Teacher",2024-08-20,"Substitute/","Wind River Schools","https://www.applitrack.com/fre6/onlineapp/default.aspx?all=1","Fremont County School District 6",2026-03-13
"142","Substitute Para/Custodian/Food Service",2024-11-14,"Substitute/","Wind River Schools","https://www.applitrack.com/fre6/onlineapp/default.aspx?all=1","Fremont County School District 6",2026-03-13
"143","Curriculum and Assessment Director",2026-03-12,"Administration","District Wide","https://www.applitrack.com/fremont14/onlineapp/default.aspx?all=1","Fremont County School District 14",2026-03-13
"144","Pre-K Classroom Teacher",2026-02-12,"Elementary School Teaching","Wyoming Indian Elementary School","https://www.applitrack.com/fremont14/onlineapp/default.aspx?all=1","Fremont County School District 14",2026-03-13
"145","Secondary Reading Interventionist Teacher",2026-02-13,"High School Teaching","Wyoming Indian High School","https://www.applitrack.com/fremont14/onlineapp/default.aspx?all=1","Fremont County School District 14",2026-03-13
"146","High School Mathematics Teacher",2026-02-20,"High School Teaching/","Wyoming Indian High School","https://www.applitrack.com/fremont14/onlineapp/default.aspx?all=1","Fremont County School District 14",2026-03-13
"147","High School Science Teacher",2026-01-15,"High School Teaching/","Wyoming Indian High School","https://www.applitrack.com/fremont14/onlineapp/default.aspx?all=1","Fremont County School District 14",2026-03-13
"148","Health/Interventionist Teacher",2026-02-12,"Middle School Teaching","Wyoming Indian Middle School","https://www.applitrack.com/fremont14/onlineapp/default.aspx?all=1","Fremont County School District 14",2026-03-13
"149","Middle School Alternative Classroom Teacher",2026-03-03,"Middle School Teaching","Wyoming Indian Middle School","https://www.applitrack.com/fremont14/onlineapp/default.aspx?all=1","Fremont County School District 14",2026-03-13
"150","School Nurse",2026-03-12,"Student Health Services/","District Wide","https://www.applitrack.com/fremont14/onlineapp/default.aspx?all=1","Fremont County School District 14",2026-03-13
"151","Substitute School Nurse",2020-07-23,"Student Health Services/","District Wide","https://www.applitrack.com/fremont14/onlineapp/default.aspx?all=1","Fremont County School District 14",2026-03-13
"152","Middle School Counselor",2026-02-12,"Student Support Services/","Wyoming Indian Middle School","https://www.applitrack.com/fremont14/onlineapp/default.aspx?all=1","Fremont County School District 14",2026-03-13
"153","Substitute Teacher - Classroom",2018-10-09,"Substitute Certified/","District Wide","https://www.applitrack.com/fremont14/onlineapp/default.aspx?all=1","Fremont County School District 14",2026-03-13
"154","Substitute School Secretary",2026-02-06,"Substitute Non Certified","District Wide","https://www.applitrack.com/fremont14/onlineapp/default.aspx?all=1","Fremont County School District 14",2026-03-13
"155","Substitute Cook",2018-10-10,"Substitute Non Certified/","District Wide","https://www.applitrack.com/fremont14/onlineapp/default.aspx?all=1","Fremont County School District 14",2026-03-13
"156","Substitute Custodian",2019-09-09,"Substitute Non Certified/","District Wide","https://www.applitrack.com/fremont14/onlineapp/default.aspx?all=1","Fremont County School District 14",2026-03-13
"157","High School Special Education Teacher",2026-02-12,"Support Staff/","Wyoming Indian High School","https://www.applitrack.com/fremont14/onlineapp/default.aspx?all=1","Fremont County School District 14",2026-03-13
"158","Special Education Paraprofessional",2026-03-12,"Support Staff/","Wyoming Indian Elementary School","https://www.applitrack.com/fremont14/onlineapp/default.aspx?all=1","Fremont County School District 14",2026-03-13
"159","Technology Director",2026-03-12,"Technology/","District Wide","https://www.applitrack.com/fremont14/onlineapp/default.aspx?all=1","Fremont County School District 14",2026-03-13
"160","Bus Driver",2023-09-18,"Transportation/","District Wide","https://www.applitrack.com/fremont14/onlineapp/default.aspx?all=1","Fremont County School District 14",2026-03-13
"161","Substitute Bus Driver",2021-07-09,"Transportation/","District Wide","https://www.applitrack.com/fremont14/onlineapp/default.aspx?all=1","Fremont County School District 14",2026-03-13
"162","No jobs",NA,NA,NA,"https://www.applitrack.com/rangers1/onlineapp/default.aspx?all=1","Lincoln County School District 1",2026-03-13
"163","Fourth Grade Teacher",2026-02-02,"Elementary School Teaching/","Westside Elementary School","https://www.applitrack.com/park1/onlineapp/default.aspx?all=1","Park County School District 1",2026-03-13
"164","Primary Grade Teacher K-3",2026-02-02,"Elementary School Teaching/","Southside Elementary School","https://www.applitrack.com/park1/onlineapp/default.aspx?all=1","Park County School District 1",2026-03-13
"165","Reading Recovery Teacher",2026-02-02,"Elementary School Teaching/","Southside Elementary School","https://www.applitrack.com/park1/onlineapp/default.aspx?all=1","Park County School District 1",2026-03-13
"166","English Teacher",2026-02-02,"High School Teaching/","Powell High School","https://www.applitrack.com/park1/onlineapp/default.aspx?all=1","Park County School District 1",2026-03-13
"167","Special Education Teacher",2026-03-02,"High School Teaching/","Powell High School","https://www.applitrack.com/park1/onlineapp/default.aspx?all=1","Park County School District 1",2026-03-13
"168","Special Education Paraeducator",2026-02-24,"Para-Educator/","Parkside Elementary School","https://www.applitrack.com/park1/onlineapp/default.aspx?all=1","Park County School District 1",2026-03-13
"169","Speech Language Pathologist",2026-02-02,"Student Support Services/","Southside Elementary School","https://www.applitrack.com/park1/onlineapp/default.aspx?all=1","Park County School District 1",2026-03-13
"170","Substitute School Nurse",2025-09-18,"Student Support Services/","District-Wide K-12","https://www.applitrack.com/park1/onlineapp/default.aspx?all=1","Park County School District 1",2026-03-13
"171","Substitute Teacher",2024-07-03,"Substitute/","District-Wide K-12","https://www.applitrack.com/park1/onlineapp/default.aspx?all=1","Park County School District 1",2026-03-13
"172","Substitute Custodian",2024-07-03,"Substitute Support Services/","District-Wide K-12","https://www.applitrack.com/park1/onlineapp/default.aspx?all=1","Park County School District 1",2026-03-13
"173","Substitute Para-Educator",2024-07-03,"Substitute Support Services/","District-Wide K-12","https://www.applitrack.com/park1/onlineapp/default.aspx?all=1","Park County School District 1",2026-03-13
"174","Substitute Bus Driver",2021-09-27,"Transportation/","Transportation Department","https://www.applitrack.com/park1/onlineapp/default.aspx?all=1","Park County School District 1",2026-03-13
"175","Head Girls Volleyball Coach",2026-02-13,"Athletics/Activities/","Cody High School","https://www.applitrack.com/park6/onlineapp/default.aspx?all=1","Park County School District 6",2026-03-13
"176","Speech Therapist/Speech Pathologist",2026-02-06,"Student Support Services","Cody High School","https://www.applitrack.com/park6/onlineapp/default.aspx?all=1","Park County School District 6",2026-03-13
"177","Board Certified Behavior Analyst",2025-02-07,"Student Support Services/","All Schools","https://www.applitrack.com/park6/onlineapp/default.aspx?all=1","Park County School District 6",2026-03-13
"178","School Nurse",2026-02-13,"Student Support Services/","Cody High School","https://www.applitrack.com/park6/onlineapp/default.aspx?all=1","Park County School District 6",2026-03-13
"179","Substitute Paraeducator (Aide) 2025-2026 School Year",2025-07-16,"Substitute/","All Schools","https://www.applitrack.com/park6/onlineapp/default.aspx?all=1","Park County School District 6",2026-03-13
"180","Substitute Custodian 2025-2026 School Year",2025-07-16,"Substitute/","All Schools","https://www.applitrack.com/park6/onlineapp/default.aspx?all=1","Park County School District 6",2026-03-13
"181","Substitute Nurse 2025-2026 School Year",2025-07-16,"Substitute/","All Schools","https://www.applitrack.com/park6/onlineapp/default.aspx?all=1","Park County School District 6",2026-03-13
"182","Substitute Teacher 2025-2026 School Year",2025-07-16,"Substitute/","All Schools","https://www.applitrack.com/park6/onlineapp/default.aspx?all=1","Park County School District 6",2026-03-13
"183","Special Education Life Skills Paraeducator",2026-01-27,"Support Staff/","Cody High School","https://www.applitrack.com/park6/onlineapp/default.aspx?all=1","Park County School District 6",2026-03-13
"184","Route Driver",2025-07-16,"Transportation","All Schools","https://www.applitrack.com/park6/onlineapp/default.aspx?all=1","Park County School District 6",2026-03-13
"185","Bus Aide",2025-07-16,"Transportation","All Schools","https://www.applitrack.com/park6/onlineapp/default.aspx?all=1","Park County School District 6",2026-03-13
"186","BHHS Activities Director",2026-03-05,"Athletics/Activities/","Big Horn High School","https://www.applitrack.com/sheridanwy/onlineapp/default.aspx?all=1","Sheridan County School District 1",2026-03-13
"187","TRMS Assistant Track Coach",2026-02-04,"Athletics/Activities/","Tongue River Middle School","https://www.applitrack.com/sheridanwy/onlineapp/default.aspx?all=1","Sheridan County School District 1",2026-03-13
"188","TRMS Assistant Cross-Country Coach",2026-02-04,"Athletics/Activities/","Tongue River Middle School","https://www.applitrack.com/sheridanwy/onlineapp/default.aspx?all=1","Sheridan County School District 1",2026-03-13
"189","TRMS Assistant Volleyball Coach",2026-02-04,"Athletics/Activities/","Tongue River Middle School","https://www.applitrack.com/sheridanwy/onlineapp/default.aspx?all=1","Sheridan County School District 1",2026-03-13
"190","Big Horn Custodian",2025-12-08,"Maintenance/Custodial/","Big Horn High School","https://www.applitrack.com/sheridanwy/onlineapp/default.aspx?all=1","Sheridan County School District 1",2026-03-13
"191","Bus Driver",2025-04-01,"Transportation/","District-Wide","https://www.applitrack.com/sheridanwy/onlineapp/default.aspx?all=1","Sheridan County School District 1",2026-03-13
"192","TRMS Assistant Girls Basketball Coach",2025-05-20,"Athletics/Activities/","Tongue River Middle School","https://www.applitrack.com/sheridanwy/onlineapp/default.aspx?all=1","Sheridan County School District 1",2026-03-13
"193","TRHS Assistant Volleyball Coach",2025-05-28,"Athletics/Activities/","Tongue River High School","https://www.applitrack.com/sheridanwy/onlineapp/default.aspx?all=1","Sheridan County School District 1",2026-03-13
"194","TRHS Assistant Track Coach",2025-06-03,"Athletics/Activities/","Tongue River High School","https://www.applitrack.com/sheridanwy/onlineapp/default.aspx?all=1","Sheridan County School District 1",2026-03-13
"195","BHMS Assistant Football Coach",2025-07-28,"Athletics/Activities/","Big Horn Middle School","https://www.applitrack.com/sheridanwy/onlineapp/default.aspx?all=1","Sheridan County School District 1",2026-03-13
"196","TRMS Assistant Robotics Coach",2025-08-12,"Athletics/Activities/","Tongue River Middle School","https://www.applitrack.com/sheridanwy/onlineapp/default.aspx?all=1","Sheridan County School District 1",2026-03-13
"197","BHMS Assistant Boys Wrestling Coach",2025-09-08,"Athletics/Activities/","Big Horn Middle School","https://www.applitrack.com/sheridanwy/onlineapp/default.aspx?all=1","Sheridan County School District 1",2026-03-13
"198","TRHS Head Cross-Country Coach",2025-11-18,"Athletics/Activities/","Tongue River High School","https://www.applitrack.com/sheridanwy/onlineapp/default.aspx?all=1","Sheridan County School District 1",2026-03-13
"199","BHMS Head Football Coach",2026-01-08,"Athletics/Activities/","Big Horn Middle School","https://www.applitrack.com/sheridanwy/onlineapp/default.aspx?all=1","Sheridan County School District 1",2026-03-13
"200","TRMS Assistant Boys Basketball Coach",2024-08-14,"Athletics/Activities/","Tongue River Middle School","https://www.applitrack.com/sheridanwy/onlineapp/default.aspx?all=1","Sheridan County School District 1",2026-03-13
"201","Substitute - Support Staff",2018-07-03,"Substitute/","District-Wide","https://www.applitrack.com/sheridanwy/onlineapp/default.aspx?all=1","Sheridan County School District 1",2026-03-13
"202","Substitute - Nurse",2025-09-04,"Substitute/","TR Schools","https://www.applitrack.com/sheridanwy/onlineapp/default.aspx?all=1","Sheridan County School District 1",2026-03-13
"203","Substitute - Teacher",2018-07-09,"Substitute/","District-Wide","https://www.applitrack.com/sheridanwy/onlineapp/default.aspx?all=1","Sheridan County School District 1",2026-03-13
"204","Sheridan High School Assistant Band Coach",2025-12-19,"Activities","Sheridan High School","https://www.applitrack.com/scsd2/OnlineApp/default.aspx?all=1","Sheridan County School District 2",2026-03-13
"205","Sheridan High School Marching Band Color Guard Coach",2026-01-29,"Activities","Sheridan High School","https://www.applitrack.com/scsd2/OnlineApp/default.aspx?all=1","Sheridan County School District 2",2026-03-13
"206","Assistant Cross Country Coach - Sheridan Junior High School",2026-03-11,"Athletic Coaches","Sheridan Junior High School","https://www.applitrack.com/scsd2/OnlineApp/default.aspx?all=1","Sheridan County School District 2",2026-03-13
"207","Assistant Wrestling Coach - Sheridan Junior High School",2026-01-14,"Athletic Coaches","Sheridan Junior High School","https://www.applitrack.com/scsd2/OnlineApp/default.aspx?all=1","Sheridan County School District 2",2026-03-13
"208","Assistant Basketball Coach - 9th Grade B Team - Sheridan High School",2026-02-10,"Athletic Coaches","Sheridan High School","https://www.applitrack.com/scsd2/OnlineApp/default.aspx?all=1","Sheridan County School District 2",2026-03-13
"209","Girls Assistant Volleyball Coach - 7th Grade B Team - Sheridan Junior High School",2026-03-12,"Athletic Coaches","Sheridan Junior High School","https://www.applitrack.com/scsd2/OnlineApp/default.aspx?all=1","Sheridan County School District 2",2026-03-13
"210","Girls Basketball Coach - 7th Grade C Team - Sheridan Junior High School",2026-03-12,"Athletic Coaches","Sheridan Junior High School","https://www.applitrack.com/scsd2/OnlineApp/default.aspx?all=1","Sheridan County School District 2",2026-03-13
"211","Head Football Coach - 7th Grade Boys - Sheridan Junior High School",2026-01-29,"Athletic Coaches/","Sheridan Junior High School","https://www.applitrack.com/scsd2/OnlineApp/default.aspx?all=1","Sheridan County School District 2",2026-03-13
"212","Head Volleyball Coach - Sheridan High School",2026-02-11,"Athletic Coaches/","Sheridan High School","https://www.applitrack.com/scsd2/OnlineApp/default.aspx?all=1","Sheridan County School District 2",2026-03-13
"213","Activities Director - Sheridan High School",2026-02-23,"Directors/","Sheridan High School","https://www.applitrack.com/scsd2/OnlineApp/default.aspx?all=1","Sheridan County School District 2",2026-03-13
"214","Elementary Classroom Teacher - Woodland Park Elementary",2026-02-16,"Elementary School Teaching","Woodland Park","https://www.applitrack.com/scsd2/OnlineApp/default.aspx?all=1","Sheridan County School District 2",2026-03-13
"215","Special Education Elementary Classroom Teacher - Henry A. Coffeen Elementary",2026-02-16,"Elementary School Teaching","Henry A. Coffeen","https://www.applitrack.com/scsd2/OnlineApp/default.aspx?all=1","Sheridan County School District 2",2026-03-13
"216","Classroom Teacher - Kindergarten-2nd - Grade Highland Park Elementary",2026-03-04,"Elementary School Teaching","Highland Park","https://www.applitrack.com/scsd2/OnlineApp/default.aspx?all=1","Sheridan County School District 2",2026-03-13
"217","Special Education Teacher - District Position",2026-02-26,"Elementary School Teaching","District Wide","https://www.applitrack.com/scsd2/OnlineApp/default.aspx?all=1","Sheridan County School District 2",2026-03-13
"218","Elementary Music Teacher - Meadowlark",2026-02-17,"Elementary School Teaching/","Meadowlark","https://www.applitrack.com/scsd2/OnlineApp/default.aspx?all=1","Sheridan County School District 2",2026-03-13
"219","Second Cook - Sheridan Junior High School",2026-01-28,"Food Services Staff/","Sheridan Junior High School","https://www.applitrack.com/scsd2/OnlineApp/default.aspx?all=1","Sheridan County School District 2",2026-03-13
"220","High School Computer Science/Business Teacher (Grades 9-12) - Sheridan High School",2025-10-30,"High School Teaching","Sheridan High School","https://www.applitrack.com/scsd2/OnlineApp/default.aspx?all=1","Sheridan County School District 2",2026-03-13
"221","High School English Teacher - Sheridan High School",2026-02-10,"High School Teaching/","Sheridan High School","https://www.applitrack.com/scsd2/OnlineApp/default.aspx?all=1","Sheridan County School District 2",2026-03-13
"222","Job Coach / Family and Consumer Science Teacher - Sheridan High School",2026-02-23,"High School Teaching/","Sheridan High School","https://www.applitrack.com/scsd2/OnlineApp/default.aspx?all=1","Sheridan County School District 2",2026-03-13
"223","Spanish/EL Teacher - Sheridan High School",2026-03-11,"High School Teaching/","Sheridan High School","https://www.applitrack.com/scsd2/OnlineApp/default.aspx?all=1","Sheridan County School District 2",2026-03-13
"224","High School Mathematics Classroom Teacher - John C. Schiffer",2026-01-07,"High School Teaching/","John C. Schiffer","https://www.applitrack.com/scsd2/OnlineApp/default.aspx?all=1","Sheridan County School District 2",2026-03-13
"225","Physical Education Teacher - Sheridan High School",2026-01-13,"High School Teaching/","Sheridan High School","https://www.applitrack.com/scsd2/OnlineApp/default.aspx?all=1","Sheridan County School District 2",2026-03-13
"226","English Teacher - Sheridan Junior High School",2026-02-26,"Junior High School Teaching/","Sheridan Junior High School","https://www.applitrack.com/scsd2/OnlineApp/default.aspx?all=1","Sheridan County School District 2",2026-03-13
"227","Social Studies Teacher - Sheridan Junior High School",2026-02-26,"Junior High School Teaching/","Sheridan Junior High School","https://www.applitrack.com/scsd2/OnlineApp/default.aspx?all=1","Sheridan County School District 2",2026-03-13
"228","School Nurse - Sheridan Junior High School",2026-03-02,"Nurses/","Sheridan Junior High School","https://www.applitrack.com/scsd2/OnlineApp/default.aspx?all=1","Sheridan County School District 2",2026-03-13
"229","Pre-K Paraprofessional - Highland Park Elementary",2026-03-09,"Paraprofessionals","Highland Park","https://www.applitrack.com/scsd2/OnlineApp/default.aspx?all=1","Sheridan County School District 2",2026-03-13
"230","School Principal - Sagebrush Elementary",2026-03-09,"Principal/","Sagebrush","https://www.applitrack.com/scsd2/OnlineApp/default.aspx?all=1","Sheridan County School District 2",2026-03-13
"231","Substitute Teacher (for prior SCSD2 Teachers only)",2025-07-01,"Prior Employee/","District Wide","https://www.applitrack.com/scsd2/OnlineApp/default.aspx?all=1","Sheridan County School District 2",2026-03-13
"232","Seasonal Grounds Worker - Districtwide",2026-01-16,"Seasonal Staff","District Wide","https://www.applitrack.com/scsd2/OnlineApp/default.aspx?all=1","Sheridan County School District 2",2026-03-13
"233","Seasonal Database Technician - Districtwide",2026-03-12,"Seasonal Staff","District Wide","https://www.applitrack.com/scsd2/OnlineApp/default.aspx?all=1","Sheridan County School District 2",2026-03-13
"234","Speech Language Pathologist - Districtwide",2026-02-23,"Special Services Staff/",NA,"https://www.applitrack.com/scsd2/OnlineApp/default.aspx?all=1","Sheridan County School District 2",2026-03-13
"235","Substitute Cooks Helper - Districtwide",2024-08-23,"Substitutes","District Wide","https://www.applitrack.com/scsd2/OnlineApp/default.aspx?all=1","Sheridan County School District 2",2026-03-13
"236","Substitute Custodian - Districtwide",2024-08-29,"Substitutes","District Wide","https://www.applitrack.com/scsd2/OnlineApp/default.aspx?all=1","Sheridan County School District 2",2026-03-13
"237","Substitute Bus Paraprofessional - Districtwide",2025-04-28,"Substitutes","Bus Barn","https://www.applitrack.com/scsd2/OnlineApp/default.aspx?all=1","Sheridan County School District 2",2026-03-13
"238","Substitute Paraprofessional",2024-07-10,"Substitutes","District Wide","https://www.applitrack.com/scsd2/OnlineApp/default.aspx?all=1","Sheridan County School District 2",2026-03-13
"239","Substitute School Nurse",2024-07-10,"Substitutes","District Wide","https://www.applitrack.com/scsd2/OnlineApp/default.aspx?all=1","Sheridan County School District 2",2026-03-13
"240","Substitute Teacher",2025-07-01,"Substitutes/","District Wide","https://www.applitrack.com/scsd2/OnlineApp/default.aspx?all=1","Sheridan County School District 2",2026-03-13
"241","Substitute Bus Driver",2025-10-07,"Transportation Staff","Bus Barn","https://www.applitrack.com/scsd2/OnlineApp/default.aspx?all=1","Sheridan County School District 2",2026-03-13
"242","Bus Paraprofessional - Transportation",2025-12-17,"Transportation Staff/","Bus Barn","https://www.applitrack.com/scsd2/OnlineApp/default.aspx?all=1","Sheridan County School District 2",2026-03-13
"243","RSHS JV Cheer Coach",2026-03-02,"Athletics/Activities/","Rock Springs High School","https://www.applitrack.com/sweetwater/onlineapp/default.aspx?all=1","Sweetwater County School District 1",2026-03-13
"244","Farson MS Head Track Coach",2026-02-18,"Athletics/Activities/","Farson-Eden Middle School","https://www.applitrack.com/sweetwater/onlineapp/default.aspx?all=1","Sweetwater County School District 1",2026-03-13
"245","Farson Assistant HS/Head MS Football Coach",2026-02-23,"Athletics/Activities/","Farson-Eden High School","https://www.applitrack.com/sweetwater/onlineapp/default.aspx?all=1","Sweetwater County School District 1",2026-03-13
"246","RSHS Assistant Indoor Track Coach",2026-03-10,"Athletics/Activities/","Rock Springs High School","https://www.applitrack.com/sweetwater/onlineapp/default.aspx?all=1","Sweetwater County School District 1",2026-03-13
"247","RSHS Assistant Girls Basketball Coach - Freshman",2026-03-11,"Athletics/Activities/","Rock Springs High School","https://www.applitrack.com/sweetwater/onlineapp/default.aspx?all=1","Sweetwater County School District 1",2026-03-13
"248","RSHS Assistant Coach - Volleyball - Freshman",2026-01-13,"Athletics/Activities/","Rock Springs High School","https://www.applitrack.com/sweetwater/onlineapp/default.aspx?all=1","Sweetwater County School District 1",2026-03-13
"249","RSHS Assistant Coach - Football (3)",2026-02-10,"Athletics/Activities/","Rock Springs High School","https://www.applitrack.com/sweetwater/onlineapp/default.aspx?all=1","Sweetwater County School District 1",2026-03-13
"250","RSJH Assistant Football Coach - 7th Grade",2026-02-10,"Athletics/Activities/","Rock Springs Junior High","https://www.applitrack.com/sweetwater/onlineapp/default.aspx?all=1","Sweetwater County School District 1",2026-03-13
"251","FEMS-FEHS Assistant Coach - Football",2025-03-03,"Athletics/Activities/","Farson-Eden High School","https://www.applitrack.com/sweetwater/onlineapp/default.aspx?all=1","Sweetwater County School District 1",2026-03-13
"252","RSJH 8th Grade Head Coach - Volleyball",2026-02-09,"Athletics/Activities/","Rock Springs Junior High School","https://www.applitrack.com/sweetwater/onlineapp/default.aspx?all=1","Sweetwater County School District 1",2026-03-13
"253","Athletic Trainer",2026-03-03,"Certified Staff/","Rock Springs High School","https://www.applitrack.com/sweetwater/onlineapp/default.aspx?all=1","Sweetwater County School District 1",2026-03-13
"254","Elementary Teacher 4th Grade",2026-03-04,"Certified Staff/","Eastside Elementary","https://www.applitrack.com/sweetwater/onlineapp/default.aspx?all=1","Sweetwater County School District 1",2026-03-13
"255","Elementary Teacher 2nd Grade",2026-03-12,"Certified Staff/","Stagecoach Elementary","https://www.applitrack.com/sweetwater/onlineapp/default.aspx?all=1","Sweetwater County School District 1",2026-03-13
"256","Elementary Teacher 1st Grade",2026-02-17,"Certified Staff/","Walnut Elementary","https://www.applitrack.com/sweetwater/onlineapp/default.aspx?all=1","Sweetwater County School District 1",2026-03-13
"257","Elementary Teacher 1st Grade",2025-11-03,"Certified Staff/","Desert View Elementary","https://www.applitrack.com/sweetwater/onlineapp/default.aspx?all=1","Sweetwater County School District 1",2026-03-13
"258","EL Teacher",2025-11-04,"Certified Staff/","Rock Springs High School","https://www.applitrack.com/sweetwater/onlineapp/default.aspx?all=1","Sweetwater County School District 1",2026-03-13
"259","English/Language Arts",2025-12-12,"Certified Staff/","Farson-Eden High School","https://www.applitrack.com/sweetwater/onlineapp/default.aspx?all=1","Sweetwater County School District 1",2026-03-13
"260","Graduation Coach - Grant Funded",2025-11-04,"Certified Staff/","Rock Springs High School","https://www.applitrack.com/sweetwater/onlineapp/default.aspx?all=1","Sweetwater County School District 1",2026-03-13
"261","Guidance Counselor",2026-01-07,"Certified Staff/","Rock Springs High School","https://www.applitrack.com/sweetwater/onlineapp/default.aspx?all=1","Sweetwater County School District 1",2026-03-13
"262","Library Media Specialist K-3 (Stagecoach and Wamsutter)",2025-11-03,"Certified Staff/","District Wide","https://www.applitrack.com/sweetwater/onlineapp/default.aspx?all=1","Sweetwater County School District 1",2026-03-13
"263","Library Media Specialist K-3 (Desert View and North Park Elementary)",2025-11-03,"Certified Staff/","District Wide","https://www.applitrack.com/sweetwater/onlineapp/default.aspx?all=1","Sweetwater County School District 1",2026-03-13
"264","Math Teacher",2025-11-05,"Certified Staff/","Rock Springs High School","https://www.applitrack.com/sweetwater/onlineapp/default.aspx?all=1","Sweetwater County School District 1",2026-03-13
"265","Band Teacher - Pilot Butte and Eastside Elementary",2025-09-10,"Certified Staff/","District Wide","https://www.applitrack.com/sweetwater/onlineapp/default.aspx?all=1","Sweetwater County School District 1",2026-03-13
"266","Music Teacher 4-6 (4)",2025-11-06,"Certified Staff/","District Wide","https://www.applitrack.com/sweetwater/onlineapp/default.aspx?all=1","Sweetwater County School District 1",2026-03-13
"267","Music Teacher K-3 (2)",2025-11-06,"Certified Staff/","District Wide","https://www.applitrack.com/sweetwater/onlineapp/default.aspx?all=1","Sweetwater County School District 1",2026-03-13
"268","School Nurse",2026-02-24,"Certified Staff/","District Wide","https://www.applitrack.com/sweetwater/onlineapp/default.aspx?all=1","Sweetwater County School District 1",2026-03-13
"269","Social Worker",2026-03-04,"Certified Staff/","Rock Springs Junior High School","https://www.applitrack.com/sweetwater/onlineapp/default.aspx?all=1","Sweetwater County School District 1",2026-03-13
"270","Social Worker",2025-11-06,"Certified Staff/","Rock Springs High School","https://www.applitrack.com/sweetwater/onlineapp/default.aspx?all=1","Sweetwater County School District 1",2026-03-13
"271","Resource Teacher",2025-11-05,"Certified Staff/","Stagecoach Elementary","https://www.applitrack.com/sweetwater/onlineapp/default.aspx?all=1","Sweetwater County School District 1",2026-03-13
"272","Resource Teacher (4)",2025-11-05,"Certified Staff/","Rock Springs High School","https://www.applitrack.com/sweetwater/onlineapp/default.aspx?all=1","Sweetwater County School District 1",2026-03-13
"273","Special Education - Resource Teacher (2)",2025-11-04,"Certified Staff/","Eastside Elementary","https://www.applitrack.com/sweetwater/onlineapp/default.aspx?all=1","Sweetwater County School District 1",2026-03-13
"274","Resource Teacher",2025-11-04,"Certified Staff/","Overland Elementary","https://www.applitrack.com/sweetwater/onlineapp/default.aspx?all=1","Sweetwater County School District 1",2026-03-13
"275","Resource Teacher",2025-11-04,"Certified Staff/","Pilot Butte Elementary","https://www.applitrack.com/sweetwater/onlineapp/default.aspx?all=1","Sweetwater County School District 1",2026-03-13
"276","Resource Teacher",2025-11-03,"Certified Staff/","Desert Elementary (Wamsutter)","https://www.applitrack.com/sweetwater/onlineapp/default.aspx?all=1","Sweetwater County School District 1",2026-03-13
"277","Alternative Academic-Daily Living Skills Program Teacher",2025-10-22,"Certified Staff/","Rock Springs High School","https://www.applitrack.com/sweetwater/onlineapp/default.aspx?all=1","Sweetwater County School District 1",2026-03-13
"278","Alternative Behavior Program Teacher",2025-11-04,"Certified Staff/","Rock Springs High School","https://www.applitrack.com/sweetwater/onlineapp/default.aspx?all=1","Sweetwater County School District 1",2026-03-13
"279","Alternative Communication Program (ACP) Teacher",2025-11-04,"Certified Staff/","Rock Springs High School","https://www.applitrack.com/sweetwater/onlineapp/default.aspx?all=1","Sweetwater County School District 1",2026-03-13
"280","Alternative Behavior Program (ABP)",2025-11-05,"Certified Staff/","Sage Elementary","https://www.applitrack.com/sweetwater/onlineapp/default.aspx?all=1","Sweetwater County School District 1",2026-03-13
"281","Alternative Daily Living Skills Program Teacher",2025-11-05,"Certified Staff/","Stagecoach Elementary","https://www.applitrack.com/sweetwater/onlineapp/default.aspx?all=1","Sweetwater County School District 1",2026-03-13
"282","Alternative Communications Program",2026-02-11,"Certified Staff/","Stagecoach Elementary","https://www.applitrack.com/sweetwater/onlineapp/default.aspx?all=1","Sweetwater County School District 1",2026-03-13
"283","Alternative Behavior Program (ABP) Teacher",2026-03-12,"Certified Staff/","Stagecoach Elementary","https://www.applitrack.com/sweetwater/onlineapp/default.aspx?all=1","Sweetwater County School District 1",2026-03-13
"284","Alternative Communications Program (ACP) Teacher",2026-03-10,"Certified Staff/","Rock Springs Junior High","https://www.applitrack.com/sweetwater/onlineapp/default.aspx?all=1","Sweetwater County School District 1",2026-03-13
"285","Title One Teacher",2026-02-17,"Certified Staff/","Eastside Elementary","https://www.applitrack.com/sweetwater/onlineapp/default.aspx?all=1","Sweetwater County School District 1",2026-03-13
"286","Bus Driver/Classroom Paraprofessional",2025-08-11,"Combined Positions/","Desert Elementary (Wamsutter)","https://www.applitrack.com/sweetwater/onlineapp/default.aspx?all=1","Sweetwater County School District 1",2026-03-13
"287","Substitute - Head Start",2018-06-12,"Head Start","Overland Elementary","https://www.applitrack.com/sweetwater/onlineapp/default.aspx?all=1","Sweetwater County School District 1",2026-03-13
"288","Head Start Part-Time Assistant Teacher",2026-01-29,"Head Start/","Overland Elementary","https://www.applitrack.com/sweetwater/onlineapp/default.aspx?all=1","Sweetwater County School District 1",2026-03-13
"289","Maintenance Technician",2026-01-06,"Maintenance/Custodial","Maintenance","https://www.applitrack.com/sweetwater/onlineapp/default.aspx?all=1","Sweetwater County School District 1",2026-03-13
"290","Night Lead Custodian",2026-01-13,"Maintenance/Custodial/","Rock Springs Junior High School","https://www.applitrack.com/sweetwater/onlineapp/default.aspx?all=1","Sweetwater County School District 1",2026-03-13
"291","Lead Custodian",2026-03-03,"Maintenance/Custodial/","Overland Elementary","https://www.applitrack.com/sweetwater/onlineapp/default.aspx?all=1","Sweetwater County School District 1",2026-03-13
"292","Activities Lead/ Full Time Custodian",2026-03-03,"Maintenance/Custodial/","District Wide","https://www.applitrack.com/sweetwater/onlineapp/default.aspx?all=1","Sweetwater County School District 1",2026-03-13
"293","Nutrition Services Assistant",2026-01-27,"Nutrition Services/","Rock Springs High School","https://www.applitrack.com/sweetwater/onlineapp/default.aspx?all=1","Sweetwater County School District 1",2026-03-13
"294","Nutrition Services Manager",2026-01-27,"Nutrition Services/","Eastside Elementary","https://www.applitrack.com/sweetwater/onlineapp/default.aspx?all=1","Sweetwater County School District 1",2026-03-13
"295","Nutrition Services Substitute",2024-07-18,"Nutrition Services/","District Wide","https://www.applitrack.com/sweetwater/onlineapp/default.aspx?all=1","Sweetwater County School District 1",2026-03-13
"296","Classroom Paraprofessional",2026-02-24,"Paraprofessional/","Farson Schools","https://www.applitrack.com/sweetwater/onlineapp/default.aspx?all=1","Sweetwater County School District 1",2026-03-13
"297","ELL Paraprofessional",2026-01-29,"Paraprofessional/","Desert View Elementary","https://www.applitrack.com/sweetwater/onlineapp/default.aspx?all=1","Sweetwater County School District 1",2026-03-13
"298","ELL Paraprofessional",2025-12-01,"Paraprofessional/","Rock Springs Junior High School","https://www.applitrack.com/sweetwater/onlineapp/default.aspx?all=1","Sweetwater County School District 1",2026-03-13
"299","Itinerant Paraprofessional/Testing Assistant",2026-01-20,"Paraprofessional/","District Wide","https://www.applitrack.com/sweetwater/onlineapp/default.aspx?all=1","Sweetwater County School District 1",2026-03-13
"300","Resource Room Paraprofessional (3)",2025-08-21,"Paraprofessional/","Rock Springs Satellite High School","https://www.applitrack.com/sweetwater/onlineapp/default.aspx?all=1","Sweetwater County School District 1",2026-03-13
"301","Resource Room Paraprofessional (2)",2025-09-10,"Paraprofessional/","Rock Springs High School","https://www.applitrack.com/sweetwater/onlineapp/default.aspx?all=1","Sweetwater County School District 1",2026-03-13
"302","Full-Time High School Special Education Paraprofessional and Daycare Assistant - Overland/RSHS",2024-11-04,"Paraprofessional/","Overland/RSHS","https://www.applitrack.com/sweetwater/onlineapp/default.aspx?all=1","Sweetwater County School District 1",2026-03-13
"303","Special Programs One-on-One Paraprofessional",2025-11-24,"Paraprofessional/","Rock Springs High School","https://www.applitrack.com/sweetwater/onlineapp/default.aspx?all=1","Sweetwater County School District 1",2026-03-13
"304","Full-Time High School Special Education Paraprofessional and Daycare Assistant - Overland/RSHS",2025-11-11,"Paraprofessional/","Overland/RSHS","https://www.applitrack.com/sweetwater/onlineapp/default.aspx?all=1","Sweetwater County School District 1",2026-03-13
"305","Special Programs Paraprofessional (Alternative Communications Program)",2026-02-18,"Paraprofessional/","Rock Springs Junior High School","https://www.applitrack.com/sweetwater/onlineapp/default.aspx?all=1","Sweetwater County School District 1",2026-03-13
"306","Alternative Behavior Special Programs One-on-One Paraprofessional",2026-03-05,"Paraprofessional/","Eastside Elementary","https://www.applitrack.com/sweetwater/onlineapp/default.aspx?all=1","Sweetwater County School District 1",2026-03-13
"307","Certified Substitute School Nurse",2019-10-03,"Substitute","District Wide","https://www.applitrack.com/sweetwater/onlineapp/default.aspx?all=1","Sweetwater County School District 1",2026-03-13
"308","BOCES Part Time Building Substitute Teacher (2) - One Year Only",2025-06-05,"Substitute/","Overland Elementary","https://www.applitrack.com/sweetwater/onlineapp/default.aspx?all=1","Sweetwater County School District 1",2026-03-13
"309","2025-2026 Substitute Teacher - Part-Time",2025-07-07,"Substitute/","District Wide","https://www.applitrack.com/sweetwater/onlineapp/default.aspx?all=1","Sweetwater County School District 1",2026-03-13
"310","Over The Road Activity Bus Driver (4)",2025-11-03,"Transportation/","Transportation","https://www.applitrack.com/sweetwater/onlineapp/default.aspx?all=1","Sweetwater County School District 1",2026-03-13
"311","Bus Aide",2026-02-04,"Transportation/","Transportation","https://www.applitrack.com/sweetwater/onlineapp/default.aspx?all=1","Sweetwater County School District 1",2026-03-13
"312","Part-Time Bus Driver (26 Hours/Week)",2026-01-19,"Transportation/","Transportation","https://www.applitrack.com/sweetwater/onlineapp/default.aspx?all=1","Sweetwater County School District 1",2026-03-13
"313","Part-Time Bus Driver (29 Hours/Week)",2026-02-24,"Transportation/","Transportation","https://www.applitrack.com/sweetwater/onlineapp/default.aspx?all=1","Sweetwater County School District 1",2026-03-13
"314","Part-Time Mechanic/Technician",2026-02-19,"Transportation/","Transportation","https://www.applitrack.com/sweetwater/onlineapp/default.aspx?all=1","Sweetwater County School District 1",2026-03-13
"315","Auto/Bus Mechanic (2)",2025-11-12,"Transportation/","Transportation","https://www.applitrack.com/sweetwater/onlineapp/default.aspx?all=1","Sweetwater County School District 1",2026-03-13
"316","High School Principal",2026-03-02,"Administration/","Green River High School","https://www.applitrack.com/swcsd2/onlineapp/default.aspx?all=1","Sweetwater County School District 2",2026-03-13
"317","Athletic Trainer",2026-02-02,"Athletics/Activities/","Central Office","https://www.applitrack.com/swcsd2/onlineapp/default.aspx?all=1","Sweetwater County School District 2",2026-03-13
"318","GRHS Assistant Track Coach",2026-03-05,"Athletics/Activities/","Green River High School","https://www.applitrack.com/swcsd2/onlineapp/default.aspx?all=1","Sweetwater County School District 2",2026-03-13
"319","GRHS Assistant Girls Soccer Coach",2025-06-05,"Athletics/Activities/","Green River High School","https://www.applitrack.com/swcsd2/onlineapp/default.aspx?all=1","Sweetwater County School District 2",2026-03-13
"320","LMS Head Co-Ed Soccer Coach",2025-06-05,"Athletics/Activities/","Lincoln Middle School","https://www.applitrack.com/swcsd2/onlineapp/default.aspx?all=1","Sweetwater County School District 2",2026-03-13
"321","LMS Assistant Co-Ed Soccer Coach",2025-06-05,"Athletics/Activities/","Lincoln Middle School","https://www.applitrack.com/swcsd2/onlineapp/default.aspx?all=1","Sweetwater County School District 2",2026-03-13
"322","Elementary Classroom Teacher (K-5)",2026-02-24,"Elementary School Teaching","Location to be determined","https://www.applitrack.com/swcsd2/onlineapp/default.aspx?all=1","Sweetwater County School District 2",2026-03-13
"323","6th Grade Classroom Teacher",2026-02-26,"Elementary School Teaching","Lincoln Middle School","https://www.applitrack.com/swcsd2/onlineapp/default.aspx?all=1","Sweetwater County School District 2",2026-03-13
"324","Industrial Art Woodworking/Construction Teacher",2026-02-17,"High School Teaching/","Green River High School","https://www.applitrack.com/swcsd2/onlineapp/default.aspx?all=1","Sweetwater County School District 2",2026-03-13
"325","Substitute Custodian",2025-07-10,"Maintenance/Custodial/","Maintenance Department","https://www.applitrack.com/swcsd2/onlineapp/default.aspx?all=1","Sweetwater County School District 2",2026-03-13
"326","Instrumental Music Teacher",2026-02-02,"Middle School Teaching/","Lincoln Middle School","https://www.applitrack.com/swcsd2/onlineapp/default.aspx?all=1","Sweetwater County School District 2",2026-03-13
"327","Substitute Nutrition Services",2025-07-10,"Nutrition Services/","Nutrition Services Department","https://www.applitrack.com/swcsd2/onlineapp/default.aspx?all=1","Sweetwater County School District 2",2026-03-13
"328","English Language Learning Paraprofessional",2025-10-13,"Paraprofessional/","Monroe Elementary School","https://www.applitrack.com/swcsd2/onlineapp/default.aspx?all=1","Sweetwater County School District 2",2026-03-13
"329","Substitute Teacher",2025-07-10,"Substitute/","Central Office","https://www.applitrack.com/swcsd2/onlineapp/default.aspx?all=1","Sweetwater County School District 2",2026-03-13
"330","Substitute Teacher Aide",2025-07-10,"Substitute/","Central Office","https://www.applitrack.com/swcsd2/onlineapp/default.aspx?all=1","Sweetwater County School District 2",2026-03-13
"331","Substitute Mechanic",2025-07-10,"Transportation","Transportation Department","https://www.applitrack.com/swcsd2/onlineapp/default.aspx?all=1","Sweetwater County School District 2",2026-03-13
"332","Elementary ELL Teacher",2026-03-06,"Elementary School Teaching/","Colter Elementary School","https://www.applitrack.com/tcsd/onlineapp/default.aspx?all=1","Teton County School District 1",2026-03-13
"333","K-5 Elementary Teacher",2026-02-25,"Elementary School Teaching/","Colter Elementary School","https://www.applitrack.com/tcsd/onlineapp/default.aspx?all=1","Teton County School District 1",2026-03-13
"334","K-2 Elementary Dual Immersion Teacher-Spanish Instruction",2026-02-25,"Elementary School Teaching/","Munger Mountain Elementary","https://www.applitrack.com/tcsd/onlineapp/default.aspx?all=1","Teton County School District 1",2026-03-13
"335","3-5 Elementary Dual Immersion Teacher-Spanish Instruction",2026-02-25,"Elementary School Teaching/","Munger Mountain Elementary","https://www.applitrack.com/tcsd/onlineapp/default.aspx?all=1","Teton County School District 1",2026-03-13
"336","K-5 Elementary Dual Immersion Teacher-English Instruction",2026-02-25,"Elementary School Teaching/","Munger Mountain Elementary","https://www.applitrack.com/tcsd/onlineapp/default.aspx?all=1","Teton County School District 1",2026-03-13
"337","Elementary Music Teacher",2026-02-27,"Elementary School Teaching/","Munger Mountain Elementary","https://www.applitrack.com/tcsd/onlineapp/default.aspx?all=1","Teton County School District 1",2026-03-13
"338","CTE Teacher-Business, Financial Literacy, Marketing, Entrepreneurship",2026-02-27,"High School Teaching/","Jackson Hole High School","https://www.applitrack.com/tcsd/onlineapp/default.aspx?all=1","Teton County School District 1",2026-03-13
"339","Middle School Spanish Teacher; One Year Only",2026-02-25,"Middle School Teaching/","Jackson Hole Middle School","https://www.applitrack.com/tcsd/onlineapp/default.aspx?all=1","Teton County School District 1",2026-03-13
"340","Middle School Music Teacher/Band Director",2026-02-26,"Middle School Teaching/","Jackson Hole Middle School","https://www.applitrack.com/tcsd/onlineapp/default.aspx?all=1","Teton County School District 1",2026-03-13
"341","Middle School Social Studies Teacher",2026-02-25,"Middle School Teaching/","Jackson Hole Middle School","https://www.applitrack.com/tcsd/onlineapp/default.aspx?all=1","Teton County School District 1",2026-03-13
"342","Instructional Para",2025-12-18,"Paraprofessional/","Kelly Elementary School","https://www.applitrack.com/tcsd/onlineapp/default.aspx?all=1","Teton County School District 1",2026-03-13
"343","Special Education Paraprofessional(s) Grades 6-12",2025-09-18,"Paraprofessional/","Jackson Hole High School","https://www.applitrack.com/tcsd/onlineapp/default.aspx?all=1","Teton County School District 1",2026-03-13
"344","Special Education Paraprofessional Grades K-5",2026-02-04,"Paraprofessional/","Munger Mountain Elementary","https://www.applitrack.com/tcsd/onlineapp/default.aspx?all=1","Teton County School District 1",2026-03-13
"345","K-5 Special Education Teacher, Life Skills",2026-02-19,"Student Support Services","Jackson Elementary School","https://www.applitrack.com/tcsd/onlineapp/default.aspx?all=1","Teton County School District 1",2026-03-13
"346","K-5 Elementary Special Education Teacher",2026-02-19,"Student Support Services","Colter Elementary School","https://www.applitrack.com/tcsd/onlineapp/default.aspx?all=1","Teton County School District 1",2026-03-13
"347","9-12 Secondary Special Education Teacher",2026-02-19,"Student Support Services","Jackson Hole High School","https://www.applitrack.com/tcsd/onlineapp/default.aspx?all=1","Teton County School District 1",2026-03-13
"348","Early Education Teacher, Birth to age 3",2026-01-14,"Student Support Services/","TCSD Cubs","https://www.applitrack.com/tcsd/onlineapp/default.aspx?all=1","Teton County School District 1",2026-03-13
"349","School Counselor",2026-02-25,"Student Support Services/","Jackson Hole High School","https://www.applitrack.com/tcsd/onlineapp/default.aspx?all=1","Teton County School District 1",2026-03-13
"350","School Counselor",2026-02-25,"Student Support Services/","Jackson Hole Middle School","https://www.applitrack.com/tcsd/onlineapp/default.aspx?all=1","Teton County School District 1",2026-03-13
"351","Long Term Sub Elementary Social Worker/School Counselor",2026-02-25,"Substitute/","Munger Mountain Elementary","https://www.applitrack.com/tcsd/onlineapp/default.aspx?all=1","Teton County School District 1",2026-03-13
"352","Long Term Sub Kindergarten Dual Immersion Teacher-Spanish Instruction",2026-02-25,"Substitute/","Munger Mountain Elementary","https://www.applitrack.com/tcsd/onlineapp/default.aspx?all=1","Teton County School District 1",2026-03-13
"353","Substitute Teachers/Nurses",2020-02-11,"Substitute/","TCSD Schools","https://www.applitrack.com/tcsd/onlineapp/default.aspx?all=1","Teton County School District 1",2026-03-13
"354","Substitute Para/Secretary",2020-02-11,"Substitute/","TCSD Schools","https://www.applitrack.com/tcsd/onlineapp/default.aspx?all=1","Teton County School District 1",2026-03-13
"355","MORAN Route Driver",2024-11-20,"Transportation/","Transportation","https://www.applitrack.com/tcsd/onlineapp/default.aspx?all=1","Teton County School District 1",2026-03-13
"356","Route Bus Driver",2019-10-29,"Transportation/","Transportation","https://www.applitrack.com/tcsd/onlineapp/default.aspx?all=1","Teton County School District 1",2026-03-13
"357","Walking School Bus",2025-10-29,"Transportation/","Transportation","https://www.applitrack.com/tcsd/onlineapp/default.aspx?all=1","Teton County School District 1",2026-03-13
"358","Substitute Bus Drivers",2019-10-29,"Transportation/","Transportation","https://www.applitrack.com/tcsd/onlineapp/default.aspx?all=1","Teton County School District 1",2026-03-13
"359","Instrumental Music/Strings Teacher",2026-03-10,"District Wide Schools/","District Wide","https://www.applitrack.com/uinta/onlineapp/jobpostings/view.asp?all=1","Uinta County School District 1",2026-03-13
"360","Elementary Teacher",2026-03-09,"Elementary School Teaching/","District Wide","https://www.applitrack.com/uinta/onlineapp/jobpostings/view.asp?all=1","Uinta County School District 1",2026-03-13
"361","Secondary English Language Arts Teacher",2026-02-12,"High School / Secondary Teaching/","Evanston High School","https://www.applitrack.com/uinta/onlineapp/jobpostings/view.asp?all=1","Uinta County School District 1",2026-03-13
"362","Secondary Math Teacher",2026-02-12,"High School / Secondary Teaching/","Evanston High School","https://www.applitrack.com/uinta/onlineapp/jobpostings/view.asp?all=1","Uinta County School District 1",2026-03-13
"363","Industrial Technology Teacher",2026-03-10,"Middle School Teaching/","Davis Middle School","https://www.applitrack.com/uinta/onlineapp/jobpostings/view.asp?all=1","Uinta County School District 1",2026-03-13
"364","Executive Assistant - Office of the Superintendent",2026-02-04,"Secretarial/Clerical/","Education Service Center","https://www.applitrack.com/uinta/onlineapp/jobpostings/view.asp?all=1","Uinta County School District 1",2026-03-13
"365","Speech-Language Pathologist",2026-01-30,"Student Support Services/","District Wide","https://www.applitrack.com/uinta/onlineapp/jobpostings/view.asp?all=1","Uinta County School District 1",2026-03-13
"366","Bus Drivers and Substitute Bus Drivers",2026-01-09,"Support Staff/","Transportation","https://www.applitrack.com/uinta/onlineapp/jobpostings/view.asp?all=1","Uinta County School District 1",2026-03-13
"367","Full-time and Part-time Classroom Aides and SPED Paraprofessionals",2025-07-16,"Support Staff/","District Wide","https://www.applitrack.com/uinta/onlineapp/jobpostings/view.asp?all=1","Uinta County School District 1",2026-03-13
"368","Full-Time Lifeguard",2025-12-09,"Aquatic Center Staff/","Worland Aquatic Center","https://www.applitrack.com/washakie1/onlineapp/default.aspx?all=1","Washakie County School District 1",2026-03-13
"369","Lifeguard - HS Student",2024-01-08,"Aquatic Center Staff/","Worland Aquatic Center","https://www.applitrack.com/washakie1/onlineapp/default.aspx?all=1","Washakie County School District 1",2026-03-13
"370","Elementary Teacher",2025-12-09,"Elementary School Teaching","08/05/2026","https://www.applitrack.com/washakie1/onlineapp/default.aspx?all=1","Washakie County School District 1",2026-03-13
"371","Special Education Life Skills Teacher",2026-01-27,"Elementary School Teaching","08/03/2026","https://www.applitrack.com/washakie1/onlineapp/default.aspx?all=1","Washakie County School District 1",2026-03-13
"372","Title I Reading Specialist Teacher",2026-02-13,"Elementary School Teaching","West Side Elementary","https://www.applitrack.com/washakie1/onlineapp/default.aspx?all=1","Washakie County School District 1",2026-03-13
"373","Alternative High School Teacher",2025-12-16,"High School Teaching","White Hawk Academy","https://www.applitrack.com/washakie1/onlineapp/default.aspx?all=1","Washakie County School District 1",2026-03-13
"374","Secondary Social Studies Teacher (with coaching available)",2026-03-06,"High School Teaching/",NA,"https://www.applitrack.com/washakie1/onlineapp/default.aspx?all=1","Washakie County School District 1",2026-03-13
"375","Secondary Science Teacher",2026-03-10,"Middle School Teaching/",NA,"https://www.applitrack.com/washakie1/onlineapp/default.aspx?all=1","Washakie County School District 1",2026-03-13
"376","Speech Language Pathologist",2024-12-18,"Special Education Services","Education Resource Center","https://www.applitrack.com/washakie1/onlineapp/default.aspx?all=1","Washakie County School District 1",2026-03-13
"377","SLP-Assistant",2025-05-14,"Special Education Services","Education Resource Center","https://www.applitrack.com/washakie1/onlineapp/default.aspx?all=1","Washakie County School District 1",2026-03-13
"378","Special Education Teacher",2025-12-02,"Special Education Services","08/03/2026","https://www.applitrack.com/washakie1/onlineapp/default.aspx?all=1","Washakie County School District 1",2026-03-13
"379","Elementary Counselor",2026-03-04,"Student Support Services/","East Side Elementary","https://www.applitrack.com/washakie1/onlineapp/default.aspx?all=1","Washakie County School District 1",2026-03-13
"380","Substitute Bus Driver",2021-07-01,"Substitute/","Bus Barn","https://www.applitrack.com/washakie1/onlineapp/default.aspx?all=1","Washakie County School District 1",2026-03-13
"381","Substitute Cook",2020-11-04,"Substitute/","District","https://www.applitrack.com/washakie1/onlineapp/default.aspx?all=1","Washakie County School District 1",2026-03-13
"382","Substitute Housekeeper",2019-01-21,"Substitute/",NA,"https://www.applitrack.com/washakie1/onlineapp/default.aspx?all=1","Washakie County School District 1",2026-03-13
"383","Substitute Paraeducator",2016-03-02,"Substitute/",NA,"https://www.applitrack.com/washakie1/onlineapp/default.aspx?all=1","Washakie County School District 1",2026-03-13
"384","Substitute Teacher",2016-03-02,"Substitute/",NA,"https://www.applitrack.com/washakie1/onlineapp/default.aspx?all=1","Washakie County School District 1",2026-03-13
"385","2025-2026 Drama Club Sponsor Assistant",2025-12-22,"Coaching","Dubois K-12 School","https://fremont2.tedk12.com/hire/index.aspx","Fremont County School District 2",2026-03-13
"386","Substitute Custodian/Food Service",2025-02-01,"Classified","Dubois K-12 School","https://fremont2.tedk12.com/hire/index.aspx","Fremont County School District 2",2026-03-13
"387","Substitute Bus Driver",2024-04-01,"Classified","Bus Barn","https://fremont2.tedk12.com/hire/index.aspx","Fremont County School District 2",2026-03-13
"388","Substitute - Classified -  Para/Secretary",2024-04-01,"Classified","Dubois K-12 School","https://fremont2.tedk12.com/hire/index.aspx","Fremont County School District 2",2026-03-13
"389","Substitute Teaching",2024-04-01,"Substitute","Dubois K-12 School","https://fremont2.tedk12.com/hire/index.aspx","Fremont County School District 2",2026-03-13
"390","CUSTODIAN FLOATER",2026-03-11,"NON INSTRUCTIONAL SUPPORT","DISTRICT","https://fremont25.tedk12.com/hire/index.aspx","Fremont County School District 25",2026-03-13
"391","LAWN CREW",2026-03-11,"TEMPORARY","MAINTANENCE","https://fremont25.tedk12.com/hire/index.aspx","Fremont County School District 25",2026-03-13
"392","TEACHER (THEATER)",2026-03-06,"INSTUCTIONAL LEADER","RIVERTON HIGH SCHOOL","https://fremont25.tedk12.com/hire/index.aspx","Fremont County School District 25",2026-03-13
"393","TEACHER (ELA)",2026-03-06,"INSTRUCTION","RIVERTON HIGH SCHOOL","https://fremont25.tedk12.com/hire/index.aspx","Fremont County School District 25",2026-03-13
"394","ELEMENTARY TEACHER (PE)",2026-03-06,"INSTRUCTION","WILLOW CREEK","https://fremont25.tedk12.com/hire/index.aspx","Fremont County School District 25",2026-03-13
"395","HIGH SCHOOL TEACHER (COMPUTER SCIENCE)",2026-03-04,"INSTRUCTION","RIVERTON HIGH SCHOOL","https://fremont25.tedk12.com/hire/index.aspx","Fremont County School District 25",2026-03-13
"396","COUNSELOR",2026-02-27,"SERVICE PROVIDER","RIVERTON HIGH SCHOOL","https://fremont25.tedk12.com/hire/index.aspx","Fremont County School District 25",2026-03-13
"397","HIGH SCHOOL TEACHER (SOCIAL STUDIES)",2026-02-25,"INSTRUCTION","RIVERTON HIGH SCHOOL","https://fremont25.tedk12.com/hire/index.aspx","Fremont County School District 25",2026-03-13
"398","MIDDLE SCHOOL ASSISTANT COACH (CROSS COUNTRY)",2026-02-24,"COACH","RIVERTON MIDDLE SCHOOL","https://fremont25.tedk12.com/hire/index.aspx","Fremont County School District 25",2026-03-13
"399","DAYCARE ASSISTANT",2026-02-23,"STUDENT SUPPORT","ASPEN ELEMENTARY","https://fremont25.tedk12.com/hire/index.aspx","Fremont County School District 25",2026-03-13
"400","PARA (SPED)",2026-02-23,"CLASSROOM SUPPORT","WILLOW CREEK","https://fremont25.tedk12.com/hire/index.aspx","Fremont County School District 25",2026-03-13
"401","MIDDLE SCHOOL COACH (ASSISTANT VOLLEYBALL)",2026-02-20,"COACH","RIVERTON MIDDLE SCHOOL","https://fremont25.tedk12.com/hire/index.aspx","Fremont County School District 25",2026-03-13
"402","ELEMENTARY TEACHER (SPED)",2026-02-18,"INSTRUCTION","RENDEZVOUS ELEMENTARY","https://fremont25.tedk12.com/hire/index.aspx","Fremont County School District 25",2026-03-13
"403","PARA (SPED BSP)",2026-02-18,"CLASSROOM SUPPORT","RENDEZVOUS ELEMENTARY","https://fremont25.tedk12.com/hire/index.aspx","Fremont County School District 25",2026-03-13
"404","ELEMENTARY TEACHER (SPED IDEAL)",2026-02-16,"INSTRUCTION","RENDEZVOUS ELEMENTARY","https://fremont25.tedk12.com/hire/index.aspx","Fremont County School District 25",2026-03-13
"405","SPEECH LANGUAGE PATHOLOGIST",2026-02-09,"SERVICE PROVIDER","DISTRICT","https://fremont25.tedk12.com/hire/index.aspx","Fremont County School District 25",2026-03-13
"406","SCHOOL PSYCHOLOGIST",2026-02-09,"SERVICE PROVIDER","ALTERNATIVE/SPECIAL SERVICES","https://fremont25.tedk12.com/hire/index.aspx","Fremont County School District 25",2026-03-13
"407","CASE MANAGER (SPED)",2026-02-02,"STUDENT SUPPORT","DISTRICT","https://fremont25.tedk12.com/hire/index.aspx","Fremont County School District 25",2026-03-13
"408","OCCUPATIONAL THERAPIST",2026-01-22,"SERVICE PROVIDER","DISTRICT","https://fremont25.tedk12.com/hire/index.aspx","Fremont County School District 25",2026-03-13
"409","HIGH SCHOOL ASSISTANT COACH (VOLLEYBALL)",2025-12-22,"COACH","RIVERTON HIGH SCHOOL","https://fremont25.tedk12.com/hire/index.aspx","Fremont County School District 25",2026-03-13
"410","HIGH SCHOOL HEAD COACH (VOLLEYBALL)",2025-12-22,"COACH","RIVERTON HIGH SCHOOL","https://fremont25.tedk12.com/hire/index.aspx","Fremont County School District 25",2026-03-13
"411","NATIVE AMERICAN EDUCATION STUDENT AMBASSADOR",2025-12-12,"TEMPORARY","DISTRICT","https://fremont25.tedk12.com/hire/index.aspx","Fremont County School District 25",2026-03-13
"412","BUS AIDE",2025-10-17,"NON INSTRUCTIONAL SUPPORT","BUS GARAGE - TRANSPORTATION","https://fremont25.tedk12.com/hire/index.aspx","Fremont County School District 25",2026-03-13
"413","BUS DRIVER (PART TIME)",2025-10-17,"NON INSTRUCTIONAL SUPPORT","BUS GARAGE - TRANSPORTATION","https://fremont25.tedk12.com/hire/index.aspx","Fremont County School District 25",2026-03-13
"414","SUBSTITUTE PARA",2025-09-26,"CLASSROOM SUPPORT","DISTRICT","https://fremont25.tedk12.com/hire/index.aspx","Fremont County School District 25",2026-03-13
"415","SUBSTITUTE INTERPRETER FOR DEAF/HARD OF HEARING STUDENTS",2025-01-16,"STUDENT SUPPORT","DISTRICT","https://fremont25.tedk12.com/hire/index.aspx","Fremont County School District 25",2026-03-13
"416","SUBSTITUTE CUSTODIAN",2024-09-17,"NON INSTRUCTIONAL SUPPORT","DISTRICT","https://fremont25.tedk12.com/hire/index.aspx","Fremont County School District 25",2026-03-13
"417","SUBSTITUTE DAYCARE ASSISTANT",2024-07-22,"STUDENT SUPPORT","DISTRICT","https://fremont25.tedk12.com/hire/index.aspx","Fremont County School District 25",2026-03-13
"418","SUBSTITUTE NURSE",2024-07-18,"SERVICE PROVIDER","DISTRICT","https://fremont25.tedk12.com/hire/index.aspx","Fremont County School District 25",2026-03-13
"419","SUBSTITUTE TEACHER",2024-07-18,"INSTRUCTION","DISTRICT","https://fremont25.tedk12.com/hire/index.aspx","Fremont County School District 25",2026-03-13
"420","LIFEGUARD",2024-03-01,"NON INSTRUCTIONAL SUPPORT","RIVERTON AQUATICS CENTER","https://fremont25.tedk12.com/hire/index.aspx","Fremont County School District 25",2026-03-13
"421","DESK CLERK",2024-03-01,"NON INSTRUCTIONAL SUPPORT","RIVERTON AQUATICS CENTER","https://fremont25.tedk12.com/hire/index.aspx","Fremont County School District 25",2026-03-13
"422","SUBSTITUTE BUS DRIVER",2023-11-06,"NON INSTRUCTIONAL SUPPORT","BUS GARAGE - TRANSPORTATION","https://fremont25.tedk12.com/hire/index.aspx","Fremont County School District 25",2026-03-13
"423","Transportation Maintenance Staff",2026-03-09,"Transportation","Transportation Services","https://goshen.tedk12.com/hire/index.aspx#aJobListings","Goshen County School District 1",2026-03-13
"424","Substitute Cook",2026-03-04,"Food Service","District Food Services","https://goshen.tedk12.com/hire/index.aspx#aJobListings","Goshen County School District 1",2026-03-13
"425","Special Education Teacher - Lincoln Elementary",2026-03-03,"Special Education","Lincoln Elementary School","https://goshen.tedk12.com/hire/index.aspx#aJobListings","Goshen County School District 1",2026-03-13
"426","English Teacher - Torrington Middle School",2026-02-17,"Secondary Certified","Torrington Middle School","https://goshen.tedk12.com/hire/index.aspx#aJobListings","Goshen County School District 1",2026-03-13
"427","Bus Driver/ Sub Bus Driver",2026-01-01,"Bus Driver","Transportation Services","https://goshen.tedk12.com/hire/index.aspx#aJobListings","Goshen County School District 1",2026-03-13
"428","Future Administrative Positions",2026-01-01,"Administrative - building","Central Administration Office","https://goshen.tedk12.com/hire/index.aspx#aJobListings","Goshen County School District 1",2026-03-13
"429","Future Substitute Teacher Positions",2026-01-01,"Substitute","Central Administration Office","https://goshen.tedk12.com/hire/index.aspx#aJobListings","Goshen County School District 1",2026-03-13
"430","Future Classified Positions",2026-01-01,"Support","Central Administration Office","https://goshen.tedk12.com/hire/index.aspx#aJobListings","Goshen County School District 1",2026-03-13
"431","Future Certified Positions",2026-01-01,"K-12","Central Administration Office","https://goshen.tedk12.com/hire/index.aspx#aJobListings","Goshen County School District 1",2026-03-13
"432","Teacher - Secondary Math - Torrington High School - Eligible for $15,000 Hiring Incentive Based on Certification",2025-09-18,"Secondary Certified","Torrington High School","https://goshen.tedk12.com/hire/index.aspx#aJobListings","Goshen County School District 1",2026-03-13
"433","Speech Language Pathologist - District",2023-07-11,"Specialist - Certified","Office of Special Services","https://goshen.tedk12.com/hire/index.aspx#aJobListings","Goshen County School District 1",2026-03-13
"434","School Psychologist 2026-2027 School Year",2026-03-12,"Certified","District","https://laramie2.tedk12.com/hire/index.aspx","Laramie County School District 2",2026-03-13
"435","Speech-Language Pathologist 2026-27 School Year",2026-03-12,"Certified","District","https://laramie2.tedk12.com/hire/index.aspx","Laramie County School District 2",2026-03-13
"436","Part Time Elementary Teacher 2026-27 School Year",2026-03-12,"Certified","Albin Elementary","https://laramie2.tedk12.com/hire/index.aspx","Laramie County School District 2",2026-03-13
"437","Summer Groundskeeper",2026-03-10,"Summer","Pine Bluffs Jr./Sr. High School","https://laramie2.tedk12.com/hire/index.aspx","Laramie County School District 2",2026-03-13
"438","World Language Teacher 2026-2027 school year",2026-03-02,"Certified","Burns Jr./Sr. High School","https://laramie2.tedk12.com/hire/index.aspx","Laramie County School District 2",2026-03-13
"439","Assistant High School Football Coach",2026-02-24,"Coaching","Burns Jr./Sr. High School","https://laramie2.tedk12.com/hire/index.aspx","Laramie County School District 2",2026-03-13
"440","Secondary Math Teacher for 2026-2027 School Year",2026-02-18,"Certified","Burns Jr./Sr. High School","https://laramie2.tedk12.com/hire/index.aspx","Laramie County School District 2",2026-03-13
"441","Elementary Teacher 2026-27 School Year",2026-02-02,"Certified","District","https://laramie2.tedk12.com/hire/index.aspx","Laramie County School District 2",2026-03-13
"442","District Data/Information Specialist",2026-01-08,"Classified","District","https://laramie2.tedk12.com/hire/index.aspx","Laramie County School District 2",2026-03-13
"443","Industrial Arts Teacher 2026-27 School Year",2026-01-08,"Certified","Pine Bluffs Jr./Sr. High School","https://laramie2.tedk12.com/hire/index.aspx","Laramie County School District 2",2026-03-13
"444","Assistant JH Volleyball Numbers Coach",2025-12-02,"Coaching","Burns Jr./Sr. High School","https://laramie2.tedk12.com/hire/index.aspx","Laramie County School District 2",2026-03-13
"445","Substitute School Nurse",2025-09-15,"Substitute","District","https://laramie2.tedk12.com/hire/index.aspx","Laramie County School District 2",2026-03-13
"446","ELL Parent Translator Contactor",2025-09-15,"Classified","District","https://laramie2.tedk12.com/hire/index.aspx","Laramie County School District 2",2026-03-13
"447","Assistant JH Football Coach",2025-08-05,"Coaching","Burns Jr./Sr. High School","https://laramie2.tedk12.com/hire/index.aspx","Laramie County School District 2",2026-03-13
"448","ELL Paraprofessional",2025-06-10,"Classified","District","https://laramie2.tedk12.com/hire/index.aspx","Laramie County School District 2",2026-03-13
"449","Sub Paraprofessional",2025-01-30,"Classified","District","https://laramie2.tedk12.com/hire/index.aspx","Laramie County School District 2",2026-03-13
"450","Sub Custodian",2025-01-30,"Classified","District","https://laramie2.tedk12.com/hire/index.aspx","Laramie County School District 2",2026-03-13
"451","Substitute Cook",2025-01-30,"Food Service","District","https://laramie2.tedk12.com/hire/index.aspx","Laramie County School District 2",2026-03-13
"452","Substitute Teacher",2025-01-30,"Substitute","District","https://laramie2.tedk12.com/hire/index.aspx","Laramie County School District 2",2026-03-13
"453","Substitute Bus Driver",2025-01-30,"Substitute","District","https://laramie2.tedk12.com/hire/index.aspx","Laramie County School District 2",2026-03-13
"454","Route Bus Driver",2026-03-09,"Sundance Secondary","Sundance, Wyoming","https://crook1.schoolspring.com/","Crook County School District 1",2026-03-13
"455","Special Education Teacher",2026-02-24,"Moorcroft Elementary","Moorcroft, Wyoming","https://crook1.schoolspring.com/","Crook County School District 1",2026-03-13
"456","Activities Director/Supervisor",2026-02-11,"Sundance Secondary","Sundance, Wyoming","https://crook1.schoolspring.com/","Crook County School District 1",2026-03-13
"457","Route Bus Driver",2026-02-11,"Moorcroft Secondary","Moorcroft, Wyoming","https://crook1.schoolspring.com/","Crook County School District 1",2026-03-13
"458","K-12 Music Teacher",2026-02-11,"Hulett K-12","Hulett, Wyoming","https://crook1.schoolspring.com/","Crook County School District 1",2026-03-13
"459","Route Bus Driver",2026-01-19,"Sundance Secondary","Sundance, Wyoming","https://crook1.schoolspring.com/","Crook County School District 1",2026-03-13
"460","Substitute Custodian",2025-08-06,"Sundance Secondary","Sundance, Wyoming","https://crook1.schoolspring.com/","Crook County School District 1",2026-03-13
"461","Substitute Custodian",2025-08-06,"Moorcroft Secondary","Moorcroft, Wyoming","https://crook1.schoolspring.com/","Crook County School District 1",2026-03-13
"462","Substitute Custodian",2025-08-06,"Hulett K-12","Hulett, Wyoming","https://crook1.schoolspring.com/","Crook County School District 1",2026-03-13
"463","Substitute Teacher",2025-08-06,"Sundance Elementary","Sundance, Wyoming","https://crook1.schoolspring.com/","Crook County School District 1",2026-03-13
"464","Substitute Teacher",2025-08-06,"Moorcroft Elementary","Moorcroft, Wyoming","https://crook1.schoolspring.com/","Crook County School District 1",2026-03-13
"465","Substitute Teacher",2025-08-06,"Hulett K-12","Hulett, Wyoming","https://crook1.schoolspring.com/","Crook County School District 1",2026-03-13
"466","Substitute & Activity Bus Drivers",2025-08-06,"Sundance Secondary","Sundance, Wyoming","https://crook1.schoolspring.com/","Crook County School District 1",2026-03-13
"467","Substitute & Activity Bus Drivers",2025-08-06,"Moorcroft Secondary","Moorcroft, Wyoming","https://crook1.schoolspring.com/","Crook County School District 1",2026-03-13
"468","Substitute & Activity Bus Drivers",2025-08-06,"Hulett K-12","Hulett, Wyoming","https://crook1.schoolspring.com/","Crook County School District 1",2026-03-13
"469","Assistant Principal - Junior High [BA05]",2026-03-13,"CAREY JUNIOR HIGH SCHOOL","Cheyenne, Wyoming","https://laramie1.schoolspring.com/","Laramie County School District 1",2026-03-13
"470","1st Grade Teacher DLI Spanish [TA40]",2026-03-12,"AFFLERBACH ELEMENTARY SCHOOL","Cheyenne, Wyoming","https://laramie1.schoolspring.com/","Laramie County School District 1",2026-03-13
"471","Assistant Tennis Coach [C132]",2026-03-06,"EAST HIGH SCHOOL","Cheyenne, Wyoming","https://laramie1.schoolspring.com/","Laramie County School District 1",2026-03-13
"472","Head Cheer Coach [C106]",2026-03-06,"SOUTH HIGH SCHOOL","Cheyenne, Wyoming","https://laramie1.schoolspring.com/","Laramie County School District 1",2026-03-13
"473","Elementary Head Track Coach [C188]",2026-03-05,"MEADOWLARK ELEMENTARY SCHOOL","Cheyenne, Wyoming","https://laramie1.schoolspring.com/","Laramie County School District 1",2026-03-13
"474","Elementary Assistant Track Coach [C190]",2026-03-05,"SADDLE RIDGE ELEMENTARY SCHOOL","Cheyenne, Wyoming","https://laramie1.schoolspring.com/","Laramie County School District 1",2026-03-13
"475","Elementary Head Track Coach [C188]",2026-03-05,"SADDLE RIDGE ELEMENTARY SCHOOL","Cheyenne, Wyoming","https://laramie1.schoolspring.com/","Laramie County School District 1",2026-03-13
"476","Elementary Assistant Track Coach [C190]",2026-03-05,"PRAIRIE WIND ELEMENTARY SCHOOL","Cheyenne, Wyoming","https://laramie1.schoolspring.com/","Laramie County School District 1",2026-03-13
"477","Elementary Head Track Coach [C188]",2026-03-05,"PRAIRIE WIND ELEMENTARY SCHOOL","Cheyenne, Wyoming","https://laramie1.schoolspring.com/","Laramie County School District 1",2026-03-13
"478","Elementary Assistant Track Coach [C190]",2026-03-05,"DAVIS ELEMENTARY SCHOOL","Cheyenne, Wyoming","https://laramie1.schoolspring.com/","Laramie County School District 1",2026-03-13
"479","Elementary Head Track Coach [C188]",2026-03-05,"DAVIS ELEMENTARY SCHOOL","Cheyenne, Wyoming","https://laramie1.schoolspring.com/","Laramie County School District 1",2026-03-13
"480","Elementary Head Track Coach [C188]",2026-03-05,"DEMING ELEMENTARY SCHOOL","Cheyenne, Wyoming","https://laramie1.schoolspring.com/","Laramie County School District 1",2026-03-13
"481","Elementary Assistant Track Coach [C190]",2026-03-05,"DEMING ELEMENTARY SCHOOL","Cheyenne, Wyoming","https://laramie1.schoolspring.com/","Laramie County School District 1",2026-03-13
"482","Elementary Assistant Track Coach [C190]",2026-03-04,"BUFFALO RIDGE ELEMENTARY SCHL","Cheyenne, Wyoming","https://laramie1.schoolspring.com/","Laramie County School District 1",2026-03-13
"483","Elementary Head Track Coach [C188]",2026-03-04,"BUFFALO RIDGE ELEMENTARY SCHL","Cheyenne, Wyoming","https://laramie1.schoolspring.com/","Laramie County School District 1",2026-03-13
"484","Elementary Assistant Track Coach [C190]",2026-03-04,"ANDERSON ELEMENTARY SCHOOL","Cheyenne, Wyoming","https://laramie1.schoolspring.com/","Laramie County School District 1",2026-03-13
"485","Elementary Head Track Coach [C188]",2026-03-04,"ANDERSON ELEMENTARY SCHOOL","Cheyenne, Wyoming","https://laramie1.schoolspring.com/","Laramie County School District 1",2026-03-13
"486","Elementary Assistant Track Coach [C190]",2026-03-04,"DILDINE ELEMENTARY SCHOOL","Cheyenne, Wyoming","https://laramie1.schoolspring.com/","Laramie County School District 1",2026-03-13
"487","Elementary Head Track Coach [C188]",2026-03-04,"DILDINE ELEMENTARY SCHOOL","Cheyenne, Wyoming","https://laramie1.schoolspring.com/","Laramie County School District 1",2026-03-13
"488","Elementary Head Track Coach [C188]",2026-03-04,"HOBBS ELEMENTARY SCHOOL","Cheyenne, Wyoming","https://laramie1.schoolspring.com/","Laramie County School District 1",2026-03-13
"489","Elementary Assistant Track Coach [C190]",2026-03-04,"HOBBS ELEMENTARY SCHOOL","Cheyenne, Wyoming","https://laramie1.schoolspring.com/","Laramie County School District 1",2026-03-13
"490","Elementary Assistant Track Coach [C190]",2026-03-04,"JESSUP ELEMENTARY SCHOOL","Cheyenne, Wyoming","https://laramie1.schoolspring.com/","Laramie County School District 1",2026-03-13
"491","Elementary Head Track Coach [C188]",2026-03-04,"JESSUP ELEMENTARY SCHOOL","Cheyenne, Wyoming","https://laramie1.schoolspring.com/","Laramie County School District 1",2026-03-13
"492","Elementary Assistant Track Coach [C190]",2026-03-04,"SUNRISE ELEMENTARY SCHOOL","Cheyenne, Wyoming","https://laramie1.schoolspring.com/","Laramie County School District 1",2026-03-13
"493","Elementary Head Track Coach [C188]",2026-03-04,"SUNRISE ELEMENTARY SCHOOL","Cheyenne, Wyoming","https://laramie1.schoolspring.com/","Laramie County School District 1",2026-03-13
"494","Elementary Assistant Track Coach [C190]",2026-03-04,"ROSSMAN ELEMENTARY SCHOOL","Cheyenne, Wyoming","https://laramie1.schoolspring.com/","Laramie County School District 1",2026-03-13
"495","Elementary Head Track Coach [C188]",2026-03-04,"ROSSMAN ELEMENTARY SCHOOL","Cheyenne, Wyoming","https://laramie1.schoolspring.com/","Laramie County School District 1",2026-03-13
"496","Elementary Assistant Track Coach [C190]",2026-03-04,"PIONEER PARK ELEMENTARY SCHOOL","Cheyenne, Wyoming","https://laramie1.schoolspring.com/","Laramie County School District 1",2026-03-13
"497","Elementary Head Track Coach [C188]",2026-03-04,"PIONEER PARK ELEMENTARY SCHOOL","Cheyenne, Wyoming","https://laramie1.schoolspring.com/","Laramie County School District 1",2026-03-13
"498","Elementary Assistant Track Coach [C190]",2026-03-04,"HENDERSON ELEMENTARY SCHOOL","Cheyenne, Wyoming","https://laramie1.schoolspring.com/","Laramie County School District 1",2026-03-13
"499","Elementary Head Track Coach [C188]",2026-03-04,"HENDERSON ELEMENTARY SCHOOL","Cheyenne, Wyoming","https://laramie1.schoolspring.com/","Laramie County School District 1",2026-03-13
"500","Elementary Assistant Track Coach [C190]",2026-03-04,"HEBARD ELEMENTARY SCHOOL","Cheyenne, Wyoming","https://laramie1.schoolspring.com/","Laramie County School District 1",2026-03-13
"501","Elementary Head Track Coach [C188]",2026-03-04,"HEBARD ELEMENTARY SCHOOL","Cheyenne, Wyoming","https://laramie1.schoolspring.com/","Laramie County School District 1",2026-03-13
"502","Elementary Assistant Track Coach [C190]",2026-03-04,"GOINS ELEMENTARY SCHOOL","Cheyenne, Wyoming","https://laramie1.schoolspring.com/","Laramie County School District 1",2026-03-13
"503","Elementary Head Track Coach [C188]",2026-03-04,"GOINS ELEMENTARY SCHOOL","Cheyenne, Wyoming","https://laramie1.schoolspring.com/","Laramie County School District 1",2026-03-13
"504","Elementary Assistant Track Coach [C190]",2026-03-04,"GILCHRIST ELEMENTARY SCHOOL","Cheyenne, Wyoming","https://laramie1.schoolspring.com/","Laramie County School District 1",2026-03-13
"505","Elementary Head Track Coach [C188]",2026-03-04,"GILCHRIST ELEMENTARY SCHOOL","Cheyenne, Wyoming","https://laramie1.schoolspring.com/","Laramie County School District 1",2026-03-13
"506","Elementary Assistant Track Coach [C190]",2026-03-04,"FREEDOM ELEMENTARY SCHOOL","Cheyenne, Wyoming","https://laramie1.schoolspring.com/","Laramie County School District 1",2026-03-13
"507","Elementary Head Track Coach [C188]",2026-03-04,"FREEDOM ELEMENTARY SCHOOL","Cheyenne, Wyoming","https://laramie1.schoolspring.com/","Laramie County School District 1",2026-03-13
"508","Elementary Assistant Track Coach [C190]",2026-03-04,"FAIRVIEW ELEMENTARY SCHOOL","Cheyenne, Wyoming","https://laramie1.schoolspring.com/","Laramie County School District 1",2026-03-13
"509","Elementary Head Track Coach [C188]",2026-03-04,"FAIRVIEW ELEMENTARY SCHOOL","Cheyenne, Wyoming","https://laramie1.schoolspring.com/","Laramie County School District 1",2026-03-13
"510","Elementary Assistant Track Coach [C190]",2026-03-04,"COLE ELEMENTARY SCHOOL","Cheyenne, Wyoming","https://laramie1.schoolspring.com/","Laramie County School District 1",2026-03-13
"511","Elementary Head Track Coach [C188]",2026-03-04,"COLE ELEMENTARY SCHOOL","Cheyenne, Wyoming","https://laramie1.schoolspring.com/","Laramie County School District 1",2026-03-13
"512","Elementary Assistant Track Coach [C190]",2026-03-04,"BAIN ELEMENTARY SCHOOL","Cheyenne, Wyoming","https://laramie1.schoolspring.com/","Laramie County School District 1",2026-03-13
"513","Elementary Head Track Coach [C188]",2026-03-04,"BAIN ELEMENTARY SCHOOL","Cheyenne, Wyoming","https://laramie1.schoolspring.com/","Laramie County School District 1",2026-03-13
"514","Elementary Assistant Track Coach [C190]",2026-03-04,"BAGGS ELEMENTARY SCHOOL","Cheyenne, Wyoming","https://laramie1.schoolspring.com/","Laramie County School District 1",2026-03-13
"515","Elementary Head Track Coach [C188]",2026-03-04,"BAGGS ELEMENTARY SCHOOL","Cheyenne, Wyoming","https://laramie1.schoolspring.com/","Laramie County School District 1",2026-03-13
"516","Elementary Assistant Track Coach [C190]",2026-03-04,"ARP ELEMENTARY SCHOOL","Cheyenne, Wyoming","https://laramie1.schoolspring.com/","Laramie County School District 1",2026-03-13
"517","Elementary Head Track Coach [C188]",2026-03-04,"ARP ELEMENTARY SCHOOL","Cheyenne, Wyoming","https://laramie1.schoolspring.com/","Laramie County School District 1",2026-03-13
"518","Elementary Assistant Track Coach [C190]",2026-03-04,"ALTA VISTA ELEMENTARY SCHOOL","Cheyenne, Wyoming","https://laramie1.schoolspring.com/","Laramie County School District 1",2026-03-13
"519","Elementary Head Track Coach [C188]",2026-03-04,"ALTA VISTA ELEMENTARY SCHOOL","Cheyenne, Wyoming","https://laramie1.schoolspring.com/","Laramie County School District 1",2026-03-13
"520","Elementary Assistant Track Coach [C190]",2026-03-04,"AFFLERBACH ELEMENTARY SCHOOL","Cheyenne, Wyoming","https://laramie1.schoolspring.com/","Laramie County School District 1",2026-03-13
"521","Elementary Assistant Track Coach [C190]",2026-03-04,"MEADOWLARK ELEMENTARY SCHOOL","Cheyenne, Wyoming","https://laramie1.schoolspring.com/","Laramie County School District 1",2026-03-13
"522","Elementary Head Track Coach [C188]",2026-03-04,"AFFLERBACH ELEMENTARY SCHOOL","Cheyenne, Wyoming","https://laramie1.schoolspring.com/","Laramie County School District 1",2026-03-13
"523","Paraeducator Special Education [XP08]",2026-03-04,"ROSSMAN ELEMENTARY SCHOOL","Cheyenne, Wyoming","https://laramie1.schoolspring.com/","Laramie County School District 1",2026-03-13
"524","Elementary Assistant Track Coach [C190]",2026-03-03,"COYOTE RIDGE ELEMENTARY SCHOOL","Cheyenne, Wyoming","https://laramie1.schoolspring.com/","Laramie County School District 1",2026-03-13
"525","Elementary Head Track Coach [C188]",2026-03-03,"COYOTE RIDGE ELEMENTARY SCHOOL","Cheyenne, Wyoming","https://laramie1.schoolspring.com/","Laramie County School District 1",2026-03-13
"526","2nd Grade Teacher DLI Spanish [TA40]",2026-03-02,"AFFLERBACH ELEMENTARY SCHOOL","Cheyenne, Wyoming","https://laramie1.schoolspring.com/","Laramie County School District 1",2026-03-13
"527","Paraeducator Special Education [XP08]",2026-03-02,"AFFLERBACH ELEMENTARY SCHOOL","Cheyenne, Wyoming","https://laramie1.schoolspring.com/","Laramie County School District 1",2026-03-13
"528","Head Tennis Coach [C134]",2026-02-26,"SOUTH HIGH SCHOOL","Cheyenne, Wyoming","https://laramie1.schoolspring.com/","Laramie County School District 1",2026-03-13
"529","Assistant Principal - Junior High [BA05]",2026-02-24,"JOHNSON JUNIOR HIGH SCHOOL","Cheyenne, Wyoming","https://laramie1.schoolspring.com/","Laramie County School District 1",2026-03-13
"530","School Nurse - 2026/2027 Contract Year",2026-02-19,"PODER/PASS ACADEMY","Cheyenne, Wyoming","https://laramie1.schoolspring.com/","Laramie County School District 1",2026-03-13
"531","Middle School Science Teacher (7th and 8th) - 2026/2027 Contract Year",2026-02-19,"PODER ACADEMY SECONDARY (PASS)","Cheyenne, Wyoming","https://laramie1.schoolspring.com/","Laramie County School District 1",2026-03-13
"532","Secondary Math Teacher - 2026/2027 Contract Year",2026-02-19,"PODER ACADEMY SECONDARY (PASS)","Cheyenne, Wyoming","https://laramie1.schoolspring.com/","Laramie County School District 1",2026-03-13
"533","Building Interventionist/Sub - 2026/2027 contract year",2026-02-19,"PODER ACADEMY SECONDARY (PASS)","Cheyenne, Wyoming","https://laramie1.schoolspring.com/","Laramie County School District 1",2026-03-13
"534","SPED Teacher",2026-02-17,"PODER ACADEMY ELEMENTARY","Cheyenne, Wyoming","https://laramie1.schoolspring.com/","Laramie County School District 1",2026-03-13
"535","Paraeducator Special Needs Life Skills [XP09]",2026-02-17,"EAST HIGH SCHOOL","Cheyenne, Wyoming","https://laramie1.schoolspring.com/","Laramie County School District 1",2026-03-13
"536","Occupational Therapist [XT06]",2026-02-17,"Laramie County School District 1","Cheyenne, Wyoming","https://laramie1.schoolspring.com/","Laramie County School District 1",2026-03-13
"537","Custodial-Head Class 4 - Remainder of the 2025/2026 Contract Year only[CU07]",2026-02-17,"DEMING ELEMENTARY SCHOOL","Cheyenne, Wyoming","https://laramie1.schoolspring.com/","Laramie County School District 1",2026-03-13
"538","Custodial-Assistant Head Custodian - Class 5 [CU02]",2026-02-17,"SOUTH HIGH SCHOOL","Cheyenne, Wyoming","https://laramie1.schoolspring.com/","Laramie County School District 1",2026-03-13
"539","Custodial - Head Class 5 [CU02]",2026-02-17,"MCCORMICK JUNIOR HIGH SCHOOL","Cheyenne, Wyoming","https://laramie1.schoolspring.com/","Laramie County School District 1",2026-03-13
"540","Custodial - Head Class 5 [CU02]",2026-02-17,"JOHNSON JUNIOR HIGH SCHOOL","Cheyenne, Wyoming","https://laramie1.schoolspring.com/","Laramie County School District 1",2026-03-13
"541","School Custodian/Maintenance",2026-02-09,"PODER ACADEMY SECONDARY (PASS)","Cheyenne, Wyoming","https://laramie1.schoolspring.com/","Laramie County School District 1",2026-03-13
"542","Enrollment Marketing and Community Outreach Coordinator",2026-02-09,"PODER/PASS ACADEMY","Cheyenne, Wyoming","https://laramie1.schoolspring.com/","Laramie County School District 1",2026-03-13
"543","Physical Therapy Assistant [XI03]",2026-02-09,"Laramie County School District 1","Cheyenne, Wyoming","https://laramie1.schoolspring.com/","Laramie County School District 1",2026-03-13
"544","Student Sweeper [ST05]",2026-02-06,"MCCORMICK JUNIOR HIGH SCHOOL","Cheyenne, Wyoming","https://laramie1.schoolspring.com/","Laramie County School District 1",2026-03-13
"545","Elementary K-6 Teacher",2026-02-05,"PODER ACADEMY ELEMENTARY","Cheyenne, Wyoming","https://laramie1.schoolspring.com/","Laramie County School District 1",2026-03-13
"546","Physical Education",2026-02-05,"PODER ACADEMY ELEMENTARY","Cheyenne, Wyoming","https://laramie1.schoolspring.com/","Laramie County School District 1",2026-03-13
"547","Sub-Custodian [S010]",2026-02-03,"Laramie County School District 1","Cheyenne, Wyoming","https://laramie1.schoolspring.com/","Laramie County School District 1",2026-03-13
"548","Substitute Transportation Driver [S050]",2026-02-03,"Laramie County School District 1","Cheyenne, Wyoming","https://laramie1.schoolspring.com/","Laramie County School District 1",2026-03-13
"549","Custodial - Head Class 4 [CU07]",2026-02-02,"TRIUMPH HIGH SCHOOL","Cheyenne, Wyoming","https://laramie1.schoolspring.com/","Laramie County School District 1",2026-03-13
"550","Substitute Transportation Assistant [S051]",2026-02-02,"Laramie County School District 1","Cheyenne, Wyoming","https://laramie1.schoolspring.com/","Laramie County School District 1",2026-03-13
"551","Custodial - Head Class 5 [CU08]",2026-01-16,"CAREY JUNIOR HIGH SCHOOL","Cheyenne, Wyoming","https://laramie1.schoolspring.com/","Laramie County School District 1",2026-03-13
"552","We The People Sponsor",2025-11-18,"SOUTH HIGH SCHOOL","Cheyenne, Wyoming","https://laramie1.schoolspring.com/","Laramie County School District 1",2026-03-13
"553","Student Sweeper [ST05]",2025-11-07,"AFFLERBACH ELEMENTARY SCHOOL","Cheyenne, Wyoming","https://laramie1.schoolspring.com/","Laramie County School District 1",2026-03-13
"554","Student Sweeper [ST05]",2025-11-07,"ARP ELEMENTARY SCHOOL","Cheyenne, Wyoming","https://laramie1.schoolspring.com/","Laramie County School District 1",2026-03-13
"555","Student Sweeper [ST05]",2025-11-07,"BAGGS ELEMENTARY SCHOOL","Cheyenne, Wyoming","https://laramie1.schoolspring.com/","Laramie County School District 1",2026-03-13
"556","Student Sweeper [ST05]",2025-11-07,"BUFFALO RIDGE ELEMENTARY SCHL","Cheyenne, Wyoming","https://laramie1.schoolspring.com/","Laramie County School District 1",2026-03-13
"557","Student Sweeper [ST05]",2025-11-07,"DILDINE ELEMENTARY SCHOOL","Cheyenne, Wyoming","https://laramie1.schoolspring.com/","Laramie County School District 1",2026-03-13
"558","Student Sweeper [ST05]",2025-11-07,"GILCHRIST ELEMENTARY SCHOOL","Cheyenne, Wyoming","https://laramie1.schoolspring.com/","Laramie County School District 1",2026-03-13
"559","Student Sweeper [ST05]",2025-11-07,"HENDERSON ELEMENTARY SCHOOL","Cheyenne, Wyoming","https://laramie1.schoolspring.com/","Laramie County School District 1",2026-03-13
"560","Student Sweeper [ST05]",2025-11-07,"PRAIRIE WIND ELEMENTARY SCHOOL","Cheyenne, Wyoming","https://laramie1.schoolspring.com/","Laramie County School District 1",2026-03-13
"561","Student Sweeper [ST05]",2025-11-07,"CAREY JUNIOR HIGH SCHOOL","Cheyenne, Wyoming","https://laramie1.schoolspring.com/","Laramie County School District 1",2026-03-13
"562","Physical Therapist [XT07]",2025-10-23,"Laramie County School District 1","Cheyenne, Wyoming","https://laramie1.schoolspring.com/","Laramie County School District 1",2026-03-13
"563","School Psychologist Intern [XT32]",2025-10-23,"Laramie County School District 1","Cheyenne, Wyoming","https://laramie1.schoolspring.com/","Laramie County School District 1",2026-03-13
"564","Paraprofessional",2025-10-20,"PODER ACADEMY SECONDARY (PASS)","Cheyenne, Wyoming","https://laramie1.schoolspring.com/","Laramie County School District 1",2026-03-13
"565","Assistant - Speech Language Pathology [XI02]",2025-09-11,"HOBBS ELEMENTARY SCHOOL","Cheyenne, Wyoming","https://laramie1.schoolspring.com/","Laramie County School District 1",2026-03-13
"566","Speech Language Pathologist [XT14]",2025-08-08,"Laramie County School District 1","Cheyenne, Wyoming","https://laramie1.schoolspring.com/","Laramie County School District 1",2026-03-13
"567","Applicant Pool - Substitute Teacher [S035]",2025-07-31,"SUBSTITUTE TEACHERS","Cheyenne, Wyoming","https://laramie1.schoolspring.com/","Laramie County School District 1",2026-03-13
"568","Paraeducator Sign Support [XP05]",2025-06-26,"BUILDING TO BE DETERMINED","Cheyenne, Wyoming","https://laramie1.schoolspring.com/","Laramie County School District 1",2026-03-13
"569","School Psychologist [XA01]",2025-06-17,"BUILDING TO BE DETERMINED","Cheyenne, Wyoming","https://laramie1.schoolspring.com/","Laramie County School District 1",2026-03-13
"570","Centennial Track Aide",2026-03-13,"Centennial Middle School","Casper, Wyoming","https://natronaschools.schoolspring.com/","Natrona School District 1",2026-03-13
"571","District Mentor Beginning the 2026-27 School Year",2026-03-10,"Curriculum and Instruction","Casper, Wyoming","https://natronaschools.schoolspring.com/","Natrona School District 1",2026-03-13
"572","Instructional Facilitator Beginning the 2026-27 School Year",2026-03-10,"Curriculum and Instruction","Casper, Wyoming","https://natronaschools.schoolspring.com/","Natrona School District 1",2026-03-13
"573","Casper Mountain Science Program Teacher on Special Assignment to Begin the 2026-27 School Year",2026-03-06,"Curriculum and Instruction","Casper, Wyoming","https://natronaschools.schoolspring.com/","Natrona School District 1",2026-03-13
"574","District Assistant Elementary Principal for the 2026-27 School Year Only",2026-03-03,"Curriculum and Instruction","Casper, Wyoming","https://natronaschools.schoolspring.com/","Natrona School District 1",2026-03-13
"575","School Psychologist to begin 2026-2027 School Year",2026-03-03,"Special Education Services Center","Casper, Wyoming","https://natronaschools.schoolspring.com/","Natrona School District 1",2026-03-13
"576","Assistant Director of Human Resources to begin 2026-2027 School Year",2026-03-03,"Human Resources","Casper, Wyoming","https://natronaschools.schoolspring.com/","Natrona School District 1",2026-03-13
"577","Dean Morgan Track Aide",2026-03-03,"Dean Morgan Middle School","Casper, Wyoming","https://natronaschools.schoolspring.com/","Natrona School District 1",2026-03-13
"578","Journey Elementary Principal to begin 2026-2027 School Year",2026-02-23,"Human Resources","Casper, Wyoming","https://natronaschools.schoolspring.com/","Natrona School District 1",2026-03-13
"579","NCHS Head Volleyball Coach",2026-02-23,"Natrona County High School","Casper, Wyoming","https://natronaschools.schoolspring.com/","Natrona School District 1",2026-03-13
"580","KWHS Student Information Technology Worker",2026-02-20,"Kelly Walsh High School","Casper, Wyoming","https://natronaschools.schoolspring.com/","Natrona School District 1",2026-03-13
"581","NCHS Student Information Technology Worker",2026-02-20,"Natrona County High School","Casper, Wyoming","https://natronaschools.schoolspring.com/","Natrona School District 1",2026-03-13
"582","Substitute Bus Driver",2026-02-13,"Transportation","Casper, Wyoming","https://natronaschools.schoolspring.com/","Natrona School District 1",2026-03-13
"583","Bus Driver 260-day",2026-02-05,"Transportation","Casper, Wyoming","https://natronaschools.schoolspring.com/","Natrona School District 1",2026-03-13
"584","CMS Soccer Aide",2026-02-03,"Centennial Middle School","Casper, Wyoming","https://natronaschools.schoolspring.com/","Natrona School District 1",2026-03-13
"585","Verda James Elementary Dual Language Immersion (Spanish) Teacher Beginning the 2026-27 School Year",2026-02-02,"Verda James Elementary","Casper, Wyoming","https://natronaschools.schoolspring.com/","Natrona School District 1",2026-03-13
"586","Dean Morgan Spanish Teacher beginning 26-27 School Year",2026-01-30,"Dean Morgan Middle School","Casper, Wyoming","https://natronaschools.schoolspring.com/","Natrona School District 1",2026-03-13
"587","CYMS Track Aide",2026-01-26,"CY Middle School","Casper, Wyoming","https://natronaschools.schoolspring.com/","Natrona School District 1",2026-03-13
"588","Centennial Head Boys Soccer Coach",2026-01-16,"Centennial Middle School","Casper, Wyoming","https://natronaschools.schoolspring.com/","Natrona School District 1",2026-03-13
"589","Centennial Head Girls Soccer Coach",2026-01-16,"Centennial Middle School","Casper, Wyoming","https://natronaschools.schoolspring.com/","Natrona School District 1",2026-03-13
"590","KWHS - Marine Instructor (MI) OR Senior ROTC Marine Instructor (SMI)",2025-07-10,"Kelly Walsh High School","Casper, Wyoming","https://natronaschools.schoolspring.com/","Natrona School District 1",2026-03-13
"591","Classified Substitute 2025-26 School Year",2025-06-12,"Human Resources","Casper, Wyoming","https://natronaschools.schoolspring.com/","Natrona School District 1",2026-03-13
"592","Substitute Teacher 2025-26 School Year",2025-06-12,"Human Resources","Casper, Wyoming","https://natronaschools.schoolspring.com/","Natrona School District 1",2026-03-13
"593","Education Interpreter",2025-05-01,"Special Education Services Center","Casper, Wyoming","https://natronaschools.schoolspring.com/","Natrona School District 1",2026-03-13
"594","Substitute Custodian",2025-01-29,"Human Resources","Casper, Wyoming","https://natronaschools.schoolspring.com/","Natrona School District 1",2026-03-13
"595","Substitute Nurse",2023-03-07,"Natrona County School District","Casper, Wyoming","https://natronaschools.schoolspring.com/","Natrona School District 1",2026-03-13
"596","School Psychologist 2026-2027 School Year",2026-03-12,"LARAMIE COUNTY SD #2","Pine Bluffs, Wyoming","https://laramie2.schoolspring.com/","Laramie County School District 2",2026-03-13
"597","Speech-Language Pathologist 2026-27 School Year",2026-03-12,"LARAMIE COUNTY SD #2","Pine Bluffs, Wyoming","https://laramie2.schoolspring.com/","Laramie County School District 2",2026-03-13
"598","Part Time Elementary Teacher 2026-27 School Year",2026-03-12,"Albin Elementary","Albin, Wyoming","https://laramie2.schoolspring.com/","Laramie County School District 2",2026-03-13
"599","Summer Groundskeeper",2026-03-10,"Pine Bluffs Jr./Sr. High School","Pine Bluffs, Wyoming","https://laramie2.schoolspring.com/","Laramie County School District 2",2026-03-13
"600","World Language Teacher 2026-2027 school year",2026-03-02,"Burns Jr./Sr. High School","Burns, Wyoming","https://laramie2.schoolspring.com/","Laramie County School District 2",2026-03-13
"601","Assistant High School Football Coach",2026-02-24,"Burns Jr./Sr. High School","Burns, Wyoming","https://laramie2.schoolspring.com/","Laramie County School District 2",2026-03-13
"602","Secondary Math Teacher for 2026-2027 School Year",2026-02-18,"Burns Jr./Sr. High School","Burns, Wyoming","https://laramie2.schoolspring.com/","Laramie County School District 2",2026-03-13
"603","Elementary Teacher 2026-27 School Year",2026-02-02,"LARAMIE COUNTY SD #2","Pine Bluffs, Wyoming","https://laramie2.schoolspring.com/","Laramie County School District 2",2026-03-13
"604","District Data/Information Specialist",2026-01-08,"LARAMIE COUNTY SD #2","Pine Bluffs, Wyoming","https://laramie2.schoolspring.com/","Laramie County School District 2",2026-03-13
"605","Industrial Arts Teacher 2026-27 School Year",2026-01-08,"Pine Bluffs Jr./Sr. High School","Pine Bluffs, Wyoming","https://laramie2.schoolspring.com/","Laramie County School District 2",2026-03-13
"606","Assistant JH Volleyball Numbers Coach",2025-12-02,"Burns Jr./Sr. High School","Burns, Wyoming","https://laramie2.schoolspring.com/","Laramie County School District 2",2026-03-13
"607","Substitute School Nurse",2025-09-15,"LARAMIE COUNTY SD #2","Pine Bluffs, Wyoming","https://laramie2.schoolspring.com/","Laramie County School District 2",2026-03-13
"608","ELL Parent Translator Contactor",2025-09-15,"LARAMIE COUNTY SD #2","Pine Bluffs, Wyoming","https://laramie2.schoolspring.com/","Laramie County School District 2",2026-03-13
"609","Assistant JH Football Coach",2025-08-05,"Burns Jr./Sr. High School","Burns, Wyoming","https://laramie2.schoolspring.com/","Laramie County School District 2",2026-03-13
"610","ELL Paraprofessional",2025-06-10,"LARAMIE COUNTY SD #2","Pine Bluffs, Wyoming","https://laramie2.schoolspring.com/","Laramie County School District 2",2026-03-13
"611","Sub Paraprofessional",2025-01-30,"LARAMIE COUNTY SD #2","Pine Bluffs, Wyoming","https://laramie2.schoolspring.com/","Laramie County School District 2",2026-03-13
"612","Sub Custodian",2025-01-30,"LARAMIE COUNTY SD #2","Pine Bluffs, Wyoming","https://laramie2.schoolspring.com/","Laramie County School District 2",2026-03-13
"613","Substitute Cook",2025-01-30,"LARAMIE COUNTY SD #2","Pine Bluffs, Wyoming","https://laramie2.schoolspring.com/","Laramie County School District 2",2026-03-13
"614","Substitute Teacher",2025-01-30,"LARAMIE COUNTY SD #2","Pine Bluffs, Wyoming","https://laramie2.schoolspring.com/","Laramie County School District 2",2026-03-13
"615","Substitute Bus Driver",2025-01-30,"LARAMIE COUNTY SD #2","Pine Bluffs, Wyoming","https://laramie2.schoolspring.com/","Laramie County School District 2",2026-03-13
"616","CUSTODIAN FLOATER",2026-03-11,"Fremont County School District 25","Riverton, Wyoming","https://fremont25.schoolspring.com/","Fremont County School District 25",2026-03-13
"617","LAWN CREW",2026-03-11,"MAINTANENCE","Riverton, Wyoming","https://fremont25.schoolspring.com/","Fremont County School District 25",2026-03-13
"618","TEACHER (THEATER)",2026-03-06,"RIVERTON HIGH SCHOOL","Riverton, Wyoming","https://fremont25.schoolspring.com/","Fremont County School District 25",2026-03-13
"619","TEACHER (ELA)",2026-03-06,"RIVERTON HIGH SCHOOL","Riverton, Wyoming","https://fremont25.schoolspring.com/","Fremont County School District 25",2026-03-13
"620","ELEMENTARY TEACHER (PE)",2026-03-06,"WILLOW CREEK","Riverton, Wyoming","https://fremont25.schoolspring.com/","Fremont County School District 25",2026-03-13
"621","HIGH SCHOOL TEACHER (COMPUTER SCIENCE)",2026-03-04,"RIVERTON HIGH SCHOOL","Riverton, Wyoming","https://fremont25.schoolspring.com/","Fremont County School District 25",2026-03-13
"622","COUNSELOR",2026-02-27,"RIVERTON HIGH SCHOOL","Riverton, Wyoming","https://fremont25.schoolspring.com/","Fremont County School District 25",2026-03-13
"623","HIGH SCHOOL TEACHER (SOCIAL STUDIES)",2026-02-25,"RIVERTON HIGH SCHOOL","Riverton, Wyoming","https://fremont25.schoolspring.com/","Fremont County School District 25",2026-03-13
"624","MIDDLE SCHOOL ASSISTANT COACH (CROSS COUNTRY)",2026-02-24,"RIVERTON MIDDLE SCHOOL","Riverton, Wyoming","https://fremont25.schoolspring.com/","Fremont County School District 25",2026-03-13
"625","DAYCARE ASSISTANT",2026-02-23,"ASPEN ELEMENTARY","Riverton, Wyoming","https://fremont25.schoolspring.com/","Fremont County School District 25",2026-03-13
"626","PARA (SPED)",2026-02-23,"WILLOW CREEK","Riverton, Wyoming","https://fremont25.schoolspring.com/","Fremont County School District 25",2026-03-13
"627","MIDDLE SCHOOL COACH (ASSISTANT VOLLEYBALL)",2026-02-20,"RIVERTON MIDDLE SCHOOL","Riverton, Wyoming","https://fremont25.schoolspring.com/","Fremont County School District 25",2026-03-13
"628","PARA (SPED BSP)",2026-02-18,"RENDEZVOUS ELEMENTARY","Riverton, Wyoming","https://fremont25.schoolspring.com/","Fremont County School District 25",2026-03-13
"629","ELEMENTARY TEACHER (SPED)",2026-02-18,"RENDEZVOUS ELEMENTARY","Riverton, Wyoming","https://fremont25.schoolspring.com/","Fremont County School District 25",2026-03-13
"630","ELEMENTARY TEACHER (SPED IDEAL)",2026-02-16,"RENDEZVOUS ELEMENTARY","Riverton, Wyoming","https://fremont25.schoolspring.com/","Fremont County School District 25",2026-03-13
"631","SPEECH LANGUAGE PATHOLOGIST",2026-02-09,"Fremont County School District 25","Riverton, Wyoming","https://fremont25.schoolspring.com/","Fremont County School District 25",2026-03-13
"632","SCHOOL PSYCHOLOGIST",2026-02-09,"ALTERNATIVE/SPECIAL SERVICES","Riverton, Wyoming","https://fremont25.schoolspring.com/","Fremont County School District 25",2026-03-13
"633","CASE MANAGER (SPED)",2026-02-02,"Fremont County School District 25","Riverton, Wyoming","https://fremont25.schoolspring.com/","Fremont County School District 25",2026-03-13
"634","OCCUPATIONAL THERAPIST",2026-01-22,"Fremont County School District 25","Riverton, Wyoming","https://fremont25.schoolspring.com/","Fremont County School District 25",2026-03-13
"635","HIGH SCHOOL ASSISTANT COACH (VOLLEYBALL)",2025-12-22,"RIVERTON HIGH SCHOOL","Riverton, Wyoming","https://fremont25.schoolspring.com/","Fremont County School District 25",2026-03-13
"636","HIGH SCHOOL HEAD COACH (VOLLEYBALL)",2025-12-22,"RIVERTON HIGH SCHOOL","Riverton, Wyoming","https://fremont25.schoolspring.com/","Fremont County School District 25",2026-03-13
"637","NATIVE AMERICAN EDUCATION STUDENT AMBASSADOR",2025-12-12,"Fremont County School District 25","Riverton, Wyoming","https://fremont25.schoolspring.com/","Fremont County School District 25",2026-03-13
"638","BUS AIDE",2025-10-17,"BUS GARAGE - TRANSPORTATION","Riverton, Wyoming","https://fremont25.schoolspring.com/","Fremont County School District 25",2026-03-13
"639","BUS DRIVER (PART TIME)",2025-10-17,"BUS GARAGE - TRANSPORTATION","Riverton, Wyoming","https://fremont25.schoolspring.com/","Fremont County School District 25",2026-03-13
"640","SUBSTITUTE PARA",2025-09-26,"Fremont County School District 25","Riverton, Wyoming","https://fremont25.schoolspring.com/","Fremont County School District 25",2026-03-13
"641","SUBSTITUTE INTERPRETER FOR DEAF/HARD OF HEARING STUDENTS",2025-01-16,"Fremont County School District 25","Riverton, Wyoming","https://fremont25.schoolspring.com/","Fremont County School District 25",2026-03-13
"642","SUBSTITUTE CUSTODIAN",2024-09-17,"Fremont County School District 25","Riverton, Wyoming","https://fremont25.schoolspring.com/","Fremont County School District 25",2026-03-13
"643","SUBSTITUTE DAYCARE ASSISTANT",2024-07-22,"Fremont County School District 25","Riverton, Wyoming","https://fremont25.schoolspring.com/","Fremont County School District 25",2026-03-13
"644","SUBSTITUTE TEACHER",2024-07-18,"Fremont County School District 25","Riverton, Wyoming","https://fremont25.schoolspring.com/","Fremont County School District 25",2026-03-13
"645","SUBSTITUTE NURSE",2024-07-18,"Fremont County School District 25","Riverton, Wyoming","https://fremont25.schoolspring.com/","Fremont County School District 25",2026-03-13
"646","LIFEGUARD",2024-03-01,"RIVERTON AQUATICS CENTER","Riverton, Wyoming","https://fremont25.schoolspring.com/","Fremont County School District 25",2026-03-13
"647","DESK CLERK",2024-03-01,"RIVERTON AQUATICS CENTER","Riverton, Wyoming","https://fremont25.schoolspring.com/","Fremont County School District 25",2026-03-13
"648","SUBSTITUTE BUS DRIVER",2023-11-06,"BUS GARAGE - TRANSPORTATION","Riverton, Wyoming","https://fremont25.schoolspring.com/","Fremont County School District 25",2026-03-13
"649","Special Education Teacher",2026-03-12,"Indian Paintbrush Elementary School","Laramie, Wyoming","https://acsd1.schoolspring.com/","Albany Count School District 1",2026-03-13
"650","Director of Special Education",2026-03-12,"Albany County School District 1","Laramie, Wyoming","https://acsd1.schoolspring.com/","Albany Count School District 1",2026-03-13
"651","Elementary Teacher",2026-03-12,"Linford Elementary School","Laramie, Wyoming","https://acsd1.schoolspring.com/","Albany Count School District 1",2026-03-13
"652","High School Science Teacher",2026-03-12,"Whiting High School","Laramie, Wyoming","https://acsd1.schoolspring.com/","Albany Count School District 1",2026-03-13
"653","High School English Teacher",2026-03-12,"Whiting High School","Laramie, Wyoming","https://acsd1.schoolspring.com/","Albany Count School District 1",2026-03-13
"654","District Professional Development Coordinator",2026-03-11,"Albany County School District 1","Laramie, Wyoming","https://acsd1.schoolspring.com/","Albany Count School District 1",2026-03-13
"655","High School Head Volleyball Coach",2026-03-11,"Laramie High School","Laramie, Wyoming","https://acsd1.schoolspring.com/","Albany Count School District 1",2026-03-13
"656","High School Girls' Head Basketball Coach",2026-03-11,"Laramie High School","Laramie, Wyoming","https://acsd1.schoolspring.com/","Albany Count School District 1",2026-03-13
"657","Special Education Teacher",2026-03-11,"Slade Elementary School","Laramie, Wyoming","https://acsd1.schoolspring.com/","Albany Count School District 1",2026-03-13
"658","Special Education Teacher",2026-03-09,"Spring Creek Elementary School","Laramie, Wyoming","https://acsd1.schoolspring.com/","Albany Count School District 1",2026-03-13
"659","Speech - Language Pathologist",2026-03-09,"Albany County School District 1","Laramie, Wyoming","https://acsd1.schoolspring.com/","Albany Count School District 1",2026-03-13
"660","Elementary Teacher",2026-03-09,"Indian Paintbrush Elementary School","Laramie, Wyoming","https://acsd1.schoolspring.com/","Albany Count School District 1",2026-03-13
"661","Elementary Teacher",2026-03-09,"Spring Creek Elementary School","Laramie, Wyoming","https://acsd1.schoolspring.com/","Albany Count School District 1",2026-03-13
"662","High School Earth/Physical Science Teacher",2026-03-06,"Laramie High School","Laramie, Wyoming","https://acsd1.schoolspring.com/","Albany Count School District 1",2026-03-13
"663","High School Assistant Football Coach",2026-03-04,"Laramie High School","Laramie, Wyoming","https://acsd1.schoolspring.com/","Albany Count School District 1",2026-03-13
"664","High School Assistant Golf Coach",2026-03-04,"Laramie High School","Laramie, Wyoming","https://acsd1.schoolspring.com/","Albany Count School District 1",2026-03-13
"665","High School Physical Education Teacher",2026-03-02,"Laramie High School","Laramie, Wyoming","https://acsd1.schoolspring.com/","Albany Count School District 1",2026-03-13
"666","Certified Physical Therapy Assistant",2026-03-02,"Albany County School District 1","Laramie, Wyoming","https://acsd1.schoolspring.com/","Albany Count School District 1",2026-03-13
"667","Certified Occupational Therapy Assistant",2026-03-02,"Albany County School District 1","Laramie, Wyoming","https://acsd1.schoolspring.com/","Albany Count School District 1",2026-03-13
"668","Elementary Extensions Program Instructor",2026-03-02,"Albany County School District 1","Laramie, Wyoming","https://acsd1.schoolspring.com/","Albany Count School District 1",2026-03-13
"669","Special Education Teacher",2026-02-23,"Laramie High School","Laramie, Wyoming","https://acsd1.schoolspring.com/","Albany Count School District 1",2026-03-13
"670","Special Education Teacher",2026-02-23,"Linford Elementary School","Laramie, Wyoming","https://acsd1.schoolspring.com/","Albany Count School District 1",2026-03-13
"671","Summer Grounds Worker",2026-02-18,"Albany County School District 1","Laramie, Wyoming","https://acsd1.schoolspring.com/","Albany Count School District 1",2026-03-13
"672","Substitute Teacher",2025-07-31,"Albany County School District 1","Laramie, Wyoming","https://acsd1.schoolspring.com/","Albany Count School District 1",2026-03-13
"673","Substitute Nurse",2025-07-31,"Albany County School District 1","Laramie, Wyoming","https://acsd1.schoolspring.com/","Albany Count School District 1",2026-03-13
"674","Substitute Custodian",2025-07-21,"Albany County School District 1","Laramie, Wyoming","https://acsd1.schoolspring.com/","Albany Count School District 1",2026-03-13
"675","Bus Aide",2025-06-05,"Albany County School District 1","Laramie, Wyoming","https://acsd1.schoolspring.com/","Albany Count School District 1",2026-03-13
"676","Bus Driver",2025-06-05,"Albany County School District 1","Laramie, Wyoming","https://acsd1.schoolspring.com/","Albany Count School District 1",2026-03-13
"677","Fourth Grade Teacher",2026-03-12,"LAKEVIEW ELEMENTARY","Gillette, Wyoming","https://campbell.schoolspring.com/","Campbell County Scholl District 1",2026-03-13
"678","Title I Teacher Assistant",2026-03-11,"WAGONWHEEL ELEMENTARY","Gillette, Wyoming","https://campbell.schoolspring.com/","Campbell County Scholl District 1",2026-03-13
"679","Groundskeeper/Custodian",2026-03-11,"CAMPBELL COUNTY HIGH SCHOOL","Gillette, Wyoming","https://campbell.schoolspring.com/","Campbell County Scholl District 1",2026-03-13
"680","Cross Country Assistant Coach",2026-03-11,"THUNDER BASIN HIGH SCHOOL","Gillette, Wyoming","https://campbell.schoolspring.com/","Campbell County Scholl District 1",2026-03-13
"681","7/8 Volleyball Coach",2026-03-11,"TWIN SPRUCE JUNIOR HIGH SCHOOL","Gillette, Wyoming","https://campbell.schoolspring.com/","Campbell County Scholl District 1",2026-03-13
"682","English Teacher",2026-03-10,"THUNDER BASIN HIGH SCHOOL","Gillette, Wyoming","https://campbell.schoolspring.com/","Campbell County Scholl District 1",2026-03-13
"683","Kindergarten Teacher",2026-03-09,"RAWHIDE ELEMENTARY","Gillette, Wyoming","https://campbell.schoolspring.com/","Campbell County Scholl District 1",2026-03-13
"684","English as a Second Language (ESL) Teacher",2026-03-09,"HILLCREST ELEMENTARY","Gillette, Wyoming","https://campbell.schoolspring.com/","Campbell County Scholl District 1",2026-03-13
"685","English as a Second Language (ESL) Teacher",2026-03-05,"MEADOWLARK ELEMENTARY","Gillette, Wyoming","https://campbell.schoolspring.com/","Campbell County Scholl District 1",2026-03-13
"686","Teacher of the Visually Impaired",2026-03-05,"CAMPBELL COUNTY SCHOOL DISTRICT #1","Gillette, Wyoming","https://campbell.schoolspring.com/","Campbell County Scholl District 1",2026-03-13
"687","Interpreter/Translator",2026-03-04,"CAMPBELL COUNTY SCHOOL DISTRICT #1","Gillette, Wyoming","https://campbell.schoolspring.com/","Campbell County Scholl District 1",2026-03-13
"688","Emotionally Disabled Special Programs Education Assistant",2026-03-04,"CAMPBELL COUNTY HIGH SCHOOL","Gillette, Wyoming","https://campbell.schoolspring.com/","Campbell County Scholl District 1",2026-03-13
"689","Assistant Head Custodian",2026-03-04,"THUNDER BASIN HIGH SCHOOL","Gillette, Wyoming","https://campbell.schoolspring.com/","Campbell County Scholl District 1",2026-03-13
"690","Vocational Job Coach",2026-03-04,"THUNDER BASIN HIGH SCHOOL","Gillette, Wyoming","https://campbell.schoolspring.com/","Campbell County Scholl District 1",2026-03-13
"691","Music Teacher",2026-03-04,"PRAIRIE WIND ELEMENTARY","Gillette, Wyoming","https://campbell.schoolspring.com/","Campbell County Scholl District 1",2026-03-13
"692","Occupational Therapist",2026-03-04,"CAMPBELL COUNTY SCHOOL DISTRICT #1","Gillette, Wyoming","https://campbell.schoolspring.com/","Campbell County Scholl District 1",2026-03-13
"693","Autism Spectrum Disorder Teacher",2026-03-04,"CAMPBELL COUNTY SCHOOL DISTRICT #1","Gillette, Wyoming","https://campbell.schoolspring.com/","Campbell County Scholl District 1",2026-03-13
"694","Social Studies Teacher",2026-03-04,"WRIGHT JR./SR. HIGH SCHOOL","Wright, Wyoming","https://campbell.schoolspring.com/","Campbell County Scholl District 1",2026-03-13
"695","Counselor for the Emotionally Disabled",2026-03-04,"CAMPBELL COUNTY HIGH SCHOOL","Gillette, Wyoming","https://campbell.schoolspring.com/","Campbell County Scholl District 1",2026-03-13
"696","Speech/Language Pathologist",2026-02-27,"CAMPBELL COUNTY SCHOOL DISTRICT #1","Gillette, Wyoming","https://campbell.schoolspring.com/","Campbell County Scholl District 1",2026-03-13
"697","Elementary Principal",2026-02-25,"COTTONWOOD ELEMENTARY","Wright, Wyoming","https://campbell.schoolspring.com/","Campbell County Scholl District 1",2026-03-13
"698","Exceptional Child Specialist/Resource Room",2026-02-25,"THUNDER BASIN HIGH SCHOOL","Gillette, Wyoming","https://campbell.schoolspring.com/","Campbell County Scholl District 1",2026-03-13
"699","Foreign Language Teacher - Spanish",2026-02-11,"CAMPBELL COUNTY HIGH SCHOOL","Gillette, Wyoming","https://campbell.schoolspring.com/","Campbell County Scholl District 1",2026-03-13
"700","Special Programs Education Assistant/ASD",2026-02-09,"LAKEVIEW ELEMENTARY","Gillette, Wyoming","https://campbell.schoolspring.com/","Campbell County Scholl District 1",2026-03-13
"701","Special Programs Education Assistant",2026-01-29,"CAMPBELL COUNTY HIGH SCHOOL","Gillette, Wyoming","https://campbell.schoolspring.com/","Campbell County Scholl District 1",2026-03-13
"702","Special Programs Education Assistant",2026-01-26,"ROZET ELEMENTARY","Rozet, Wyoming","https://campbell.schoolspring.com/","Campbell County Scholl District 1",2026-03-13
"703","Foreign Language Teacher - German",2026-01-21,"CAMPBELL COUNTY HIGH SCHOOL","Gillette, Wyoming","https://campbell.schoolspring.com/","Campbell County Scholl District 1",2026-03-13
"704","Special Programs Education Assistant",2026-01-21,"BUFFALO RIDGE ELEMENTARY SCHOOL","Gillette, Wyoming","https://campbell.schoolspring.com/","Campbell County Scholl District 1",2026-03-13
"705","Special Programs Education Assistant",2026-01-20,"RAWHIDE ELEMENTARY","Gillette, Wyoming","https://campbell.schoolspring.com/","Campbell County Scholl District 1",2026-03-13
"706","Emotionally Disabled Special Programs Education Assistant",2026-01-14,"PAINTBRUSH ELEMENTARY","Gillette, Wyoming","https://campbell.schoolspring.com/","Campbell County Scholl District 1",2026-03-13
"707","Special Programs Education Assistant for Students with High Needs",2025-12-19,"HILLCREST ELEMENTARY","Gillette, Wyoming","https://campbell.schoolspring.com/","Campbell County Scholl District 1",2026-03-13
"708","Teacher for the Deaf and Hard of Hearing",2025-12-19,"CAMPBELL COUNTY SCHOOL DISTRICT #1","Gillette, Wyoming","https://campbell.schoolspring.com/","Campbell County Scholl District 1",2026-03-13
"709","Orientation and Mobility Specialist",2025-12-19,"CAMPBELL COUNTY SCHOOL DISTRICT #1","Gillette, Wyoming","https://campbell.schoolspring.com/","Campbell County Scholl District 1",2026-03-13
"710","Special Programs Education Assistant",2025-11-26,"HILLCREST ELEMENTARY","Gillette, Wyoming","https://campbell.schoolspring.com/","Campbell County Scholl District 1",2026-03-13
"711","Wright - Safety Patrol",2025-10-29,"CAMPBELL COUNTY SCHOOL DISTRICT #1","Gillette, Wyoming","https://campbell.schoolspring.com/","Campbell County Scholl District 1",2026-03-13
"712","Safety Patrol",2025-10-29,"CAMPBELL COUNTY SCHOOL DISTRICT #1","Gillette, Wyoming","https://campbell.schoolspring.com/","Campbell County Scholl District 1",2026-03-13
"713","Safety Patrol",2025-10-29,"CAMPBELL COUNTY SCHOOL DISTRICT #1","Gillette, Wyoming","https://campbell.schoolspring.com/","Campbell County Scholl District 1",2026-03-13
"714","Special Programs Education Assistant",2025-10-24,"PAINTBRUSH ELEMENTARY","Gillette, Wyoming","https://campbell.schoolspring.com/","Campbell County Scholl District 1",2026-03-13
"715","Hearing Impaired Interpreter",2025-09-03,"PRONGHORN ELEMENTARY","Gillette, Wyoming","https://campbell.schoolspring.com/","Campbell County Scholl District 1",2026-03-13
"716","BUS DRIVER/BUS DRIVER IN TRAINING",2025-07-02,"CAMPBELL COUNTY SCHOOL DISTRICT #1","Gillette, Wyoming","https://campbell.schoolspring.com/","Campbell County Scholl District 1",2026-03-13
"717","Substitute School Nurse",2025-06-11,"CAMPBELL COUNTY SCHOOL DISTRICT #1","Los Angeles, California","https://campbell.schoolspring.com/","Campbell County Scholl District 1",2026-03-13
"718","Substitute Teacher",2025-06-11,"CAMPBELL COUNTY SCHOOL DISTRICT #1","Los Angeles, California","https://campbell.schoolspring.com/","Campbell County Scholl District 1",2026-03-13
"719","SCHOOL PSYCHOLOGIST INTERN",2025-01-31,"CAMPBELL COUNTY SCHOOL DISTRICT #1","Gillette, Wyoming","https://campbell.schoolspring.com/","Campbell County Scholl District 1",2026-03-13
"720","Sample Classified Position",2010-02-16,"CAMPBELL COUNTY SCHOOL DISTRICT #1","Gillette, Wyoming","https://campbell.schoolspring.com/","Campbell County Scholl District 1",2026-03-13
"721","Sample Certified Position",2010-02-16,"CAMPBELL COUNTY SCHOOL DISTRICT #1","Gillette, Wyoming","https://campbell.schoolspring.com/","Campbell County Scholl District 1",2026-03-13
"722","Food Service- Star Valley High School- 4 hours per day",NA,"Classified","Star Valley High School","https://lcsd2.org/employment-opportunities/","Lincoln County School District 2",2026-03-13
"723","Special Education Aide- Etna Elementary",NA,"Classified","Etna Elementary","https://lcsd2.org/employment-opportunities/","Lincoln County School District 2",2026-03-13
"724","Groundskeeper- Cokeville",NA,"Classified","Cokeville","https://lcsd2.org/employment-opportunities/","Lincoln County School District 2",2026-03-13
"725","Special Education Teacher-2026-2027 School Year",NA,"Certified","2027 School Year","https://lcsd2.org/employment-opportunities/","Lincoln County School District 2",2026-03-13
"726","Speech Language Pathologist- 2026-2027 School Year",NA,"Certified","2027 School Year","https://lcsd2.org/employment-opportunities/","Lincoln County School District 2",2026-03-13
"727","Substitute School Nurse- Star Valley",NA,"Classified","Star Valley","https://lcsd2.org/employment-opportunities/","Lincoln County School District 2",2026-03-13
"728","Certified Substitute Teacher Pool- Star Valley",NA,"Substitute","Star Valley","https://lcsd2.org/employment-opportunities/","Lincoln County School District 2",2026-03-13
"729","Certified Substitute Teacher Pool- Cokeville",NA,"Substitute","Cokeville","https://lcsd2.org/employment-opportunities/","Lincoln County School District 2",2026-03-13
"730","Substitute Bus Drivers- Cokeville",NA,"Classified","Cokeville","https://lcsd2.org/employment-opportunities/","Lincoln County School District 2",2026-03-13
"731","Substitute Bus Drivers- Star Valley",NA,"Classified","Star Valley","https://lcsd2.org/employment-opportunities/","Lincoln County School District 2",2026-03-13
"732","Substitute Bus Aides- Star Valley",NA,"Classified","Star Valley","https://lcsd2.org/employment-opportunities/","Lincoln County School District 2",2026-03-13
"733","Substitute Food Service (Cooks)",NA,"Classified","District","https://lcsd2.org/employment-opportunities/","Lincoln County School District 2",2026-03-13
"734","Assistant Volleyball Coach- Star Valley Middle School",NA,"Coaching","Star Valley Middle School","https://lcsd2.org/employment-opportunities/","Lincoln County School District 2",2026-03-13
"735","Head Volleyball Coach- Cokeville High School",NA,"Coaching","Cokeville High School","https://lcsd2.org/employment-opportunities/","Lincoln County School District 2",2026-03-13
"736","Volunteer Coach/Advisor",NA,"Volunteer","District","https://lcsd2.org/employment-opportunities/","Lincoln County School District 2",2026-03-13
"737","Elementary Teacher",NA,"Certified","District","https://www.growingluskleaders.org/page/human-resources","Niobrara County School District 1",2026-03-13
"738","Music/ Band Teacher",NA,"Certified","District","https://www.growingluskleaders.org/page/human-resources","Niobrara County School District 1",2026-03-13
"739","Head High School Football Coach",NA,"Coaching","District","https://www.growingluskleaders.org/page/human-resources","Niobrara County School District 1",2026-03-13
"740","Head High School Volleyball Coach",NA,"Coaching","District","https://www.growingluskleaders.org/page/human-resources","Niobrara County School District 1",2026-03-13
"741","Maintenance Worker",NA,"Classified","District","https://www.growingluskleaders.org/page/human-resources","Niobrara County School District 1",2026-03-13
"742","BUS DRIVER SUBSTITUTES- District Wide",NA,"Classified","District","https://www.growingluskleaders.org/page/human-resources","Niobrara County School District 1",2026-03-13
"743","CUSTODIAL SUBSTITUTE- District Wide",NA,"Classified","District","https://www.growingluskleaders.org/page/human-resources","Niobrara County School District 1",2026-03-13
"744","Special Education Paraprofessional",NA,"Classified","District","https://pcsd16.com/271372_2","Park County School District 16",2026-03-13
"745","Substitutes for all Postions",NA,"Substitute","PCSD#1 Schools, Glendo and Wheatland","https://www.platte1.org/89574_1","Platte County School District 1",2026-03-13
"746","Substitutes for Custodians",NA,"Classified","District","https://www.platte1.org/89574_1","Platte County School District 1",2026-03-13
"747","Special Educaton Teacher",NA,"Certified","District Wide","https://www.platte1.org/89574_1","Platte County School District 1",2026-03-13
"748","Special Educaton Teacher",NA,"Certified","District Wide","https://www.platte1.org/89574_1","Platte County School District 1",2026-03-13
"749","Special Educaton Teacher",NA,"Certified","District Wide","https://www.platte1.org/89574_1","Platte County School District 1",2026-03-13
"750","Middle School Ag Teacher/FFA Advisor",NA,"Certified","District Wide","https://www.platte1.org/89574_1","Platte County School District 1",2026-03-13
"751","Substitute Certified Teachers",NA,"Substitute","District","https://www.guernseysunrise.org/page/employment","Platte County School District 2",2026-03-13
"752","Substitute Paraeducators",NA,"Classified","District","https://www.guernseysunrise.org/page/employment","Platte County School District 2",2026-03-13
"753","Full Time Elementary Teacher",NA,"Certified","District","https://www.sheridan3.com/page/hr-and-career-opportunities","Sheridan County School District 3",2026-03-13
"754","K-12 Counselor/Teacher",NA,"Certified","District","https://www.sheridan3.com/page/hr-and-career-opportunities","Sheridan County School District 3",2026-03-13
"755","Bus Driver",NA,"Classified","District","https://www.sheridan3.com/page/hr-and-career-opportunities","Sheridan County School District 3",2026-03-13
"756","Elementary School Functional Life Skills Special Education Teacher 26-27",NA,"Certified","District","https://www.sub1.org/en-US/employment-and-human-resources-f26202d3","Sublette County School District 1",2026-03-13
"757","HS Math Teacher 2/13/2026",NA,"Certified","District","https://www.sub1.org/en-US/employment-and-human-resources-f26202d3","Sublette County School District 1",2026-03-13
"758","Middle School Volleyball Coach",NA,"Certified","District","https://www.sub1.org/en-US/employment-and-human-resources-f26202d3","Sublette County School District 1",2026-03-13
"759","Substitute Bus Driver",NA,"Classified","District","https://www.sub1.org/en-US/employment-and-human-resources-f26202d3","Sublette County School District 1",2026-03-13
"760","Substitute School Nurse",NA,"Classified","District","https://www.sub1.org/en-US/employment-and-human-resources-f26202d3","Sublette County School District 1",2026-03-13
"761","Substitutes",NA,"Classified","District","https://www.sub1.org/en-US/employment-and-human-resources-f26202d3","Sublette County School District 1",2026-03-13
"762","K12 Special Education Teacher",NA,"Certified","District","https://www.uinta4.com/departments/business_office/job_opportunities/current_openings","Uinta County School District 4",2026-03-13
"763","Bus Assistant- part time",NA,"Classified","District","https://www.uinta4.com/departments/business_office/job_opportunities/current_openings","Uinta County School District 4",2026-03-13
"764","Substitutes- all positions",NA,"Substitute","District","https://www.uinta4.com/departments/business_office/job_opportunities/current_openings","Uinta County School District 4",2026-03-13
"765","Substitute Bus Drivers",NA,"Classified","District","https://sites.google.com/lymanschools.org/ucsd6/home/job-openings?authuser=0","Uinta County School District 6",2026-03-13
"766","Substitute School Bus Aides",NA,"Classified","District","https://sites.google.com/lymanschools.org/ucsd6/home/job-openings?authuser=0","Uinta County School District 6",2026-03-13
"767","Head HS Cross Country Coach",NA,"Coaching","District","https://sites.google.com/lymanschools.org/ucsd6/home/job-openings?authuser=0","Uinta County School District 6",2026-03-13
"768","Always in need of substitutes",NA,"Substitute","District","https://sites.google.com/lymanschools.org/ucsd6/home/job-openings?authuser=0","Uinta County School District 6",2026-03-13
"769","Substitute and activity BUS DRIVER",NA,"Classified","District","https://www.wsh2.k12.wy.us/apps/pages/index.jsp?uREC_ID=440610&type=d&pREC_ID=1008214","Washakie County School District 2",2026-03-13
"770","High School Girls Basketball Coach",NA,"Coaching","District","https://www.wsh2.k12.wy.us/apps/pages/index.jsp?uREC_ID=440610&type=d&pREC_ID=1008214","Washakie County School District 2",2026-03-13
"771","Business Manager",NA,"Classified",NA,"https://www.wcsd1.org/apps/pages/Career_Opportunities","Weston County School District 1",2026-03-13
"772","Middle School Principal Position",NA,"Certified",NA,"https://www.wcsd1.org/apps/pages/Career_Opportunities","Weston County School District 1",2026-03-13
"773","Elementary Counselor Position",NA,"Certified","District","https://www.wcsd1.org/apps/pages/Career_Opportunities","Weston County School District 1",2026-03-13
"774","Special Education Case Manager Job Description",NA,"Certified","District","https://www.wcsd1.org/apps/pages/Career_Opportunities","Weston County School District 1",2026-03-13
"775","Special Education Paraprofessional Positions",NA,"Classified","District","https://www.wcsd1.org/apps/pages/Career_Opportunities","Weston County School District 1",2026-03-13
"776","HEAD BOYS AND GIRLS SWIMMING COACH",NA,"Coaching","District","https://www.wcsd1.org/apps/pages/Career_Opportunities","Weston County School District 1",2026-03-13
"777","MS HEAD GIRLS SOCCER COACH",NA,"Coaching","District","https://www.wcsd1.org/apps/pages/Career_Opportunities","Weston County School District 1",2026-03-13
"778","Assistant Boys Soccer Coach",NA,"Coaching","District","https://www.wcsd1.org/apps/pages/Career_Opportunities","Weston County School District 1",2026-03-13
"779","Middle School Football Coach",NA,"Coaching","District","https://www.wcsd1.org/apps/pages/Career_Opportunities","Weston County School District 1",2026-03-13
"780","Route Bus Drivers",NA,"Classified","District","https://www.wcsd1.org/apps/pages/Career_Opportunities","Weston County School District 1",2026-03-13
"781","Substitutes",NA,"Substitute","District","https://www.wcsd1.org/apps/pages/Career_Opportunities","Weston County School District 1",2026-03-13
"782","Custodial-Kitchen subs",NA,"Classified","District","https://www.wcsd1.org/apps/pages/Career_Opportunities","Weston County School District 1",2026-03-13
"783","Sub Bus Drivers",NA,"Classified","District","https://www.wcsd1.org/apps/pages/Career_Opportunities","Weston County School District 1",2026-03-13
"784","Substitute Teacher",NA,"Substitute","District","https://www.weston7.org/o/wcsd/page/employment","Weston County School District 7",2026-03-13
"785","Substitute Paraprofessional",NA,"Classified","District","https://www.weston7.org/o/wcsd/page/employment","Weston County School District 7",2026-03-13
"786","Substitute Custodian",NA,"Classified","District","https://www.weston7.org/o/wcsd/page/employment","Weston County School District 7",2026-03-13
"787","Substitute Bus Driver (CDL preferred but willing to train)",NA,"Classified","District","https://www.weston7.org/o/wcsd/page/employment","Weston County School District 7",2026-03-13
"788","Substitute Lunchroom Cook",NA,"Classified","District","https://www.weston7.org/o/wcsd/page/employment","Weston County School District 7",2026-03-13
"789","Substitute Special Education Aides",NA,"Classified","District","https://www.weston7.org/o/wcsd/page/employment","Weston County School District 7",2026-03-13
"790","Data & Purchasing Specialist",NA,"Full Time","Classified","https://jobs.redroverk12.com/org/hotsprings1/opening/157022","Hot Springs County School District 1",2026-03-13
"791","Substitute Paraprofessional",NA,"Substitute","Substitute","https://jobs.redroverk12.com/org/hotsprings1/opening/128737","Hot Springs County School District 1",2026-03-13
"792","High School Principal",NA,"Full Time","Certified","https://jobs.redroverk12.com/org/hotsprings1/opening/150902","Hot Springs County School District 1",2026-03-13
"793","Child Nutrition Cook",NA,"Part Time","Classified","https://jobs.redroverk12.com/org/hotsprings1/opening/151103","Hot Springs County School District 1",2026-03-13
"794","Behavior Teacher",NA,"Full Time","Certified","https://jobs.redroverk12.com/org/hotsprings1/opening/148333","Hot Springs County School District 1",2026-03-13
"795","Head Cross Country Coach",NA,"Seasonal","Certified","https://jobs.redroverk12.com/org/hotsprings1/opening/148308","Hot Springs County School District 1",2026-03-13
"796","Head High School Volleyball Coach",NA,"Seasonal","Certified","https://jobs.redroverk12.com/org/hotsprings1/opening/148302","Hot Springs County School District 1",2026-03-13
"797","Daycare Support Staff",NA,"Full Time","Classified","https://jobs.redroverk12.com/org/hotsprings1/opening/148304","Hot Springs County School District 1",2026-03-13
"798","Custodian",NA,"Full Time","Classified","https://jobs.redroverk12.com/org/hotsprings1/opening/142823","Hot Springs County School District 1",2026-03-13
"799","Substitute Teacher",NA,"Substitute","Substitute","https://jobs.redroverk12.com/org/hotsprings1/opening/128617","Hot Springs County School District 1",2026-03-13
"800","Speech Language Pathologist",NA,"Full Time","Speech Language Pathologist","https://jobs.redroverk12.com/org/jcsd1/opening/157540","Johnson County School District 1",2026-03-13
"801","School Psychologist",NA,"Full Time","Psychologist","https://jobs.redroverk12.com/org/jcsd1/opening/157541","Johnson County School District 1",2026-03-13
"802","Custodian",NA,"Full Time","Custodian","https://jobs.redroverk12.com/org/jcsd1/opening/156788","Johnson County School District 1",2026-03-13
"803","Sp Ed Teacher for Behaviorally Challenged Students",NA,"Full Time","Special Education Teacher","https://jobs.redroverk12.com/org/jcsd1/opening/154159","Johnson County School District 1",2026-03-13
"804","Food Service Warehouse Transport",NA,"Full Time","Food Warehouse Transport","https://jobs.redroverk12.com/org/jcsd1/opening/155290","Johnson County School District 1",2026-03-13
"805","Teacher of the Deaf & Hard of Hearing",NA,"Full Time","Teacher","https://jobs.redroverk12.com/org/jcsd1/opening/153129","Johnson County School District 1",2026-03-13
"806","Sign Language Interpreter",NA,"Full Time","Sign Language Interpreter","https://jobs.redroverk12.com/org/jcsd1/opening/150867","Johnson County School District 1",2026-03-13
"807","Food Prep Tech",NA,"Part Time","Food Service Tech Prep","https://jobs.redroverk12.com/org/jcsd1/opening/145949","Johnson County School District 1",2026-03-13
"808","Student Support Specialist/Homeless Liaison",NA,"Full Time","School Counselor","https://jobs.redroverk12.com/org/jcsd1/opening/145931","Johnson County School District 1",2026-03-13
"809","Paraprofessional Substitute",NA,"Substitute","Substitute Paraprofessional","https://jobs.redroverk12.com/org/jcsd1/opening/142219","Johnson County School District 1",2026-03-13
"810","Custodian Staff Substitute",NA,"Substitute","Custodian","https://jobs.redroverk12.com/org/jcsd1/opening/137493","Johnson County School District 1",2026-03-13
"811","Food Service Staff Substitute",NA,"Substitute","Food Service Tech Prep","https://jobs.redroverk12.com/org/jcsd1/opening/134419","Johnson County School District 1",2026-03-13
"812","Substitute Teacher",NA,"Substitute","Substitute Teacher","https://jobs.redroverk12.com/org/jcsd1/opening/132190","Johnson County School District 1",2026-03-13
"813","Substitute Buffalo Bus Route Driver",NA,"Substitute","Bus Driver","https://jobs.redroverk12.com/org/jcsd1/opening/131082","Johnson County School District 1",2026-03-13
"814","Substitute Kaycee Bus Route Driver",NA,"Substitute","Bus Driver","https://jobs.redroverk12.com/org/jcsd1/opening/131059","Johnson County School District 1",2026-03-13
"815","Assistant HS Football Coach",NA,"Seasonal","Coach/Sponsor","https://jobs.redroverk12.com/org/PCSD2/opening/151324","Platte County School District 2",2026-03-13
"816","Summer Weight Room Supervisor",NA,"Seasonal","Coach/Sponsor","https://jobs.redroverk12.com/org/PCSD2/opening/151282","Platte County School District 2",2026-03-13
"817","K-12 Art Teacher",NA,"Full Time","Teacher","https://jobs.redroverk12.com/org/PCSD2/opening/149113","Platte County School District 2",2026-03-13
"818","Jr High Girls Volleyball Coach",NA,"Seasonal","Coach/Sponsor","https://jobs.redroverk12.com/org/PCSD2/opening/143316","Platte County School District 2",2026-03-13
"819","Technology Integration and Support Specialist",NA,"Full Time","Technology","https://jobs.redroverk12.com/org/SCSD9/opening/151180","Sublette County School District 9",2026-03-13
"820","K-5 Elementary Principal",NA,"Full Time","Principal","https://jobs.redroverk12.com/org/SCSD9/opening/151888","Sublette County School District 9",2026-03-13
"821","Certified Substitute Teacher",NA,"Substitute","Teacher","https://jobs.redroverk12.com/org/SCSD9/opening/151690","Sublette County School District 9",2026-03-13
"822","Substitute Bus Driver",NA,"Substitute","Bus Driver","https://jobs.redroverk12.com/org/SCSD9/opening/151630","Sublette County School District 9",2026-03-13
"823","6-8 Math Teacher",NA,"Full Time","Teacher","https://jobs.redroverk12.com/org/SCSD9/opening/151526","Sublette County School District 9",2026-03-13
"824","6-8 Social Studies",NA,"Full Time","Teacher","https://jobs.redroverk12.com/org/SCSD9/opening/151540","Sublette County School District 9",2026-03-13
"825","Mechanic / Bus Driver",NA,"Full Time","Bus Driver","https://jobs.redroverk12.com/org/SCSD9/opening/150859","Sublette County School District 9",2026-03-13
