"X","title","date_posted","position","location","url","District","Archive_Date"
1,"(1500) Assistant MS Track Coach-Cowley","8/25/2025","Athletics/ Activities/","Rocky Mountain Middle/High School","https://www.applitrack.com/bighorn1/onlineapp/JobPostings/view.asp?all=1","Big Horn School District 1","2025-12-26"
2,"Middle School Assistant Boys Basketball Coach-Burlington","9/3/2025","Athletics/ Activities/","Burlington Schools","https://www.applitrack.com/bighorn1/onlineapp/JobPostings/view.asp?all=1","Big Horn School District 1","2025-12-26"
3,"Head Coach High School Volleyball-Burlington","12/16/2025","Athletics/ Activities/","Burlington Schools","https://www.applitrack.com/bighorn1/onlineapp/JobPostings/view.asp?all=1","Big Horn School District 1","2025-12-26"
4,"Sub Nurse","9/23/2020","Student Support Services/","Big Horn Co School District 1","https://www.applitrack.com/bighorn1/onlineapp/JobPostings/view.asp?all=1","Big Horn School District 1","2025-12-26"
5,"Sub - Teacher","9/23/2020","Substitute/","Big Horn Co School District 1","https://www.applitrack.com/bighorn1/onlineapp/JobPostings/view.asp?all=1","Big Horn School District 1","2025-12-26"
6,"Sub- Custodial/Cook/Secretary","9/23/2020","Support Staff/","Big Horn Co School District 1","https://www.applitrack.com/bighorn1/onlineapp/JobPostings/view.asp?all=1","Big Horn School District 1","2025-12-26"
7,"Sub - Paraprofessional","9/23/2020","Support Staff/","Big Horn Co School District 1","https://www.applitrack.com/bighorn1/onlineapp/JobPostings/view.asp?all=1","Big Horn School District 1","2025-12-26"
8,"Sub- Route Bus Driver - Burlington","9/23/2020","Support Staff/","Bus Barn - South","https://www.applitrack.com/bighorn1/onlineapp/JobPostings/view.asp?all=1","Big Horn School District 1","2025-12-26"
9,"Sub- Route Bus Driver - Cowley","9/23/2020","Support Staff/","Bus Barn - North","https://www.applitrack.com/bighorn1/onlineapp/JobPostings/view.asp?all=1","Big Horn School District 1","2025-12-26"
10,"Substitute Teacher","3/30/2022","Substitute/","Big Horn County School District #2","https://www.applitrack.com/bgh2/onlineapp/default.aspx?all=1","Big Horn School District 2","2025-12-26"
11,"Substitute Route and Activity Bus Drivers","3/29/2022","Transportation","Big Horn County School District #2","https://www.applitrack.com/bgh2/onlineapp/default.aspx?all=1","Big Horn School District 2","2025-12-26"
12,"Route Bus Driver","5/27/2025","Transportation/","Big Horn County School District #2","https://www.applitrack.com/bgh2/onlineapp/default.aspx?all=1","Big Horn School District 2","2025-12-26"
13,"High School Assistant Track Coach","7/15/2025","Athletics/Activities","District Wide","https://www.applitrack.com/bighorn/onlineapp/default.aspx?all=1","Big Horn School District 3","2025-12-26"
14,"Substitute Teacher","7/5/2017","Substitute/","District Wide","https://www.applitrack.com/bighorn/onlineapp/default.aspx?all=1","Big Horn School District 3","2025-12-26"
15,"24-25 Substitute Bus Driver / Activity Driver","12/17/2024","Transportation/","Transportation","https://www.applitrack.com/bighorn/onlineapp/default.aspx?all=1","Big Horn School District 3","2025-12-26"
16,"Head Boys and Girls Track Coach","2/12/2025","Athletics/Activities","Riverside High School","https://www.applitrack.com/bgh4/onlineapp/default.aspx?all=1","Big Horn School District 4","2025-12-26"
17,"21 CCLC After School Program Activity Leaders","1/21/2020","Student Support Services","Laura Irwin Elementary","https://www.applitrack.com/bgh4/onlineapp/default.aspx?all=1","Big Horn School District 4","2025-12-26"
18,"Bus Driver","1/7/2022","Support Staff","District","https://www.applitrack.com/bgh4/onlineapp/default.aspx?all=1","Big Horn School District 4","2025-12-26"
19,"Substitute","7/21/2025","Support Staff","District","https://www.applitrack.com/bgh4/onlineapp/default.aspx?all=1","Big Horn School District 4","2025-12-26"
20,"Lifeguard","8/12/2025","Aquatics/","Rawlins Pool","https://www.applitrack.com/crb1/onlineapp/jobpostings/view.asp?all=1","Carbon County School District 1","2025-12-26"
21,"Shift Lead-Part Time","8/12/2025","Aquatics/","Rawlins Pool","https://www.applitrack.com/crb1/onlineapp/jobpostings/view.asp?all=1","Carbon County School District 1","2025-12-26"
22,"Asst. Musical Director","6/9/2025","Athletics/Activities/","Rawlins High School","https://www.applitrack.com/crb1/onlineapp/jobpostings/view.asp?all=1","Carbon County School District 1","2025-12-26"
23,"Asst. Boys and Girls Soccer Coach","6/9/2025","Athletics/Activities/","Rawlins Middle School","https://www.applitrack.com/crb1/onlineapp/jobpostings/view.asp?all=1","Carbon County School District 1","2025-12-26"
24,"2nd Asst. Swim Coach","6/12/2025","Athletics/Activities/","Rawlins Middle School","https://www.applitrack.com/crb1/onlineapp/jobpostings/view.asp?all=1","Carbon County School District 1","2025-12-26"
25,"2nd Asst. Track Coach","8/4/2025","Athletics/Activities/","Rawlins Middle School","https://www.applitrack.com/crb1/onlineapp/jobpostings/view.asp?all=1","Carbon County School District 1","2025-12-26"
26,"Asst Volleyball Coach","10/27/2025","Athletics/Activities/","Rawlins Middle School","https://www.applitrack.com/crb1/onlineapp/jobpostings/view.asp?all=1","Carbon County School District 1","2025-12-26"
27,"Asst. Football Coach","11/11/2025","Athletics/Activities/","Rawlins Middle School","https://www.applitrack.com/crb1/onlineapp/jobpostings/view.asp?all=1","Carbon County School District 1","2025-12-26"
28,"Asst. Football Coach","12/8/2025","Athletics/Activities/","Rawlins High School","https://www.applitrack.com/crb1/onlineapp/jobpostings/view.asp?all=1","Carbon County School District 1","2025-12-26"
29,"STEM Teacher","4/28/2025","Elementary School Teaching","Rawlins Elementary School","https://www.applitrack.com/crb1/onlineapp/jobpostings/view.asp?all=1","Carbon County School District 1","2025-12-26"
30,"Daycare Para Professional","10/24/2025","Elementary School Teaching/","District","https://www.applitrack.com/crb1/onlineapp/jobpostings/view.asp?all=1","Carbon County School District 1","2025-12-26"
31,"Substitute Food Service","10/9/2025","Food Service/","Food Service","https://www.applitrack.com/crb1/onlineapp/jobpostings/view.asp?all=1","Carbon County School District 1","2025-12-26"
32,"Substitute Custodian","7/29/2025","Maintenance/Custodial","District","https://www.applitrack.com/crb1/onlineapp/jobpostings/view.asp?all=1","Carbon County School District 1","2025-12-26"
33,"Custodial - Substitute","2/16/2024","Maintenance/Custodial","Little Snake River Valley School","https://www.applitrack.com/crb1/onlineapp/jobpostings/view.asp?all=1","Carbon County School District 1","2025-12-26"
34,"ESL/ELL Teacher","4/16/2025","Middle School Teaching","Rawlins Middle School","https://www.applitrack.com/crb1/onlineapp/jobpostings/view.asp?all=1","Carbon County School District 1","2025-12-26"
35,"Substitute Teacher","7/29/2025","Substitute/","District","https://www.applitrack.com/crb1/onlineapp/jobpostings/view.asp?all=1","Carbon County School District 1","2025-12-26"
36,"Substitute Bus Driver","7/29/2025","Transportation","District","https://www.applitrack.com/crb1/onlineapp/jobpostings/view.asp?all=1","Carbon County School District 1","2025-12-26"
37,"Bus Driver","9/22/2023","Transportation/","District","https://www.applitrack.com/crb1/onlineapp/jobpostings/view.asp?all=1","Carbon County School District 1","2025-12-26"
38,"High School Assistant Boys Basketball Coach","3/12/2025","Athletics/Activities/","H-E-M Junior/Senior High School","https://www.applitrack.com/crb2/onlineapp/default.aspx?all=1","Carbon County School District 2","2025-12-26"
39,"Head High School Speech Coach","6/9/2025","Athletics/Activities/","Saratoga Middle High School","https://www.applitrack.com/crb2/onlineapp/default.aspx?all=1","Carbon County School District 2","2025-12-26"
40,"First Assistant (Head) Middle School Football Coach","10/13/2025","Athletics/Activities/","H-E-M Junior/Senior High School","https://www.applitrack.com/crb2/onlineapp/default.aspx?all=1","Carbon County School District 2","2025-12-26"
41,"Music Teacher","2/24/2025","High School Teaching/","Saratoga Middle High School","https://www.applitrack.com/crb2/onlineapp/default.aspx?all=1","Carbon County School District 2","2025-12-26"
42,"6-12 Band Teacher","3/31/2025","High School Teaching/","Saratoga Middle High School","https://www.applitrack.com/crb2/onlineapp/default.aspx?all=1","Carbon County School District 2","2025-12-26"
43,"Head Maintenance","10/15/2025","Maintenance/Custodial/","Saratoga Elementary School","https://www.applitrack.com/crb2/onlineapp/default.aspx?all=1","Carbon County School District 2","2025-12-26"
44,"Elementary School Counselor","9/3/2025","Student Support Services/","Hanna Elementary School","https://www.applitrack.com/crb2/onlineapp/default.aspx?all=1","Carbon County School District 2","2025-12-26"
45,"Occupational Therapist(s)","12/22/2023","Student Support Services/","CCSD#2","https://www.applitrack.com/crb2/onlineapp/default.aspx?all=1","Carbon County School District 2","2025-12-26"
46,"Speech Language Pathologist(s)","3/4/2022","Student Support Services/","CCSD#2","https://www.applitrack.com/crb2/onlineapp/default.aspx?all=1","Carbon County School District 2","2025-12-26"
47,"Substitute Bus Driver 2025/2026 School Year","7/15/2025","Substitute/","CCSD#2","https://www.applitrack.com/crb2/onlineapp/default.aspx?all=1","Carbon County School District 2","2025-12-26"
48,"Substitute Classroom/Special Education Aide 2025/2026 School Year","7/15/2025","Substitute/","CCSD#2","https://www.applitrack.com/crb2/onlineapp/default.aspx?all=1","Carbon County School District 2","2025-12-26"
49,"Substitute Cook Helpers 2025/2026 School Year","7/15/2025","Substitute/","CCSD#2","https://www.applitrack.com/crb2/onlineapp/default.aspx?all=1","Carbon County School District 2","2025-12-26"
50,"Substitute Custodian 2025/2026 School Year","7/15/2025","Substitute/","CCSD#2","https://www.applitrack.com/crb2/onlineapp/default.aspx?all=1","Carbon County School District 2","2025-12-26"
51,"Substitute Teacher 2025/2026 School Year","7/15/2025","Substitute/","CCSD#2","https://www.applitrack.com/crb2/onlineapp/default.aspx?all=1","Carbon County School District 2","2025-12-26"
52,"Route Bus Driver","12/2/2025","Support Staff/","Encampment K-12","https://www.applitrack.com/crb2/onlineapp/default.aspx?all=1","Carbon County School District 2","2025-12-26"
53,"High School FBLA Sponsor","6/5/2025","Athletics/Activities/","Glenrock Jr/Sr High School","https://www.applitrack.com/converse2/onlineapp/default.aspx?all=1","Converse County School Distrcit 2","2025-12-26"
54,"JH Assistant Boys Basketball Coach","12/22/2025","Athletics/Activities/","Glenrock Jr/Sr High School","https://www.applitrack.com/converse2/onlineapp/default.aspx?all=1","Converse County School Distrcit 2","2025-12-26"
55,"K-6 Music Teacher","12/8/2025","Elementary School Teaching/","Grant Elementary School","https://www.applitrack.com/converse2/onlineapp/default.aspx?all=1","Converse County School Distrcit 2","2025-12-26"
56,"Food Service Worker - Cook (Part -Time, 14 hrs)","12/2/2025","Food Service/","Converse County School District #2","https://www.applitrack.com/converse2/onlineapp/default.aspx?all=1","Converse County School Distrcit 2","2025-12-26"
57,"Family and Consumer Science Teacher (7-12)","12/10/2025","High School Teaching/","Glenrock Jr/Sr High School","https://www.applitrack.com/converse2/onlineapp/default.aspx?all=1","Converse County School Distrcit 2","2025-12-26"
58,"Substitute Teacher/Aid/Cook/Custodian/Bus Driver/Summer Help","3/26/2019","Substitute/","Converse County School District #2","https://www.applitrack.com/converse2/onlineapp/default.aspx?all=1","Converse County School Distrcit 2","2025-12-26"
59,"Bus Driver (Route, Activity, Sub)","4/13/2023","Transportation/","Converse County School District #2","https://www.applitrack.com/converse2/onlineapp/default.aspx?all=1","Converse County School Distrcit 2","2025-12-26"
60,"DHS Girls Wrestling Coach Aide","11/18/2025","Athletics/Activities/Extra Duty/","Activities Department","https://www.applitrack.com/ccsd1/onlineapp/default.aspx?all=1","Converse County School District 1","2025-12-26"
61,"DMS Girls Swimming Coach Aide","12/4/2025","Athletics/Activities/Extra Duty/","Activities Department","https://www.applitrack.com/ccsd1/onlineapp/default.aspx?all=1","Converse County School District 1","2025-12-26"
62,"Business Director","12/18/2025","Converse County School District #1","Central Administration","https://www.applitrack.com/ccsd1/onlineapp/default.aspx?all=1","Converse County School District 1","2025-12-26"
63,"DMS Custodian","12/10/2025","Maintenance/Custodial/","Maintenance","https://www.applitrack.com/ccsd1/onlineapp/default.aspx?all=1","Converse County School District 1","2025-12-26"
64,"American Legion Assistant Legion A and C Baseball Coaches","12/10/2025","Recreation/","Douglas Recreation Center","https://www.applitrack.com/ccsd1/onlineapp/default.aspx?all=1","Converse County School District 1","2025-12-26"
65,"DRC Lifeguard","8/1/2025","Student/","Douglas Recreation Center","https://www.applitrack.com/ccsd1/onlineapp/default.aspx?all=1","Converse County School District 1","2025-12-26"
66,"Classified Substitute Positions","7/29/2025","Substitute","Central Administration","https://www.applitrack.com/ccsd1/onlineapp/default.aspx?all=1","Converse County School District 1","2025-12-26"
67,"Food Service Substitute","12/3/2025","Substitute","Central Administration","https://www.applitrack.com/ccsd1/onlineapp/default.aspx?all=1","Converse County School District 1","2025-12-26"
68,"Substitute Custodian","8/19/2025","Substitute/","Maintenance","https://www.applitrack.com/ccsd1/onlineapp/default.aspx?all=1","Converse County School District 1","2025-12-26"
69,"Certified Substitute","7/29/2025","Substitute/","Central Administration","https://www.applitrack.com/ccsd1/onlineapp/default.aspx?all=1","Converse County School District 1","2025-12-26"
70,"Substitute Bus Monitor/Paraprofessional","7/29/2025","Support Staff/","Transportation","https://www.applitrack.com/ccsd1/onlineapp/default.aspx?all=1","Converse County School District 1","2025-12-26"
71,"DPS Part-Time SPED FLS/Behavioral Paraprofessional","9/29/2025","Support Staff/","Douglas Primary School","https://www.applitrack.com/ccsd1/onlineapp/default.aspx?all=1","Converse County School District 1","2025-12-26"
72,"DPS SPED FLS Paraprofessional","12/1/2025","Support Staff/","Douglas Primary School","https://www.applitrack.com/ccsd1/onlineapp/default.aspx?all=1","Converse County School District 1","2025-12-26"
73,"DIS/DUES SPED FLS Paraprofessional","12/15/2025","Support Staff/","Douglas Intermediate School","https://www.applitrack.com/ccsd1/onlineapp/default.aspx?all=1","Converse County School District 1","2025-12-26"
74,"Douglas Rural Schools Special Education Paraprofessional","12/15/2025","Support Staff/","Shawnee Rural School","https://www.applitrack.com/ccsd1/onlineapp/default.aspx?all=1","Converse County School District 1","2025-12-26"
75,"Substitute Bus Driver","7/29/2025","Transportation/","Transportation","https://www.applitrack.com/ccsd1/onlineapp/default.aspx?all=1","Converse County School District 1","2025-12-26"
76,"Bus Driver","7/28/2025","Transportation/","Transportation","https://www.applitrack.com/ccsd1/onlineapp/default.aspx?all=1","Converse County School District 1","2025-12-26"
77,"Substitute Crossing Guard","7/29/2025","Transportation/","Transportation","https://www.applitrack.com/ccsd1/onlineapp/default.aspx?all=1","Converse County School District 1","2025-12-26"
78,"Assistant 8th Volleyball Coach","5/22/2025","Athletics/Activities/","Lander Middle School","https://www.applitrack.com/fremontwy/onlineapp/jobpostings/view.asp?all=1","Fremont County School District 1","2025-12-26"
79,"Assistant Swim Coach","9/26/2025","Athletics/Activities/","Lander Middle School","https://www.applitrack.com/fremontwy/onlineapp/jobpostings/view.asp?all=1","Fremont County School District 1","2025-12-26"
80,"Assistant Wrestling Coach","9/26/2025","Athletics/Activities/","Lander Middle School","https://www.applitrack.com/fremontwy/onlineapp/jobpostings/view.asp?all=1","Fremont County School District 1","2025-12-26"
81,"Head Softball Coach","9/26/2025","Athletics/Activities/","Lander Valley High School","https://www.applitrack.com/fremontwy/onlineapp/jobpostings/view.asp?all=1","Fremont County School District 1","2025-12-26"
82,"Head Girls Soccer Coach","10/31/2025","Athletics/Activities/","Lander Valley High School","https://www.applitrack.com/fremontwy/onlineapp/jobpostings/view.asp?all=1","Fremont County School District 1","2025-12-26"
83,"Head Girls Soccer Coach","10/31/2025","Athletics/Activities/","Lander Middle School","https://www.applitrack.com/fremontwy/onlineapp/jobpostings/view.asp?all=1","Fremont County School District 1","2025-12-26"
84,"Boys Soccer Coach","11/11/2025","Athletics/Activities/","Lander Middle School","https://www.applitrack.com/fremontwy/onlineapp/jobpostings/view.asp?all=1","Fremont County School District 1","2025-12-26"
85,"Assistant Girls Soccer Coach","12/16/2025","Athletics/Activities/","Lander Valley High School","https://www.applitrack.com/fremontwy/onlineapp/jobpostings/view.asp?all=1","Fremont County School District 1","2025-12-26"
86,"Head 7th Volleyball Coach","12/16/2025","Athletics/Activities/","Lander Middle School","https://www.applitrack.com/fremontwy/onlineapp/jobpostings/view.asp?all=1","Fremont County School District 1","2025-12-26"
87,"Head 8th Volleyball Coach","12/19/2025","Athletics/Activities/","Lander Middle School","https://www.applitrack.com/fremontwy/onlineapp/jobpostings/view.asp?all=1","Fremont County School District 1","2025-12-26"
88,"Family and Consumer Science Teacher","12/11/2025","Certified Teaching/","Lander Valley High School","https://www.applitrack.com/fremontwy/onlineapp/jobpostings/view.asp?all=1","Fremont County School District 1","2025-12-26"
89,"Nutritional Service Worker - 3 Hour Position","12/4/2025","Food Service/","Lander Middle School","https://www.applitrack.com/fremontwy/onlineapp/jobpostings/view.asp?all=1","Fremont County School District 1","2025-12-26"
90,"Auditorium Manager","12/12/2025","Maintenance/","Lander Valley High School","https://www.applitrack.com/fremontwy/onlineapp/jobpostings/view.asp?all=1","Fremont County School District 1","2025-12-26"
91,"Job Training Facilitator","12/4/2025","Student Support Services/","Lander Valley High School","https://www.applitrack.com/fremontwy/onlineapp/jobpostings/view.asp?all=1","Fremont County School District 1","2025-12-26"
92,"Substitute Custodian (at-will)","6/11/2025","Substitute/","District-wide","https://www.applitrack.com/fremontwy/onlineapp/jobpostings/view.asp?all=1","Fremont County School District 1","2025-12-26"
93,"Substitute Nurse (at-will)","6/11/2025","Substitute/","District-wide","https://www.applitrack.com/fremontwy/onlineapp/jobpostings/view.asp?all=1","Fremont County School District 1","2025-12-26"
94,"Substitute Nutritional Service Worker (at-will)","6/11/2025","Substitute/","District-wide","https://www.applitrack.com/fremontwy/onlineapp/jobpostings/view.asp?all=1","Fremont County School District 1","2025-12-26"
95,"Substitute - classrooms (at-will)","6/11/2025","Substitute/","District-wide","https://www.applitrack.com/fremontwy/onlineapp/jobpostings/view.asp?all=1","Fremont County School District 1","2025-12-26"
96,"Substitute Bus/Activity Driver (at-will)","6/11/2025","Substitute/","Central Services","https://www.applitrack.com/fremontwy/onlineapp/jobpostings/view.asp?all=1","Fremont County School District 1","2025-12-26"
97,"Lights On Early Bird Leader","12/10/2025","Temporary/","Baldwin Creek Elementary","https://www.applitrack.com/fremontwy/onlineapp/jobpostings/view.asp?all=1","Fremont County School District 1","2025-12-26"
98,"Lights On Early Bird Leader","9/30/2025","Temporary/","Lights On","https://www.applitrack.com/fremontwy/onlineapp/jobpostings/view.asp?all=1","Fremont County School District 1","2025-12-26"
99,"MTSS (Multi-Tiered System of Support) Coordinator (K-8)","6/30/2025","Elementary School Teaching/","Fremont County School District 21","https://www.applitrack.com/fortwashakieschool/onlineapp/default.aspx?all=1","Fremont County School District 21","2025-12-26"
100,"Substitute Custodians","9/28/2021","Maintenance/Custodial/","Fort Washakie Elementary","https://www.applitrack.com/fortwashakieschool/onlineapp/default.aspx?all=1","Fremont County School District 21","2025-12-26"
101,"Substitute Cooks","10/6/2025","Student Support Services/","Fort Washakie Elementary","https://www.applitrack.com/fortwashakieschool/onlineapp/default.aspx?all=1","Fremont County School District 21","2025-12-26"
102,"Speech/Language Pathologist - Open until filled","7/23/2025","Student Support Services/","Fremont County School District 21","https://www.applitrack.com/fortwashakieschool/onlineapp/default.aspx?all=1","Fremont County School District 21","2025-12-26"
103,"Substitute Teacher","9/12/2023","Substitute/","Fort Washakie Elementary","https://www.applitrack.com/fortwashakieschool/onlineapp/default.aspx?all=1","Fremont County School District 21","2025-12-26"
104,"Paraprofessional","9/10/2024","Support Staff/","Fremont County School District 21","https://www.applitrack.com/fortwashakieschool/onlineapp/default.aspx?all=1","Fremont County School District 21","2025-12-26"
105,"Special Education Paraprofessionals with Possible Apprenticeship 2025-2026","12/18/2025","Support Staff/","Special Ed Dept","https://www.applitrack.com/fremont24/onlineapp/default.aspx?all=1","Fremont County School District 24","2025-12-26"
106,"High School Boys and Girls Wrestling Assistant Coach","12/4/2025","Athletics/Activities/","Shoshoni JH/HS","https://www.applitrack.com/fremont24/onlineapp/default.aspx?all=1","Fremont County School District 24","2025-12-26"
107,"Bus Driver Substitutes 2025-2026","8/8/2025","Substitute/","K-12 Schoolwide","https://www.applitrack.com/fremont24/onlineapp/default.aspx?all=1","Fremont County School District 24","2025-12-26"
108,"Cooks Helper Substitutes 2025-2026","8/8/2025","Substitute/","District Office","https://www.applitrack.com/fremont24/onlineapp/default.aspx?all=1","Fremont County School District 24","2025-12-26"
109,"Custodian Substitutes 2025-2026","8/8/2025","Substitute/","District Wide","https://www.applitrack.com/fremont24/onlineapp/default.aspx?all=1","Fremont County School District 24","2025-12-26"
110,"Substitute School Nurse 2025-2026","8/8/2025","Substitute/","K-12 Schoolwide","https://www.applitrack.com/fremont24/onlineapp/default.aspx?all=1","Fremont County School District 24","2025-12-26"
111,"Substitute Teacher 2025-2026","8/8/2025","Substitute/","K-12 Schoolwide","https://www.applitrack.com/fremont24/onlineapp/default.aspx?all=1","Fremont County School District 24","2025-12-26"
112,"Substitute Daycare Assistant 2025-2026","8/8/2025","Substitute/","K-12 Schoolwide","https://www.applitrack.com/fremont24/onlineapp/default.aspx?all=1","Fremont County School District 24","2025-12-26"
114,"High School Assistant Volleyball Coach","3/24/2025","Athletics/Activities","Wind River High School","https://www.applitrack.com/fre6/onlineapp/default.aspx?all=1","Fremont County School District 6","2025-12-26"
115,"Athletic Coach","8/21/2025","Athletics/Activities","Wind River Schools","https://www.applitrack.com/fre6/onlineapp/default.aspx?all=1","Fremont County School District 6","2025-12-26"
116,"Custodian","12/17/2024","Maintenance/Custodial/","Wind River Schools","https://www.applitrack.com/fre6/onlineapp/default.aspx?all=1","Fremont County School District 6","2025-12-26"
117,"Maintenance/Custodian","7/30/2025","Maintenance/Custodial/","Wind River Schools","https://www.applitrack.com/fre6/onlineapp/default.aspx?all=1","Fremont County School District 6","2025-12-26"
118,"Substitute Teacher","8/20/2024","Substitute/","Wind River Schools","https://www.applitrack.com/fre6/onlineapp/default.aspx?all=1","Fremont County School District 6","2025-12-26"
119,"Substitute Para/Custodian/Food Service","11/14/2024","Substitute/","Wind River Schools","https://www.applitrack.com/fre6/onlineapp/default.aspx?all=1","Fremont County School District 6","2025-12-26"
120,"Bus Driver","3/10/2025","Support Staff","Wind River Schools","https://www.applitrack.com/fre6/onlineapp/default.aspx?all=1","Fremont County School District 6","2025-12-26"
121,"Shoshone Language Teacher","8/7/2025","Elementary School Teaching","Wyoming Indian Elementary School","https://www.applitrack.com/fremont14/onlineapp/default.aspx?all=1","Fremont County School District 14","2025-12-26"
122,"Substitute School Nurse","7/23/2020","Student Health Services/","District Wide","https://www.applitrack.com/fremont14/onlineapp/default.aspx?all=1","Fremont County School District 14","2025-12-26"
123,"Substitute Teacher - Classroom","10/9/2018","Substitute Certified/","District Wide","https://www.applitrack.com/fremont14/onlineapp/default.aspx?all=1","Fremont County School District 14","2025-12-26"
124,"Substitute Cook","10/10/2018","Substitute Non Certified/","District Wide","https://www.applitrack.com/fremont14/onlineapp/default.aspx?all=1","Fremont County School District 14","2025-12-26"
125,"Substitute Custodian","9/9/2019","Substitute Non Certified/","District Wide","https://www.applitrack.com/fremont14/onlineapp/default.aspx?all=1","Fremont County School District 14","2025-12-26"
126,"Paraprofessional","11/14/2025","Support Staff/","Wyoming Indian Middle School","https://www.applitrack.com/fremont14/onlineapp/default.aspx?all=1","Fremont County School District 14","2025-12-26"
127,"Special Education Paraprofessional","11/14/2025","Support Staff/","Wyoming Indian Middle School","https://www.applitrack.com/fremont14/onlineapp/default.aspx?all=1","Fremont County School District 14","2025-12-26"
128,"Bus Driver","9/18/2023","Transportation/","District Wide","https://www.applitrack.com/fremont14/onlineapp/default.aspx?all=1","Fremont County School District 14","2025-12-26"
129,"Substitute Bus Driver","7/9/2021","Transportation/","District Wide","https://www.applitrack.com/fremont14/onlineapp/default.aspx?all=1","Fremont County School District 14","2025-12-26"
130,"Grandparent Consultant","12/13/2022","Tutors/","District Wide","https://www.applitrack.com/fremont14/onlineapp/default.aspx?all=1","Fremont County School District 14","2025-12-26"
132,"Assistant Girls Soccer Coach","12/23/2025","Athletics/Activities/","Powell High School","https://www.applitrack.com/park1/onlineapp/default.aspx?all=1","Park County School District 1","2025-12-26"
133,"Associate Custodian/Assistant Cook","12/23/2025","Dual Position Support/","Powell High School","https://www.applitrack.com/park1/onlineapp/default.aspx?all=1","Park County School District 1","2025-12-26"
134,"Assistant Cook","12/23/2025","Food Service/","Powell High School","https://www.applitrack.com/park1/onlineapp/default.aspx?all=1","Park County School District 1","2025-12-26"
135,"Associate Custodian","12/23/2025","Maintenance/Custodial/","Powell High School","https://www.applitrack.com/park1/onlineapp/default.aspx?all=1","Park County School District 1","2025-12-26"
136,"Elementary Paraeducator","12/16/2025","Para-Educator/","Parkside Elementary School","https://www.applitrack.com/park1/onlineapp/default.aspx?all=1","Park County School District 1","2025-12-26"
137,"Substitute School Nurse","9/18/2025","Student Support Services/","District-Wide K-12","https://www.applitrack.com/park1/onlineapp/default.aspx?all=1","Park County School District 1","2025-12-26"
138,"Substitute Teacher","7/3/2024","Substitute/","District-Wide K-12","https://www.applitrack.com/park1/onlineapp/default.aspx?all=1","Park County School District 1","2025-12-26"
139,"Substitute Custodian","7/3/2024","Substitute Support Services/","District-Wide K-12","https://www.applitrack.com/park1/onlineapp/default.aspx?all=1","Park County School District 1","2025-12-26"
140,"Substitute Para-Educator","7/3/2024","Substitute Support Services/","District-Wide K-12","https://www.applitrack.com/park1/onlineapp/default.aspx?all=1","Park County School District 1","2025-12-26"
141,"Substitute Bus Driver","9/27/2021","Transportation/","Transportation Department","https://www.applitrack.com/park1/onlineapp/default.aspx?all=1","Park County School District 1","2025-12-26"
142,"Assistant Girls Wrestling Coach","10/6/2025","Athletics/Activities/","Cody High School","https://www.applitrack.com/park6/onlineapp/default.aspx?all=1","Park County School District 6","2025-12-26"
143,"School Nutrition Assistant (Part Time)","7/16/2025","Food Services/","Sunset Elementary School","https://www.applitrack.com/park6/onlineapp/default.aspx?all=1","Park County School District 6","2025-12-26"
144,"Part Time Custodian","10/27/2025","Maintenance/Custodial/","Wapiti Elementary School","https://www.applitrack.com/park6/onlineapp/default.aspx?all=1","Park County School District 6","2025-12-26"
145,"Mental Health Counselor","11/19/2025","Student Support Services/","District Wide","https://www.applitrack.com/park6/onlineapp/default.aspx?all=1","Park County School District 6","2025-12-26"
146,"Board Certified Behavior Analyst","2/7/2025","Student Support Services/","All Schools","https://www.applitrack.com/park6/onlineapp/default.aspx?all=1","Park County School District 6","2025-12-26"
147,"Substitute Paraeducator (Aide) 2025-2026 School Year","7/16/2025","Substitute/","All Schools","https://www.applitrack.com/park6/onlineapp/default.aspx?all=1","Park County School District 6","2025-12-26"
148,"Substitute Custodian 2025-2026 School Year","7/16/2025","Substitute/","All Schools","https://www.applitrack.com/park6/onlineapp/default.aspx?all=1","Park County School District 6","2025-12-26"
149,"Substitute Nurse 2025-2026 School Year","7/16/2025","Substitute/","All Schools","https://www.applitrack.com/park6/onlineapp/default.aspx?all=1","Park County School District 6","2025-12-26"
150,"Substitute Teacher 2025-2026 School Year","7/16/2025","Substitute/","All Schools","https://www.applitrack.com/park6/onlineapp/default.aspx?all=1","Park County School District 6","2025-12-26"
151,"Elementary Title I Paraeducator","11/19/2025","Support Staff/","Livingston Elementary School","https://www.applitrack.com/park6/onlineapp/default.aspx?all=1","Park County School District 6","2025-12-26"
152,"Route Driver","7/16/2025","Transportation","All Schools","https://www.applitrack.com/park6/onlineapp/default.aspx?all=1","Park County School District 6","2025-12-26"
153,"Bus Aide","7/16/2025","Transportation","All Schools","https://www.applitrack.com/park6/onlineapp/default.aspx?all=1","Park County School District 6","2025-12-26"
154,"TRMS Assistant Boys Basketball Coach","8/14/2024","Athletics/Activities/","Tongue River Middle School","https://www.applitrack.com/sheridanwy/onlineapp/default.aspx?all=1","Sheridan County School District 1","2025-12-26"
155,"TRHS Head Track Coach","6/3/2025","Athletics/Activities/","Tongue River High School","https://www.applitrack.com/sheridanwy/onlineapp/default.aspx?all=1","Sheridan County School District 1","2025-12-26"
156,"TRHS Assistant Track Coach","6/3/2025","Athletics/Activities/","Tongue River High School","https://www.applitrack.com/sheridanwy/onlineapp/default.aspx?all=1","Sheridan County School District 1","2025-12-26"
157,"TRHS Assistant Girls Wrestling Coach","7/16/2025","Athletics/Activities/","Tongue River High School","https://www.applitrack.com/sheridanwy/onlineapp/default.aspx?all=1","Sheridan County School District 1","2025-12-26"
158,"TRHS Assistant Boys Wrestling Coach","7/16/2025","Athletics/Activities/","Tongue River High School","https://www.applitrack.com/sheridanwy/onlineapp/default.aspx?all=1","Sheridan County School District 1","2025-12-26"
159,"BHMS Assistant Football Coach","7/28/2025","Athletics/Activities/","Big Horn Middle School","https://www.applitrack.com/sheridanwy/onlineapp/default.aspx?all=1","Sheridan County School District 1","2025-12-26"
160,"TRMS Assistant Robotics Coach","8/12/2025","Athletics/Activities/","Tongue River Middle School","https://www.applitrack.com/sheridanwy/onlineapp/default.aspx?all=1","Sheridan County School District 1","2025-12-26"
161,"BHMS Assistant Boys Wrestling Coach","9/8/2025","Athletics/Activities/","Big Horn Middle School","https://www.applitrack.com/sheridanwy/onlineapp/default.aspx?all=1","Sheridan County School District 1","2025-12-26"
162,"Big Horn Custodian","12/8/2025","Maintenance/Custodial/","Big Horn High School","https://www.applitrack.com/sheridanwy/onlineapp/default.aspx?all=1","Sheridan County School District 1","2025-12-26"
163,"Bus Driver","4/1/2025","Transportation/","District-Wide","https://www.applitrack.com/sheridanwy/onlineapp/default.aspx?all=1","Sheridan County School District 1","2025-12-26"
164,"TRHS Head Cross-Country Coach","11/18/2025","Athletics/Activities/","Tongue River High School","https://www.applitrack.com/sheridanwy/onlineapp/default.aspx?all=1","Sheridan County School District 1","2025-12-26"
165,"BHMS Assistant Girls Wrestling Coach","10/30/2025","Athletics/Activities/","Big Horn Middle School","https://www.applitrack.com/sheridanwy/onlineapp/default.aspx?all=1","Sheridan County School District 1","2025-12-26"
166,"TRMS Assistant Girls Basketball Coach","5/20/2025","Athletics/Activities/","Tongue River Middle School","https://www.applitrack.com/sheridanwy/onlineapp/default.aspx?all=1","Sheridan County School District 1","2025-12-26"
167,"TRHS Assistant Volleyball Coach","5/28/2025","Athletics/Activities/","Tongue River High School","https://www.applitrack.com/sheridanwy/onlineapp/default.aspx?all=1","Sheridan County School District 1","2025-12-26"
168,"Substitute - Nurse","9/4/2025","Substitute/","TR Schools","https://www.applitrack.com/sheridanwy/onlineapp/default.aspx?all=1","Sheridan County School District 1","2025-12-26"
169,"Substitute - Support Staff","7/3/2018","Substitute/","District-Wide","https://www.applitrack.com/sheridanwy/onlineapp/default.aspx?all=1","Sheridan County School District 1","2025-12-26"
170,"Substitute - Teacher","7/9/2018","Substitute/","District-Wide","https://www.applitrack.com/sheridanwy/onlineapp/default.aspx?all=1","Sheridan County School District 1","2025-12-26"
171,"Sheridan High School Assistant Band Coach","12/19/2025","Activities","Sheridan High School","https://www.applitrack.com/scsd2/OnlineApp/default.aspx?all=1","Sheridan County School District 2","2025-12-26"
172,"9th Grade Boys Basketball B Team Assistant Coach - Sheridan High School","5/13/2025","Athletic Coaches","Sheridan High School","https://www.applitrack.com/scsd2/OnlineApp/default.aspx?all=1","Sheridan County School District 2","2025-12-26"
173,"Assistant Outdoor Track Coach - Sheridan High School","9/10/2025","Athletic Coaches","Sheridan High School","https://www.applitrack.com/scsd2/OnlineApp/default.aspx?all=1","Sheridan County School District 2","2025-12-26"
174,"Assistant Nordic Ski Coach- Sheridan Junior High School","10/13/2025","Athletic Coaches","Sheridan Junior High School","https://www.applitrack.com/scsd2/OnlineApp/default.aspx?all=1","Sheridan County School District 2","2025-12-26"
175,"Kitchen Supervisor - John C. Schiffer","12/12/2025","Food Services Staff/","John C. Schiffer","https://www.applitrack.com/scsd2/OnlineApp/default.aspx?all=1","Sheridan County School District 2","2025-12-26"
176,"High School Computer Science/Business Teacher (Grades 9-12)","10/30/2025","High School Teaching","Sheridan High School","https://www.applitrack.com/scsd2/OnlineApp/default.aspx?all=1","Sheridan County School District 2","2025-12-26"
177,"Title I Math Teacher - Sheridan Junior High School","12/8/2025","Junior High School Teaching","Sheridan Junior High School","https://www.applitrack.com/scsd2/OnlineApp/default.aspx?all=1","Sheridan County School District 2","2025-12-26"
178,"English Language Paraprofessional and After School Paraprofessional - Highland Park Elementary","8/26/2025","Paraprofessionals","Highland Park","https://www.applitrack.com/scsd2/OnlineApp/default.aspx?all=1","Sheridan County School District 2","2025-12-26"
179,"Bus Paraprofessional - Transportation","12/17/2025","Paraprofessionals","Bus Barn","https://www.applitrack.com/scsd2/OnlineApp/default.aspx?all=1","Sheridan County School District 2","2025-12-26"
180,"English Language Paraprofessional- Sagebrush Elementary","12/19/2025","Paraprofessionals","Sagebrush","https://www.applitrack.com/scsd2/OnlineApp/default.aspx?all=1","Sheridan County School District 2","2025-12-26"
181,"Paraprofessional - John C. Schiffer","12/12/2025","Paraprofessionals","John C. Schiffer","https://www.applitrack.com/scsd2/OnlineApp/default.aspx?all=1","Sheridan County School District 2","2025-12-26"
182,"Substitute Teacher (for prior SCSD2 Teachers only)","7/1/2025","Prior Employee/","District Wide","https://www.applitrack.com/scsd2/OnlineApp/default.aspx?all=1","Sheridan County School District 2","2025-12-26"
183,"Substitute Cooks Helper - Districtwide","8/23/2024","Substitutes","District Wide","https://www.applitrack.com/scsd2/OnlineApp/default.aspx?all=1","Sheridan County School District 2","2025-12-26"
184,"Substitute Custodian - Districtwide","8/29/2024","Substitutes","District Wide","https://www.applitrack.com/scsd2/OnlineApp/default.aspx?all=1","Sheridan County School District 2","2025-12-26"
185,"Substitute Paraprofessional","7/10/2024","Substitutes","District Wide","https://www.applitrack.com/scsd2/OnlineApp/default.aspx?all=1","Sheridan County School District 2","2025-12-26"
186,"Substitute School Nurse","7/10/2024","Substitutes","District Wide","https://www.applitrack.com/scsd2/OnlineApp/default.aspx?all=1","Sheridan County School District 2","2025-12-26"
187,"Substitute Bus Paraprofessional - Districtwide","4/28/2025","Substitutes","Bus Barn","https://www.applitrack.com/scsd2/OnlineApp/default.aspx?all=1","Sheridan County School District 2","2025-12-26"
188,"Substitute Teacher","7/1/2025","Substitutes/","District Wide","https://www.applitrack.com/scsd2/OnlineApp/default.aspx?all=1","Sheridan County School District 2","2025-12-26"
189,"Superintendent of Schools","12/10/2025","Superintendents","District Wide","https://www.applitrack.com/scsd2/OnlineApp/default.aspx?all=1","Sheridan County School District 2","2025-12-26"
190,"Substitute Bus Driver","10/7/2025","Transportation Staff","Bus Barn","https://www.applitrack.com/scsd2/OnlineApp/default.aspx?all=1","Sheridan County School District 2","2025-12-26"
191,"Bus Driver - Districtwide","2/11/2025","Transportation Staff","Bus Barn","https://www.applitrack.com/scsd2/OnlineApp/default.aspx?all=1","Sheridan County School District 2","2025-12-26"
192,"Skilled Bus Mechanic - Transportation","12/1/2025","Transportation Staff/","Bus Barn","https://www.applitrack.com/scsd2/OnlineApp/default.aspx?all=1","Sheridan County School District 2","2025-12-26"
193,"Facility Accounting and Operations Specialist I","7/8/2025","Administrative Support Services","Maintenance","https://www.applitrack.com/sweetwater/onlineapp/default.aspx?all=1","Sweetwater County School District 1","2025-12-26"
194,"Special Services Secretary and Records Compliance Specialist","11/17/2025","Administrative Support Services/","Central Administration","https://www.applitrack.com/sweetwater/onlineapp/default.aspx?all=1","Sweetwater County School District 1","2025-12-26"
195,"Before/After School Band Assistant","11/20/2025","Athletics/Activities/","Rock Springs High School","https://www.applitrack.com/sweetwater/onlineapp/default.aspx?all=1","Sweetwater County School District 1","2025-12-26"
196,"RSJH Head Cheer Advisor","11/21/2025","Athletics/Activities/","Rock Springs Junior High School","https://www.applitrack.com/sweetwater/onlineapp/default.aspx?all=1","Sweetwater County School District 1","2025-12-26"
197,"RSJH Assistant Cheer Advisor","11/21/2025","Athletics/Activities/","Rock Springs Junior High","https://www.applitrack.com/sweetwater/onlineapp/default.aspx?all=1","Sweetwater County School District 1","2025-12-26"
198,"RSJH Assistant Coach - Track","11/24/2025","Athletics/Activities/","Rock Springs Junior High","https://www.applitrack.com/sweetwater/onlineapp/default.aspx?all=1","Sweetwater County School District 1","2025-12-26"
199,"RSJH Dive Coach","11/11/2025","Athletics/Activities/","Rock Springs Junior High","https://www.applitrack.com/sweetwater/onlineapp/default.aspx?all=1","Sweetwater County School District 1","2025-12-26"
200,"FEMS-FEHS Assistant Coach - Football","3/3/2025","Athletics/Activities/","Farson-Eden High School","https://www.applitrack.com/sweetwater/onlineapp/default.aspx?all=1","Sweetwater County School District 1","2025-12-26"
201,"RSJH Head Coach - Girls Soccer - 7th Grade","8/26/2025","Athletics/Activities/","Rock Springs Junior High","https://www.applitrack.com/sweetwater/onlineapp/default.aspx?all=1","Sweetwater County School District 1","2025-12-26"
202,"RSJH Head Coach - Girls Soccer - 8th Grade","8/26/2025","Athletics/Activities/","Rock Springs Junior High","https://www.applitrack.com/sweetwater/onlineapp/default.aspx?all=1","Sweetwater County School District 1","2025-12-26"
203,"RSJH Head Coach - Boys Soccer - 7th Grade","8/26/2025","Athletics/Activities/","Rock Springs Junior High","https://www.applitrack.com/sweetwater/onlineapp/default.aspx?all=1","Sweetwater County School District 1","2025-12-26"
204,"RSJH Head Coach - Girls Swim","10/21/2025","Athletics/Activities/","Rock Springs Junior High","https://www.applitrack.com/sweetwater/onlineapp/default.aspx?all=1","Sweetwater County School District 1","2025-12-26"
205,"RSJH Head Coach - Boys Swim","10/21/2025","Athletics/Activities/","Rock Springs Junior High","https://www.applitrack.com/sweetwater/onlineapp/default.aspx?all=1","Sweetwater County School District 1","2025-12-26"
206,"RSJH 7th Grade Head Coach - Boys Basketball","12/2/2025","Athletics/Activities/","Rock Springs Junior High","https://www.applitrack.com/sweetwater/onlineapp/default.aspx?all=1","Sweetwater County School District 1","2025-12-26"
207,"Art Teacher K-3","11/3/2025","Certified Staff/","District Wide","https://www.applitrack.com/sweetwater/onlineapp/default.aspx?all=1","Sweetwater County School District 1","2025-12-26"
208,"Elementary Teacher 5th Grade","11/4/2025","Certified Staff/","Eastside Elementary","https://www.applitrack.com/sweetwater/onlineapp/default.aspx?all=1","Sweetwater County School District 1","2025-12-26"
209,"Elementary Teacher 5th Grade","11/4/2025","Certified Staff/","Pilot Butte Elementary","https://www.applitrack.com/sweetwater/onlineapp/default.aspx?all=1","Sweetwater County School District 1","2025-12-26"
210,"Elementary Teacher 3rd Grade","11/5/2025","Certified Staff/","Sage Elementary","https://www.applitrack.com/sweetwater/onlineapp/default.aspx?all=1","Sweetwater County School District 1","2025-12-26"
211,"Elementary Teacher 1st Grade","11/3/2025","Certified Staff/","Desert View Elementary","https://www.applitrack.com/sweetwater/onlineapp/default.aspx?all=1","Sweetwater County School District 1","2025-12-26"
212,"Elementary Teacher 3rd Grade","11/3/2025","Certified Staff/","Desert View Elementary","https://www.applitrack.com/sweetwater/onlineapp/default.aspx?all=1","Sweetwater County School District 1","2025-12-26"
213,"EL Teacher (2)","11/4/2025","Certified Staff/","Rock Springs High School","https://www.applitrack.com/sweetwater/onlineapp/default.aspx?all=1","Sweetwater County School District 1","2025-12-26"
214,"English/Language Arts","12/12/2025","Certified Staff/","Farson-Eden High School","https://www.applitrack.com/sweetwater/onlineapp/default.aspx?all=1","Sweetwater County School District 1","2025-12-26"
215,"Family and Consumer Science Teacher","11/5/2025","Certified Staff/","Rock Springs Junior High School","https://www.applitrack.com/sweetwater/onlineapp/default.aspx?all=1","Sweetwater County School District 1","2025-12-26"
216,"Graduation Coach - Grant Funded","11/4/2025","Certified Staff/","Rock Springs High School","https://www.applitrack.com/sweetwater/onlineapp/default.aspx?all=1","Sweetwater County School District 1","2025-12-26"
217,"School Counselor","11/6/2025","Certified Staff/","Eastside Elementary","https://www.applitrack.com/sweetwater/onlineapp/default.aspx?all=1","Sweetwater County School District 1","2025-12-26"
218,"Library Media Specialist K-3 (Stagecoach and Wamsutter)","11/3/2025","Certified Staff/","District Wide","https://www.applitrack.com/sweetwater/onlineapp/default.aspx?all=1","Sweetwater County School District 1","2025-12-26"
219,"Library Media Specialist K-3 (Desert View and North Park Elementary)","11/3/2025","Certified Staff/","District Wide","https://www.applitrack.com/sweetwater/onlineapp/default.aspx?all=1","Sweetwater County School District 1","2025-12-26"
220,"Math Teacher (2)","11/5/2025","Certified Staff/","Rock Springs High School","https://www.applitrack.com/sweetwater/onlineapp/default.aspx?all=1","Sweetwater County School District 1","2025-12-26"
221,"Band Teacher - Pilot Butte and Eastside Elementary","9/10/2025","Certified Staff/","District Wide","https://www.applitrack.com/sweetwater/onlineapp/default.aspx?all=1","Sweetwater County School District 1","2025-12-26"
222,"Music Teacher 4-6 (4)","11/6/2025","Certified Staff/","District Wide","https://www.applitrack.com/sweetwater/onlineapp/default.aspx?all=1","Sweetwater County School District 1","2025-12-26"
223,"Music Teacher K-3 (2)","11/6/2025","Certified Staff/","District Wide","https://www.applitrack.com/sweetwater/onlineapp/default.aspx?all=1","Sweetwater County School District 1","2025-12-26"
224,"Social Studies Teacher","11/5/2025","Certified Staff/","Rock Springs Junior High","https://www.applitrack.com/sweetwater/onlineapp/default.aspx?all=1","Sweetwater County School District 1","2025-12-26"
225,"Social Worker","11/6/2025","Certified Staff/","Rock Springs High School","https://www.applitrack.com/sweetwater/onlineapp/default.aspx?all=1","Sweetwater County School District 1","2025-12-26"
226,"Resource Teacher","11/5/2025","Certified Staff/","Stagecoach Elementary","https://www.applitrack.com/sweetwater/onlineapp/default.aspx?all=1","Sweetwater County School District 1","2025-12-26"
227,"Resource Teacher","11/5/2025","Certified Staff/","Walnut Elementary","https://www.applitrack.com/sweetwater/onlineapp/default.aspx?all=1","Sweetwater County School District 1","2025-12-26"
228,"Resource Teacher","11/3/2025","Certified Staff/","Desert Elementary (Wamsutter)","https://www.applitrack.com/sweetwater/onlineapp/default.aspx?all=1","Sweetwater County School District 1","2025-12-26"
229,"Resource Teacher (2)","11/5/2025","Certified Staff/","Rock Springs High School","https://www.applitrack.com/sweetwater/onlineapp/default.aspx?all=1","Sweetwater County School District 1","2025-12-26"
230,"Resource Teacher (2)","11/5/2025","Certified Staff/","Rock Springs Junior High School","https://www.applitrack.com/sweetwater/onlineapp/default.aspx?all=1","Sweetwater County School District 1","2025-12-26"
231,"Resource Teacher (2)","11/4/2025","Certified Staff/","Pilot Butte Elementary","https://www.applitrack.com/sweetwater/onlineapp/default.aspx?all=1","Sweetwater County School District 1","2025-12-26"
232,"Special Education - Resource Teacher (2)","11/4/2025","Certified Staff/","Eastside Elementary","https://www.applitrack.com/sweetwater/onlineapp/default.aspx?all=1","Sweetwater County School District 1","2025-12-26"
233,"Resource Teacher","11/4/2025","Certified Staff/","Overland Elementary","https://www.applitrack.com/sweetwater/onlineapp/default.aspx?all=1","Sweetwater County School District 1","2025-12-26"
234,"Alternative Behavior Program (ABP) Teacher","11/4/2025","Certified Staff/","Pilot Butte Elementary","https://www.applitrack.com/sweetwater/onlineapp/default.aspx?all=1","Sweetwater County School District 1","2025-12-26"
235,"Alternative Behavior Program Teacher","11/4/2025","Certified Staff/","Rock Springs High School","https://www.applitrack.com/sweetwater/onlineapp/default.aspx?all=1","Sweetwater County School District 1","2025-12-26"
236,"Alternative Communication Program (ACP) Teacher","11/4/2025","Certified Staff/","Rock Springs High School","https://www.applitrack.com/sweetwater/onlineapp/default.aspx?all=1","Sweetwater County School District 1","2025-12-26"
237,"Alternative Behavior Program (ABP)","11/5/2025","Certified Staff/","Sage Elementary","https://www.applitrack.com/sweetwater/onlineapp/default.aspx?all=1","Sweetwater County School District 1","2025-12-26"
238,"Alternative Daily Living Skills Program Teacher","11/5/2025","Certified Staff/","Stagecoach Elementary","https://www.applitrack.com/sweetwater/onlineapp/default.aspx?all=1","Sweetwater County School District 1","2025-12-26"
239,"Alternative Academic-Daily Living Skills Program Teacher","10/22/2025","Certified Staff/","Rock Springs High School","https://www.applitrack.com/sweetwater/onlineapp/default.aspx?all=1","Sweetwater County School District 1","2025-12-26"
240,"Bus Driver/Classroom Paraprofessional","8/11/2025","Combined Positions/","Desert Elementary (Wamsutter)","https://www.applitrack.com/sweetwater/onlineapp/default.aspx?all=1","Sweetwater County School District 1","2025-12-26"
241,"Part-Time Daycare Assistant (3)","12/5/2025","Daycare/","Overland Elementary","https://www.applitrack.com/sweetwater/onlineapp/default.aspx?all=1","Sweetwater County School District 1","2025-12-26"
242,"Full-Time Daycare Assistant (2)","11/14/2025","Daycare/","Overland Elementary","https://www.applitrack.com/sweetwater/onlineapp/default.aspx?all=1","Sweetwater County School District 1","2025-12-26"
243,"Substitute - Head Start","6/12/2018","Head Start","Overland Elementary","https://www.applitrack.com/sweetwater/onlineapp/default.aspx?all=1","Sweetwater County School District 1","2025-12-26"
244,"Head Start Part-Time Building Aide","10/29/2025","Head Start/","Overland Elementary","https://www.applitrack.com/sweetwater/onlineapp/default.aspx?all=1","Sweetwater County School District 1","2025-12-26"
245,"Activities Lead/ Full Time Custodian","9/10/2025","Maintenance/Custodial/","District Wide","https://www.applitrack.com/sweetwater/onlineapp/default.aspx?all=1","Sweetwater County School District 1","2025-12-26"
246,"Lead Custodian","9/29/2025","Maintenance/Custodial/","Overland Elementary","https://www.applitrack.com/sweetwater/onlineapp/default.aspx?all=1","Sweetwater County School District 1","2025-12-26"
247,"Full-Time Custodian","9/4/2025","Maintenance/Custodial/","Rock Springs High School","https://www.applitrack.com/sweetwater/onlineapp/default.aspx?all=1","Sweetwater County School District 1","2025-12-26"
248,"Head Custodian RSHS","12/18/2025","Maintenance/Custodial/","Rock Springs High School","https://www.applitrack.com/sweetwater/onlineapp/default.aspx?all=1","Sweetwater County School District 1","2025-12-26"
249,"Head Cook","12/1/2025","Nutrition Services/","Rock Springs High School","https://www.applitrack.com/sweetwater/onlineapp/default.aspx?all=1","Sweetwater County School District 1","2025-12-26"
250,"Nutrition Services Substitute","7/18/2024","Nutrition Services/","District Wide","https://www.applitrack.com/sweetwater/onlineapp/default.aspx?all=1","Sweetwater County School District 1","2025-12-26"
251,"Accompanist","8/20/2025","Paraprofessional/","Rock Springs Junior High","https://www.applitrack.com/sweetwater/onlineapp/default.aspx?all=1","Sweetwater County School District 1","2025-12-26"
252,"ELL Paraprofessional","10/3/2025","Paraprofessional/","Rock Springs High School","https://www.applitrack.com/sweetwater/onlineapp/default.aspx?all=1","Sweetwater County School District 1","2025-12-26"
253,"ELL Paraprofessional","6/4/2025","Paraprofessional/","Walnut Elementary","https://www.applitrack.com/sweetwater/onlineapp/default.aspx?all=1","Sweetwater County School District 1","2025-12-26"
254,"ELL Paraprofessional","12/1/2025","Paraprofessional/","Rock Springs Junior High School","https://www.applitrack.com/sweetwater/onlineapp/default.aspx?all=1","Sweetwater County School District 1","2025-12-26"
255,"Resource Room Paraprofessional","11/24/2025","Paraprofessional/","Stagecoach Elementary","https://www.applitrack.com/sweetwater/onlineapp/default.aspx?all=1","Sweetwater County School District 1","2025-12-26"
256,"Special Education Paraprofessional","4/2/2025","Paraprofessional/","Lowell School","https://www.applitrack.com/sweetwater/onlineapp/default.aspx?all=1","Sweetwater County School District 1","2025-12-26"
257,"Resource Room Paraprofessional","8/19/2025","Paraprofessional/","Walnut Elementary","https://www.applitrack.com/sweetwater/onlineapp/default.aspx?all=1","Sweetwater County School District 1","2025-12-26"
258,"Resource Room Paraprofessional (3)","8/21/2025","Paraprofessional/","Rock Springs Satellite High School","https://www.applitrack.com/sweetwater/onlineapp/default.aspx?all=1","Sweetwater County School District 1","2025-12-26"
259,"Resource Room Paraprofessional (2)","9/10/2025","Paraprofessional/","Rock Springs High School","https://www.applitrack.com/sweetwater/onlineapp/default.aspx?all=1","Sweetwater County School District 1","2025-12-26"
260,"Special Programs One-on-One Paraprofessional","9/25/2025","Paraprofessional/","Sage Elementary","https://www.applitrack.com/sweetwater/onlineapp/default.aspx?all=1","Sweetwater County School District 1","2025-12-26"
261,"Alternate Academic Special Programs One-on-One Paraprofessional","5/5/2025","Paraprofessional/","Rock Springs Junior High","https://www.applitrack.com/sweetwater/onlineapp/default.aspx?all=1","Sweetwater County School District 1","2025-12-26"
262,"Full-Time High School Special Education Paraprofessional and Daycare Assistant - Overland/RSHS","11/4/2024","Paraprofessional/","Overland/RSHS","https://www.applitrack.com/sweetwater/onlineapp/default.aspx?all=1","Sweetwater County School District 1","2025-12-26"
263,"Special Programs One-on-One Paraprofessional","11/12/2025","Paraprofessional/","Northpark Elementary","https://www.applitrack.com/sweetwater/onlineapp/default.aspx?all=1","Sweetwater County School District 1","2025-12-26"
264,"Alternate Academic Special Programs One-on-One Paraprofessional","11/18/2025","Paraprofessional/","Northpark Elementary","https://www.applitrack.com/sweetwater/onlineapp/default.aspx?all=1","Sweetwater County School District 1","2025-12-26"
265,"Special Programs (Alternative Academics Program) Paraprofessional","11/19/2025","Paraprofessional/","Eastside Elementary","https://www.applitrack.com/sweetwater/onlineapp/default.aspx?all=1","Sweetwater County School District 1","2025-12-26"
266,"Full-Time High School Special Education Paraprofessional and Daycare Assistant - Overland/RSHS","11/11/2025","Paraprofessional/","Overland/RSHS","https://www.applitrack.com/sweetwater/onlineapp/default.aspx?all=1","Sweetwater County School District 1","2025-12-26"
267,"Special Programs (Alternative Behavior Program) Paraprofessional","12/1/2025","Paraprofessional/","Eastside Elementary","https://www.applitrack.com/sweetwater/onlineapp/default.aspx?all=1","Sweetwater County School District 1","2025-12-26"
268,"Special Programs One-on-One Paraprofessional","11/24/2025","Paraprofessional/","Rock Springs High School","https://www.applitrack.com/sweetwater/onlineapp/default.aspx?all=1","Sweetwater County School District 1","2025-12-26"
269,"Alternative Behavior Special Programs One-on-One Paraprofessional","12/2/2025","Paraprofessional/","Sage Elementary","https://www.applitrack.com/sweetwater/onlineapp/default.aspx?all=1","Sweetwater County School District 1","2025-12-26"
270,"Certified Substitute School Nurse","10/3/2019","Substitute","District Wide","https://www.applitrack.com/sweetwater/onlineapp/default.aspx?all=1","Sweetwater County School District 1","2025-12-26"
271,"Long Term Substitute Teacher - Math","10/24/2025","Substitute/","Rock Springs High School","https://www.applitrack.com/sweetwater/onlineapp/default.aspx?all=1","Sweetwater County School District 1","2025-12-26"
272,"BOCES Full Time Building Substitute Teacher (1) - One Year Only","2/4/2025","Substitute/","Overland Elementary","https://www.applitrack.com/sweetwater/onlineapp/default.aspx?all=1","Sweetwater County School District 1","2025-12-26"
273,"BOCES Part Time Building Substitute Teacher (2) - One Year Only","6/5/2025","Substitute/","Overland Elementary","https://www.applitrack.com/sweetwater/onlineapp/default.aspx?all=1","Sweetwater County School District 1","2025-12-26"
274,"Substitute Teacher","7/7/2025","Substitute/","District Wide","https://www.applitrack.com/sweetwater/onlineapp/default.aspx?all=1","Sweetwater County School District 1","2025-12-26"
275,"Over The Road Activity Bus Driver (4)","11/3/2025","Transportation/","Transportation","https://www.applitrack.com/sweetwater/onlineapp/default.aspx?all=1","Sweetwater County School District 1","2025-12-26"
276,"Bus Aide","10/29/2025","Transportation/","Transportation","https://www.applitrack.com/sweetwater/onlineapp/default.aspx?all=1","Sweetwater County School District 1","2025-12-26"
277,"Part-Time Bus Driver (26 Hours/Week)","9/5/2019","Transportation/","Transportation","https://www.applitrack.com/sweetwater/onlineapp/default.aspx?all=1","Sweetwater County School District 1","2025-12-26"
278,"Substitute Bus Driver","7/8/2025","Transportation/","Transportation","https://www.applitrack.com/sweetwater/onlineapp/default.aspx?all=1","Sweetwater County School District 1","2025-12-26"
279,"Auto/Bus Mechanic","11/12/2025","Transportation/","Transportation","https://www.applitrack.com/sweetwater/onlineapp/default.aspx?all=1","Sweetwater County School District 1","2025-12-26"
280,"GRHS Assistant Boys Soccer Coach","6/5/2025","Athletics/Activities/","Green River High School","https://www.applitrack.com/swcsd2/onlineapp/default.aspx?all=1","Sweetwater County School District 2","2025-12-26"
281,"GRHS Assistant Girls Soccer Coach","6/5/2025","Athletics/Activities/","Green River High School","https://www.applitrack.com/swcsd2/onlineapp/default.aspx?all=1","Sweetwater County School District 2","2025-12-26"
282,"LMS Head Co-Ed Soccer Coach","6/5/2025","Athletics/Activities/","Lincoln Middle School","https://www.applitrack.com/swcsd2/onlineapp/default.aspx?all=1","Sweetwater County School District 2","2025-12-26"
283,"LMS Assistant Co-Ed Soccer Coach","6/5/2025","Athletics/Activities/","Lincoln Middle School","https://www.applitrack.com/swcsd2/onlineapp/default.aspx?all=1","Sweetwater County School District 2","2025-12-26"
284,"Drama Assistant","12/15/2025","Extra Duty","Green River High School","https://www.applitrack.com/swcsd2/onlineapp/default.aspx?all=1","Sweetwater County School District 2","2025-12-26"
285,"Substitute Nutrition Services","7/10/2025","Nutrition Services/","Nutrition Services Department","https://www.applitrack.com/swcsd2/onlineapp/default.aspx?all=1","Sweetwater County School District 2","2025-12-26"
286,"English Language Learning Paraprofessional","10/13/2025","Paraprofessional/","Monroe Elementary School","https://www.applitrack.com/swcsd2/onlineapp/default.aspx?all=1","Sweetwater County School District 2","2025-12-26"
287,"Substitute Teacher","7/10/2025","Substitute/","Central Office","https://www.applitrack.com/swcsd2/onlineapp/default.aspx?all=1","Sweetwater County School District 2","2025-12-26"
288,"Substitute Teacher Aide","7/10/2025","Substitute/","Central Office","https://www.applitrack.com/swcsd2/onlineapp/default.aspx?all=1","Sweetwater County School District 2","2025-12-26"
289,"Total Care Aide","11/25/2025","Support Staff/","Harrison Elementary School","https://www.applitrack.com/swcsd2/onlineapp/default.aspx?all=1","Sweetwater County School District 2","2025-12-26"
290,"Special Education Paraprofessional","12/3/2025","Support Staff/","Washington Elementary School","https://www.applitrack.com/swcsd2/onlineapp/default.aspx?all=1","Sweetwater County School District 2","2025-12-26"
291,"Substitute Mechanic","7/10/2025","Transportation","Transportation Department","https://www.applitrack.com/swcsd2/onlineapp/default.aspx?all=1","Sweetwater County School District 2","2025-12-26"
292,"ATHLETIC TRAINER","7/15/2025","Athletics/Activities/","TCSD Schools","https://www.applitrack.com/tcsd/onlineapp/default.aspx?all=1","Teton County School District 1","2025-12-26"
293,"Middle School Assistant Track Coach","6/10/2025","Athletics/Activities/","TCSD Schools","https://www.applitrack.com/tcsd/onlineapp/default.aspx?all=1","Teton County School District 1","2025-12-26"
294,"High School Assistant Softball Coach","12/8/2025","Athletics/Activities/","TCSD Schools","https://www.applitrack.com/tcsd/onlineapp/default.aspx?all=1","Teton County School District 1","2025-12-26"
295,"Instructional Para","12/18/2025","Paraprofessional/","Kelly Elementary School","https://www.applitrack.com/tcsd/onlineapp/default.aspx?all=1","Teton County School District 1","2025-12-26"
296,"Special Education Paraprofessional Grades K-5","12/8/2025","Paraprofessional/","Alta Elementary School","https://www.applitrack.com/tcsd/onlineapp/default.aspx?all=1","Teton County School District 1","2025-12-26"
297,"Special Education Paraprofessional(s) Grades 6-12","9/18/2025","Paraprofessional/","TCSD Schools","https://www.applitrack.com/tcsd/onlineapp/default.aspx?all=1","Teton County School District 1","2025-12-26"
298,"Substitute Teachers/Nurses","2/11/2020","Substitute/","TCSD Schools","https://www.applitrack.com/tcsd/onlineapp/default.aspx?all=1","Teton County School District 1","2025-12-26"
299,"Substitute Para/Secretary","2/11/2020","Substitute/","TCSD Schools","https://www.applitrack.com/tcsd/onlineapp/default.aspx?all=1","Teton County School District 1","2025-12-26"
300,"MORAN Route Driver","11/20/2024","Transportation/","Transportation","https://www.applitrack.com/tcsd/onlineapp/default.aspx?all=1","Teton County School District 1","2025-12-26"
301,"Route Bus Driver","10/29/2019","Transportation/","Transportation","https://www.applitrack.com/tcsd/onlineapp/default.aspx?all=1","Teton County School District 1","2025-12-26"
302,"Walking School Bus","10/29/2025","Transportation/","Transportation","https://www.applitrack.com/tcsd/onlineapp/default.aspx?all=1","Teton County School District 1","2025-12-26"
303,"Substitute Bus Drivers","10/29/2019","Transportation/","Transportation","https://www.applitrack.com/tcsd/onlineapp/default.aspx?all=1","Teton County School District 1","2025-12-26"
304,"Full-time and Part-time Classroom Aides and SPED Paraprofessionals","7/16/2025","Support Staff/","District Wide","https://www.applitrack.com/uinta/onlineapp/jobpostings/view.asp?all=1","Uinta County School District 1","2025-12-26"
305,"Assistant Superintendent","12/16/2025","Administration/","Central Office","https://www.applitrack.com/washakie1/onlineapp/default.aspx?all=1","Washakie County School District 1","2025-12-26"
306,"Full-Time Lifeguard","12/9/2025","Aquatic Center Staff/","Worland Aquatic Center","https://www.applitrack.com/washakie1/onlineapp/default.aspx?all=1","Washakie County School District 1","2025-12-26"
307,"Lifeguard - HS Student","1/8/2024","Aquatic Center Staff/","Worland Aquatic Center","https://www.applitrack.com/washakie1/onlineapp/default.aspx?all=1","Washakie County School District 1","2025-12-26"
308,"Elementary Teacher","12/9/2025","Elementary School Teaching","08/05/2026","https://www.applitrack.com/washakie1/onlineapp/default.aspx?all=1","Washakie County School District 1","2025-12-26"
309,"Alternative High School Teacher","12/16/2025","High School Teaching","White Hawk Academy","https://www.applitrack.com/washakie1/onlineapp/default.aspx?all=1","Washakie County School District 1","2025-12-26"
310,"Speech Language Pathologist","12/18/2024","Special Education Services","Education Resource Center","https://www.applitrack.com/washakie1/onlineapp/default.aspx?all=1","Washakie County School District 1","2025-12-26"
311,"SLP-Assistant","5/14/2025","Special Education Services","Education Resource Center","https://www.applitrack.com/washakie1/onlineapp/default.aspx?all=1","Washakie County School District 1","2025-12-26"
312,"Special Education Teacher","12/2/2025","Special Education Services","Education Resource Center","https://www.applitrack.com/washakie1/onlineapp/default.aspx?all=1","Washakie County School District 1","2025-12-26"
313,"Special Education Evaluator and Behaviorist","12/2/2025","Special Education Services","Education Resource Center","https://www.applitrack.com/washakie1/onlineapp/default.aspx?all=1","Washakie County School District 1","2025-12-26"
314,"Substitute Bus Driver","7/1/2021","Substitute/","Bus Barn","https://www.applitrack.com/washakie1/onlineapp/default.aspx?all=1","Washakie County School District 1","2025-12-26"
315,"Substitute Cook","11/4/2020","Substitute/","District","https://www.applitrack.com/washakie1/onlineapp/default.aspx?all=1","Washakie County School District 1","2025-12-26"
316,"Substitute Housekeeper","1/21/2019","Substitute/",NA,"https://www.applitrack.com/washakie1/onlineapp/default.aspx?all=1","Washakie County School District 1","2025-12-26"
317,"Substitute Paraeducator","3/2/2016","Substitute/",NA,"https://www.applitrack.com/washakie1/onlineapp/default.aspx?all=1","Washakie County School District 1","2025-12-26"
318,"Substitute Teacher","3/2/2016","Substitute/",NA,"https://www.applitrack.com/washakie1/onlineapp/default.aspx?all=1","Washakie County School District 1","2025-12-26"
319,"Student Support Services","12/16/2025","Support Staff/","White Hawk Academy","https://www.applitrack.com/washakie1/onlineapp/default.aspx?all=1","Washakie County School District 1","2025-12-26"
320,"Special Programs Education Assistant for Students with High Needs","12/19/2025","Classified","HILLCREST ELEMENTARY","https://campbell.tedk12.com/hire/index.aspx","Campbell County Scholl District 1","2025-12-26"
321,"Teacher for the Deaf and Hard of Hearing","12/19/2025","Certified","SPECIAL SERVICES CENTER","https://campbell.tedk12.com/hire/index.aspx","Campbell County Scholl District 1","2025-12-26"
322,"Orientation and Mobility Specialist","12/19/2025","Certified","SPECIAL SERVICES CENTER","https://campbell.tedk12.com/hire/index.aspx","Campbell County Scholl District 1","2025-12-26"
323,"Special Programs Education Assistant","12/18/2025","Classified","BUFFALO RIDGE ELEMENTARY SCHOOL","https://campbell.tedk12.com/hire/index.aspx","Campbell County Scholl District 1","2025-12-26"
324,"Vocational Job Coach","12/17/2025","Classified","THUNDER BASIN HIGH SCHOOL","https://campbell.tedk12.com/hire/index.aspx","Campbell County Scholl District 1","2025-12-26"
325,"Emotionally Disabled Special Programs Education Assistant","12/17/2025","Classified","PAINTBRUSH ELEMENTARY","https://campbell.tedk12.com/hire/index.aspx","Campbell County Scholl District 1","2025-12-26"
326,"Head Tennis Coach","12/17/2025","Coaching","THUNDER BASIN HIGH SCHOOL","https://campbell.tedk12.com/hire/index.aspx","Campbell County Scholl District 1","2025-12-26"
327,"Custodian","12/17/2025","Classified","THUNDER BASIN HIGH SCHOOL","https://campbell.tedk12.com/hire/index.aspx","Campbell County Scholl District 1","2025-12-26"
328,"Assistant Head Custodian","12/17/2025","Classified","THUNDER BASIN HIGH SCHOOL","https://campbell.tedk12.com/hire/index.aspx","Campbell County Scholl District 1","2025-12-26"
329,"Head Football Coach","12/17/2025","Coaching","THUNDER BASIN HIGH SCHOOL","https://campbell.tedk12.com/hire/index.aspx","Campbell County Scholl District 1","2025-12-26"
330,"Special Programs Education Assistant","12/17/2025","Classified","RAWHIDE ELEMENTARY","https://campbell.tedk12.com/hire/index.aspx","Campbell County Scholl District 1","2025-12-26"
331,"Behavior Assistant","12/17/2025","Classified","RAWHIDE ELEMENTARY","https://campbell.tedk12.com/hire/index.aspx","Campbell County Scholl District 1","2025-12-26"
332,"English Teacher","12/16/2025","Certified","WRIGHT JR./SR. HIGH SCHOOL","https://campbell.tedk12.com/hire/index.aspx","Campbell County Scholl District 1","2025-12-26"
333,"ESL (English as a Second Language) Teacher Assistant","12/15/2025","Classified","HILLCREST ELEMENTARY","https://campbell.tedk12.com/hire/index.aspx","Campbell County Scholl District 1","2025-12-26"
334,"Custodian","12/15/2025","Classified","ROZET ELEMENTARY","https://campbell.tedk12.com/hire/index.aspx","Campbell County Scholl District 1","2025-12-26"
335,"Emotionally Disabled Special Programs Education Assistant","12/10/2025","Classified","CAMPBELL COUNTY HIGH SCHOOL","https://campbell.tedk12.com/hire/index.aspx","Campbell County Scholl District 1","2025-12-26"
336,"Special Programs Education Assistant/ASD","11/26/2025","Classified","LAKEVIEW ELEMENTARY","https://campbell.tedk12.com/hire/index.aspx","Campbell County Scholl District 1","2025-12-26"
337,"Special Programs Education Assistant","11/26/2025","Classified","HILLCREST ELEMENTARY","https://campbell.tedk12.com/hire/index.aspx","Campbell County Scholl District 1","2025-12-26"
338,"Student Custodian","11/26/2025","Classified","TWIN SPRUCE JUNIOR HIGH SCHOOL","https://campbell.tedk12.com/hire/index.aspx","Campbell County Scholl District 1","2025-12-26"
339,"Special Programs Education Assistant","10/31/2025","Classified","WAGONWHEEL ELEMENTARY","https://campbell.tedk12.com/hire/index.aspx","Campbell County Scholl District 1","2025-12-26"
340,"Wright - Safety Patrol","10/29/2025","Classified","TRANSPORTATION DEPT.","https://campbell.tedk12.com/hire/index.aspx","Campbell County Scholl District 1","2025-12-26"
341,"Safety Patrol","10/29/2025","Classified","TRANSPORTATION DEPT.","https://campbell.tedk12.com/hire/index.aspx","Campbell County Scholl District 1","2025-12-26"
342,"Safety Patrol","10/29/2025","Classified","TRANSPORTATION DEPT.","https://campbell.tedk12.com/hire/index.aspx","Campbell County Scholl District 1","2025-12-26"
343,"Special Programs Education Assistant","10/24/2025","Classified","PAINTBRUSH ELEMENTARY","https://campbell.tedk12.com/hire/index.aspx","Campbell County Scholl District 1","2025-12-26"
344,"Hearing Impaired Interpreter","09/03/2025","Classified","PRONGHORN ELEMENTARY","https://campbell.tedk12.com/hire/index.aspx","Campbell County Scholl District 1","2025-12-26"
345,"Foreign Language Teacher - German","07/29/2025","Certified","CAMPBELL COUNTY HIGH SCHOOL","https://campbell.tedk12.com/hire/index.aspx","Campbell County Scholl District 1","2025-12-26"
346,"BUS DRIVER/BUS DRIVER IN TRAINING","07/02/2025","Classified","TRANSPORTATION DEPT.","https://campbell.tedk12.com/hire/index.aspx","Campbell County Scholl District 1","2025-12-26"
347,"Substitute School Nurse","06/11/2025","Substitute","SUBSTITUTE SCHOOL NURSE","https://campbell.tedk12.com/hire/index.aspx","Campbell County Scholl District 1","2025-12-26"
348,"Substitute Teacher","06/11/2025","Substitute","SUBSTITUTE TEACHER","https://campbell.tedk12.com/hire/index.aspx","Campbell County Scholl District 1","2025-12-26"
349,"SCHOOL PSYCHOLOGIST INTERN","01/31/2025","Certified","SPECIAL SERVICES CENTER","https://campbell.tedk12.com/hire/index.aspx","Campbell County Scholl District 1","2025-12-26"
350,"Sample Classified Position","02/16/2010","Classified","SUBSTITUTE TEACHER","https://campbell.tedk12.com/hire/index.aspx","Campbell County Scholl District 1","2025-12-26"
351,"Sample Certified Position","02/16/2010","Certified","DISTRICT POSITION","https://campbell.tedk12.com/hire/index.aspx","Campbell County Scholl District 1","2025-12-26"
352,"Maintenance/Transportation/Bus Driver","12/22/2025","Classified","Bus Barn","https://fremont2.tedk12.com/hire/index.aspx","Fremont County School District 2","2025-12-26"
353,"2025-2026 Drama Club Sponsor Assistant","12/22/2025","Coaching","Dubois K-12 School","https://fremont2.tedk12.com/hire/index.aspx","Fremont County School District 2","2025-12-26"
354,"Part-Time (75%) Special Education Paraprofessional","12/22/2025","Classified","Dubois K-12 School","https://fremont2.tedk12.com/hire/index.aspx","Fremont County School District 2","2025-12-26"
355,"2025-2026 Drama Club Sponsor","12/22/2025","Coaching","Dubois K-12 School","https://fremont2.tedk12.com/hire/index.aspx","Fremont County School District 2","2025-12-26"
356,"Substitute Custodian/Food Service","02/01/2025","Classified","Dubois K-12 School","https://fremont2.tedk12.com/hire/index.aspx","Fremont County School District 2","2025-12-26"
357,"Substitute Bus Driver","04/01/2024","Classified","Central Office","https://fremont2.tedk12.com/hire/index.aspx","Fremont County School District 2","2025-12-26"
358,"Substitute - Classified -  Para/Secretary","04/01/2024","Classified","Dubois K-12 School","https://fremont2.tedk12.com/hire/index.aspx","Fremont County School District 2","2025-12-26"
359,"Substitute Teaching","04/01/2024","Substitute","Dubois K-12 School","https://fremont2.tedk12.com/hire/index.aspx","Fremont County School District 2","2025-12-26"
360,"HIGH SCHOOL ASSISTANT COACH (VOLLEYBALL)","12/22/2025","COACH","RIVERTON HIGH SCHOOL","https://fremont25.tedk12.com/hire/index.aspx","Fremont County School District 25","2025-12-26"
361,"HIGH SCHOOL HEAD COACH (VOLLEYBALL)","12/22/2025","COACH","RIVERTON HIGH SCHOOL","https://fremont25.tedk12.com/hire/index.aspx","Fremont County School District 25","2025-12-26"
362,"NATIVE AMERICAN EDUCATION STUDENT AMBASSADOR","12/12/2025","TEMPORARY","DISTRICT","https://fremont25.tedk12.com/hire/index.aspx","Fremont County School District 25","2025-12-26"
363,"RENDEZVOUS ELEMENTARY PARA (BEHAVIOR SUPPORT PROGRAM)","12/03/2025","CLASSROOM SUPPORT","RENDEZVOUS ELEMENTARY","https://fremont25.tedk12.com/hire/index.aspx","Fremont County School District 25","2025-12-26"
364,"CROSSING GUARD","11/20/2025","NON INSTRUCTIONAL SUPPORT","DISTRICT","https://fremont25.tedk12.com/hire/index.aspx","Fremont County School District 25","2025-12-26"
365,"BUS AIDE","10/17/2025","NON INSTRUCTIONAL SUPPORT","BUS GARAGE - TRANSPORTATION","https://fremont25.tedk12.com/hire/index.aspx","Fremont County School District 25","2025-12-26"
366,"BUS DRIVER (PART TIME)","10/17/2025","NON INSTRUCTIONAL SUPPORT","BUS GARAGE - TRANSPORTATION","https://fremont25.tedk12.com/hire/index.aspx","Fremont County School District 25","2025-12-26"
367,"SUBSTITUTE PARA","09/26/2025","CLASSROOM SUPPORT","DISTRICT","https://fremont25.tedk12.com/hire/index.aspx","Fremont County School District 25","2025-12-26"
368,"MIDDLE SCHOOL COACH (ASSISTANT TRACK)","08/21/2025","COACH","RIVERTON MIDDLE SCHOOL","https://fremont25.tedk12.com/hire/index.aspx","Fremont County School District 25","2025-12-26"
369,"HIGH SCHOOL ASSISTANT COACH (WRESTLING)","07/31/2025","COACH","RIVERTON HIGH SCHOOL","https://fremont25.tedk12.com/hire/index.aspx","Fremont County School District 25","2025-12-26"
370,"HIGH SCHOOL ASSISTANT COACH (TRACK)","07/31/2025","COACH","RIVERTON HIGH SCHOOL","https://fremont25.tedk12.com/hire/index.aspx","Fremont County School District 25","2025-12-26"
371,"SUBSTITUTE INTERPRETER FOR DEAF/HARD OF HEARING STUDENTS","01/16/2025","STUDENT SUPPORT","DISTRICT","https://fremont25.tedk12.com/hire/index.aspx","Fremont County School District 25","2025-12-26"
372,"SUBSTITUTE CUSTODIAN","09/17/2024","NON INSTRUCTIONAL SUPPORT","DISTRICT","https://fremont25.tedk12.com/hire/index.aspx","Fremont County School District 25","2025-12-26"
373,"SUBSTITUTE DAYCARE ASSISTANT","07/22/2024","STUDENT SUPPORT","DISTRICT","https://fremont25.tedk12.com/hire/index.aspx","Fremont County School District 25","2025-12-26"
374,"SUBSTITUTE NURSE","07/18/2024","SERVICE PROVIDER","DISTRICT","https://fremont25.tedk12.com/hire/index.aspx","Fremont County School District 25","2025-12-26"
375,"SUBSTITUTE TEACHER","07/18/2024","INSTRUCTION","DISTRICT","https://fremont25.tedk12.com/hire/index.aspx","Fremont County School District 25","2025-12-26"
376,"LIFEGUARD","03/01/2024","NON INSTRUCTIONAL SUPPORT","RIVERTON AQUATICS CENTER","https://fremont25.tedk12.com/hire/index.aspx","Fremont County School District 25","2025-12-26"
377,"DESK CLERK","03/01/2024","NON INSTRUCTIONAL SUPPORT","RIVERTON AQUATICS CENTER","https://fremont25.tedk12.com/hire/index.aspx","Fremont County School District 25","2025-12-26"
378,"SUBSTITUTE BUS DRIVER","11/06/2023","NON INSTRUCTIONAL SUPPORT","BUS GARAGE - TRANSPORTATION","https://fremont25.tedk12.com/hire/index.aspx","Fremont County School District 25","2025-12-26"
379,"Secondary English Teacher - Lingle Ft. Laramie Middle School","12/23/2025","Secondary Certified","Lingle Ft. Laramie Middle/High School","https://goshen.tedk12.com/hire/index.aspx#aJobListings","Goshen County School District 1","2025-12-26"
380,"Teacher - Agriculture Education 7-12 (Torrington High School & Lingle Ft Laramie MS/HS)","12/11/2025","Secondary Certified","Torrington High School & Lingle MS/HS","https://goshen.tedk12.com/hire/index.aspx#aJobListings","Goshen County School District 1","2025-12-26"
381,"Special Education Paraprofessional - Compass Academy - 18-21 Transition Program","12/04/2025","Support","Office of Special Services","https://goshen.tedk12.com/hire/index.aspx#aJobListings","Goshen County School District 1","2025-12-26"
382,"Science Teacher - Torrington Middle School - Eligible for $10,000 Hiring Incentive Based on Certification","12/04/2025","Secondary Certified","Torrington Middle School","https://goshen.tedk12.com/hire/index.aspx#aJobListings","Goshen County School District 1","2025-12-26"
383,"English Teacher - Torrington Middle School - Eligible for $5,000 Hiring Incentive Based on Certification","12/04/2025","Secondary Certified","Torrington Middle School","https://goshen.tedk12.com/hire/index.aspx#aJobListings","Goshen County School District 1","2025-12-26"
384,"Agriculture Education Teacher - Southeast Jr/Sr High School","11/18/2025","Secondary Certified","Southeast Jr - Sr High School","https://goshen.tedk12.com/hire/index.aspx#aJobListings","Goshen County School District 1","2025-12-26"
385,"Science Teacher (Lingle Ft. Laramie Middle & High School) - Eligible for $10,000 Hiring Incentive Based on Certification","11/17/2025","Secondary Certified","Lingle Ft. Laramie Middle/High School","https://goshen.tedk12.com/hire/index.aspx#aJobListings","Goshen County School District 1","2025-12-26"
386,"Teacher - Secondary Math - Torrington High School - Eligible for $10,000 Hiring Incentive Based on Certification","09/18/2025","Secondary Certified","Torrington High School","https://goshen.tedk12.com/hire/index.aspx#aJobListings","Goshen County School District 1","2025-12-26"
387,"Cook - Lingle-Fort Laramie Schools (REPOSTED)","08/29/2025","Food Service","Lingle Ft Laramie Schools","https://goshen.tedk12.com/hire/index.aspx#aJobListings","Goshen County School District 1","2025-12-26"
388,"Bus Driver/ Sub Bus Driver","01/01/2025","Bus Driver","Transportation Services","https://goshen.tedk12.com/hire/index.aspx#aJobListings","Goshen County School District 1","2025-12-26"
389,"Future Administrative Positions","01/01/2025","Administrative - building","Central Administration Office","https://goshen.tedk12.com/hire/index.aspx#aJobListings","Goshen County School District 1","2025-12-26"
390,"Future Substitute Teacher Positions","01/01/2025","Substitute","Central Administration Office","https://goshen.tedk12.com/hire/index.aspx#aJobListings","Goshen County School District 1","2025-12-26"
391,"Future Classified Positions","01/01/2025","Support","Central Administration Office","https://goshen.tedk12.com/hire/index.aspx#aJobListings","Goshen County School District 1","2025-12-26"
392,"Future Certified Positions","01/01/2025","K-12","Central Administration Office","https://goshen.tedk12.com/hire/index.aspx#aJobListings","Goshen County School District 1","2025-12-26"
393,"Speech Language Pathologist - District","07/11/2023","Specialist - Certified","Office of Special Services","https://goshen.tedk12.com/hire/index.aspx#aJobListings","Goshen County School District 1","2025-12-26"
394,"Full-Time Custodian",NA,"Full-Time Custodian","Sundance Secondary","https://crook1.schoolspring.com/","Crook County School District 1","2025-12-26"
395,"Secondary Principal",NA,"Secondary Principal","Sundance Secondary","https://crook1.schoolspring.com/","Crook County School District 1","2025-12-26"
396,"District Superintendent",NA,"District Superintendent","Crook County School District 1","https://crook1.schoolspring.com/","Crook County School District 1","2025-12-26"
397,"Substitute Custodian",NA,"Substitute Custodian","Sundance Secondary","https://crook1.schoolspring.com/","Crook County School District 1","2025-12-26"
398,"Substitute Custodian",NA,"Substitute Custodian","Moorcroft Secondary","https://crook1.schoolspring.com/","Crook County School District 1","2025-12-26"
399,"Substitute Custodian",NA,"Substitute Custodian","Hulett K-12","https://crook1.schoolspring.com/","Crook County School District 1","2025-12-26"
400,"Substitute Teacher",NA,"Substitute Teacher","Sundance Elementary","https://crook1.schoolspring.com/","Crook County School District 1","2025-12-26"
401,"Substitute Teacher",NA,"Substitute Teacher","Moorcroft Elementary","https://crook1.schoolspring.com/","Crook County School District 1","2025-12-26"
402,"Substitute Teacher",NA,"Substitute Teacher","Hulett K-12","https://crook1.schoolspring.com/","Crook County School District 1","2025-12-26"
403,"Substitute & Activity Bus Drivers",NA,"Substitute & Activity Bus Drivers","Sundance Secondary","https://crook1.schoolspring.com/","Crook County School District 1","2025-12-26"
404,"Substitute & Activity Bus Drivers",NA,"Substitute & Activity Bus Drivers","Moorcroft Secondary","https://crook1.schoolspring.com/","Crook County School District 1","2025-12-26"
405,"Substitute & Activity Bus Drivers",NA,"Substitute & Activity Bus Drivers","Hulett K-12","https://crook1.schoolspring.com/","Crook County School District 1","2025-12-26"
406,"Cook",NA,"Cook","Hulett K-12","https://crook1.schoolspring.com/","Crook County School District 1","2025-12-26"
407,"Route Bus Driver",NA,"Route Bus Driver","Moorcroft Secondary","https://crook1.schoolspring.com/","Crook County School District 1","2025-12-26"
408,"Junior High Track Coach",NA,"Junior High Track Coach","Hulett K-12","https://crook1.schoolspring.com/","Crook County School District 1","2025-12-26"
409,"K-12 Music Teacher",NA,"K-12 Music Teacher","Hulett K-12","https://crook1.schoolspring.com/","Crook County School District 1","2025-12-26"
410,"Head Cheer Coach",NA,"Head Cheer Coach","JOHNSON JUNIOR HIGH SCHOOL","https://laramie1.schoolspring.com/","Laramie County School District 1","2025-12-26"
411,"Paraeducator Special Needs Life Skills [XP09]",NA,"Paraeducator Special Needs Life Skills [XP09]","ALTA VISTA ELEMENTARY SCHOOL","https://laramie1.schoolspring.com/","Laramie County School District 1","2025-12-26"
412,"Secretary - Elementary [CE09]",NA,"Secretary - Elementary [CE09]","BAGGS ELEMENTARY SCHOOL","https://laramie1.schoolspring.com/","Laramie County School District 1","2025-12-26"
413,"Certified Occupational Therapy Assistant",NA,"Certified Occupational Therapy Assistant","Laramie County School District 1","https://laramie1.schoolspring.com/","Laramie County School District 1","2025-12-26"
414,"Nutrition Services Aid [NU02]",NA,"Nutrition Services Aid [NU02]","MCCORMICK JUNIOR HIGH SCHOOL","https://laramie1.schoolspring.com/","Laramie County School District 1","2025-12-26"
415,"Paraeducator-Library/Media 2-2025/2026 School year only [PA10]",NA,"Paraeducator-Library/Media 2-2025/2026 School year only [PA10]","FREEDOM ELEMENTARY SCHOOL","https://laramie1.schoolspring.com/","Laramie County School District 1","2025-12-26"
416,"Student Sweeper [ST05]",NA,"Student Sweeper [ST05]","ANDERSON ELEMENTARY SCHOOL","https://laramie1.schoolspring.com/","Laramie County School District 1","2025-12-26"
417,"3rd Grade Teacher DLI Spanish-2025/2026 Contract Year Only [TA40]",NA,"3rd Grade Teacher DLI Spanish-2025/2026 Contract Year Only [TA40]","HOBBS ELEMENTARY SCHOOL","https://laramie1.schoolspring.com/","Laramie County School District 1","2025-12-26"
418,"3rd Grade Teacher DLI Spanish-2025/2026 Contract year only [TA40]",NA,"3rd Grade Teacher DLI Spanish-2025/2026 Contract year only [TA40]","AFFLERBACH ELEMENTARY SCHOOL","https://laramie1.schoolspring.com/","Laramie County School District 1","2025-12-26"
419,"Custodial-Head Class 4 - Remainder of the 2025/2026 Contract Year only[CU07]",NA,"Custodial-Head Class 4 - Remainder of the 2025/2026 Contract Year only[CU07]","DEMING ELEMENTARY SCHOOL","https://laramie1.schoolspring.com/","Laramie County School District 1","2025-12-26"
420,"Nutrition- Elementary Head Cashier [NU03]",NA,"Nutrition- Elementary Head Cashier [NU03]","PIONEER PARK ELEMENTARY SCHOOL","https://laramie1.schoolspring.com/","Laramie County School District 1","2025-12-26"
421,"Language Art Teacher - 2025/2026 Contract Year Only [TC11]",NA,"Language Art Teacher - 2025/2026 Contract Year Only [TC11]","EAST HIGH SCHOOL","https://laramie1.schoolspring.com/","Laramie County School District 1","2025-12-26"
422,"Custodial - Head Class 4 [CU07]",NA,"Custodial - Head Class 4 [CU07]","DAVIS ELEMENTARY SCHOOL","https://laramie1.schoolspring.com/","Laramie County School District 1","2025-12-26"
423,"Student Sweeper [ST05]",NA,"Student Sweeper [ST05]","SOUTH HIGH SCHOOL","https://laramie1.schoolspring.com/","Laramie County School District 1","2025-12-26"
424,"1st Grade Teacher - Remainder 2025/2026 School Year only [TA03]",NA,"1st Grade Teacher - Remainder 2025/2026 School Year only [TA03]","AFFLERBACH ELEMENTARY SCHOOL","https://laramie1.schoolspring.com/","Laramie County School District 1","2025-12-26"
425,"Elementary Assistant Basketball Coach [C179]",NA,"Elementary Assistant Basketball Coach [C179]","ROSSMAN ELEMENTARY SCHOOL","https://laramie1.schoolspring.com/","Laramie County School District 1","2025-12-26"
426,"Elementary Head Basketball Coach [C178]",NA,"Elementary Head Basketball Coach [C178]","ROSSMAN ELEMENTARY SCHOOL","https://laramie1.schoolspring.com/","Laramie County School District 1","2025-12-26"
427,"Elementary Assistant Basketball Coach [C179]",NA,"Elementary Assistant Basketball Coach [C179]","PIONEER PARK ELEMENTARY SCHOOL","https://laramie1.schoolspring.com/","Laramie County School District 1","2025-12-26"
428,"Elementary Head Basketball Coach [C178]",NA,"Elementary Head Basketball Coach [C178]","PIONEER PARK ELEMENTARY SCHOOL","https://laramie1.schoolspring.com/","Laramie County School District 1","2025-12-26"
429,"Elementary Head Basketball Coach [C178]",NA,"Elementary Head Basketball Coach [C178]","HENDERSON ELEMENTARY SCHOOL","https://laramie1.schoolspring.com/","Laramie County School District 1","2025-12-26"
430,"Elementary Assistant Basketball Coach [C179]",NA,"Elementary Assistant Basketball Coach [C179]","HENDERSON ELEMENTARY SCHOOL","https://laramie1.schoolspring.com/","Laramie County School District 1","2025-12-26"
431,"Elementary Head Basketball Coach [C178]",NA,"Elementary Head Basketball Coach [C178]","BUFFALO RIDGE ELEMENTARY SCHL","https://laramie1.schoolspring.com/","Laramie County School District 1","2025-12-26"
432,"Assistant Basketball Coach - [C178]",NA,"Assistant Basketball Coach - [C178]","BUFFALO RIDGE ELEMENTARY SCHL","https://laramie1.schoolspring.com/","Laramie County School District 1","2025-12-26"
433,"Elementary Assistant Basketball Coach [C179]",NA,"Elementary Assistant Basketball Coach [C179]","BAIN ELEMENTARY SCHOOL","https://laramie1.schoolspring.com/","Laramie County School District 1","2025-12-26"
434,"Elementary Head Basketball Coach [C178]",NA,"Elementary Head Basketball Coach [C178]","BAIN ELEMENTARY SCHOOL","https://laramie1.schoolspring.com/","Laramie County School District 1","2025-12-26"
435,"Elementary Assistant Basketball Coach [C179]",NA,"Elementary Assistant Basketball Coach [C179]","HEBARD ELEMENTARY SCHOOL","https://laramie1.schoolspring.com/","Laramie County School District 1","2025-12-26"
436,"Elementary Head Basketball Coach [C178]",NA,"Elementary Head Basketball Coach [C178]","HEBARD ELEMENTARY SCHOOL","https://laramie1.schoolspring.com/","Laramie County School District 1","2025-12-26"
437,"Elementary Assistant Basketball Coach [C179]",NA,"Elementary Assistant Basketball Coach [C179]","GOINS ELEMENTARY SCHOOL","https://laramie1.schoolspring.com/","Laramie County School District 1","2025-12-26"
438,"Elementary Head Basketball Coach [C178]",NA,"Elementary Head Basketball Coach [C178]","GOINS ELEMENTARY SCHOOL","https://laramie1.schoolspring.com/","Laramie County School District 1","2025-12-26"
439,"Elementary Head Basketball Coach [C178]",NA,"Elementary Head Basketball Coach [C178]","GILCHRIST ELEMENTARY SCHOOL","https://laramie1.schoolspring.com/","Laramie County School District 1","2025-12-26"
440,"Elementary Assistant Basketball Coach [C179]",NA,"Elementary Assistant Basketball Coach [C179]","GILCHRIST ELEMENTARY SCHOOL","https://laramie1.schoolspring.com/","Laramie County School District 1","2025-12-26"
441,"Elementary Head Basketball Coach [C178]",NA,"Elementary Head Basketball Coach [C178]","FREEDOM ELEMENTARY SCHOOL","https://laramie1.schoolspring.com/","Laramie County School District 1","2025-12-26"
442,"Elementary Assistant Basketball Coach [C179]",NA,"Elementary Assistant Basketball Coach [C179]","FREEDOM ELEMENTARY SCHOOL","https://laramie1.schoolspring.com/","Laramie County School District 1","2025-12-26"
443,"Elementary Assistant Basketball Coach [C179]",NA,"Elementary Assistant Basketball Coach [C179]","FAIRVIEW ELEMENTARY SCHOOL","https://laramie1.schoolspring.com/","Laramie County School District 1","2025-12-26"
444,"Elementary Assistant Basketball Coach [C179]",NA,"Elementary Assistant Basketball Coach [C179]","COLE ELEMENTARY SCHOOL","https://laramie1.schoolspring.com/","Laramie County School District 1","2025-12-26"
445,"Elementary Head Basketball Coach [C178]",NA,"Elementary Head Basketball Coach [C178]","COLE ELEMENTARY SCHOOL","https://laramie1.schoolspring.com/","Laramie County School District 1","2025-12-26"
446,"Elementary Head Basketball Coach [C178]",NA,"Elementary Head Basketball Coach [C178]","BAGGS ELEMENTARY SCHOOL","https://laramie1.schoolspring.com/","Laramie County School District 1","2025-12-26"
447,"Elementary Assistant Basketball Coach [C179]",NA,"Elementary Assistant Basketball Coach [C179]","BAGGS ELEMENTARY SCHOOL","https://laramie1.schoolspring.com/","Laramie County School District 1","2025-12-26"
448,"Assistant Basketball Coach - [C178]",NA,"Assistant Basketball Coach - [C178]","ARP ELEMENTARY SCHOOL","https://laramie1.schoolspring.com/","Laramie County School District 1","2025-12-26"
449,"Elementary Head Basketball Coach [C178]",NA,"Elementary Head Basketball Coach [C178]","ALTA VISTA ELEMENTARY SCHOOL","https://laramie1.schoolspring.com/","Laramie County School District 1","2025-12-26"
450,"Elementary Assistant Basketball Coach [C179]",NA,"Elementary Assistant Basketball Coach [C179]","ALTA VISTA ELEMENTARY SCHOOL","https://laramie1.schoolspring.com/","Laramie County School District 1","2025-12-26"
451,"Elementary Head Basketball Coach [C178]",NA,"Elementary Head Basketball Coach [C178]","MEADOWLARK ELEMENTARY SCHOOL","https://laramie1.schoolspring.com/","Laramie County School District 1","2025-12-26"
452,"Elementary Assistant Basketball Coach [C179]",NA,"Elementary Assistant Basketball Coach [C179]","MEADOWLARK ELEMENTARY SCHOOL","https://laramie1.schoolspring.com/","Laramie County School District 1","2025-12-26"
453,"Assistant Basketball Coach - [C178]",NA,"Assistant Basketball Coach - [C178]","COYOTE RIDGE ELEMENTARY SCHOOL","https://laramie1.schoolspring.com/","Laramie County School District 1","2025-12-26"
454,"Elementary Head Basketball Coach [C178]",NA,"Elementary Head Basketball Coach [C178]","SUNRISE ELEMENTARY SCHOOL","https://laramie1.schoolspring.com/","Laramie County School District 1","2025-12-26"
455,"Assistant Basketball Coach - [C178]",NA,"Assistant Basketball Coach - [C178]","SUNRISE ELEMENTARY SCHOOL","https://laramie1.schoolspring.com/","Laramie County School District 1","2025-12-26"
456,"Elementary Assistant Basketball Coach [C179]",NA,"Elementary Assistant Basketball Coach [C179]","WILLADSEN ELEMENTARY SCHOOL","https://laramie1.schoolspring.com/","Laramie County School District 1","2025-12-26"
457,"Paraeducator Special Needs [XP08]",NA,"Paraeducator Special Needs [XP08]","GOINS ELEMENTARY SCHOOL","https://laramie1.schoolspring.com/","Laramie County School District 1","2025-12-26"
458,"Transportation Assistant [TR01]",NA,"Transportation Assistant [TR01]","Laramie County School District 1","https://laramie1.schoolspring.com/","Laramie County School District 1","2025-12-26"
459,"Bus Driver [TR04]",NA,"Bus Driver [TR04]","Laramie County School District 1","https://laramie1.schoolspring.com/","Laramie County School District 1","2025-12-26"
460,"Assistant Head Custodian - Class 5 [CU02]",NA,"Assistant Head Custodian - Class 5 [CU02]","SOUTH HIGH SCHOOL","https://laramie1.schoolspring.com/","Laramie County School District 1","2025-12-26"
461,"We The People Sponsor",NA,"We The People Sponsor","SOUTH HIGH SCHOOL","https://laramie1.schoolspring.com/","Laramie County School District 1","2025-12-26"
462,"Title I Tutor",NA,"Title I Tutor","FAIRVIEW ELEMENTARY SCHOOL","https://laramie1.schoolspring.com/","Laramie County School District 1","2025-12-26"
463,"Nutrition Services Aid [NU02]",NA,"Nutrition Services Aid [NU02]","SUNRISE ELEMENTARY SCHOOL","https://laramie1.schoolspring.com/","Laramie County School District 1","2025-12-26"
464,"Title 1 Tutor",NA,"Title 1 Tutor","ARP ELEMENTARY SCHOOL","https://laramie1.schoolspring.com/","Laramie County School District 1","2025-12-26"
465,"Nutrition Services Aid [NU02]",NA,"Nutrition Services Aid [NU02]","EAST HIGH SCHOOL","https://laramie1.schoolspring.com/","Laramie County School District 1","2025-12-26"
466,"Student Sweeper [ST05]",NA,"Student Sweeper [ST05]","AFFLERBACH ELEMENTARY SCHOOL","https://laramie1.schoolspring.com/","Laramie County School District 1","2025-12-26"
467,"Student Sweeper [ST05]",NA,"Student Sweeper [ST05]","ARP ELEMENTARY SCHOOL","https://laramie1.schoolspring.com/","Laramie County School District 1","2025-12-26"
468,"Student Sweeper [ST05]",NA,"Student Sweeper [ST05]","BAGGS ELEMENTARY SCHOOL","https://laramie1.schoolspring.com/","Laramie County School District 1","2025-12-26"
469,"Student Sweeper [ST05]",NA,"Student Sweeper [ST05]","BAIN ELEMENTARY SCHOOL","https://laramie1.schoolspring.com/","Laramie County School District 1","2025-12-26"
470,"Student Sweeper [ST05]",NA,"Student Sweeper [ST05]","BUFFALO RIDGE ELEMENTARY SCHL","https://laramie1.schoolspring.com/","Laramie County School District 1","2025-12-26"
471,"Student Sweeper [ST05]",NA,"Student Sweeper [ST05]","DILDINE ELEMENTARY SCHOOL","https://laramie1.schoolspring.com/","Laramie County School District 1","2025-12-26"
472,"Student Sweeper [ST05]",NA,"Student Sweeper [ST05]","GILCHRIST ELEMENTARY SCHOOL","https://laramie1.schoolspring.com/","Laramie County School District 1","2025-12-26"
473,"Student Sweeper [ST05]",NA,"Student Sweeper [ST05]","HENDERSON ELEMENTARY SCHOOL","https://laramie1.schoolspring.com/","Laramie County School District 1","2025-12-26"
474,"Student Sweeper [ST05]",NA,"Student Sweeper [ST05]","PRAIRIE WIND ELEMENTARY SCHOOL","https://laramie1.schoolspring.com/","Laramie County School District 1","2025-12-26"
475,"Student Sweeper [ST05]",NA,"Student Sweeper [ST05]","CAREY JUNIOR HIGH SCHOOL","https://laramie1.schoolspring.com/","Laramie County School District 1","2025-12-26"
476,"Student Sweeper [ST05]",NA,"Student Sweeper [ST05]","ROSSMAN ELEMENTARY SCHOOL","https://laramie1.schoolspring.com/","Laramie County School District 1","2025-12-26"
477,"Student Sweeper [ST05]",NA,"Student Sweeper [ST05]","SUNRISE ELEMENTARY SCHOOL","https://laramie1.schoolspring.com/","Laramie County School District 1","2025-12-26"
478,"Paraeducator Special Needs PALS [XP09]",NA,"Paraeducator Special Needs PALS [XP09]","CENTRAL HIGH SCHOOL","https://laramie1.schoolspring.com/","Laramie County School District 1","2025-12-26"
479,"Sub-Custodian [S010]",NA,"Sub-Custodian [S010]","Laramie County School District 1","https://laramie1.schoolspring.com/","Laramie County School District 1","2025-12-26"
480,"Physical Therapist [XT07]","Oct 23, 2025 6:00 AM (UTC)","Physical Therapist [XT07]","Laramie County School District 1","https://laramie1.schoolspring.com/","Laramie County School District 1","2025-12-26"
481,"School Psychologist Intern [XT32]","Oct 23, 2025 6:00 AM (UTC)","School Psychologist Intern [XT32]","Laramie County School District 1","https://laramie1.schoolspring.com/","Laramie County School District 1","2025-12-26"
482,"Paraprofessional","Oct 20, 2025 6:00 AM (UTC)","Paraprofessional","PODER ACADEMY SECONDARY (PASS)","https://laramie1.schoolspring.com/","Laramie County School District 1","2025-12-26"
483,"Paraeducator Resource Room [XP08]","Oct 20, 2025 6:00 AM (UTC)","Paraeducator Resource Room [XP08]","SOUTH HIGH SCHOOL","https://laramie1.schoolspring.com/","Laramie County School District 1","2025-12-26"
484,"Afternoon Strength & Conditioning Coach [SO08]","Oct 20, 2025 6:00 AM (UTC)","Afternoon Strength & Conditioning Coach [SO08]","MCCORMICK JUNIOR HIGH SCHOOL","https://laramie1.schoolspring.com/","Laramie County School District 1","2025-12-26"
485,"Assistant Head Custodian - Class 4 [CU01]","Oct 17, 2025 6:00 AM (UTC)","Assistant Head Custodian - Class 4 [CU01]","MCCORMICK JUNIOR HIGH SCHOOL","https://laramie1.schoolspring.com/","Laramie County School District 1","2025-12-26"
486,"Custodial - Head Class 4 [CU07]","Oct 07, 2025 6:00 AM (UTC)","Custodial - Head Class 4 [CU07]","MEADOWLARK ELEMENTARY SCHOOL","https://laramie1.schoolspring.com/","Laramie County School District 1","2025-12-26"
487,"Nutrition Services Aid [NU02]","Sep 29, 2025 6:00 AM (UTC)","Nutrition Services Aid [NU02]","SOUTH HIGH SCHOOL","https://laramie1.schoolspring.com/","Laramie County School District 1","2025-12-26"
488,"Occupational Therapist [XT06]","Sep 12, 2025 6:00 AM (UTC)","Occupational Therapist [XT06]","Laramie County School District 1","https://laramie1.schoolspring.com/","Laramie County School District 1","2025-12-26"
489,"Nutrition Services Aid [NU02]","Sep 11, 2025 6:00 AM (UTC)","Nutrition Services Aid [NU02]","JOHNSON JUNIOR HIGH SCHOOL","https://laramie1.schoolspring.com/","Laramie County School District 1","2025-12-26"
490,"Assistant - Speech Language Pathology [XI02]","Sep 11, 2025 6:00 AM (UTC)","Assistant - Speech Language Pathology [XI02]","HOBBS ELEMENTARY SCHOOL","https://laramie1.schoolspring.com/","Laramie County School District 1","2025-12-26"
491,"Nutrition Services Aid [NU02]",NA,"Nutrition Services Aid [NU02]","JOHNSON JUNIOR HIGH SCHOOL","https://laramie1.schoolspring.com/","Laramie County School District 1","2025-12-26"
492,"Speech Language Pathologist [XT14]",NA,"Speech Language Pathologist [XT14]","Laramie County School District 1","https://laramie1.schoolspring.com/","Laramie County School District 1","2025-12-26"
493,"Custodial - Head Class 5 [CU02]",NA,"Custodial - Head Class 5 [CU02]","MCCORMICK JUNIOR HIGH SCHOOL","https://laramie1.schoolspring.com/","Laramie County School District 1","2025-12-26"
494,"Custodial - Head Class 5 [CU02]",NA,"Custodial - Head Class 5 [CU02]","JOHNSON JUNIOR HIGH SCHOOL","https://laramie1.schoolspring.com/","Laramie County School District 1","2025-12-26"
495,"Applicant Pool - Substitute Teacher [S035]",NA,"Applicant Pool - Substitute Teacher [S035]","SUBSTITUTE TEACHERS","https://laramie1.schoolspring.com/","Laramie County School District 1","2025-12-26"
496,"Substitute Nutrition [S020]",NA,"Substitute Nutrition [S020]","Laramie County School District 1","https://laramie1.schoolspring.com/","Laramie County School District 1","2025-12-26"
497,"Paraeducator Sign Support [XP05]",NA,"Paraeducator Sign Support [XP05]","BUILDING TO BE DETERMINED","https://laramie1.schoolspring.com/","Laramie County School District 1","2025-12-26"
498,"Educational Sign Language Interpreter",NA,"Educational Sign Language Interpreter","BUILDING TO BE DETERMINED","https://laramie1.schoolspring.com/","Laramie County School District 1","2025-12-26"
499,"Paraeducator Resource Room [XP08]",NA,"Paraeducator Resource Room [XP08]","CAREY JUNIOR HIGH SCHOOL","https://laramie1.schoolspring.com/","Laramie County School District 1","2025-12-26"
500,"Paraeducator Special Needs Life Skills [XP09]",NA,"Paraeducator Special Needs Life Skills [XP09]","MCCORMICK JUNIOR HIGH SCHOOL","https://laramie1.schoolspring.com/","Laramie County School District 1","2025-12-26"
501,"School Psychologist [XA01]",NA,"School Psychologist [XA01]","BUILDING TO BE DETERMINED","https://laramie1.schoolspring.com/","Laramie County School District 1","2025-12-26"
502,"Paraeducator Special Needs PALS [XP09]",NA,"Paraeducator Special Needs PALS [XP09]","EAST HIGH SCHOOL","https://laramie1.schoolspring.com/","Laramie County School District 1","2025-12-26"
503,"Assistant Girls Wrestling Coach [C168]",NA,"Assistant Girls Wrestling Coach [C168]","MCCORMICK JUNIOR HIGH SCHOOL","https://laramie1.schoolspring.com/","Laramie County School District 1","2025-12-26"
504,"Fort Caspar Academy Elementary Principal to begin 2026-2027 School Year",NA,"Fort Caspar Academy Elementary Principal to begin 2026-2027 School Year","Human Resources","https://natronaschools.schoolspring.com/","Natrona School District 1","2025-12-26"
505,"Carpenter",NA,"Carpenter","Plant/Maintenance","https://natronaschools.schoolspring.com/","Natrona School District 1","2025-12-26"
506,"Dean Morgan PE Teacher for the 2025-26 School Year Only",NA,"Dean Morgan PE Teacher for the 2025-26 School Year Only","Dean Morgan Middle School","https://natronaschools.schoolspring.com/","Natrona School District 1","2025-12-26"
507,"Cottonwood Education Support Personnel",NA,"Cottonwood Education Support Personnel","Cottonwood Elementary","https://natronaschools.schoolspring.com/","Natrona School District 1","2025-12-26"
508,"CYMS 6th Grade Girls Basketball Head Coach",NA,"CYMS 6th Grade Girls Basketball Head Coach","CY Middle School","https://natronaschools.schoolspring.com/","Natrona School District 1","2025-12-26"
509,"CYMS Head Swim Coach",NA,"CYMS Head Swim Coach","CY Middle School","https://natronaschools.schoolspring.com/","Natrona School District 1","2025-12-26"
510,"Cottonwood Education Support Specialist FLS",NA,"Cottonwood Education Support Specialist FLS","Cottonwood Elementary","https://natronaschools.schoolspring.com/","Natrona School District 1","2025-12-26"
511,"KWHS Lead Custodian",NA,"KWHS Lead Custodian","Kelly Walsh High School","https://natronaschools.schoolspring.com/","Natrona School District 1","2025-12-26"
512,"Bus Driver 260 day",NA,"Bus Driver 260 day","Transportation","https://natronaschools.schoolspring.com/","Natrona School District 1","2025-12-26"
513,"Transportation Support Personnel",NA,"Transportation Support Personnel","Transportation","https://natronaschools.schoolspring.com/","Natrona School District 1","2025-12-26"
514,"Journey Education Support Personnel/ Office and Records",NA,"Journey Education Support Personnel/ Office and Records","Journey Elementary","https://natronaschools.schoolspring.com/","Natrona School District 1","2025-12-26"
515,"Centennial Cafeteria Technician",NA,"Centennial Cafeteria Technician","Centennial Middle School","https://natronaschools.schoolspring.com/","Natrona School District 1","2025-12-26"
516,"CMS Nordic Ski Aide",NA,"CMS Nordic Ski Aide","Centennial Middle School","https://natronaschools.schoolspring.com/","Natrona School District 1","2025-12-26"
517,"Dean Morgan Education Support Personnel",NA,"Dean Morgan Education Support Personnel","Dean Morgan Middle School","https://natronaschools.schoolspring.com/","Natrona School District 1","2025-12-26"
518,"Sagewood Behavior and Substitute Support Personnel",NA,"Sagewood Behavior and Substitute Support Personnel","Sagewood Elementary","https://natronaschools.schoolspring.com/","Natrona School District 1","2025-12-26"
519,"Bar Nunn Elementary Education Support Personnel/Cafeteria Technician",NA,"Bar Nunn Elementary Education Support Personnel/Cafeteria Technician","Bar Nunn Elementary","https://natronaschools.schoolspring.com/","Natrona School District 1","2025-12-26"
520,"Paradise Valley Elementary Custodian",NA,"Paradise Valley Elementary Custodian","Paradise Valley Elementary","https://natronaschools.schoolspring.com/","Natrona School District 1","2025-12-26"
521,"Bar Nunn Education Support Specialist/Education Support Personnel",NA,"Bar Nunn Education Support Specialist/Education Support Personnel","Bar Nunn Elementary","https://natronaschools.schoolspring.com/","Natrona School District 1","2025-12-26"
522,"Dean Morgan Behavior and Substitute Support Personnel",NA,"Dean Morgan Behavior and Substitute Support Personnel","Dean Morgan Middle School","https://natronaschools.schoolspring.com/","Natrona School District 1","2025-12-26"
523,"Special Education Teacher",NA,"Special Education Teacher","Special Education Services Center","https://natronaschools.schoolspring.com/","Natrona School District 1","2025-12-26"
524,"OT/PT Education Support Specialist",NA,"OT/PT Education Support Specialist","Special Education Services Center","https://natronaschools.schoolspring.com/","Natrona School District 1","2025-12-26"
525,"CCA Behavior and Substitute Support Personnel",NA,"CCA Behavior and Substitute Support Personnel","Casper Classical Academy","https://natronaschools.schoolspring.com/","Natrona School District 1","2025-12-26"
526,"CCA Part-Time Education Support Personnel / Office and Records",NA,"CCA Part-Time Education Support Personnel / Office and Records","Casper Classical Academy","https://natronaschools.schoolspring.com/","Natrona School District 1","2025-12-26"
527,"Centennial Custodian",NA,"Centennial Custodian","Centennial Middle School","https://natronaschools.schoolspring.com/","Natrona School District 1","2025-12-26"
528,"Bar Nunn Education Support Personnel",NA,"Bar Nunn Education Support Personnel","Bar Nunn Elementary","https://natronaschools.schoolspring.com/","Natrona School District 1","2025-12-26"
529,"Manor Heights Education Support Specialist BASE Support",NA,"Manor Heights Education Support Specialist BASE Support","Manor Heights Elementary","https://natronaschools.schoolspring.com/","Natrona School District 1","2025-12-26"
530,"Dean Morgan Nordic Ski Aide",NA,"Dean Morgan Nordic Ski Aide","Dean Morgan Middle School","https://natronaschools.schoolspring.com/","Natrona School District 1","2025-12-26"
531,"Manor Heights Classroom K-5 Art Teacher for the 2025-2026 School Year Only",NA,"Manor Heights Classroom K-5 Art Teacher for the 2025-2026 School Year Only","Manor Heights Elementary","https://natronaschools.schoolspring.com/","Natrona School District 1","2025-12-26"
532,"KWHS Girls Soccer Coach Aide",NA,"KWHS Girls Soccer Coach Aide","Kelly Walsh High School","https://natronaschools.schoolspring.com/","Natrona School District 1","2025-12-26"
533,"NCHS Education Support Specialist/Education Support Personnel",NA,"NCHS Education Support Specialist/Education Support Personnel","Natrona County High School","https://natronaschools.schoolspring.com/","Natrona School District 1","2025-12-26"
534,"NCHS Education Support Personnel",NA,"NCHS Education Support Personnel","Natrona County High School","https://natronaschools.schoolspring.com/","Natrona School District 1","2025-12-26"
535,"Landscape and Support Services Specialist",NA,"Landscape and Support Services Specialist","Plant/Maintenance","https://natronaschools.schoolspring.com/","Natrona School District 1","2025-12-26"
536,"Pineview Education Support Specialist / Education Support Personnel / Cafeteria Technician","Oct 21, 2025 6:00 AM (UTC)","Pineview Education Support Specialist / Education Support Personnel / Cafeteria Technician","Pineview Elementary","https://natronaschools.schoolspring.com/","Natrona School District 1","2025-12-26"
537,"Woods Education Support Personnel","Oct 03, 2025 6:00 AM (UTC)","Woods Education Support Personnel","Woods Learning Center","https://natronaschools.schoolspring.com/","Natrona School District 1","2025-12-26"
538,"Paradise Valley Education Support Personnel/Cafeteria Technician",NA,"Paradise Valley Education Support Personnel/Cafeteria Technician","Paradise Valley Elementary","https://natronaschools.schoolspring.com/","Natrona School District 1","2025-12-26"
539,"CMS Education Support Specialist",NA,"CMS Education Support Specialist","Centennial Middle School","https://natronaschools.schoolspring.com/","Natrona School District 1","2025-12-26"
540,"Evansville Elementary Tutor for the 2025-2026 School Year Only",NA,"Evansville Elementary Tutor for the 2025-2026 School Year Only","Evansville Elementary","https://natronaschools.schoolspring.com/","Natrona School District 1","2025-12-26"
541,"Occupational Therapist beginning the 2025-2026 School Year",NA,"Occupational Therapist beginning the 2025-2026 School Year","Special Education Services Center","https://natronaschools.schoolspring.com/","Natrona School District 1","2025-12-26"
542,"Education Support Specialist/Education Support Personnel",NA,"Education Support Specialist/Education Support Personnel","Centennial Middle School","https://natronaschools.schoolspring.com/","Natrona School District 1","2025-12-26"
543,"Dean Morgan Substitute on Daily Assignment",NA,"Dean Morgan Substitute on Daily Assignment","Dean Morgan Middle School","https://natronaschools.schoolspring.com/","Natrona School District 1","2025-12-26"
544,"Verda James Education Support Personnel (Part-Time)",NA,"Verda James Education Support Personnel (Part-Time)","Verda James Elementary","https://natronaschools.schoolspring.com/","Natrona School District 1","2025-12-26"
545,"Verda James Education Support Personnel",NA,"Verda James Education Support Personnel","Verda James Elementary","https://natronaschools.schoolspring.com/","Natrona School District 1","2025-12-26"
546,"KWHS - Marine Instructor (MI) OR Senior ROTC Marine Instructor (SMI)",NA,"KWHS - Marine Instructor (MI) OR Senior ROTC Marine Instructor (SMI)","Kelly Walsh High School","https://natronaschools.schoolspring.com/","Natrona School District 1","2025-12-26"
547,"Classified Substitute 2025-26 School Year",NA,"Classified Substitute 2025-26 School Year","NCSD","https://natronaschools.schoolspring.com/","Natrona School District 1","2025-12-26"
548,"Substitute Teacher 2025-26 School Year",NA,"Substitute Teacher 2025-26 School Year","NCSD","https://natronaschools.schoolspring.com/","Natrona School District 1","2025-12-26"
549,"CYMS At-Will Co-Curricular-Football Coach Aide",NA,"CYMS At-Will Co-Curricular-Football Coach Aide","CY Middle School","https://natronaschools.schoolspring.com/","Natrona School District 1","2025-12-26"
550,"Bus Driver 175-day",NA,"Bus Driver 175-day","Transportation","https://natronaschools.schoolspring.com/","Natrona School District 1","2025-12-26"
551,"District Counselor/Social Worker to Begin the 2025-2026 School Year",NA,"District Counselor/Social Worker to Begin the 2025-2026 School Year","Special Education Services Center","https://natronaschools.schoolspring.com/","Natrona School District 1","2025-12-26"
552,"Education Interpreter",NA,"Education Interpreter","Special Education Services Center","https://natronaschools.schoolspring.com/","Natrona School District 1","2025-12-26"
553,"District Physical Therapist Beginning 2025-26 School Year",NA,"District Physical Therapist Beginning 2025-26 School Year","Special Education Services Center","https://natronaschools.schoolspring.com/","Natrona School District 1","2025-12-26"
554,"Lego League/ Robotics Activity",NA,"Lego League/ Robotics Activity","District Activities","https://natronaschools.schoolspring.com/","Natrona School District 1","2025-12-26"
555,"Substitute Custodian",NA,"Substitute Custodian","Human Resources","https://natronaschools.schoolspring.com/","Natrona School District 1","2025-12-26"
556,"Substitute Nurse",NA,"Substitute Nurse","Natrona County School District","https://natronaschools.schoolspring.com/","Natrona School District 1","2025-12-26"
557,"Maintenance Supervisor",NA,"Maintenance Supervisor","Pine Bluffs Jr./Sr. High School","https://laramie2.schoolspring.com/","Laramie County School District 2","2025-12-26"
558,"Assistant JH Volleyball Coach",NA,"Assistant JH Volleyball Coach","Burns Jr./Sr. High School","https://laramie2.schoolspring.com/","Laramie County School District 2","2025-12-26"
559,"JH Girls Wrestling Assistant Coach","Oct 01, 2025 6:00 AM (UTC)","JH Girls Wrestling Assistant Coach","Burns Jr./Sr. High School","https://laramie2.schoolspring.com/","Laramie County School District 2","2025-12-26"
560,"Substitute School Nurse","Sep 15, 2025 6:00 AM (UTC)","Substitute School Nurse","LARAMIE COUNTY SD #2","https://laramie2.schoolspring.com/","Laramie County School District 2","2025-12-26"
561,"ELL Parent Translator Contactor","Sep 15, 2025 6:00 AM (UTC)","ELL Parent Translator Contactor","LARAMIE COUNTY SD #2","https://laramie2.schoolspring.com/","Laramie County School District 2","2025-12-26"
562,"Assistant JH Football Coach",NA,"Assistant JH Football Coach","Burns Jr./Sr. High School","https://laramie2.schoolspring.com/","Laramie County School District 2","2025-12-26"
563,"ELL Paraprofessional",NA,"ELL Paraprofessional","LARAMIE COUNTY SD #2","https://laramie2.schoolspring.com/","Laramie County School District 2","2025-12-26"
564,"JH Assistant Track Coach",NA,"JH Assistant Track Coach","Pine Bluffs Jr./Sr. High School","https://laramie2.schoolspring.com/","Laramie County School District 2","2025-12-26"
565,"Sub Paraprofessional",NA,"Sub Paraprofessional","LARAMIE COUNTY SD #2","https://laramie2.schoolspring.com/","Laramie County School District 2","2025-12-26"
566,"Sub Custodian",NA,"Sub Custodian","LARAMIE COUNTY SD #2","https://laramie2.schoolspring.com/","Laramie County School District 2","2025-12-26"
567,"Substitute Cook",NA,"Substitute Cook","LARAMIE COUNTY SD #2","https://laramie2.schoolspring.com/","Laramie County School District 2","2025-12-26"
568,"Substitute Teacher",NA,"Substitute Teacher","LARAMIE COUNTY SD #2","https://laramie2.schoolspring.com/","Laramie County School District 2","2025-12-26"
569,"Substitute Bus Driver",NA,"Substitute Bus Driver","LARAMIE COUNTY SD #2","https://laramie2.schoolspring.com/","Laramie County School District 2","2025-12-26"
570,"HIGH SCHOOL ASSISTANT COACH (VOLLEYBALL)",NA,"HIGH SCHOOL ASSISTANT COACH (VOLLEYBALL)","RIVERTON HIGH SCHOOL","https://fremont25.schoolspring.com/","Fremont County School District 25","2025-12-26"
571,"HIGH SCHOOL HEAD COACH (VOLLEYBALL)",NA,"HIGH SCHOOL HEAD COACH (VOLLEYBALL)","RIVERTON HIGH SCHOOL","https://fremont25.schoolspring.com/","Fremont County School District 25","2025-12-26"
572,"NATIVE AMERICAN EDUCATION STUDENT AMBASSADOR",NA,"NATIVE AMERICAN EDUCATION STUDENT AMBASSADOR","Fremont County School District 25","https://fremont25.schoolspring.com/","Fremont County School District 25","2025-12-26"
573,"RENDEZVOUS ELEMENTARY PARA (BEHAVIOR SUPPORT PROGRAM)",NA,"RENDEZVOUS ELEMENTARY PARA (BEHAVIOR SUPPORT PROGRAM)","RENDEZVOUS ELEMENTARY","https://fremont25.schoolspring.com/","Fremont County School District 25","2025-12-26"
574,"CROSSING GUARD",NA,"CROSSING GUARD","Fremont County School District 25","https://fremont25.schoolspring.com/","Fremont County School District 25","2025-12-26"
575,"BUS AIDE","Oct 17, 2025 6:00 AM (UTC)","BUS AIDE","BUS GARAGE - TRANSPORTATION","https://fremont25.schoolspring.com/","Fremont County School District 25","2025-12-26"
576,"BUS DRIVER (PART TIME)","Oct 17, 2025 6:00 AM (UTC)","BUS DRIVER (PART TIME)","BUS GARAGE - TRANSPORTATION","https://fremont25.schoolspring.com/","Fremont County School District 25","2025-12-26"
577,"SUBSTITUTE PARA","Sep 26, 2025 6:00 AM (UTC)","SUBSTITUTE PARA","Fremont County School District 25","https://fremont25.schoolspring.com/","Fremont County School District 25","2025-12-26"
578,"MIDDLE SCHOOL COACH (ASSISTANT TRACK)",NA,"MIDDLE SCHOOL COACH (ASSISTANT TRACK)","RIVERTON MIDDLE SCHOOL","https://fremont25.schoolspring.com/","Fremont County School District 25","2025-12-26"
579,"HIGH SCHOOL ASSISTANT COACH (WRESTLING)",NA,"HIGH SCHOOL ASSISTANT COACH (WRESTLING)","RIVERTON HIGH SCHOOL","https://fremont25.schoolspring.com/","Fremont County School District 25","2025-12-26"
580,"HIGH SCHOOL ASSISTANT COACH (TRACK)",NA,"HIGH SCHOOL ASSISTANT COACH (TRACK)","RIVERTON HIGH SCHOOL","https://fremont25.schoolspring.com/","Fremont County School District 25","2025-12-26"
581,"SUBSTITUTE INTERPRETER FOR DEAF/HARD OF HEARING STUDENTS",NA,"SUBSTITUTE INTERPRETER FOR DEAF/HARD OF HEARING STUDENTS","Fremont County School District 25","https://fremont25.schoolspring.com/","Fremont County School District 25","2025-12-26"
582,"SUBSTITUTE CUSTODIAN","Sep 17, 2024 12:00 AM (UTC)","SUBSTITUTE CUSTODIAN","Fremont County School District 25","https://fremont25.schoolspring.com/","Fremont County School District 25","2025-12-26"
583,"SUBSTITUTE DAYCARE ASSISTANT",NA,"SUBSTITUTE DAYCARE ASSISTANT","Fremont County School District 25","https://fremont25.schoolspring.com/","Fremont County School District 25","2025-12-26"
584,"SUBSTITUTE TEACHER",NA,"SUBSTITUTE TEACHER","Fremont County School District 25","https://fremont25.schoolspring.com/","Fremont County School District 25","2025-12-26"
585,"SUBSTITUTE NURSE",NA,"SUBSTITUTE NURSE","Fremont County School District 25","https://fremont25.schoolspring.com/","Fremont County School District 25","2025-12-26"
586,"LIFEGUARD",NA,"LIFEGUARD","RIVERTON AQUATICS CENTER","https://fremont25.schoolspring.com/","Fremont County School District 25","2025-12-26"
587,"DESK CLERK",NA,"DESK CLERK","RIVERTON AQUATICS CENTER","https://fremont25.schoolspring.com/","Fremont County School District 25","2025-12-26"
588,"SUBSTITUTE BUS DRIVER",NA,"SUBSTITUTE BUS DRIVER","BUS GARAGE - TRANSPORTATION","https://fremont25.schoolspring.com/","Fremont County School District 25","2025-12-26"
589,"Monitor",NA,"Monitor","Indian Paintbrush Elementary School","https://acsd1.schoolspring.com/","Albany Count School District 1","2025-12-26"
590,"High School Girls' Assistant Basketball Coach",NA,"High School Girls' Assistant Basketball Coach","Laramie High School","https://acsd1.schoolspring.com/","Albany Count School District 1","2025-12-26"
591,"Personalized Learning Services Paraprofessional",NA,"Personalized Learning Services Paraprofessional","Indian Paintbrush Elementary School","https://acsd1.schoolspring.com/","Albany Count School District 1","2025-12-26"
592,"Sports Paraprofessional",NA,"Sports Paraprofessional","Laramie Middle School","https://acsd1.schoolspring.com/","Albany Count School District 1","2025-12-26"
593,"Substitute Teacher",NA,"Substitute Teacher","Albany County School District 1","https://acsd1.schoolspring.com/","Albany Count School District 1","2025-12-26"
594,"Substitute Nurse",NA,"Substitute Nurse","Albany County School District 1","https://acsd1.schoolspring.com/","Albany Count School District 1","2025-12-26"
595,"Substitute Custodian",NA,"Substitute Custodian","Albany County School District 1","https://acsd1.schoolspring.com/","Albany Count School District 1","2025-12-26"
596,"Bus Aide",NA,"Bus Aide","Albany County School District 1","https://acsd1.schoolspring.com/","Albany Count School District 1","2025-12-26"
597,"Bus Driver",NA,"Bus Driver","Albany County School District 1","https://acsd1.schoolspring.com/","Albany Count School District 1","2025-12-26"
598,"Special Programs Education Assistant for Students with High Needs",NA,"Special Programs Education Assistant for Students with High Needs","HILLCREST ELEMENTARY","https://campbell.schoolspring.com/","Campbell County Scholl District 1","2025-12-26"
599,"Teacher for the Deaf and Hard of Hearing",NA,"Teacher for the Deaf and Hard of Hearing","CAMPBELL COUNTY SCHOOL DISTRICT #1","https://campbell.schoolspring.com/","Campbell County Scholl District 1","2025-12-26"
600,"Orientation and Mobility Specialist",NA,"Orientation and Mobility Specialist","CAMPBELL COUNTY SCHOOL DISTRICT #1","https://campbell.schoolspring.com/","Campbell County Scholl District 1","2025-12-26"
601,"Special Programs Education Assistant",NA,"Special Programs Education Assistant","BUFFALO RIDGE ELEMENTARY SCHOOL","https://campbell.schoolspring.com/","Campbell County Scholl District 1","2025-12-26"
602,"Vocational Job Coach",NA,"Vocational Job Coach","THUNDER BASIN HIGH SCHOOL","https://campbell.schoolspring.com/","Campbell County Scholl District 1","2025-12-26"
603,"Emotionally Disabled Special Programs Education Assistant",NA,"Emotionally Disabled Special Programs Education Assistant","PAINTBRUSH ELEMENTARY","https://campbell.schoolspring.com/","Campbell County Scholl District 1","2025-12-26"
604,"Head Tennis Coach",NA,"Head Tennis Coach","THUNDER BASIN HIGH SCHOOL","https://campbell.schoolspring.com/","Campbell County Scholl District 1","2025-12-26"
605,"Custodian",NA,"Custodian","THUNDER BASIN HIGH SCHOOL","https://campbell.schoolspring.com/","Campbell County Scholl District 1","2025-12-26"
606,"Assistant Head Custodian",NA,"Assistant Head Custodian","THUNDER BASIN HIGH SCHOOL","https://campbell.schoolspring.com/","Campbell County Scholl District 1","2025-12-26"
607,"Head Football Coach",NA,"Head Football Coach","THUNDER BASIN HIGH SCHOOL","https://campbell.schoolspring.com/","Campbell County Scholl District 1","2025-12-26"
608,"Special Programs Education Assistant",NA,"Special Programs Education Assistant","RAWHIDE ELEMENTARY","https://campbell.schoolspring.com/","Campbell County Scholl District 1","2025-12-26"
609,"Behavior Assistant",NA,"Behavior Assistant","RAWHIDE ELEMENTARY","https://campbell.schoolspring.com/","Campbell County Scholl District 1","2025-12-26"
610,"English Teacher",NA,"English Teacher","WRIGHT JR./SR. HIGH SCHOOL","https://campbell.schoolspring.com/","Campbell County Scholl District 1","2025-12-26"
611,"ESL (English as a Second Language) Teacher Assistant",NA,"ESL (English as a Second Language) Teacher Assistant","HILLCREST ELEMENTARY","https://campbell.schoolspring.com/","Campbell County Scholl District 1","2025-12-26"
612,"Custodian",NA,"Custodian","ROZET ELEMENTARY","https://campbell.schoolspring.com/","Campbell County Scholl District 1","2025-12-26"
613,"Emotionally Disabled Special Programs Education Assistant",NA,"Emotionally Disabled Special Programs Education Assistant","CAMPBELL COUNTY HIGH SCHOOL","https://campbell.schoolspring.com/","Campbell County Scholl District 1","2025-12-26"
614,"Special Programs Education Assistant/ASD",NA,"Special Programs Education Assistant/ASD","LAKEVIEW ELEMENTARY","https://campbell.schoolspring.com/","Campbell County Scholl District 1","2025-12-26"
615,"Special Programs Education Assistant",NA,"Special Programs Education Assistant","HILLCREST ELEMENTARY","https://campbell.schoolspring.com/","Campbell County Scholl District 1","2025-12-26"
616,"Student Custodian",NA,"Student Custodian","TWIN SPRUCE JUNIOR HIGH SCHOOL","https://campbell.schoolspring.com/","Campbell County Scholl District 1","2025-12-26"
617,"Special Programs Education Assistant","Oct 31, 2025 6:00 AM (UTC)","Special Programs Education Assistant","WAGONWHEEL ELEMENTARY","https://campbell.schoolspring.com/","Campbell County Scholl District 1","2025-12-26"
618,"Wright - Safety Patrol","Oct 29, 2025 6:00 AM (UTC)","Wright - Safety Patrol","CAMPBELL COUNTY SCHOOL DISTRICT #1","https://campbell.schoolspring.com/","Campbell County Scholl District 1","2025-12-26"
619,"Safety Patrol","Oct 29, 2025 6:00 AM (UTC)","Safety Patrol","CAMPBELL COUNTY SCHOOL DISTRICT #1","https://campbell.schoolspring.com/","Campbell County Scholl District 1","2025-12-26"
620,"Safety Patrol","Oct 29, 2025 6:00 AM (UTC)","Safety Patrol","CAMPBELL COUNTY SCHOOL DISTRICT #1","https://campbell.schoolspring.com/","Campbell County Scholl District 1","2025-12-26"
621,"Special Programs Education Assistant","Oct 24, 2025 6:00 AM (UTC)","Special Programs Education Assistant","PAINTBRUSH ELEMENTARY","https://campbell.schoolspring.com/","Campbell County Scholl District 1","2025-12-26"
622,"Hearing Impaired Interpreter","Sep 03, 2025 6:00 AM (UTC)","Hearing Impaired Interpreter","PRONGHORN ELEMENTARY","https://campbell.schoolspring.com/","Campbell County Scholl District 1","2025-12-26"
623,"Foreign Language Teacher - German",NA,"Foreign Language Teacher - German","CAMPBELL COUNTY HIGH SCHOOL","https://campbell.schoolspring.com/","Campbell County Scholl District 1","2025-12-26"
624,"BUS DRIVER/BUS DRIVER IN TRAINING",NA,"BUS DRIVER/BUS DRIVER IN TRAINING","CAMPBELL COUNTY SCHOOL DISTRICT #1","https://campbell.schoolspring.com/","Campbell County Scholl District 1","2025-12-26"
625,"Substitute School Nurse",NA,"Substitute School Nurse","CAMPBELL COUNTY SCHOOL DISTRICT #1","https://campbell.schoolspring.com/","Campbell County Scholl District 1","2025-12-26"
626,"Substitute Teacher",NA,"Substitute Teacher","CAMPBELL COUNTY SCHOOL DISTRICT #1","https://campbell.schoolspring.com/","Campbell County Scholl District 1","2025-12-26"
627,"SCHOOL PSYCHOLOGIST INTERN",NA,"SCHOOL PSYCHOLOGIST INTERN","CAMPBELL COUNTY SCHOOL DISTRICT #1","https://campbell.schoolspring.com/","Campbell County Scholl District 1","2025-12-26"
628,"Sample Classified Position",NA,"Sample Classified Position","CAMPBELL COUNTY SCHOOL DISTRICT #1","https://campbell.schoolspring.com/","Campbell County Scholl District 1","2025-12-26"
629,"Sample Certified Position",NA,"Sample Certified Position","CAMPBELL COUNTY SCHOOL DISTRICT #1","https://campbell.schoolspring.com/","Campbell County Scholl District 1","2025-12-26"
630,"Bus Driver",NA,"Classified","Star Valley","https://lcsd2.org/employment-opportunities/","Lincoln County School District 2","2025-12-26"
631,"Crossing Guard, Part-Time",NA,"Classified","Etna Elementary","https://lcsd2.org/employment-opportunities/","Lincoln County School District 2","2025-12-26"
632,"Special Education Aide",NA,"Classified","Etna Elementary","https://lcsd2.org/employment-opportunities/","Lincoln County School District 2","2025-12-26"
633,"Permanent Substitute Teacher",NA,"Substitute","Etna/Thayne Elementary","https://lcsd2.org/employment-opportunities/","Lincoln County School District 2","2025-12-26"
634,"Groundskeeper",NA,"Classified","Cokeville","https://lcsd2.org/employment-opportunities/","Lincoln County School District 2","2025-12-26"
635,"Food Service, 4 hours per day",NA,"Classified","Star Valley High School","https://lcsd2.org/employment-opportunities/","Lincoln County School District 2","2025-12-26"
636,"Bus Aide, Part Time",NA,"Classified","Star Valley","https://lcsd2.org/employment-opportunities/","Lincoln County School District 2","2025-12-26"
637,"Substitute School Nurse",NA,"Classified","Star Valley","https://lcsd2.org/employment-opportunities/","Lincoln County School District 2","2025-12-26"
638,"Certified Substitute Teacher Pool",NA,"Substitute","Star Valley","https://lcsd2.org/employment-opportunities/","Lincoln County School District 2","2025-12-26"
639,"Certified Substitute Teacher Pool",NA,"Substitute","Cokeville","https://lcsd2.org/employment-opportunities/","Lincoln County School District 2","2025-12-26"
640,"Substitute Bus Drivers",NA,"Classified","Cokeville","https://lcsd2.org/employment-opportunities/","Lincoln County School District 2","2025-12-26"
641,"Substitute Bus Drivers",NA,"Classified","Star Valley","https://lcsd2.org/employment-opportunities/","Lincoln County School District 2","2025-12-26"
642,"Substitute Bus Aides",NA,"Classified","Star Valley","https://lcsd2.org/employment-opportunities/","Lincoln County School District 2","2025-12-26"
643,"Substitute Food Service (Cooks)",NA,"Classified","District","https://lcsd2.org/employment-opportunities/","Lincoln County School District 2","2025-12-26"
644,"Assistant Boys Soccer Coach",NA,"Coaching","Star Valley High School","https://lcsd2.org/employment-opportunities/","Lincoln County School District 2","2025-12-26"
645,"Head Volleyball Coach",NA,"Coaching","Cokeville High School","https://lcsd2.org/employment-opportunities/","Lincoln County School District 2","2025-12-26"
646,"Head Cheer Coach",NA,"Coaching","Star Valley High School","https://lcsd2.org/employment-opportunities/","Lincoln County School District 2","2025-12-26"
647,"Assistant Volleyball Coach",NA,"Coaching","Star Valley High School","https://lcsd2.org/employment-opportunities/","Lincoln County School District 2","2025-12-26"
648,"Volunteer Coach/Advisor",NA,"Coaching","District","https://lcsd2.org/employment-opportunities/","Lincoln County School District 2","2025-12-26"
649,"Assistant High School Boys Basketball",NA,"Coaching","District","https://www.growingluskleaders.org/page/human-resources","Niobrara County School District 1","2025-12-26"
650,"Assistant High School Football",NA,"Coaching","District","https://www.growingluskleaders.org/page/human-resources","Niobrara County School District 1","2025-12-26"
651,"Assistant Middle School Volleyball",NA,"Coaching","District","https://www.growingluskleaders.org/page/human-resources","Niobrara County School District 1","2025-12-26"
652,"Caycare Assistant Substitute (Temp. Beginning March 2026 through May 2026)",NA,"Classified","District","https://www.growingluskleaders.org/page/human-resources","Niobrara County School District 1","2025-12-26"
653,"Yearbook Sponsor",NA,"Coaching","District","https://www.growingluskleaders.org/page/human-resources","Niobrara County School District 1","2025-12-26"
654,"BUS DRIVER SUBSTITUTES- District Wide",NA,"Classified","District","https://www.growingluskleaders.org/page/human-resources","Niobrara County School District 1","2025-12-26"
655,"CUSTODIAL SUBSTITUTE- District Wide",NA,"Classified","District","https://www.growingluskleaders.org/page/human-resources","Niobrara County School District 1","2025-12-26"
656,"HS Assistant Track Coach",NA,"Coaching","District","https://pcsd16.com/271372_2","Park County School District 16","2025-12-26"
657,"SPECIAL EDUCATION PARAPROFESSIONAL",NA,"Classified","District","https://pcsd16.com/271372_2","Park County School District 16","2025-12-26"
658,"Substitutes for all Postions",NA,"Substitute","PCSD#1 Schools, Glendo and Wheatland","https://www.platte1.org/89574_1","Platte County School District 1","2025-12-26"
659,"Assistant Softball Coaches",NA,"Coaching","Wheatland High School","https://www.platte1.org/89574_1","Platte County School District 1","2025-12-26"
660,"Substitutes for Custodians",NA,"Classified","District","https://www.platte1.org/89574_1","Platte County School District 1","2025-12-26"
661,"Cheer Aide",NA,"Coaching","Wheatland High School","https://www.platte1.org/89574_1","Platte County School District 1","2025-12-26"
662,"Food Service Corrdinator",NA,"Classified","District","https://www.guernseysunrise.org/page/employment","Platte County School District 2","2025-12-26"
663,"FBLA Co-Sponsor",NA,"Coaching","District","https://www.guernseysunrise.org/page/employment","Platte County School District 2","2025-12-26"
664,"Prom Sponsor",NA,"Coaching","District","https://www.guernseysunrise.org/page/employment","Platte County School District 2","2025-12-26"
665,"Special Education Paraeducator",NA,"Classified","District","https://www.guernseysunrise.org/page/employment","Platte County School District 2","2025-12-26"
666,"Custodial/Maintenance Position",NA,"Classified","District","https://www.guernseysunrise.org/page/employment","Platte County School District 2","2025-12-26"
667,"Jr High Girls Volleyball Coach",NA,"Coaching","District","https://www.guernseysunrise.org/page/employment","Platte County School District 2","2025-12-26"
668,"Substitute Activity Drivers",NA,"Classified","District","https://www.guernseysunrise.org/page/employment","Platte County School District 2","2025-12-26"
669,"Substitute Certified Teachers $160/Day",NA,"Substitute","District","https://www.guernseysunrise.org/page/employment","Platte County School District 2","2025-12-26"
670,"Substitute Paraeducators $100/Day",NA,"Classified","District","https://www.guernseysunrise.org/page/employment","Platte County School District 2","2025-12-26"
671,"7-12 Social Studies Teacher",NA,"Certified","District","https://www.sheridan3.com/page/hr-and-career-opportunities","Sheridan County School District 3","2025-12-26"
672,"Bus Driver",NA,"Classified","District","https://www.sheridan3.com/page/hr-and-career-opportunities","Sheridan County School District 3","2025-12-26"
673,"Volleyball-Head Coach",NA,"Coach","District","https://www.sheridan3.com/page/hr-and-career-opportunities","Sheridan County School District 3","2025-12-26"
674,"Bus Driver - Bus Driver",NA,"Classified","District","https://www.sub1.org/en-US/employment-and-human-resources-f26202d3","Sublette County School District 1","2025-12-26"
675,"Elementary School Functional Life Skills Special Education Teacher 26-27",NA,"Certified","District","https://www.sub1.org/en-US/employment-and-human-resources-f26202d3","Sublette County School District 1","2025-12-26"
676,"Substitute School Nurse",NA,"Classified","District","https://www.sub1.org/en-US/employment-and-human-resources-f26202d3","Sublette County School District 1","2025-12-26"
677,"Substitutes",NA,"Substitute","District","https://www.sub1.org/en-US/employment-and-human-resources-f26202d3","Sublette County School District 1","2025-12-26"
678,"Track Coach- Middle School",NA,"Coach","District","https://www.sub1.org/en-US/employment-and-human-resources-f26202d3","Sublette County School District 1","2025-12-26"
679,"Part-Time, Wellness Coordinator for the Thrive Afterschool Program",NA,"Classified","District","https://www.sublette9.org/apps/pages/index.jsp?uREC_ID=4445550&type=d&pREC_ID=2685329","Sublette County School District 9","2025-12-26"
680,"Full Time, Assistant Pool Supervisor",NA,"Classified","District","https://www.sublette9.org/apps/pages/index.jsp?uREC_ID=4445550&type=d&pREC_ID=2685329","Sublette County School District 9","2025-12-26"
681,"High School Assistant Track",NA,"Coaching","District","https://www.sublette9.org/apps/pages/index.jsp?uREC_ID=4445550&type=d&pREC_ID=2685329","Sublette County School District 9","2025-12-26"
682,"All kinds of Substitutes",NA,"Substitute","District","https://www.sublette9.org/apps/pages/index.jsp?uREC_ID=4445550&type=d&pREC_ID=2685329","Sublette County School District 9","2025-12-26"
683,"Crossing Guard- AM/PM Shifts for 1 hour each school day",NA,"Classified","District","https://www.uinta4.com/departments/business_office/job_opportunities/current_openings","Uinta County School District 4","2025-12-26"
684,"Substitutes- all positions",NA,"Substitute","District","https://www.uinta4.com/departments/business_office/job_opportunities/current_openings","Uinta County School District 4","2025-12-26"
685,"Substitute Bus Drivers",NA,"Classified","District","https://sites.google.com/lymanschools.org/ucsd6/home/job-openings?authuser=0","Uinta County School District 6","2025-12-26"
686,"Substitute School Bus Aides",NA,"Classified","District","https://sites.google.com/lymanschools.org/ucsd6/home/job-openings?authuser=0","Uinta County School District 6","2025-12-26"
687,"Always in need of substitutes",NA,"Substitute","District","https://sites.google.com/lymanschools.org/ucsd6/home/job-openings?authuser=0","Uinta County School District 6","2025-12-26"
688,"Substitute and activity BUS DRIVER",NA,"Classified","District","https://www.wsh2.k12.wy.us/apps/pages/index.jsp?uREC_ID=440610&type=d&pREC_ID=1008214","Washakie County School District 2","2025-12-26"
689,"High School Girls Basketball Coach",NA,"Coaching","District","https://www.wsh2.k12.wy.us/apps/pages/index.jsp?uREC_ID=440610&type=d&pREC_ID=1008214","Washakie County School District 2","2025-12-26"
690,"Special Education Case Manager Job Description",NA,"Certified","District","https://www.wcsd1.org/apps/pages/Career_Opportunities","Weston County School District 1","2025-12-26"
691,"Special Ed. Teacher position",NA,"Certified","District","https://www.wcsd1.org/apps/pages/Career_Opportunities","Weston County School District 1","2025-12-26"
692,"Paraprofessionals",NA,"Classified","District","https://www.wcsd1.org/apps/pages/Career_Opportunities","Weston County School District 1","2025-12-26"
693,"Middle School Volleyball Coach",NA,"Coaching","District","https://www.wcsd1.org/apps/pages/Career_Opportunities","Weston County School District 1","2025-12-26"
694,"Route Bus Drivers",NA,"Classified","District","https://www.wcsd1.org/apps/pages/Career_Opportunities","Weston County School District 1","2025-12-26"
695,"Substitutes",NA,"Substitute","District","https://www.wcsd1.org/apps/pages/Career_Opportunities","Weston County School District 1","2025-12-26"
696,"Custodial-Kitchen subs",NA,"Classified","District","https://www.wcsd1.org/apps/pages/Career_Opportunities","Weston County School District 1","2025-12-26"
697,"Sub Bus Driver",NA,"Classified","District","https://www.wcsd1.org/apps/pages/Career_Opportunities","Weston County School District 1","2025-12-26"
698,"Student Teaching Opportunities",NA,"Student Teaching","District","https://www.wcsd1.org/apps/pages/Career_Opportunities","Weston County School District 1","2025-12-26"
699,"Technology/Maintenance Technician",NA,"Classified","District","https://www.weston7.org/o/wcsd/page/employment","Weston County School District 7","2025-12-26"
700,"MS Boys Basketball Coaching- Beginning 2025-26 season",NA,"Coaching","District","https://www.weston7.org/o/wcsd/page/employment","Weston County School District 7","2025-12-26"
701,"Substitute Teacher",NA,"Substitute","District","https://www.weston7.org/o/wcsd/page/employment","Weston County School District 7","2025-12-26"
702,"Substitute Paraprofessional",NA,"Classified","District","https://www.weston7.org/o/wcsd/page/employment","Weston County School District 7","2025-12-26"
703,"Substitute Custodian",NA,"Classified","District","https://www.weston7.org/o/wcsd/page/employment","Weston County School District 7","2025-12-26"
704,"Substitute Bus Driver (CDL preferred but willing to train)",NA,"Classified","District","https://www.weston7.org/o/wcsd/page/employment","Weston County School District 7","2025-12-26"
705,"Substitute Lunchroom Cook",NA,"Classified","District","https://www.weston7.org/o/wcsd/page/employment","Weston County School District 7","2025-12-26"
706,"Substitute Special Education Aides",NA,"Classified","District","https://www.weston7.org/o/wcsd/page/employment","Weston County School District 7","2025-12-26"
707,"Custodian",NA,"Classified","District","https://jobs.redroverk12.com/org/hotsprings1","Hot Springs County School District 1","2025-12-26"
708,"Transportation Assistant",NA,"Classified","District","https://jobs.redroverk12.com/org/hotsprings1","Hot Springs County School District 1","2025-12-26"
709,"Crossing Guard",NA,"Classified","District","https://jobs.redroverk12.com/org/hotsprings1","Hot Springs County School District 1","2025-12-26"
710,"Bus Driver",NA,"Classified","District","https://jobs.redroverk12.com/org/hotsprings1","Hot Springs County School District 1","2025-12-26"
711,"Part-Time Custodian",NA,"Classified","District","https://jobs.redroverk12.com/org/hotsprings1","Hot Springs County School District 1","2025-12-26"
712,"Substitute Teacher",NA,"Classified","District","https://jobs.redroverk12.com/org/hotsprings1","Hot Springs County School District 1","2025-12-26"
713,"Paraprofessional",NA,"Classified","District","https://jobs.redroverk12.com/org/hotsprings1","Hot Springs County School District 1","2025-12-26"
714,"CEIS Paraprofessional",NA,"Classified","Cloud Peak Elementary","https://jobs.redroverk12.com/org/jcsd1","Johnson County School District 1","2025-12-26"
715,"Food Prep Tech",NA,"Classified","JCSD#1","https://jobs.redroverk12.com/org/jcsd1","Johnson County School District 1","2025-12-26"
716,"Student Support Specialist",NA,"Classified","New West High School","https://jobs.redroverk12.com/org/jcsd1","Johnson County School District 1","2025-12-26"
717,"Special Education Paraprofessional",NA,"Classified","JCSD #1","https://jobs.redroverk12.com/org/jcsd1","Johnson County School District 1","2025-12-26"
718,"Special Education Paraprofessional",NA,"Classified","Clear Creek Middle School","https://jobs.redroverk12.com/org/jcsd1","Johnson County School District 1","2025-12-26"
719,"Asst. Girls Wrestling Coach",NA,"Coaching","Buffalo High School","https://jobs.redroverk12.com/org/jcsd1","Johnson County School District 1","2025-12-26"
720,"Paraprofessional Substitute",NA,"Classified","JCSD #1","https://jobs.redroverk12.com/org/jcsd1","Johnson County School District 1","2025-12-26"
721,"Custodian Staff Substitute",NA,"Classified","JCSD #1","https://jobs.redroverk12.com/org/jcsd1","Johnson County School District 1","2025-12-26"
722,"Food Service Staff Substitute",NA,"Classified","JCSD #1","https://jobs.redroverk12.com/org/jcsd1","Johnson County School District 1","2025-12-26"
723,"Substitute Teacher",NA,"Substitute","JCSD #1","https://jobs.redroverk12.com/org/jcsd1","Johnson County School District 1","2025-12-26"
724,"Substitute Buffalo Bus Route Driver",NA,"Classified","JCSD #1","https://jobs.redroverk12.com/org/jcsd1","Johnson County School District 1","2025-12-26"
725,"Substitute Kaycee Bus Route Driver",NA,"Classified","Kaycee K-12 School","https://jobs.redroverk12.com/org/jcsd1","Johnson County School District 1","2025-12-26"
726,"Asst. Track Coach",NA,"Coaching","Clear Creek Middle School","https://jobs.redroverk12.com/org/jcsd1","Johnson County School District 1","2025-12-26"
