"X","title","date_posted","position","location","url","District","Archive_Date"
1,"(1500) Assistant MS Track Coach-Cowley","8/25/2025","Athletics/ Activities/","Rocky Mountain Middle/High School","https://www.applitrack.com/bighorn1/onlineapp/JobPostings/view.asp?all=1","Big Horn School District 1","11/28/2025"
2,"Middle School Assistant Boys Basketball Coach-Burlington","9/3/2025","Athletics/ Activities/","Burlington Schools","https://www.applitrack.com/bighorn1/onlineapp/JobPostings/view.asp?all=1","Big Horn School District 1","11/28/2025"
3,"Sub Nurse","9/23/2020","Student Support Services/","Big Horn Co School District 1","https://www.applitrack.com/bighorn1/onlineapp/JobPostings/view.asp?all=1","Big Horn School District 1","11/28/2025"
4,"Sub - Teacher","9/23/2020","Substitute/","Big Horn Co School District 1","https://www.applitrack.com/bighorn1/onlineapp/JobPostings/view.asp?all=1","Big Horn School District 1","11/28/2025"
5,"Sub- Custodial/Cook/Secretary","9/23/2020","Support Staff/","Big Horn Co School District 1","https://www.applitrack.com/bighorn1/onlineapp/JobPostings/view.asp?all=1","Big Horn School District 1","11/28/2025"
6,"Sub - Paraprofessional","9/23/2020","Support Staff/","Big Horn Co School District 1","https://www.applitrack.com/bighorn1/onlineapp/JobPostings/view.asp?all=1","Big Horn School District 1","11/28/2025"
7,"Sub- Route Bus Driver - Burlington","9/23/2020","Support Staff/","Bus Barn - South","https://www.applitrack.com/bighorn1/onlineapp/JobPostings/view.asp?all=1","Big Horn School District 1","11/28/2025"
8,"Sub- Route Bus Driver - Cowley","9/23/2020","Support Staff/","Bus Barn - North","https://www.applitrack.com/bighorn1/onlineapp/JobPostings/view.asp?all=1","Big Horn School District 1","11/28/2025"
9,"High School Assistant Wrestling Coach","6/16/2025","Athletics/Activities","Lovell High School","https://www.applitrack.com/bgh2/onlineapp/default.aspx?all=1","Big Horn School District 2","11/28/2025"
10,"Substitute Teacher","3/30/2022","Substitute/","Big Horn County School District #2","https://www.applitrack.com/bgh2/onlineapp/default.aspx?all=1","Big Horn School District 2","11/28/2025"
11,"Substitute Route and Activity Bus Drivers","3/29/2022","Transportation","Big Horn County School District #2","https://www.applitrack.com/bgh2/onlineapp/default.aspx?all=1","Big Horn School District 2","11/28/2025"
12,"Route Bus Driver","5/27/2025","Transportation/","Big Horn County School District #2","https://www.applitrack.com/bgh2/onlineapp/default.aspx?all=1","Big Horn School District 2","11/28/2025"
13,"High School Part-Time Secretary / Administrative Assistant","11/12/2025","Secretarial/Clerical","Greybull High School","https://www.applitrack.com/bighorn/onlineapp/default.aspx?all=1","Big Horn School District 3","11/28/2025"
14,"High School Assistant Track Coach","7/15/2025","Athletics/Activities","District Wide","https://www.applitrack.com/bighorn/onlineapp/default.aspx?all=1","Big Horn School District 3","11/28/2025"
15,"Paraprofessional- Elementary School","6/3/2025","Support Staff/","Greybull Elementary School(High-Needs School)","https://www.applitrack.com/bighorn/onlineapp/default.aspx?all=1","Big Horn School District 3","11/28/2025"
16,"Substitute Teacher","7/5/2017","Substitute/","District Wide","https://www.applitrack.com/bighorn/onlineapp/default.aspx?all=1","Big Horn School District 3","11/28/2025"
17,"24-25 Substitute Bus Driver / Activity Driver","12/17/2024","Transportation/","Transportation","https://www.applitrack.com/bighorn/onlineapp/default.aspx?all=1","Big Horn School District 3","11/28/2025"
18,"Head Boys and Girls Track Coach","2/12/2025","Athletics/Activities","Riverside High School","https://www.applitrack.com/bgh4/onlineapp/default.aspx?all=1","Big Horn School District 4","11/28/2025"
19,"21 CCLC After School Program Activity Leaders","1/21/2020","Student Support Services","Laura Irwin Elementary","https://www.applitrack.com/bgh4/onlineapp/default.aspx?all=1","Big Horn School District 4","11/28/2025"
20,"Bus Driver","1/7/2022","Support Staff","District","https://www.applitrack.com/bgh4/onlineapp/default.aspx?all=1","Big Horn School District 4","11/28/2025"
21,"Substitute","7/21/2025","Support Staff","District","https://www.applitrack.com/bgh4/onlineapp/default.aspx?all=1","Big Horn School District 4","11/28/2025"
22,"Lifeguard","8/12/2025","Aquatics/","Rawlins Pool","https://www.applitrack.com/crb1/onlineapp/jobpostings/view.asp?all=1","Carbon County School District 1","11/28/2025"
23,"Shift Lead-Full Time","8/12/2025","Aquatics/","Rawlins Pool","https://www.applitrack.com/crb1/onlineapp/jobpostings/view.asp?all=1","Carbon County School District 1","11/28/2025"
24,"Shift Lead-Part Time","8/12/2025","Aquatics/","Rawlins Pool","https://www.applitrack.com/crb1/onlineapp/jobpostings/view.asp?all=1","Carbon County School District 1","11/28/2025"
25,"Asst. Musical Director","6/9/2025","Athletics/Activities/","Rawlins High School","https://www.applitrack.com/crb1/onlineapp/jobpostings/view.asp?all=1","Carbon County School District 1","11/28/2025"
26,"Asst. Boys and Girls Soccer Coach","6/9/2025","Athletics/Activities/","Rawlins Middle School","https://www.applitrack.com/crb1/onlineapp/jobpostings/view.asp?all=1","Carbon County School District 1","11/28/2025"
27,"2nd Asst. Swim Coach","6/12/2025","Athletics/Activities/","Rawlins Middle School","https://www.applitrack.com/crb1/onlineapp/jobpostings/view.asp?all=1","Carbon County School District 1","11/28/2025"
28,"Asst Volleyball Coach","10/27/2025","Athletics/Activities/","Rawlins Middle School","https://www.applitrack.com/crb1/onlineapp/jobpostings/view.asp?all=1","Carbon County School District 1","11/28/2025"
29,"Asst. Football Coach","11/11/2025","Athletics/Activities/","Rawlins Middle School","https://www.applitrack.com/crb1/onlineapp/jobpostings/view.asp?all=1","Carbon County School District 1","11/28/2025"
30,"2nd Asst. Track Coach","8/4/2025","Athletics/Activities/","Rawlins Middle School","https://www.applitrack.com/crb1/onlineapp/jobpostings/view.asp?all=1","Carbon County School District 1","11/28/2025"
31,"STEM Teacher","4/28/2025","Elementary School Teaching","Rawlins Elementary School","https://www.applitrack.com/crb1/onlineapp/jobpostings/view.asp?all=1","Carbon County School District 1","11/28/2025"
32,"Daycare Para Professional","10/24/2025","Elementary School Teaching/","District","https://www.applitrack.com/crb1/onlineapp/jobpostings/view.asp?all=1","Carbon County School District 1","11/28/2025"
33,"Substitute Food Service","10/9/2025","Food Service/","Food Service","https://www.applitrack.com/crb1/onlineapp/jobpostings/view.asp?all=1","Carbon County School District 1","11/28/2025"
34,"Substitute Custodian","7/29/2025","Maintenance/Custodial","District","https://www.applitrack.com/crb1/onlineapp/jobpostings/view.asp?all=1","Carbon County School District 1","11/28/2025"
35,"Custodial - Substitute","2/16/2024","Maintenance/Custodial","Little Snake River Valley School","https://www.applitrack.com/crb1/onlineapp/jobpostings/view.asp?all=1","Carbon County School District 1","11/28/2025"
36,"ESL/ELL Teacher","4/16/2025","Middle School Teaching","Rawlins Middle School","https://www.applitrack.com/crb1/onlineapp/jobpostings/view.asp?all=1","Carbon County School District 1","11/28/2025"
37,"Special Ed. Para Professional","10/13/2025","Special Education/","Rawlins Elementary School","https://www.applitrack.com/crb1/onlineapp/jobpostings/view.asp?all=1","Carbon County School District 1","11/28/2025"
38,"Substitute Teacher","7/29/2025","Substitute/","District","https://www.applitrack.com/crb1/onlineapp/jobpostings/view.asp?all=1","Carbon County School District 1","11/28/2025"
39,"Substitute Bus Driver","7/29/2025","Transportation","District","https://www.applitrack.com/crb1/onlineapp/jobpostings/view.asp?all=1","Carbon County School District 1","11/28/2025"
40,"Bus Driver","9/22/2023","Transportation/","District","https://www.applitrack.com/crb1/onlineapp/jobpostings/view.asp?all=1","Carbon County School District 1","11/28/2025"
41,"Other Assistant Middle School Wrestling Coach","6/9/2025","Athletics/Activities/","Saratoga Middle High School","https://www.applitrack.com/crb2/onlineapp/default.aspx?all=1","Carbon County School District 2","11/28/2025"
42,"Head High School Speech Coach","6/9/2025","Athletics/Activities/","Saratoga Middle High School","https://www.applitrack.com/crb2/onlineapp/default.aspx?all=1","Carbon County School District 2","11/28/2025"
43,"High School Assistant Boys Basketball Coach","3/12/2025","Athletics/Activities/","H-E-M Junior/Senior High School","https://www.applitrack.com/crb2/onlineapp/default.aspx?all=1","Carbon County School District 2","11/28/2025"
44,"First Assistant (Head) Middle School Football Coach","10/13/2025","Athletics/Activities/","H-E-M Junior/Senior High School","https://www.applitrack.com/crb2/onlineapp/default.aspx?all=1","Carbon County School District 2","11/28/2025"
45,"6-12 Band Teacher","3/31/2025","High School Teaching/","Saratoga Middle High School","https://www.applitrack.com/crb2/onlineapp/default.aspx?all=1","Carbon County School District 2","11/28/2025"
46,"Music Teacher","2/24/2025","High School Teaching/","Saratoga Middle High School","https://www.applitrack.com/crb2/onlineapp/default.aspx?all=1","Carbon County School District 2","11/28/2025"
47,"Head Maintenance","10/15/2025","Maintenance/Custodial/","Saratoga Elementary School","https://www.applitrack.com/crb2/onlineapp/default.aspx?all=1","Carbon County School District 2","11/28/2025"
48,"Elementary School Counselor","9/3/2025","Student Support Services/","Hanna Elementary School","https://www.applitrack.com/crb2/onlineapp/default.aspx?all=1","Carbon County School District 2","11/28/2025"
49,"Occupational Therapist(s)","12/22/2023","Student Support Services/","CCSD#2","https://www.applitrack.com/crb2/onlineapp/default.aspx?all=1","Carbon County School District 2","11/28/2025"
50,"Speech Language Pathologist(s)","3/4/2022","Student Support Services/","CCSD#2","https://www.applitrack.com/crb2/onlineapp/default.aspx?all=1","Carbon County School District 2","11/28/2025"
51,"Substitute Bus Driver 2025/2026 School Year","7/15/2025","Substitute/","CCSD#2","https://www.applitrack.com/crb2/onlineapp/default.aspx?all=1","Carbon County School District 2","11/28/2025"
52,"Substitute Classroom/Special Education Aide 2025/2026 School Year","7/15/2025","Substitute/","CCSD#2","https://www.applitrack.com/crb2/onlineapp/default.aspx?all=1","Carbon County School District 2","11/28/2025"
53,"Substitute Cook Helpers 2025/2026 School Year","7/15/2025","Substitute/","CCSD#2","https://www.applitrack.com/crb2/onlineapp/default.aspx?all=1","Carbon County School District 2","11/28/2025"
54,"Substitute Custodian 2025/2026 School Year","7/15/2025","Substitute/","CCSD#2","https://www.applitrack.com/crb2/onlineapp/default.aspx?all=1","Carbon County School District 2","11/28/2025"
55,"Substitute Teacher 2025/2026 School Year","7/15/2025","Substitute/","CCSD#2","https://www.applitrack.com/crb2/onlineapp/default.aspx?all=1","Carbon County School District 2","11/28/2025"
56,"Cooks Helper(s)","7/16/2025","Support Staff/","Saratoga Middle High School","https://www.applitrack.com/crb2/onlineapp/default.aspx?all=1","Carbon County School District 2","11/28/2025"
57,"Route/Activity Driver","9/2/2025","Support Staff/","Encampment K-12","https://www.applitrack.com/crb2/onlineapp/default.aspx?all=1","Carbon County School District 2","11/28/2025"
58,"Route/Activity Bus Driver(s)","2/24/2025","Support Staff/","Saratoga Middle High School","https://www.applitrack.com/crb2/onlineapp/default.aspx?all=1","Carbon County School District 2","11/28/2025"
59,"Special Education Aide","8/11/2025","Support Staff/","Saratoga Middle High School","https://www.applitrack.com/crb2/onlineapp/default.aspx?all=1","Carbon County School District 2","11/28/2025"
60,"High School FBLA Sponsor","6/5/2025","Athletics/Activities/","Glenrock Jr/Sr High School","https://www.applitrack.com/converse2/onlineapp/default.aspx?all=1","Converse County School Distrcit 2","11/28/2025"
61,"K-6 Music Teacher","7/14/2025","Elementary School Teaching/","Grant Elementary School","https://www.applitrack.com/converse2/onlineapp/default.aspx?all=1","Converse County School Distrcit 2","11/28/2025"
62,"Speech Therapist/Speech Pathologist","5/3/2024","Student Support Services Certified/","Converse County School District #2","https://www.applitrack.com/converse2/onlineapp/default.aspx?all=1","Converse County School Distrcit 2","11/28/2025"
63,"Substitute Teacher/Aid/Cook/Custodian/Bus Driver/Summer Help","3/26/2019","Substitute/","Converse County School District #2","https://www.applitrack.com/converse2/onlineapp/default.aspx?all=1","Converse County School Distrcit 2","11/28/2025"
64,"Bus Driver (Route, Activity, Sub)","4/13/2023","Transportation/","Converse County School District #2","https://www.applitrack.com/converse2/onlineapp/default.aspx?all=1","Converse County School Distrcit 2","11/28/2025"
65,"DHS Track Assistant Coach","11/18/2025","Athletics/Activities/Extra Duty/","Activities Department","https://www.applitrack.com/ccsd1/onlineapp/default.aspx?all=1","Converse County School District 1","11/28/2025"
66,"DHS Girls Wrestling Coach Aide","11/18/2025","Athletics/Activities/Extra Duty/","Activities Department","https://www.applitrack.com/ccsd1/onlineapp/default.aspx?all=1","Converse County School District 1","11/28/2025"
67,"DMS Girls Wrestling Coach Aide","11/18/2025","Athletics/Activities/Extra Duty/","Activities Department","https://www.applitrack.com/ccsd1/onlineapp/default.aspx?all=1","Converse County School District 1","11/28/2025"
68,"DMS Head Track Coach","11/18/2025","Athletics/Activities/Extra Duty/","Activities Department","https://www.applitrack.com/ccsd1/onlineapp/default.aspx?all=1","Converse County School District 1","11/28/2025"
69,"American Legion C Head Coach","11/6/2025","Recreation/","Douglas Recreation Center","https://www.applitrack.com/ccsd1/onlineapp/default.aspx?all=1","Converse County School District 1","11/28/2025"
70,"DRC Lifeguard","8/1/2025","Student/","Douglas Recreation Center","https://www.applitrack.com/ccsd1/onlineapp/default.aspx?all=1","Converse County School District 1","11/28/2025"
71,"Classified Substitute Positions","7/29/2025","Substitute","Central Administration","https://www.applitrack.com/ccsd1/onlineapp/default.aspx?all=1","Converse County School District 1","11/28/2025"
72,"Substitute Custodian","8/19/2025","Substitute/","Maintenance","https://www.applitrack.com/ccsd1/onlineapp/default.aspx?all=1","Converse County School District 1","11/28/2025"
73,"Certified Substitute","7/29/2025","Substitute/","Central Administration","https://www.applitrack.com/ccsd1/onlineapp/default.aspx?all=1","Converse County School District 1","11/28/2025"
74,"Substitute Bus Monitor/Paraprofessional","7/29/2025","Support Staff/","Transportation","https://www.applitrack.com/ccsd1/onlineapp/default.aspx?all=1","Converse County School District 1","11/28/2025"
75,"DPS Part-Time SPED FLS/Behavioral Paraprofessional","9/29/2025","Support Staff/","Douglas Primary School","https://www.applitrack.com/ccsd1/onlineapp/default.aspx?all=1","Converse County School District 1","11/28/2025"
76,"CCSD#1 Paraprofessionals","7/8/2025","Support Staff/","Converse County School District #1","https://www.applitrack.com/ccsd1/onlineapp/default.aspx?all=1","Converse County School District 1","11/28/2025"
77,"DIS/DUES Library Paraprofessional","10/22/2025","Support Staff/","Douglas Upper Elementary School","https://www.applitrack.com/ccsd1/onlineapp/default.aspx?all=1","Converse County School District 1","11/28/2025"
78,"Bus Driver","7/28/2025","Transportation/","Transportation","https://www.applitrack.com/ccsd1/onlineapp/default.aspx?all=1","Converse County School District 1","11/28/2025"
79,"Substitute Bus Driver","7/29/2025","Transportation/","Transportation","https://www.applitrack.com/ccsd1/onlineapp/default.aspx?all=1","Converse County School District 1","11/28/2025"
80,"Substitute Crossing Guard","7/29/2025","Transportation/","Transportation","https://www.applitrack.com/ccsd1/onlineapp/default.aspx?all=1","Converse County School District 1","11/28/2025"
81,"Assistant 8th Volleyball Coach","5/22/2025","Athletics/Activities/","Lander Middle School","https://www.applitrack.com/fremontwy/onlineapp/jobpostings/view.asp?all=1","Fremont County School District 1","11/28/2025"
82,"Assistant Swim Coach","9/26/2025","Athletics/Activities/","Lander Middle School","https://www.applitrack.com/fremontwy/onlineapp/jobpostings/view.asp?all=1","Fremont County School District 1","11/28/2025"
83,"Assistant Wrestling Coach","9/26/2025","Athletics/Activities/","Lander Middle School","https://www.applitrack.com/fremontwy/onlineapp/jobpostings/view.asp?all=1","Fremont County School District 1","11/28/2025"
84,"Head Softball Coach","9/26/2025","Athletics/Activities/","Lander Valley High School","https://www.applitrack.com/fremontwy/onlineapp/jobpostings/view.asp?all=1","Fremont County School District 1","11/28/2025"
85,"Head Girls Soccer Coach","10/31/2025","Athletics/Activities/","Lander Valley High School","https://www.applitrack.com/fremontwy/onlineapp/jobpostings/view.asp?all=1","Fremont County School District 1","11/28/2025"
86,"Head Girls Soccer Coach","10/31/2025","Athletics/Activities/","Lander Middle School","https://www.applitrack.com/fremontwy/onlineapp/jobpostings/view.asp?all=1","Fremont County School District 1","11/28/2025"
87,"Boys Soccer Coach","11/11/2025","Athletics/Activities/","Lander Middle School","https://www.applitrack.com/fremontwy/onlineapp/jobpostings/view.asp?all=1","Fremont County School District 1","11/28/2025"
88,"Accounts Payable/ Grants Manager","10/21/2025","Secretarial/Clerical/","District Office - Jack King Building","https://www.applitrack.com/fremontwy/onlineapp/jobpostings/view.asp?all=1","Fremont County School District 1","11/28/2025"
89,"Substitute Custodian (at-will)","6/11/2025","Substitute/","District-wide","https://www.applitrack.com/fremontwy/onlineapp/jobpostings/view.asp?all=1","Fremont County School District 1","11/28/2025"
90,"Substitute Nurse (at-will)","6/11/2025","Substitute/","District-wide","https://www.applitrack.com/fremontwy/onlineapp/jobpostings/view.asp?all=1","Fremont County School District 1","11/28/2025"
91,"Substitute Nutritional Service Worker (at-will)","6/11/2025","Substitute/","District-wide","https://www.applitrack.com/fremontwy/onlineapp/jobpostings/view.asp?all=1","Fremont County School District 1","11/28/2025"
92,"Substitute - classrooms (at-will)","6/11/2025","Substitute/","District-wide","https://www.applitrack.com/fremontwy/onlineapp/jobpostings/view.asp?all=1","Fremont County School District 1","11/28/2025"
93,"Substitute Bus/Activity Driver (at-will)","6/11/2025","Substitute/","Central Services","https://www.applitrack.com/fremontwy/onlineapp/jobpostings/view.asp?all=1","Fremont County School District 1","11/28/2025"
94,"Lights On Early Bird Leader","9/30/2025","Temporary/","Lights On","https://www.applitrack.com/fremontwy/onlineapp/jobpostings/view.asp?all=1","Fremont County School District 1","11/28/2025"
95,"Bus Driver","7/25/2025","Transportation / Warehouse/","District-wide","https://www.applitrack.com/fremontwy/onlineapp/jobpostings/view.asp?all=1","Fremont County School District 1","11/28/2025"
96,"Full Time Substitute/Activity Bus Driver","11/11/2025","Transportation / Warehouse/","District-wide","https://www.applitrack.com/fremontwy/onlineapp/jobpostings/view.asp?all=1","Fremont County School District 1","11/28/2025"
97,"MTSS (Multi-Tiered System of Support) Coordinator (K-8)","6/30/2025","Elementary School Teaching/","Fremont County School District 21","https://www.applitrack.com/fortwashakieschool/onlineapp/default.aspx?all=1","Fremont County School District 21","11/28/2025"
98,"Substitute Custodians","9/28/2021","Maintenance/Custodial/","Fort Washakie Elementary","https://www.applitrack.com/fortwashakieschool/onlineapp/default.aspx?all=1","Fremont County School District 21","11/28/2025"
99,"Substitute Cooks","10/6/2025","Student Support Services/","Fort Washakie Elementary","https://www.applitrack.com/fortwashakieschool/onlineapp/default.aspx?all=1","Fremont County School District 21","11/28/2025"
100,"Speech/Language Pathologist - Open until filled","7/23/2025","Student Support Services/","Fremont County School District 21","https://www.applitrack.com/fortwashakieschool/onlineapp/default.aspx?all=1","Fremont County School District 21","11/28/2025"
101,"Substitute Teacher","9/12/2023","Substitute/","Fort Washakie Elementary","https://www.applitrack.com/fortwashakieschool/onlineapp/default.aspx?all=1","Fremont County School District 21","11/28/2025"
102,"Paraprofessional","9/10/2024","Support Staff/","Fremont County School District 21","https://www.applitrack.com/fortwashakieschool/onlineapp/default.aspx?all=1","Fremont County School District 21","11/28/2025"
103,"Information Support Technician - Open until filled.","5/1/2025","Technology/","Fremont County School District 21","https://www.applitrack.com/fortwashakieschool/onlineapp/default.aspx?all=1","Fremont County School District 21","11/28/2025"
104,"Bus Driver Substitutes 2025-2026","8/8/2025","Substitute/","K-12 Schoolwide","https://www.applitrack.com/fremont24/onlineapp/default.aspx?all=1","Fremont County School District 24","11/28/2025"
105,"Cooks Helper Substitutes 2025-2026","8/8/2025","Substitute/","District Office","https://www.applitrack.com/fremont24/onlineapp/default.aspx?all=1","Fremont County School District 24","11/28/2025"
106,"Custodian Substitutes 2025-2026","8/8/2025","Substitute/","District Wide","https://www.applitrack.com/fremont24/onlineapp/default.aspx?all=1","Fremont County School District 24","11/28/2025"
107,"Substitute School Nurse 2025-2026","8/8/2025","Substitute/","K-12 Schoolwide","https://www.applitrack.com/fremont24/onlineapp/default.aspx?all=1","Fremont County School District 24","11/28/2025"
108,"Substitute Teacher 2025-2026","8/8/2025","Substitute/","K-12 Schoolwide","https://www.applitrack.com/fremont24/onlineapp/default.aspx?all=1","Fremont County School District 24","11/28/2025"
109,"Substitute Daycare Assistant 2025-2026","8/8/2025","Substitute/","K-12 Schoolwide","https://www.applitrack.com/fremont24/onlineapp/default.aspx?all=1","Fremont County School District 24","11/28/2025"
111,"High School Assistant Volleyball Coach","3/24/2025","Athletics/Activities","Wind River High School","https://www.applitrack.com/fre6/onlineapp/default.aspx?all=1","Fremont County School District 6","11/28/2025"
112,"Athletic Coach","8/21/2025","Athletics/Activities","Wind River Schools","https://www.applitrack.com/fre6/onlineapp/default.aspx?all=1","Fremont County School District 6","11/28/2025"
113,"Half Time Secondary Reading Interventionist","11/17/2025","High School Teaching/","Wind River Middle School and High School","https://www.applitrack.com/fre6/onlineapp/default.aspx?all=1","Fremont County School District 6","11/28/2025"
114,"Custodian","12/17/2024","Maintenance/Custodial/","Wind River Schools","https://www.applitrack.com/fre6/onlineapp/default.aspx?all=1","Fremont County School District 6","11/28/2025"
115,"Maintenance/Custodian","7/30/2025","Maintenance/Custodial/","Wind River Schools","https://www.applitrack.com/fre6/onlineapp/default.aspx?all=1","Fremont County School District 6","11/28/2025"
116,"Substitute Teacher","8/20/2024","Substitute/","Wind River Schools","https://www.applitrack.com/fre6/onlineapp/default.aspx?all=1","Fremont County School District 6","11/28/2025"
117,"Substitute Para/Custodian/Food Service","11/14/2024","Substitute/","Wind River Schools","https://www.applitrack.com/fre6/onlineapp/default.aspx?all=1","Fremont County School District 6","11/28/2025"
118,"Bus Driver","3/10/2025","Support Staff","Wind River Schools","https://www.applitrack.com/fre6/onlineapp/default.aspx?all=1","Fremont County School District 6","11/28/2025"
119,"Shoshone Language Teacher","8/7/2025","Elementary School Teaching","Wyoming Indian Elementary School","https://www.applitrack.com/fremont14/onlineapp/default.aspx?all=1","Fremont County School District 14","11/28/2025"
120,"Substitute School Nurse","7/23/2020","Student Health Services/","District Wide","https://www.applitrack.com/fremont14/onlineapp/default.aspx?all=1","Fremont County School District 14","11/28/2025"
121,"Substitute Teacher - Classroom","10/9/2018","Substitute Certified/","District Wide","https://www.applitrack.com/fremont14/onlineapp/default.aspx?all=1","Fremont County School District 14","11/28/2025"
122,"Substitute Cook","10/10/2018","Substitute Non Certified/","District Wide","https://www.applitrack.com/fremont14/onlineapp/default.aspx?all=1","Fremont County School District 14","11/28/2025"
123,"Substitute Custodian","9/9/2019","Substitute Non Certified/","District Wide","https://www.applitrack.com/fremont14/onlineapp/default.aspx?all=1","Fremont County School District 14","11/28/2025"
124,"Paraprofessional","11/14/2025","Support Staff/","Wyoming Indian Middle School","https://www.applitrack.com/fremont14/onlineapp/default.aspx?all=1","Fremont County School District 14","11/28/2025"
125,"Special Education Paraprofessional","11/14/2025","Support Staff/","Wyoming Indian Middle School","https://www.applitrack.com/fremont14/onlineapp/default.aspx?all=1","Fremont County School District 14","11/28/2025"
126,"Bus Driver","9/18/2023","Transportation/","District Wide","https://www.applitrack.com/fremont14/onlineapp/default.aspx?all=1","Fremont County School District 14","11/28/2025"
127,"Substitute Bus Driver","7/9/2021","Transportation/","District Wide","https://www.applitrack.com/fremont14/onlineapp/default.aspx?all=1","Fremont County School District 14","11/28/2025"
128,"Grandparent Consultant","12/13/2022","Tutors/","District Wide","https://www.applitrack.com/fremont14/onlineapp/default.aspx?all=1","Fremont County School District 14","11/28/2025"
130,"Associate Custodian","11/18/2025","Maintenance/Custodial/","Southside Elementary School","https://www.applitrack.com/park1/onlineapp/default.aspx?all=1","Park County School District 1","11/28/2025"
131,"Kindergarten Paraeducator","10/17/2025","Para-Educator/","Parkside Elementary School","https://www.applitrack.com/park1/onlineapp/default.aspx?all=1","Park County School District 1","11/28/2025"
132,"Substitute School Nurse","9/18/2025","Student Support Services/","District-Wide K-12","https://www.applitrack.com/park1/onlineapp/default.aspx?all=1","Park County School District 1","11/28/2025"
133,"Substitute Teacher","7/3/2024","Substitute/","District-Wide K-12","https://www.applitrack.com/park1/onlineapp/default.aspx?all=1","Park County School District 1","11/28/2025"
134,"Substitute Custodian","7/3/2024","Substitute Support Services/","District-Wide K-12","https://www.applitrack.com/park1/onlineapp/default.aspx?all=1","Park County School District 1","11/28/2025"
135,"Substitute Para-Educator","7/3/2024","Substitute Support Services/","District-Wide K-12","https://www.applitrack.com/park1/onlineapp/default.aspx?all=1","Park County School District 1","11/28/2025"
136,"Substitute Bus Driver","9/27/2021","Transportation/","Transportation Department","https://www.applitrack.com/park1/onlineapp/default.aspx?all=1","Park County School District 1","11/28/2025"
137,"Assistant Girls Wrestling Coach","10/6/2025","Athletics/Activities/","Cody High School","https://www.applitrack.com/park6/onlineapp/default.aspx?all=1","Park County School District 6","11/28/2025"
138,"School Nutrition Assistant (Part Time)","7/16/2025","Food Services/","Sunset Elementary School","https://www.applitrack.com/park6/onlineapp/default.aspx?all=1","Park County School District 6","11/28/2025"
139,"Part Time Custodian","10/27/2025","Maintenance/Custodial/","Wapiti Elementary School","https://www.applitrack.com/park6/onlineapp/default.aspx?all=1","Park County School District 6","11/28/2025"
140,"Custodian","11/19/2025","Maintenance/Custodial/","Sunset Elementary School","https://www.applitrack.com/park6/onlineapp/default.aspx?all=1","Park County School District 6","11/28/2025"
141,"Mental Health Counselor","11/19/2025","Student Support Services/","District Wide","https://www.applitrack.com/park6/onlineapp/default.aspx?all=1","Park County School District 6","11/28/2025"
142,"Board Certified Behavior Analyst","2/7/2025","Student Support Services/","All Schools","https://www.applitrack.com/park6/onlineapp/default.aspx?all=1","Park County School District 6","11/28/2025"
143,"Substitute Paraeducator (Aide) 2025-2026 School Year","7/16/2025","Substitute/","All Schools","https://www.applitrack.com/park6/onlineapp/default.aspx?all=1","Park County School District 6","11/28/2025"
144,"Substitute Custodian 2025-2026 School Year","7/16/2025","Substitute/","All Schools","https://www.applitrack.com/park6/onlineapp/default.aspx?all=1","Park County School District 6","11/28/2025"
145,"Substitute Nurse 2025-2026 School Year","7/16/2025","Substitute/","All Schools","https://www.applitrack.com/park6/onlineapp/default.aspx?all=1","Park County School District 6","11/28/2025"
146,"Substitute Teacher 2025-2026 School Year","7/16/2025","Substitute/","All Schools","https://www.applitrack.com/park6/onlineapp/default.aspx?all=1","Park County School District 6","11/28/2025"
147,"Special Education Resource Paraeducator","10/30/2025","Support Staff/","Cody High School","https://www.applitrack.com/park6/onlineapp/default.aspx?all=1","Park County School District 6","11/28/2025"
148,"Elementary Title I Paraeducator","11/19/2025","Support Staff/","Livingston Elementary School","https://www.applitrack.com/park6/onlineapp/default.aspx?all=1","Park County School District 6","11/28/2025"
149,"Route Driver","7/16/2025","Transportation","All Schools","https://www.applitrack.com/park6/onlineapp/default.aspx?all=1","Park County School District 6","11/28/2025"
150,"Bus Aide","7/16/2025","Transportation","All Schools","https://www.applitrack.com/park6/onlineapp/default.aspx?all=1","Park County School District 6","11/28/2025"
151,"TRHS Assistant Boys Basketball Coach","6/3/2024","Athletics/Activities/","Tongue River High School","https://www.applitrack.com/sheridanwy/onlineapp/default.aspx?all=1","Sheridan County School District 1","11/28/2025"
152,"TRMS Assistant Boys Basketball Coach","8/14/2024","Athletics/Activities/","Tongue River Middle School","https://www.applitrack.com/sheridanwy/onlineapp/default.aspx?all=1","Sheridan County School District 1","11/28/2025"
153,"TRHS Head Track Coach","6/3/2025","Athletics/Activities/","Tongue River High School","https://www.applitrack.com/sheridanwy/onlineapp/default.aspx?all=1","Sheridan County School District 1","11/28/2025"
154,"TRHS Assistant Track Coach","6/3/2025","Athletics/Activities/","Tongue River High School","https://www.applitrack.com/sheridanwy/onlineapp/default.aspx?all=1","Sheridan County School District 1","11/28/2025"
155,"TRHS Assistant Girls Wrestling Coach","7/16/2025","Athletics/Activities/","Tongue River High School","https://www.applitrack.com/sheridanwy/onlineapp/default.aspx?all=1","Sheridan County School District 1","11/28/2025"
156,"TRHS Assistant Boys Wrestling Coach","7/16/2025","Athletics/Activities/","Tongue River High School","https://www.applitrack.com/sheridanwy/onlineapp/default.aspx?all=1","Sheridan County School District 1","11/28/2025"
157,"BHMS Assistant Football Coach","7/28/2025","Athletics/Activities/","Big Horn Middle School","https://www.applitrack.com/sheridanwy/onlineapp/default.aspx?all=1","Sheridan County School District 1","11/28/2025"
158,"TRMS Assistant Robotics Coach","8/12/2025","Athletics/Activities/","Tongue River Middle School","https://www.applitrack.com/sheridanwy/onlineapp/default.aspx?all=1","Sheridan County School District 1","11/28/2025"
159,"BHMS Assistant Boys Wrestling Coach","9/8/2025","Athletics/Activities/","Big Horn Middle School","https://www.applitrack.com/sheridanwy/onlineapp/default.aspx?all=1","Sheridan County School District 1","11/28/2025"
160,"Bus Driver","4/1/2025","Transportation/","District-Wide","https://www.applitrack.com/sheridanwy/onlineapp/default.aspx?all=1","Sheridan County School District 1","11/28/2025"
161,"TRHS Head Cross-Country Coach","11/18/2025","Athletics/Activities/","Tongue River High School","https://www.applitrack.com/sheridanwy/onlineapp/default.aspx?all=1","Sheridan County School District 1","11/28/2025"
162,"BHMS Assistant Girls Wrestling Coach","10/30/2025","Athletics/Activities/","Big Horn Middle School","https://www.applitrack.com/sheridanwy/onlineapp/default.aspx?all=1","Sheridan County School District 1","11/28/2025"
163,"BHHS Assistant Girls Basketball Coach","11/17/2025","Athletics/Activities/","Big Horn High School","https://www.applitrack.com/sheridanwy/onlineapp/default.aspx?all=1","Sheridan County School District 1","11/28/2025"
164,"BHHS Assistant Volleyball Coach","4/8/2025","Athletics/Activities/","Big Horn High School","https://www.applitrack.com/sheridanwy/onlineapp/default.aspx?all=1","Sheridan County School District 1","11/28/2025"
165,"TRMS Assistant Girls Basketball Coach","5/20/2025","Athletics/Activities/","Tongue River Middle School","https://www.applitrack.com/sheridanwy/onlineapp/default.aspx?all=1","Sheridan County School District 1","11/28/2025"
166,"TRHS Assistant Volleyball Coach","5/28/2025","Athletics/Activities/","Tongue River High School","https://www.applitrack.com/sheridanwy/onlineapp/default.aspx?all=1","Sheridan County School District 1","11/28/2025"
167,"Tongue River High School Administrative Assistant (half-time)","10/29/2025","Secretarial/Clerical/","Tongue River High School","https://www.applitrack.com/sheridanwy/onlineapp/default.aspx?all=1","Sheridan County School District 1","11/28/2025"
168,"Substitute - Support Staff","7/3/2018","Substitute/","District-Wide","https://www.applitrack.com/sheridanwy/onlineapp/default.aspx?all=1","Sheridan County School District 1","11/28/2025"
169,"Substitute - Nurse","9/4/2025","Substitute/","TR Schools","https://www.applitrack.com/sheridanwy/onlineapp/default.aspx?all=1","Sheridan County School District 1","11/28/2025"
170,"Substitute - Teacher","7/9/2018","Substitute/","District-Wide","https://www.applitrack.com/sheridanwy/onlineapp/default.aspx?all=1","Sheridan County School District 1","11/28/2025"
171,"9th Grade Boys Basketball B Team Assistant Coach - Sheridan High School","5/13/2025","Athletic Coaches","Sheridan High School","https://www.applitrack.com/scsd2/OnlineApp/default.aspx?all=1","Sheridan County School District 2","11/28/2025"
172,"Assistant Indoor Track Coach - Sheridan High School","9/10/2025","Athletic Coaches","Sheridan High School","https://www.applitrack.com/scsd2/OnlineApp/default.aspx?all=1","Sheridan County School District 2","11/28/2025"
173,"Assistant Outdoor Track Coach - Sheridan High School","9/10/2025","Athletic Coaches","Sheridan High School","https://www.applitrack.com/scsd2/OnlineApp/default.aspx?all=1","Sheridan County School District 2","11/28/2025"
174,"Assistant Nordic Ski Coach- Sheridan Junior High School","10/13/2025","Athletic Coaches","Sheridan Junior High School","https://www.applitrack.com/scsd2/OnlineApp/default.aspx?all=1","Sheridan County School District 2","11/28/2025"
175,"Boys Basketball Coach - 8th Grade B Team - Sheridan Junior High School","10/21/2025","Athletic Coaches","Sheridan Junior High School","https://www.applitrack.com/scsd2/OnlineApp/default.aspx?all=1","Sheridan County School District 2","11/28/2025"
176,"Head Nordic Ski Coach-Sheridan Junior High School","11/18/2025","Athletic Coaches/","Sheridan Junior High School","https://www.applitrack.com/scsd2/OnlineApp/default.aspx?all=1","Sheridan County School District 2","11/28/2025"
177,"High School Computer Science/Business Teacher (Grades 9-12)","10/30/2025","High School Teaching","Sheridan High School","https://www.applitrack.com/scsd2/OnlineApp/default.aspx?all=1","Sheridan County School District 2","11/28/2025"
178,"Paraprofessional - Special Education (Intensive Education Classroom) - Sheridan High School","10/30/2025","Paraprofessionals/","Sheridan High School","https://www.applitrack.com/scsd2/OnlineApp/default.aspx?all=1","Sheridan County School District 2","11/28/2025"
179,"Substitute Teacher (for prior SCSD2 Teachers only)","7/1/2025","Prior Employee/","District Wide","https://www.applitrack.com/scsd2/OnlineApp/default.aspx?all=1","Sheridan County School District 2","11/28/2025"
180,"Substitute Cooks Helper - Districtwide","8/23/2024","Substitutes","District Wide","https://www.applitrack.com/scsd2/OnlineApp/default.aspx?all=1","Sheridan County School District 2","11/28/2025"
181,"Substitute Custodian - Districtwide","8/29/2024","Substitutes","District Wide","https://www.applitrack.com/scsd2/OnlineApp/default.aspx?all=1","Sheridan County School District 2","11/28/2025"
182,"Substitute Paraprofessional","7/10/2024","Substitutes","District Wide","https://www.applitrack.com/scsd2/OnlineApp/default.aspx?all=1","Sheridan County School District 2","11/28/2025"
183,"Substitute School Nurse","7/10/2024","Substitutes","District Wide","https://www.applitrack.com/scsd2/OnlineApp/default.aspx?all=1","Sheridan County School District 2","11/28/2025"
184,"Substitute Bus Paraprofessional - Districtwide","4/28/2025","Substitutes","Bus Barn","https://www.applitrack.com/scsd2/OnlineApp/default.aspx?all=1","Sheridan County School District 2","11/28/2025"
185,"Substitute Teacher","7/1/2025","Substitutes/","District Wide","https://www.applitrack.com/scsd2/OnlineApp/default.aspx?all=1","Sheridan County School District 2","11/28/2025"
186,"Bus Driver - Districtwide","2/11/2025","Transportation Staff","Bus Barn","https://www.applitrack.com/scsd2/OnlineApp/default.aspx?all=1","Sheridan County School District 2","11/28/2025"
187,"Substitute Bus Driver","10/7/2025","Transportation Staff","Bus Barn","https://www.applitrack.com/scsd2/OnlineApp/default.aspx?all=1","Sheridan County School District 2","11/28/2025"
188,"Facility Accounting and Operations Specialist I","7/8/2025","Administrative Support Services","Maintenance","https://www.applitrack.com/sweetwater/onlineapp/default.aspx?all=1","Sweetwater County School District 1","11/28/2025"
189,"Data Specialist/ Technician","9/15/2025","Administrative Support Services","Central Administration","https://www.applitrack.com/sweetwater/onlineapp/default.aspx?all=1","Sweetwater County School District 1","11/28/2025"
190,"Payroll Specialist (2)","10/29/2025","Administrative Support Services","Central Administration","https://www.applitrack.com/sweetwater/onlineapp/default.aspx?all=1","Sweetwater County School District 1","11/28/2025"
191,NA,"11/21/2025","Administrative Support Services",NA,"https://www.applitrack.com/sweetwater/onlineapp/default.aspx?all=1","Sweetwater County School District 1","11/28/2025"
192,"Special Services Secretary and Records Compliance Specialist","11/17/2025","Administrative Support Services/","Central Administration","https://www.applitrack.com/sweetwater/onlineapp/default.aspx?all=1","Sweetwater County School District 1","11/28/2025"
193,"Before/After School Band Assistant","11/20/2025","Athletics/Activities/","Rock Springs High School","https://www.applitrack.com/sweetwater/onlineapp/default.aspx?all=1","Sweetwater County School District 1","11/28/2025"
194,"RSJH Head Cheer Advisor","11/21/2025","Athletics/Activities/","Rock Springs Junior High School","https://www.applitrack.com/sweetwater/onlineapp/default.aspx?all=1","Sweetwater County School District 1","11/28/2025"
195,"RSJH Assistant Cheer Advisor","11/21/2025","Athletics/Activities/","Rock Springs Junior High","https://www.applitrack.com/sweetwater/onlineapp/default.aspx?all=1","Sweetwater County School District 1","11/28/2025"
196,"RSJH Assistant Coach - Track","11/24/2025","Athletics/Activities/","Rock Springs Junior High","https://www.applitrack.com/sweetwater/onlineapp/default.aspx?all=1","Sweetwater County School District 1","11/28/2025"
197,"FEMS-FEHS Assistant Coach - Football","3/3/2025","Athletics/Activities/","Farson-Eden High School","https://www.applitrack.com/sweetwater/onlineapp/default.aspx?all=1","Sweetwater County School District 1","11/28/2025"
198,"RSJH Dive Coach","11/11/2025","Athletics/Activities/","Rock Springs Junior High","https://www.applitrack.com/sweetwater/onlineapp/default.aspx?all=1","Sweetwater County School District 1","11/28/2025"
199,"RSJH Head Coach - Girls Soccer - 7th Grade","8/26/2025","Athletics/Activities/","Rock Springs Junior High","https://www.applitrack.com/sweetwater/onlineapp/default.aspx?all=1","Sweetwater County School District 1","11/28/2025"
200,"RSJH Head Coach - Girls Soccer - 8th Grade","8/26/2025","Athletics/Activities/","Rock Springs Junior High","https://www.applitrack.com/sweetwater/onlineapp/default.aspx?all=1","Sweetwater County School District 1","11/28/2025"
201,"RSJH Head Coach - Boys Soccer - 7th Grade","8/26/2025","Athletics/Activities/","Rock Springs Junior High","https://www.applitrack.com/sweetwater/onlineapp/default.aspx?all=1","Sweetwater County School District 1","11/28/2025"
202,"RSJH Head Coach - Boys Soccer - 8th Grade","8/26/2025","Athletics/Activities/","Rock Springs Junior High","https://www.applitrack.com/sweetwater/onlineapp/default.aspx?all=1","Sweetwater County School District 1","11/28/2025"
203,"RSJH Head Coach - Girls Swim","10/21/2025","Athletics/Activities/","Rock Springs Junior High","https://www.applitrack.com/sweetwater/onlineapp/default.aspx?all=1","Sweetwater County School District 1","11/28/2025"
204,"RSJH Head Coach - Boys Swim","10/21/2025","Athletics/Activities/","Rock Springs Junior High","https://www.applitrack.com/sweetwater/onlineapp/default.aspx?all=1","Sweetwater County School District 1","11/28/2025"
205,"RSJH 8th Grade Head Coach - Boys Basketball","11/11/2025","Athletics/Activities/","Rock Springs Junior High","https://www.applitrack.com/sweetwater/onlineapp/default.aspx?all=1","Sweetwater County School District 1","11/28/2025"
206,"Art Teacher K-3","11/3/2025","Certified Staff/","District Wide","https://www.applitrack.com/sweetwater/onlineapp/default.aspx?all=1","Sweetwater County School District 1","11/28/2025"
207,"Business Teacher","11/5/2025","Certified Staff/","Rock Springs Junior High School","https://www.applitrack.com/sweetwater/onlineapp/default.aspx?all=1","Sweetwater County School District 1","11/28/2025"
208,"Elementary Teacher 3rd Grade","11/5/2025","Certified Staff/","Sage Elementary","https://www.applitrack.com/sweetwater/onlineapp/default.aspx?all=1","Sweetwater County School District 1","11/28/2025"
209,"Elementary Teacher 1st Grade","11/3/2025","Certified Staff/","Desert View Elementary","https://www.applitrack.com/sweetwater/onlineapp/default.aspx?all=1","Sweetwater County School District 1","11/28/2025"
210,"Elementary Teacher 3rd Grade","11/3/2025","Certified Staff/","Desert View Elementary","https://www.applitrack.com/sweetwater/onlineapp/default.aspx?all=1","Sweetwater County School District 1","11/28/2025"
211,"Elementary Teacher 5th Grade","11/4/2025","Certified Staff/","Eastside Elementary","https://www.applitrack.com/sweetwater/onlineapp/default.aspx?all=1","Sweetwater County School District 1","11/28/2025"
212,"Elementary Teacher 5th Grade","11/4/2025","Certified Staff/","Pilot Butte Elementary","https://www.applitrack.com/sweetwater/onlineapp/default.aspx?all=1","Sweetwater County School District 1","11/28/2025"
213,"EL Teacher (2)","11/4/2025","Certified Staff/","Rock Springs High School","https://www.applitrack.com/sweetwater/onlineapp/default.aspx?all=1","Sweetwater County School District 1","11/28/2025"
214,"Family and Consumer Science Teacher","11/5/2025","Certified Staff/","Rock Springs Junior High School","https://www.applitrack.com/sweetwater/onlineapp/default.aspx?all=1","Sweetwater County School District 1","11/28/2025"
215,"Graduation Coach - Grant Funded","11/4/2025","Certified Staff/","Rock Springs High School","https://www.applitrack.com/sweetwater/onlineapp/default.aspx?all=1","Sweetwater County School District 1","11/28/2025"
216,"School Counselor","11/6/2025","Certified Staff/","Eastside Elementary","https://www.applitrack.com/sweetwater/onlineapp/default.aspx?all=1","Sweetwater County School District 1","11/28/2025"
217,"Library Media Specialist K-3 (Stagecoach and Wamsutter)","11/3/2025","Certified Staff/","District Wide","https://www.applitrack.com/sweetwater/onlineapp/default.aspx?all=1","Sweetwater County School District 1","11/28/2025"
218,"Library Media Specialist K-3 (Desert View and North Park Elementary)","11/3/2025","Certified Staff/","District Wide","https://www.applitrack.com/sweetwater/onlineapp/default.aspx?all=1","Sweetwater County School District 1","11/28/2025"
219,"Math Teacher (3)","11/5/2025","Certified Staff/","Rock Springs High School","https://www.applitrack.com/sweetwater/onlineapp/default.aspx?all=1","Sweetwater County School District 1","11/28/2025"
220,"Band Teacher - Pilot Butte and Eastside Elementary","9/10/2025","Certified Staff/","District Wide","https://www.applitrack.com/sweetwater/onlineapp/default.aspx?all=1","Sweetwater County School District 1","11/28/2025"
221,"Music Teacher 4-6 (3)","11/6/2025","Certified Staff/","District Wide","https://www.applitrack.com/sweetwater/onlineapp/default.aspx?all=1","Sweetwater County School District 1","11/28/2025"
222,"Music Teacher K-3 (2)","11/6/2025","Certified Staff/","District Wide","https://www.applitrack.com/sweetwater/onlineapp/default.aspx?all=1","Sweetwater County School District 1","11/28/2025"
223,"Social Studies Teacher","11/5/2025","Certified Staff/","Rock Springs Junior High","https://www.applitrack.com/sweetwater/onlineapp/default.aspx?all=1","Sweetwater County School District 1","11/28/2025"
224,"Social Worker","11/6/2025","Certified Staff/","Rock Springs High School","https://www.applitrack.com/sweetwater/onlineapp/default.aspx?all=1","Sweetwater County School District 1","11/28/2025"
225,"Resource Teacher","11/5/2025","Certified Staff/","Stagecoach Elementary","https://www.applitrack.com/sweetwater/onlineapp/default.aspx?all=1","Sweetwater County School District 1","11/28/2025"
226,"Resource Teacher","11/5/2025","Certified Staff/","Walnut Elementary","https://www.applitrack.com/sweetwater/onlineapp/default.aspx?all=1","Sweetwater County School District 1","11/28/2025"
227,"Resource Teacher (2)","11/5/2025","Certified Staff/","Rock Springs Junior High School","https://www.applitrack.com/sweetwater/onlineapp/default.aspx?all=1","Sweetwater County School District 1","11/28/2025"
228,"Resource Teacher (2)","11/4/2025","Certified Staff/","Pilot Butte Elementary","https://www.applitrack.com/sweetwater/onlineapp/default.aspx?all=1","Sweetwater County School District 1","11/28/2025"
229,"Resource Teacher (2)","11/5/2025","Certified Staff/","Rock Springs High School","https://www.applitrack.com/sweetwater/onlineapp/default.aspx?all=1","Sweetwater County School District 1","11/28/2025"
230,"Special Education - Resource Teacher (2)","11/4/2025","Certified Staff/","Eastside Elementary","https://www.applitrack.com/sweetwater/onlineapp/default.aspx?all=1","Sweetwater County School District 1","11/28/2025"
231,"Resource Teacher","11/4/2025","Certified Staff/","Overland Elementary","https://www.applitrack.com/sweetwater/onlineapp/default.aspx?all=1","Sweetwater County School District 1","11/28/2025"
232,"Resource Teacher","11/3/2025","Certified Staff/","Desert Elementary (Wamsutter)","https://www.applitrack.com/sweetwater/onlineapp/default.aspx?all=1","Sweetwater County School District 1","11/28/2025"
233,"Alternative Behavior Program (ABP) Teacher","11/4/2025","Certified Staff/","Pilot Butte Elementary","https://www.applitrack.com/sweetwater/onlineapp/default.aspx?all=1","Sweetwater County School District 1","11/28/2025"
234,"Alternative Behavior Program Teacher","11/4/2025","Certified Staff/","Rock Springs High School","https://www.applitrack.com/sweetwater/onlineapp/default.aspx?all=1","Sweetwater County School District 1","11/28/2025"
235,"Alternative Communication Program (ACP) Teacher","11/4/2025","Certified Staff/","Rock Springs High School","https://www.applitrack.com/sweetwater/onlineapp/default.aspx?all=1","Sweetwater County School District 1","11/28/2025"
236,"Alternative Behavior Program (ABP)","11/5/2025","Certified Staff/","Sage Elementary","https://www.applitrack.com/sweetwater/onlineapp/default.aspx?all=1","Sweetwater County School District 1","11/28/2025"
237,"Alternative Daily Living Skills Program Teacher","11/5/2025","Certified Staff/","Stagecoach Elementary","https://www.applitrack.com/sweetwater/onlineapp/default.aspx?all=1","Sweetwater County School District 1","11/28/2025"
238,"Alternative Academic-Daily Living Skills Program Teacher","10/22/2025","Certified Staff/","Rock Springs High School","https://www.applitrack.com/sweetwater/onlineapp/default.aspx?all=1","Sweetwater County School District 1","11/28/2025"
239,"Bus Driver/Classroom Paraprofessional","8/11/2025","Combined Positions/","Desert Elementary (Wamsutter)","https://www.applitrack.com/sweetwater/onlineapp/default.aspx?all=1","Sweetwater County School District 1","11/28/2025"
240,"Full-Time Daycare Assistant","11/14/2025","Daycare/","Overland Elementary","https://www.applitrack.com/sweetwater/onlineapp/default.aspx?all=1","Sweetwater County School District 1","11/28/2025"
241,"Substitute - Head Start","6/12/2018","Head Start","Overland Elementary","https://www.applitrack.com/sweetwater/onlineapp/default.aspx?all=1","Sweetwater County School District 1","11/28/2025"
242,"Head Start Part-Time Building Aide","10/29/2025","Head Start/","Overland Elementary","https://www.applitrack.com/sweetwater/onlineapp/default.aspx?all=1","Sweetwater County School District 1","11/28/2025"
243,"Activities Lead/ Full Time Custodian","9/10/2025","Maintenance/Custodial/","District Wide","https://www.applitrack.com/sweetwater/onlineapp/default.aspx?all=1","Sweetwater County School District 1","11/28/2025"
244,"Lead Custodian","9/29/2025","Maintenance/Custodial/","Overland Elementary","https://www.applitrack.com/sweetwater/onlineapp/default.aspx?all=1","Sweetwater County School District 1","11/28/2025"
245,"Full-Time Custodian","9/4/2025","Maintenance/Custodial/","Rock Springs High School","https://www.applitrack.com/sweetwater/onlineapp/default.aspx?all=1","Sweetwater County School District 1","11/28/2025"
246,"Nutrition Services Substitute","7/18/2024","Nutrition Services/","District Wide","https://www.applitrack.com/sweetwater/onlineapp/default.aspx?all=1","Sweetwater County School District 1","11/28/2025"
247,"Accompanist","8/20/2025","Paraprofessional/","Rock Springs Junior High","https://www.applitrack.com/sweetwater/onlineapp/default.aspx?all=1","Sweetwater County School District 1","11/28/2025"
248,"Office Paraprofessional","10/3/2025","Paraprofessional/","Overland Elementary","https://www.applitrack.com/sweetwater/onlineapp/default.aspx?all=1","Sweetwater County School District 1","11/28/2025"
249,"ELL Paraprofessional","10/3/2025","Paraprofessional/","Rock Springs High School","https://www.applitrack.com/sweetwater/onlineapp/default.aspx?all=1","Sweetwater County School District 1","11/28/2025"
250,"ELL Paraprofessional","6/4/2025","Paraprofessional/","Walnut Elementary","https://www.applitrack.com/sweetwater/onlineapp/default.aspx?all=1","Sweetwater County School District 1","11/28/2025"
251,"Special Education Paraprofessional","4/2/2025","Paraprofessional/","Lowell School","https://www.applitrack.com/sweetwater/onlineapp/default.aspx?all=1","Sweetwater County School District 1","11/28/2025"
252,"Resource Room Paraprofessional","8/19/2025","Paraprofessional/","Walnut Elementary","https://www.applitrack.com/sweetwater/onlineapp/default.aspx?all=1","Sweetwater County School District 1","11/28/2025"
253,"Resource Room Paraprofessional (3)","8/21/2025","Paraprofessional/","Rock Springs Satellite High School","https://www.applitrack.com/sweetwater/onlineapp/default.aspx?all=1","Sweetwater County School District 1","11/28/2025"
254,"Resource Room Paraprofessional","9/10/2025","Paraprofessional/","Rock Springs High School","https://www.applitrack.com/sweetwater/onlineapp/default.aspx?all=1","Sweetwater County School District 1","11/28/2025"
255,"Resource Room Paraprofessional","11/24/2025","Paraprofessional/","Stagecoach Elementary","https://www.applitrack.com/sweetwater/onlineapp/default.aspx?all=1","Sweetwater County School District 1","11/28/2025"
256,"Special Programs One-on-One Paraprofessional","11/24/2025","Paraprofessional/","Rock Springs High School","https://www.applitrack.com/sweetwater/onlineapp/default.aspx?all=1","Sweetwater County School District 1","11/28/2025"
257,"Special Programs Paraprofessional (Alternative Behavior Program)","11/12/2025","Paraprofessional/","Pilot Butte Elementary","https://www.applitrack.com/sweetwater/onlineapp/default.aspx?all=1","Sweetwater County School District 1","11/28/2025"
258,"Special Programs One-on-One Paraprofessional","11/12/2025","Paraprofessional/","Northpark Elementary","https://www.applitrack.com/sweetwater/onlineapp/default.aspx?all=1","Sweetwater County School District 1","11/28/2025"
259,"Alternate Academic Special Programs One-on-One Paraprofessional","11/18/2025","Paraprofessional/","Northpark Elementary","https://www.applitrack.com/sweetwater/onlineapp/default.aspx?all=1","Sweetwater County School District 1","11/28/2025"
260,"Special Programs (Alternative Academics Program) Paraprofessional","11/19/2025","Paraprofessional/","Eastside Elementary","https://www.applitrack.com/sweetwater/onlineapp/default.aspx?all=1","Sweetwater County School District 1","11/28/2025"
261,"Special Programs One-on-One Paraprofessional","9/25/2025","Paraprofessional/","Sage Elementary","https://www.applitrack.com/sweetwater/onlineapp/default.aspx?all=1","Sweetwater County School District 1","11/28/2025"
262,"Alternate Academic Special Programs One-on-One Paraprofessional","5/5/2025","Paraprofessional/","Rock Springs Junior High","https://www.applitrack.com/sweetwater/onlineapp/default.aspx?all=1","Sweetwater County School District 1","11/28/2025"
263,"Full-Time High School Special Education Paraprofessional and Daycare Assistant - Overland/RSHS","11/4/2024","Paraprofessional/","Overland/RSHS","https://www.applitrack.com/sweetwater/onlineapp/default.aspx?all=1","Sweetwater County School District 1","11/28/2025"
264,"Full-Time High School Special Education Paraprofessional and Daycare Assistant - Overland/RSHS","11/11/2025","Paraprofessional/","Overland/RSHS","https://www.applitrack.com/sweetwater/onlineapp/default.aspx?all=1","Sweetwater County School District 1","11/28/2025"
265,"Certified Substitute School Nurse","10/3/2019","Substitute","District Wide","https://www.applitrack.com/sweetwater/onlineapp/default.aspx?all=1","Sweetwater County School District 1","11/28/2025"
266,"BOCES Full Time Building Substitute Teacher (1) - One Year Only","2/4/2025","Substitute/","Overland Elementary","https://www.applitrack.com/sweetwater/onlineapp/default.aspx?all=1","Sweetwater County School District 1","11/28/2025"
267,"BOCES Part Time Building Substitute Teacher (2) - One Year Only","6/5/2025","Substitute/","Overland Elementary","https://www.applitrack.com/sweetwater/onlineapp/default.aspx?all=1","Sweetwater County School District 1","11/28/2025"
268,"Substitute Teacher","7/7/2025","Substitute/","District Wide","https://www.applitrack.com/sweetwater/onlineapp/default.aspx?all=1","Sweetwater County School District 1","11/28/2025"
269,"Long Term Substitute Teacher - Math","10/24/2025","Substitute/","Rock Springs High School","https://www.applitrack.com/sweetwater/onlineapp/default.aspx?all=1","Sweetwater County School District 1","11/28/2025"
270,"Long Term Substitute Teacher - 5th Grade","10/14/2025","Substitute/","Eastside Elementary","https://www.applitrack.com/sweetwater/onlineapp/default.aspx?all=1","Sweetwater County School District 1","11/28/2025"
271,"Over The Road Activity Bus Driver","11/3/2025","Transportation/","Transportation","https://www.applitrack.com/sweetwater/onlineapp/default.aspx?all=1","Sweetwater County School District 1","11/28/2025"
272,"Bus Aide","10/29/2025","Transportation/","Transportation","https://www.applitrack.com/sweetwater/onlineapp/default.aspx?all=1","Sweetwater County School District 1","11/28/2025"
273,"Part-Time Bus Driver (26 Hours/Week)","9/5/2019","Transportation/","Transportation","https://www.applitrack.com/sweetwater/onlineapp/default.aspx?all=1","Sweetwater County School District 1","11/28/2025"
274,"Substitute Bus Driver","7/8/2025","Transportation/","Transportation","https://www.applitrack.com/sweetwater/onlineapp/default.aspx?all=1","Sweetwater County School District 1","11/28/2025"
275,"Auto/Bus Mechanic","11/12/2025","Transportation/","Transportation","https://www.applitrack.com/sweetwater/onlineapp/default.aspx?all=1","Sweetwater County School District 1","11/28/2025"
276,"GRHS Assistant Boys Soccer Coach","6/5/2025","Athletics/Activities/","Green River High School","https://www.applitrack.com/swcsd2/onlineapp/default.aspx?all=1","Sweetwater County School District 2","11/28/2025"
277,"GRHS Assistant Girls Soccer Coach","6/5/2025","Athletics/Activities/","Green River High School","https://www.applitrack.com/swcsd2/onlineapp/default.aspx?all=1","Sweetwater County School District 2","11/28/2025"
278,"LMS Head Co-Ed Soccer Coach","6/5/2025","Athletics/Activities/","Lincoln Middle School","https://www.applitrack.com/swcsd2/onlineapp/default.aspx?all=1","Sweetwater County School District 2","11/28/2025"
279,"LMS Assistant Co-Ed Soccer Coach","6/5/2025","Athletics/Activities/","Lincoln Middle School","https://www.applitrack.com/swcsd2/onlineapp/default.aspx?all=1","Sweetwater County School District 2","11/28/2025"
280,"Substitute Nutrition Services","7/10/2025","Nutrition Services/","Nutrition Services Department","https://www.applitrack.com/swcsd2/onlineapp/default.aspx?all=1","Sweetwater County School District 2","11/28/2025"
281,"English Language Learning Paraprofessional","10/13/2025","Paraprofessional/","Monroe Elementary School","https://www.applitrack.com/swcsd2/onlineapp/default.aspx?all=1","Sweetwater County School District 2","11/28/2025"
282,"Substitute Teacher","7/10/2025","Substitute/","Central Office","https://www.applitrack.com/swcsd2/onlineapp/default.aspx?all=1","Sweetwater County School District 2","11/28/2025"
283,"Substitute Teacher Aide","7/10/2025","Substitute/","Central Office","https://www.applitrack.com/swcsd2/onlineapp/default.aspx?all=1","Sweetwater County School District 2","11/28/2025"
284,"Total Care Aide","11/25/2025","Support Staff/","Harrison Elementary School","https://www.applitrack.com/swcsd2/onlineapp/default.aspx?all=1","Sweetwater County School District 2","11/28/2025"
285,"Substitute Mechanic","7/10/2025","Transportation","Transportation Department","https://www.applitrack.com/swcsd2/onlineapp/default.aspx?all=1","Sweetwater County School District 2","11/28/2025"
286,"Bus Aide","7/31/2025","Transportation/","Transportation Department","https://www.applitrack.com/swcsd2/onlineapp/default.aspx?all=1","Sweetwater County School District 2","11/28/2025"
287,"ATHLETIC TRAINER","7/15/2025","Athletics/Activities/","TCSD Schools","https://www.applitrack.com/tcsd/onlineapp/default.aspx?all=1","Teton County School District 1","11/28/2025"
288,"High School Assistant Girls Basketball Coach","6/3/2025","Athletics/Activities/","TCSD Schools","https://www.applitrack.com/tcsd/onlineapp/default.aspx?all=1","Teton County School District 1","11/28/2025"
289,"Middle School Assistant Track Coach","6/10/2025","Athletics/Activities/","TCSD Schools","https://www.applitrack.com/tcsd/onlineapp/default.aspx?all=1","Teton County School District 1","11/28/2025"
290,"Middle School Boys Assistant Basketball Coach","10/2/2025","Athletics/Activities/","TCSD Schools","https://www.applitrack.com/tcsd/onlineapp/default.aspx?all=1","Teton County School District 1","11/28/2025"
291,".6 FTE Math Instructional Specialist (Certified)/.4 FTE Math Instructional Paraprofessional (Classified)","10/29/2025","Elementary School Teaching","Munger Mountain Elementary","https://www.applitrack.com/tcsd/onlineapp/default.aspx?all=1","Teton County School District 1","11/28/2025"
292,"Special Education Paraprofessional(s) Grades 6-12","9/18/2025","Paraprofessional/","TCSD Schools","https://www.applitrack.com/tcsd/onlineapp/default.aspx?all=1","Teton County School District 1","11/28/2025"
293,"Substitute Teachers/Nurses","2/11/2020","Substitute/","TCSD Schools","https://www.applitrack.com/tcsd/onlineapp/default.aspx?all=1","Teton County School District 1","11/28/2025"
294,"Substitute Para/Secretary","2/11/2020","Substitute/","TCSD Schools","https://www.applitrack.com/tcsd/onlineapp/default.aspx?all=1","Teton County School District 1","11/28/2025"
295,"MORAN Route Driver","11/20/2024","Transportation/","Transportation","https://www.applitrack.com/tcsd/onlineapp/default.aspx?all=1","Teton County School District 1","11/28/2025"
296,"Route Bus Driver","10/29/2019","Transportation/","Transportation","https://www.applitrack.com/tcsd/onlineapp/default.aspx?all=1","Teton County School District 1","11/28/2025"
297,"Walking School Bus","10/29/2025","Transportation/","Transportation","https://www.applitrack.com/tcsd/onlineapp/default.aspx?all=1","Teton County School District 1","11/28/2025"
298,"Substitute Bus Drivers","10/29/2019","Transportation/","Transportation","https://www.applitrack.com/tcsd/onlineapp/default.aspx?all=1","Teton County School District 1","11/28/2025"
299,"Boys JV Basketball Coach","10/31/2025","Athletics/Activities/","Evanston High School","https://www.applitrack.com/uinta/onlineapp/jobpostings/view.asp?all=1","Uinta County School District 1","11/28/2025"
300,"Temporary Part-time Piano Accompanist","8/23/2023","Support Staff/","Evanston High School","https://www.applitrack.com/uinta/onlineapp/jobpostings/view.asp?all=1","Uinta County School District 1","11/28/2025"
301,"Full-time and Part-time Classroom Aides and SPED Paraprofessionals","7/16/2025","Support Staff/","District Wide","https://www.applitrack.com/uinta/onlineapp/jobpostings/view.asp?all=1","Uinta County School District 1","11/28/2025"
302,"Lifeguard - HS Student","1/8/2024","Aquatic Center Staff/","Worland Aquatic Center","https://www.applitrack.com/washakie1/onlineapp/default.aspx?all=1","Washakie County School District 1","11/28/2025"
303,"HS Assistant Cheer Coach","4/29/2025","Athletics/Activities","Worland High School","https://www.applitrack.com/washakie1/onlineapp/default.aspx?all=1","Washakie County School District 1","11/28/2025"
304,"MS Boys Basketball Coach","10/22/2025","Athletics/Activities","Worland Middle School","https://www.applitrack.com/washakie1/onlineapp/default.aspx?all=1","Washakie County School District 1","11/28/2025"
305,"SLP-Assistant","5/14/2025","Special Education Services","Education Resource Center","https://www.applitrack.com/washakie1/onlineapp/default.aspx?all=1","Washakie County School District 1","11/28/2025"
306,"Speech Language Pathologist","12/18/2024","Special Education Services","Education Resource Center","https://www.applitrack.com/washakie1/onlineapp/default.aspx?all=1","Washakie County School District 1","11/28/2025"
307,"Substitute Bus Driver","7/1/2021","Substitute/","Bus Barn","https://www.applitrack.com/washakie1/onlineapp/default.aspx?all=1","Washakie County School District 1","11/28/2025"
308,"Substitute Cook","11/4/2020","Substitute/","District","https://www.applitrack.com/washakie1/onlineapp/default.aspx?all=1","Washakie County School District 1","11/28/2025"
309,"Substitute Housekeeper","1/21/2019","Substitute/",NA,"https://www.applitrack.com/washakie1/onlineapp/default.aspx?all=1","Washakie County School District 1","11/28/2025"
310,"Substitute Paraeducator","3/2/2016","Substitute/",NA,"https://www.applitrack.com/washakie1/onlineapp/default.aspx?all=1","Washakie County School District 1","11/28/2025"
311,"Substitute Teacher","3/2/2016","Substitute/",NA,"https://www.applitrack.com/washakie1/onlineapp/default.aspx?all=1","Washakie County School District 1","11/28/2025"
312,"2025-2026 HS Track Assistant Coach","8/27/2025","Coaching","Dubois K-12 School","https://fremont2.tedk12.com/hire/index.aspx","Fremont County School District 2","11/28/2025"
313,"Part-Time Special Education Paraprofessional","8/12/2025","Classified","Dubois K-12 School","https://fremont2.tedk12.com/hire/index.aspx","Fremont County School District 2","11/28/2025"
314,"2025-2026 Drama Club Sponsor","5/23/2025","Coaching","Dubois K-12 School","https://fremont2.tedk12.com/hire/index.aspx","Fremont County School District 2","11/28/2025"
315,"Substitute Custodian/Food Service","2/1/2025","Classified","Dubois K-12 School","https://fremont2.tedk12.com/hire/index.aspx","Fremont County School District 2","11/28/2025"
316,"Substitute Bus Driver","4/1/2024","Classified","Central Office","https://fremont2.tedk12.com/hire/index.aspx","Fremont County School District 2","11/28/2025"
317,"Substitute - Classified -  Para/Secretary","4/1/2024","Classified","Dubois K-12 School","https://fremont2.tedk12.com/hire/index.aspx","Fremont County School District 2","11/28/2025"
318,"Substitute Teaching","4/1/2024","Substitute","Dubois K-12 School","https://fremont2.tedk12.com/hire/index.aspx","Fremont County School District 2","11/28/2025"
319,"Special Education Paraprofessional - Lincoln Elementary","11/19/2025","Support","Lincoln Elementary School","https://goshen.tedk12.com/hire/index.aspx#aJobListings","Goshen County School District 1","11/28/2025"
320,"Agriculture Education Teacher - Southeast Jr/Sr High School","11/18/2025","Secondary Certified","Southeast Jr - Sr High School","https://goshen.tedk12.com/hire/index.aspx#aJobListings","Goshen County School District 1","11/28/2025"
321,"Science Teacher (Lingle Ft. Laramie Middle & High School)","11/17/2025","Secondary Certified","Lingle Ft. Laramie Middle/High School","https://goshen.tedk12.com/hire/index.aspx#aJobListings","Goshen County School District 1","11/28/2025"
322,"Teacher - Secondary Math - Torrington High School","9/18/2025","Secondary Certified","Torrington High School","https://goshen.tedk12.com/hire/index.aspx#aJobListings","Goshen County School District 1","11/28/2025"
323,"Teacher - Band (Torrington High School & Torrington Middle School) - Reposted","9/18/2025","Secondary Certified","Torrington Middle and High Schools","https://goshen.tedk12.com/hire/index.aspx#aJobListings","Goshen County School District 1","11/28/2025"
324,"Cook - Lingle-Fort Laramie Schools (REPOSTED)","8/29/2025","Food Service","Lingle Ft Laramie Schools","https://goshen.tedk12.com/hire/index.aspx#aJobListings","Goshen County School District 1","11/28/2025"
325,"Bus Driver/ Sub Bus Driver","1/1/2025","Bus Driver","Transportation Services","https://goshen.tedk12.com/hire/index.aspx#aJobListings","Goshen County School District 1","11/28/2025"
326,"Future Administrative Positions","1/1/2025","Administrative - building","Central Administration Office","https://goshen.tedk12.com/hire/index.aspx#aJobListings","Goshen County School District 1","11/28/2025"
327,"Future Substitute Teacher Positions","1/1/2025","Substitute","Central Administration Office","https://goshen.tedk12.com/hire/index.aspx#aJobListings","Goshen County School District 1","11/28/2025"
328,"Future Classified Positions","1/1/2025","Support","Central Administration Office","https://goshen.tedk12.com/hire/index.aspx#aJobListings","Goshen County School District 1","11/28/2025"
329,"Future Certified Positions","1/1/2025","K-12","Central Administration Office","https://goshen.tedk12.com/hire/index.aspx#aJobListings","Goshen County School District 1","11/28/2025"
330,"Speech Language Pathologist - District","7/11/2023","Specialist - Certified","Office of Special Services","https://goshen.tedk12.com/hire/index.aspx#aJobListings","Goshen County School District 1","11/28/2025"
331,"District Superintendent",NA,"District Superintendent","Crook County School District 1","https://crook1.schoolspring.com/","Crook County School District 1","11/28/2025"
332,"Substitute Custodian",NA,"Substitute Custodian","Sundance Secondary","https://crook1.schoolspring.com/","Crook County School District 1","11/28/2025"
333,"Substitute Custodian",NA,"Substitute Custodian","Moorcroft Secondary","https://crook1.schoolspring.com/","Crook County School District 1","11/28/2025"
334,"Substitute Custodian",NA,"Substitute Custodian","Hulett K-12","https://crook1.schoolspring.com/","Crook County School District 1","11/28/2025"
335,"Substitute Teacher",NA,"Substitute Teacher","Sundance Elementary","https://crook1.schoolspring.com/","Crook County School District 1","11/28/2025"
336,"Substitute Teacher",NA,"Substitute Teacher","Moorcroft Elementary","https://crook1.schoolspring.com/","Crook County School District 1","11/28/2025"
337,"Substitute Teacher",NA,"Substitute Teacher","Hulett K-12","https://crook1.schoolspring.com/","Crook County School District 1","11/28/2025"
338,"Substitute & Activity Bus Drivers",NA,"Substitute & Activity Bus Drivers","Sundance Secondary","https://crook1.schoolspring.com/","Crook County School District 1","11/28/2025"
339,"Substitute & Activity Bus Drivers",NA,"Substitute & Activity Bus Drivers","Moorcroft Secondary","https://crook1.schoolspring.com/","Crook County School District 1","11/28/2025"
340,"Substitute & Activity Bus Drivers",NA,"Substitute & Activity Bus Drivers","Hulett K-12","https://crook1.schoolspring.com/","Crook County School District 1","11/28/2025"
341,"Cook",NA,"Cook","Hulett K-12","https://crook1.schoolspring.com/","Crook County School District 1","11/28/2025"
342,"Route Bus Driver",NA,"Route Bus Driver","Moorcroft Secondary","https://crook1.schoolspring.com/","Crook County School District 1","11/28/2025"
343,"Junior High Track Coach",NA,"Junior High Track Coach","Hulett K-12","https://crook1.schoolspring.com/","Crook County School District 1","11/28/2025"
344,"K-12 Music Teacher",NA,"K-12 Music Teacher","Hulett K-12","https://crook1.schoolspring.com/","Crook County School District 1","11/28/2025"
345,"Paraeducator Pre-K-2025/2026 Contract year only [PA18]",NA,"Paraeducator Pre-K-2025/2026 Contract year only [PA18]","SUNRISE ELEMENTARY SCHOOL","https://laramie1.schoolspring.com/","Laramie County School District 1","11/28/2025"
346,"Custodial - Head Class 5 [CU08]",NA,"Custodial - Head Class 5 [CU08]","SOUTH HIGH SCHOOL","https://laramie1.schoolspring.com/","Laramie County School District 1","11/28/2025"
347,"We The People Sponsor",NA,"We The People Sponsor","SOUTH HIGH SCHOOL","https://laramie1.schoolspring.com/","Laramie County School District 1","11/28/2025"
348,"Title I Tutor",NA,"Title I Tutor","FAIRVIEW ELEMENTARY SCHOOL","https://laramie1.schoolspring.com/","Laramie County School District 1","11/28/2025"
349,"Nutrition- Elementary Head Cashier [NU03]",NA,"Nutrition- Elementary Head Cashier [NU03]","HOBBS ELEMENTARY SCHOOL","https://laramie1.schoolspring.com/","Laramie County School District 1","11/28/2025"
350,"Nutrition Services Aid [NU02]",NA,"Nutrition Services Aid [NU02]","SUNRISE ELEMENTARY SCHOOL","https://laramie1.schoolspring.com/","Laramie County School District 1","11/28/2025"
351,"Title 1 Tutor",NA,"Title 1 Tutor","ARP ELEMENTARY SCHOOL","https://laramie1.schoolspring.com/","Laramie County School District 1","11/28/2025"
352,"Student Sweeper [ST05]",NA,"Student Sweeper [ST05]","CENTRAL HIGH SCHOOL","https://laramie1.schoolspring.com/","Laramie County School District 1","11/28/2025"
353,"Nutrition Services Aid [NU02]",NA,"Nutrition Services Aid [NU02]","EAST HIGH SCHOOL","https://laramie1.schoolspring.com/","Laramie County School District 1","11/28/2025"
354,"Student Sweeper [ST05]",NA,"Student Sweeper [ST05]","AFFLERBACH ELEMENTARY SCHOOL","https://laramie1.schoolspring.com/","Laramie County School District 1","11/28/2025"
355,"Student Sweeper [ST05]",NA,"Student Sweeper [ST05]","ARP ELEMENTARY SCHOOL","https://laramie1.schoolspring.com/","Laramie County School District 1","11/28/2025"
356,"Student Sweeper [ST05]",NA,"Student Sweeper [ST05]","BAGGS ELEMENTARY SCHOOL","https://laramie1.schoolspring.com/","Laramie County School District 1","11/28/2025"
357,"Student Sweeper [ST05]",NA,"Student Sweeper [ST05]","BAIN ELEMENTARY SCHOOL","https://laramie1.schoolspring.com/","Laramie County School District 1","11/28/2025"
358,"Student Sweeper [ST05]",NA,"Student Sweeper [ST05]","BUFFALO RIDGE ELEMENTARY SCHL","https://laramie1.schoolspring.com/","Laramie County School District 1","11/28/2025"
359,"Student Sweeper [ST05]",NA,"Student Sweeper [ST05]","DILDINE ELEMENTARY SCHOOL","https://laramie1.schoolspring.com/","Laramie County School District 1","11/28/2025"
360,"Student Sweeper [ST05]",NA,"Student Sweeper [ST05]","GILCHRIST ELEMENTARY SCHOOL","https://laramie1.schoolspring.com/","Laramie County School District 1","11/28/2025"
361,"Student Sweeper [ST05]",NA,"Student Sweeper [ST05]","HENDERSON ELEMENTARY SCHOOL","https://laramie1.schoolspring.com/","Laramie County School District 1","11/28/2025"
362,"Student Sweeper [ST05]",NA,"Student Sweeper [ST05]","LEBHART ELEMENTARY SCHOOL","https://laramie1.schoolspring.com/","Laramie County School District 1","11/28/2025"
363,"Student Sweeper [ST05]",NA,"Student Sweeper [ST05]","PRAIRIE WIND ELEMENTARY SCHOOL","https://laramie1.schoolspring.com/","Laramie County School District 1","11/28/2025"
364,"Student Sweeper [ST05]",NA,"Student Sweeper [ST05]","CAREY JUNIOR HIGH SCHOOL","https://laramie1.schoolspring.com/","Laramie County School District 1","11/28/2025"
365,"Student Sweeper [ST05]",NA,"Student Sweeper [ST05]","ROSSMAN ELEMENTARY SCHOOL","https://laramie1.schoolspring.com/","Laramie County School District 1","11/28/2025"
366,"Student Sweeper [ST05]",NA,"Student Sweeper [ST05]","SUNRISE ELEMENTARY SCHOOL","https://laramie1.schoolspring.com/","Laramie County School District 1","11/28/2025"
367,"Student Sweeper [ST05]",NA,"Student Sweeper [ST05]","JOHNSON JUNIOR HIGH SCHOOL","https://laramie1.schoolspring.com/","Laramie County School District 1","11/28/2025"
368,"Paraeducator Special Needs PALS [XP09]",NA,"Paraeducator Special Needs PALS [XP09]","CENTRAL HIGH SCHOOL","https://laramie1.schoolspring.com/","Laramie County School District 1","11/28/2025"
369,"Sub-Custodian [S010]",NA,"Sub-Custodian [S010]","Laramie County School District 1","https://laramie1.schoolspring.com/","Laramie County School District 1","11/28/2025"
370,"Paraeducator Special Education [XP08]",NA,"Paraeducator Special Education [XP08]","MEADOWLARK ELEMENTARY SCHOOL","https://laramie1.schoolspring.com/","Laramie County School District 1","11/28/2025"
371,"Transportation Assistant [TR01]",NA,"Transportation Assistant [TR01]","Laramie County School District 1","https://laramie1.schoolspring.com/","Laramie County School District 1","11/28/2025"
372,"Transportation Activity Driver [TR06]",NA,"Transportation Activity Driver [TR06]","Laramie County School District 1","https://laramie1.schoolspring.com/","Laramie County School District 1","11/28/2025"
373,"Bus Driver [TR04]",NA,"Bus Driver [TR04]","Laramie County School District 1","https://laramie1.schoolspring.com/","Laramie County School District 1","11/28/2025"
374,"5th Grade Teacher - 2025/2026 Contract year only[TA11]","Oct 27, 2025 6:00 AM (UTC)","5th Grade Teacher - 2025/2026 Contract year only[TA11]","BAIN ELEMENTARY SCHOOL","https://laramie1.schoolspring.com/","Laramie County School District 1","11/28/2025"
375,"Nutrition Services Aid [NU02]","Oct 27, 2025 6:00 AM (UTC)","Nutrition Services Aid [NU02]","MEADOWLARK ELEMENTARY SCHOOL","https://laramie1.schoolspring.com/","Laramie County School District 1","11/28/2025"
376,"Physical Therapist [XT07]","Oct 23, 2025 6:00 AM (UTC)","Physical Therapist [XT07]","Laramie County School District 1","https://laramie1.schoolspring.com/","Laramie County School District 1","11/28/2025"
377,"2nd Grade Teacher DLI Spanish [TA40]","Oct 23, 2025 6:00 AM (UTC)","2nd Grade Teacher DLI Spanish [TA40]","AFFLERBACH ELEMENTARY SCHOOL","https://laramie1.schoolspring.com/","Laramie County School District 1","11/28/2025"
378,"School Psychologist Intern [XT32]","Oct 23, 2025 6:00 AM (UTC)","School Psychologist Intern [XT32]","Laramie County School District 1","https://laramie1.schoolspring.com/","Laramie County School District 1","11/28/2025"
379,"Paraprofessional","Oct 20, 2025 6:00 AM (UTC)","Paraprofessional","PODER ACADEMY SECONDARY (PASS)","https://laramie1.schoolspring.com/","Laramie County School District 1","11/28/2025"
380,"Nutrition-Elementary Head Cashier [NU03]","Oct 20, 2025 6:00 AM (UTC)","Nutrition-Elementary Head Cashier [NU03]","JESSUP ELEMENTARY SCHOOL","https://laramie1.schoolspring.com/","Laramie County School District 1","11/28/2025"
381,"Paraeducator Resource Room [XP08]","Oct 20, 2025 6:00 AM (UTC)","Paraeducator Resource Room [XP08]","SOUTH HIGH SCHOOL","https://laramie1.schoolspring.com/","Laramie County School District 1","11/28/2025"
382,"Afternoon Strength & Conditioning Coach [SO08]","Oct 20, 2025 6:00 AM (UTC)","Afternoon Strength & Conditioning Coach [SO08]","MCCORMICK JUNIOR HIGH SCHOOL","https://laramie1.schoolspring.com/","Laramie County School District 1","11/28/2025"
383,"Assistant Head Custodian - Class 4 [CU01]","Oct 17, 2025 6:00 AM (UTC)","Assistant Head Custodian - Class 4 [CU01]","MCCORMICK JUNIOR HIGH SCHOOL","https://laramie1.schoolspring.com/","Laramie County School District 1","11/28/2025"
384,"Custodial - Head Class 4 [CU07]","Oct 07, 2025 6:00 AM (UTC)","Custodial - Head Class 4 [CU07]","MEADOWLARK ELEMENTARY SCHOOL","https://laramie1.schoolspring.com/","Laramie County School District 1","11/28/2025"
385,"Special Needs Behavior Lab Paraeducator [XP09]","Oct 03, 2025 6:00 AM (UTC)","Special Needs Behavior Lab Paraeducator [XP09]","MCCORMICK JUNIOR HIGH SCHOOL","https://laramie1.schoolspring.com/","Laramie County School District 1","11/28/2025"
386,"School Menu Coordinator","Oct 02, 2025 6:00 AM (UTC)","School Menu Coordinator","Laramie County School District 1","https://laramie1.schoolspring.com/","Laramie County School District 1","11/28/2025"
387,"Early Childhood Special Education Teacher [XT20]","Oct 01, 2025 6:00 AM (UTC)","Early Childhood Special Education Teacher [XT20]","Laramie County School District 1","https://laramie1.schoolspring.com/","Laramie County School District 1","11/28/2025"
388,"Nutrition Services Aid [NU02]","Sep 29, 2025 6:00 AM (UTC)","Nutrition Services Aid [NU02]","PIONEER PARK ELEMENTARY SCHOOL","https://laramie1.schoolspring.com/","Laramie County School District 1","11/28/2025"
389,"Nutrition Services Aid [NU02]","Sep 29, 2025 6:00 AM (UTC)","Nutrition Services Aid [NU02]","SOUTH HIGH SCHOOL","https://laramie1.schoolspring.com/","Laramie County School District 1","11/28/2025"
390,"Assistant Boys Basketball Coach [CO76]","Sep 23, 2025 6:00 AM (UTC)","Assistant Boys Basketball Coach [CO76]","JOHNSON JUNIOR HIGH SCHOOL","https://laramie1.schoolspring.com/","Laramie County School District 1","11/28/2025"
391,"Occupational Therapist [XT06]","Sep 12, 2025 6:00 AM (UTC)","Occupational Therapist [XT06]","Laramie County School District 1","https://laramie1.schoolspring.com/","Laramie County School District 1","11/28/2025"
392,"Nutrition Services Aid [NU02]","Sep 11, 2025 6:00 AM (UTC)","Nutrition Services Aid [NU02]","JOHNSON JUNIOR HIGH SCHOOL","https://laramie1.schoolspring.com/","Laramie County School District 1","11/28/2025"
393,"Assistant - Speech Language Pathology [XI02]","Sep 11, 2025 6:00 AM (UTC)","Assistant - Speech Language Pathology [XI02]","HOBBS ELEMENTARY SCHOOL","https://laramie1.schoolspring.com/","Laramie County School District 1","11/28/2025"
394,"Nutrition Services Aid [NU02]","Sep 11, 2025 6:00 AM (UTC)","Nutrition Services Aid [NU02]","MCCORMICK JUNIOR HIGH SCHOOL","https://laramie1.schoolspring.com/","Laramie County School District 1","11/28/2025"
395,"Assistant Boys Basketball Coach [C158]","Sep 10, 2025 6:00 AM (UTC)","Assistant Boys Basketball Coach [C158]","CAREY JUNIOR HIGH SCHOOL","https://laramie1.schoolspring.com/","Laramie County School District 1","11/28/2025"
396,"Custodial - Head Class 4 [CU07]","Sep 08, 2025 6:00 AM (UTC)","Custodial - Head Class 4 [CU07]","JESSUP ELEMENTARY SCHOOL","https://laramie1.schoolspring.com/","Laramie County School District 1","11/28/2025"
397,"Nutrition Services Aid [NU02]",NA,"Nutrition Services Aid [NU02]","JOHNSON JUNIOR HIGH SCHOOL","https://laramie1.schoolspring.com/","Laramie County School District 1","11/28/2025"
398,"Paraeducator SNA Affective Needs [XP09]",NA,"Paraeducator SNA Affective Needs [XP09]","ADT (Adolescent Day Treatment)","https://laramie1.schoolspring.com/","Laramie County School District 1","11/28/2025"
399,"Speech Language Pathologist [XT14]",NA,"Speech Language Pathologist [XT14]","Laramie County School District 1","https://laramie1.schoolspring.com/","Laramie County School District 1","11/28/2025"
400,"Custodial - Head Class 6 (3:00pm-11:00pm shift) [CU09]",NA,"Custodial - Head Class 6 (3:00pm-11:00pm shift) [CU09]","SOUTH HIGH SCHOOL","https://laramie1.schoolspring.com/","Laramie County School District 1","11/28/2025"
401,"Custodial - Head Class 5 [CU02]",NA,"Custodial - Head Class 5 [CU02]","MCCORMICK JUNIOR HIGH SCHOOL","https://laramie1.schoolspring.com/","Laramie County School District 1","11/28/2025"
402,"Custodial - Head Class 5 [CU02]",NA,"Custodial - Head Class 5 [CU02]","JOHNSON JUNIOR HIGH SCHOOL","https://laramie1.schoolspring.com/","Laramie County School District 1","11/28/2025"
403,"Applicant Pool - Substitute Teacher [S035]",NA,"Applicant Pool - Substitute Teacher [S035]","SUBSTITUTE TEACHERS","https://laramie1.schoolspring.com/","Laramie County School District 1","11/28/2025"
404,"Substitute Nutrition [S020]",NA,"Substitute Nutrition [S020]","Laramie County School District 1","https://laramie1.schoolspring.com/","Laramie County School District 1","11/28/2025"
405,"Paraeducator Sign Support [XP05]",NA,"Paraeducator Sign Support [XP05]","BUILDING TO BE DETERMINED","https://laramie1.schoolspring.com/","Laramie County School District 1","11/28/2025"
406,"Educational Sign Language Interpreter",NA,"Educational Sign Language Interpreter","BUILDING TO BE DETERMINED","https://laramie1.schoolspring.com/","Laramie County School District 1","11/28/2025"
407,"Paraeducator Resource Room [XP08]",NA,"Paraeducator Resource Room [XP08]","CAREY JUNIOR HIGH SCHOOL","https://laramie1.schoolspring.com/","Laramie County School District 1","11/28/2025"
408,"Paraeducator Special Needs Life Skills [XP09]",NA,"Paraeducator Special Needs Life Skills [XP09]","MCCORMICK JUNIOR HIGH SCHOOL","https://laramie1.schoolspring.com/","Laramie County School District 1","11/28/2025"
409,"School Psychologist [XA01]",NA,"School Psychologist [XA01]","BUILDING TO BE DETERMINED","https://laramie1.schoolspring.com/","Laramie County School District 1","11/28/2025"
410,"Paraeducator Special Needs PALS [XP09]",NA,"Paraeducator Special Needs PALS [XP09]","EAST HIGH SCHOOL","https://laramie1.schoolspring.com/","Laramie County School District 1","11/28/2025"
411,"Assistant Girls Wrestling Coach [C168]",NA,"Assistant Girls Wrestling Coach [C168]","MCCORMICK JUNIOR HIGH SCHOOL","https://laramie1.schoolspring.com/","Laramie County School District 1","11/28/2025"
412,"Director of Athletics and Activities to begin 2026-2027 School Year",NA,"Director of Athletics and Activities to begin 2026-2027 School Year","Curriculum and Instruction","https://natronaschools.schoolspring.com/","Natrona School District 1","11/28/2025"
413,"CYMS - 8th Grade Boys Basketball C Team Aide At-Will Co-Curricular Volunteer",NA,"CYMS - 8th Grade Boys Basketball C Team Aide At-Will Co-Curricular Volunteer","CY Middle School","https://natronaschools.schoolspring.com/","Natrona School District 1","11/28/2025"
414,"Special Education Teacher",NA,"Special Education Teacher","Special Education Services Center","https://natronaschools.schoolspring.com/","Natrona School District 1","11/28/2025"
415,"OT/PT Education Support Specialist",NA,"OT/PT Education Support Specialist","Special Education Services Center","https://natronaschools.schoolspring.com/","Natrona School District 1","11/28/2025"
416,"CCA Behavior and Substitute Support Personnel",NA,"CCA Behavior and Substitute Support Personnel","Casper Classical Academy","https://natronaschools.schoolspring.com/","Natrona School District 1","11/28/2025"
417,"CCA Part-Time Education Support Personnel / Office and Records",NA,"CCA Part-Time Education Support Personnel / Office and Records","Casper Classical Academy","https://natronaschools.schoolspring.com/","Natrona School District 1","11/28/2025"
418,"KWHS Night Custodian",NA,"KWHS Night Custodian","Kelly Walsh High School","https://natronaschools.schoolspring.com/","Natrona School District 1","11/28/2025"
419,"Custodian",NA,"Custodian","Centennial Middle School","https://natronaschools.schoolspring.com/","Natrona School District 1","11/28/2025"
420,"Bar Nunn Education Support Personnel",NA,"Bar Nunn Education Support Personnel","Bar Nunn Elementary","https://natronaschools.schoolspring.com/","Natrona School District 1","11/28/2025"
421,"Manor Heights Education Support Specialist BASE Support",NA,"Manor Heights Education Support Specialist BASE Support","Manor Heights Elementary","https://natronaschools.schoolspring.com/","Natrona School District 1","11/28/2025"
422,"Cottonwood Education Support Specialist - FLS",NA,"Cottonwood Education Support Specialist - FLS","Cottonwood Elementary","https://natronaschools.schoolspring.com/","Natrona School District 1","11/28/2025"
423,"Athletics and Activities Secretary",NA,"Athletics and Activities Secretary","District Activities","https://natronaschools.schoolspring.com/","Natrona School District 1","11/28/2025"
424,"KWHS Social Studies Classroom Teacher for the 25-26 School Year Only",NA,"KWHS Social Studies Classroom Teacher for the 25-26 School Year Only","Kelly Walsh High School","https://natronaschools.schoolspring.com/","Natrona School District 1","11/28/2025"
425,"CMS Boys Basketball ""C"" Coach",NA,"CMS Boys Basketball ""C"" Coach","Centennial Middle School","https://natronaschools.schoolspring.com/","Natrona School District 1","11/28/2025"
426,"Dean Morgan Boys Basketball Aide",NA,"Dean Morgan Boys Basketball Aide","Dean Morgan Middle School","https://natronaschools.schoolspring.com/","Natrona School District 1","11/28/2025"
427,"Dean Morgan Nordic Ski Aide",NA,"Dean Morgan Nordic Ski Aide","Dean Morgan Middle School","https://natronaschools.schoolspring.com/","Natrona School District 1","11/28/2025"
428,"Manor Heights Classroom K-5 Art Teacher for the 2025-2026 School Year Only",NA,"Manor Heights Classroom K-5 Art Teacher for the 2025-2026 School Year Only","Manor Heights Elementary","https://natronaschools.schoolspring.com/","Natrona School District 1","11/28/2025"
429,"KWHS Girls Soccer Coach Aide",NA,"KWHS Girls Soccer Coach Aide","Kelly Walsh High School","https://natronaschools.schoolspring.com/","Natrona School District 1","11/28/2025"
430,"NCHS Education Support Specialist/Education Support Personnel",NA,"NCHS Education Support Specialist/Education Support Personnel","Natrona County High School","https://natronaschools.schoolspring.com/","Natrona School District 1","11/28/2025"
431,"NCHS Education Support Personnel",NA,"NCHS Education Support Personnel","Natrona County High School","https://natronaschools.schoolspring.com/","Natrona School District 1","11/28/2025"
432,"Journey Cafeteria Technician/ Education Support Personnel",NA,"Journey Cafeteria Technician/ Education Support Personnel","Journey Elementary","https://natronaschools.schoolspring.com/","Natrona School District 1","11/28/2025"
433,"Landscape and Support Services Specialist",NA,"Landscape and Support Services Specialist","Plant/Maintenance","https://natronaschools.schoolspring.com/","Natrona School District 1","11/28/2025"
434,"Dean Morgan Custodian",NA,"Dean Morgan Custodian","Dean Morgan Middle School","https://natronaschools.schoolspring.com/","Natrona School District 1","11/28/2025"
435,"KWHS Math Classroom Teacher for the 2025-2026 School Year Only","Oct 31, 2025 6:00 AM (UTC)","KWHS Math Classroom Teacher for the 2025-2026 School Year Only","Kelly Walsh High School","https://natronaschools.schoolspring.com/","Natrona School District 1","11/28/2025"
436,"Pineview Education Support Specialist / Education Support Personnel / Cafeteria Technician","Oct 21, 2025 6:00 AM (UTC)","Pineview Education Support Specialist / Education Support Personnel / Cafeteria Technician","Pineview Elementary","https://natronaschools.schoolspring.com/","Natrona School District 1","11/28/2025"
437,"Lincoln Education Support Personnel / Cafeteria Technician","Oct 17, 2025 6:00 AM (UTC)","Lincoln Education Support Personnel / Cafeteria Technician","Lincoln Elementary","https://natronaschools.schoolspring.com/","Natrona School District 1","11/28/2025"
438,"Poison Spider 7th/8th Boys Basketball Coach At-Will Co-Curricular Volunteer Head and Assistant Expectations","Oct 15, 2025 6:00 AM (UTC)","Poison Spider 7th/8th Boys Basketball Coach At-Will Co-Curricular Volunteer Head and Assistant Expectations","Poison Spider K-8","https://natronaschools.schoolspring.com/","Natrona School District 1","11/28/2025"
439,"Woods Education Support Personnel","Oct 03, 2025 6:00 AM (UTC)","Woods Education Support Personnel","Woods Learning Center","https://natronaschools.schoolspring.com/","Natrona School District 1","11/28/2025"
440,"Summit Elementary Education Support Personnel","Oct 03, 2025 6:00 AM (UTC)","Summit Elementary Education Support Personnel","Summit Elementary","https://natronaschools.schoolspring.com/","Natrona School District 1","11/28/2025"
441,"Centennial Education Support Personnel","Sep 29, 2025 6:00 AM (UTC)","Centennial Education Support Personnel","Centennial Middle School","https://natronaschools.schoolspring.com/","Natrona School District 1","11/28/2025"
442,"Paradise Valley Education Support Personnel/Cafeteria Technician",NA,"Paradise Valley Education Support Personnel/Cafeteria Technician","Paradise Valley Elementary","https://natronaschools.schoolspring.com/","Natrona School District 1","11/28/2025"
443,"CYMS At-Will Co-Curricular Basketball Aide",NA,"CYMS At-Will Co-Curricular Basketball Aide","CY Middle School","https://natronaschools.schoolspring.com/","Natrona School District 1","11/28/2025"
444,"CYMS At-Will Co-Curricular  Head Coach X-Country Skiing",NA,"CYMS At-Will Co-Curricular  Head Coach X-Country Skiing","CY Middle School","https://natronaschools.schoolspring.com/","Natrona School District 1","11/28/2025"
445,"Evansville Elementary Tutor for the 2025-2026 School Year Only",NA,"Evansville Elementary Tutor for the 2025-2026 School Year Only","Evansville Elementary","https://natronaschools.schoolspring.com/","Natrona School District 1","11/28/2025"
446,"Occupational Therapist beginning the 2025-2026 School Year",NA,"Occupational Therapist beginning the 2025-2026 School Year","Special Education Services Center","https://natronaschools.schoolspring.com/","Natrona School District 1","11/28/2025"
447,"Education Support Specialist/Education Support Personnel",NA,"Education Support Specialist/Education Support Personnel","Centennial Middle School","https://natronaschools.schoolspring.com/","Natrona School District 1","11/28/2025"
448,"Dean Morgan Substitute on Daily Assignment",NA,"Dean Morgan Substitute on Daily Assignment","Dean Morgan Middle School","https://natronaschools.schoolspring.com/","Natrona School District 1","11/28/2025"
449,"Verda James Education Support Personnel (Part-Time)",NA,"Verda James Education Support Personnel (Part-Time)","Verda James Elementary","https://natronaschools.schoolspring.com/","Natrona School District 1","11/28/2025"
450,"Verda James Education Support Personnel",NA,"Verda James Education Support Personnel","Verda James Elementary","https://natronaschools.schoolspring.com/","Natrona School District 1","11/28/2025"
451,"KWHS - Marine Instructor (MI) OR Senior ROTC Marine Instructor (SMI)",NA,"KWHS - Marine Instructor (MI) OR Senior ROTC Marine Instructor (SMI)","Kelly Walsh High School","https://natronaschools.schoolspring.com/","Natrona School District 1","11/28/2025"
452,"Classified Substitute 2025-26 School Year",NA,"Classified Substitute 2025-26 School Year","NCSD","https://natronaschools.schoolspring.com/","Natrona School District 1","11/28/2025"
453,"Substitute Teacher 2025-26 School Year",NA,"Substitute Teacher 2025-26 School Year","NCSD","https://natronaschools.schoolspring.com/","Natrona School District 1","11/28/2025"
454,"CYMS At-Will Co-Curricular-Football Coach Aide",NA,"CYMS At-Will Co-Curricular-Football Coach Aide","CY Middle School","https://natronaschools.schoolspring.com/","Natrona School District 1","11/28/2025"
455,"Bus Driver 175-day",NA,"Bus Driver 175-day","Transportation","https://natronaschools.schoolspring.com/","Natrona School District 1","11/28/2025"
456,"District Counselor/Social Worker to Begin the 2025-2026 School Year",NA,"District Counselor/Social Worker to Begin the 2025-2026 School Year","Special Education Services Center","https://natronaschools.schoolspring.com/","Natrona School District 1","11/28/2025"
457,"Education Interpreter",NA,"Education Interpreter","Special Education Services Center","https://natronaschools.schoolspring.com/","Natrona School District 1","11/28/2025"
458,"District Physical Therapist Beginning 2025-26 School Year",NA,"District Physical Therapist Beginning 2025-26 School Year","Special Education Services Center","https://natronaschools.schoolspring.com/","Natrona School District 1","11/28/2025"
459,"Lego League/ Robotics Activity",NA,"Lego League/ Robotics Activity","District Activities","https://natronaschools.schoolspring.com/","Natrona School District 1","11/28/2025"
460,"School Psychologist Beginning the 2025-2026 School Year",NA,"School Psychologist Beginning the 2025-2026 School Year","Special Education Services Center","https://natronaschools.schoolspring.com/","Natrona School District 1","11/28/2025"
461,"Substitute Custodian",NA,"Substitute Custodian","Human Resources","https://natronaschools.schoolspring.com/","Natrona School District 1","11/28/2025"
462,"Substitute Nurse",NA,"Substitute Nurse","Natrona County School District","https://natronaschools.schoolspring.com/","Natrona School District 1","11/28/2025"
463,"Head outdoor track Coach","Oct 27, 2025 6:00 AM (UTC)","Head outdoor track Coach","Burns Jr./Sr. High School","https://laramie2.schoolspring.com/","Laramie County School District 2","11/28/2025"
464,"Head Indoor track Coach","Oct 27, 2025 6:00 AM (UTC)","Head Indoor track Coach","Burns Jr./Sr. High School","https://laramie2.schoolspring.com/","Laramie County School District 2","11/28/2025"
465,"JH Boys basketball assistant coach","Oct 01, 2025 6:00 AM (UTC)","JH Boys basketball assistant coach","Burns Jr./Sr. High School","https://laramie2.schoolspring.com/","Laramie County School District 2","11/28/2025"
466,"JH Girls Wrestling Assistant Coach","Oct 01, 2025 6:00 AM (UTC)","JH Girls Wrestling Assistant Coach","Burns Jr./Sr. High School","https://laramie2.schoolspring.com/","Laramie County School District 2","11/28/2025"
467,"JH Girls Wrestling Assigned Head Coach","Oct 01, 2025 6:00 AM (UTC)","JH Girls Wrestling Assigned Head Coach","Burns Jr./Sr. High School","https://laramie2.schoolspring.com/","Laramie County School District 2","11/28/2025"
468,"HS Boys Wrestling (Numbers Coach)","Oct 01, 2025 6:00 AM (UTC)","HS Boys Wrestling (Numbers Coach)","Burns Jr./Sr. High School","https://laramie2.schoolspring.com/","Laramie County School District 2","11/28/2025"
469,"JH Boys Wrestling (Numbers Coach","Oct 01, 2025 6:00 AM (UTC)","JH Boys Wrestling (Numbers Coach","Burns Jr./Sr. High School","https://laramie2.schoolspring.com/","Laramie County School District 2","11/28/2025"
470,"Head Junior High Boys Basketball Coach","Sep 22, 2025 6:00 AM (UTC)","Head Junior High Boys Basketball Coach","Pine Bluffs Jr./Sr. High School","https://laramie2.schoolspring.com/","Laramie County School District 2","11/28/2025"
471,"Substitute School Nurse","Sep 15, 2025 6:00 AM (UTC)","Substitute School Nurse","LARAMIE COUNTY SD #2","https://laramie2.schoolspring.com/","Laramie County School District 2","11/28/2025"
472,"ELL Parent Translator Contactor","Sep 15, 2025 6:00 AM (UTC)","ELL Parent Translator Contactor","LARAMIE COUNTY SD #2","https://laramie2.schoolspring.com/","Laramie County School District 2","11/28/2025"
473,"Assistant JH Football Coach",NA,"Assistant JH Football Coach","Burns Jr./Sr. High School","https://laramie2.schoolspring.com/","Laramie County School District 2","11/28/2025"
474,"ELL Paraprofessional",NA,"ELL Paraprofessional","LARAMIE COUNTY SD #2","https://laramie2.schoolspring.com/","Laramie County School District 2","11/28/2025"
475,"JH Assistant Track Coach",NA,"JH Assistant Track Coach","Pine Bluffs Jr./Sr. High School","https://laramie2.schoolspring.com/","Laramie County School District 2","11/28/2025"
476,"Sub Paraprofessional",NA,"Sub Paraprofessional","LARAMIE COUNTY SD #2","https://laramie2.schoolspring.com/","Laramie County School District 2","11/28/2025"
477,"Sub Custodian",NA,"Sub Custodian","LARAMIE COUNTY SD #2","https://laramie2.schoolspring.com/","Laramie County School District 2","11/28/2025"
478,"Substitute Cook",NA,"Substitute Cook","LARAMIE COUNTY SD #2","https://laramie2.schoolspring.com/","Laramie County School District 2","11/28/2025"
479,"Substitute Teacher",NA,"Substitute Teacher","LARAMIE COUNTY SD #2","https://laramie2.schoolspring.com/","Laramie County School District 2","11/28/2025"
480,"Substitute Bus Driver",NA,"Substitute Bus Driver","LARAMIE COUNTY SD #2","https://laramie2.schoolspring.com/","Laramie County School District 2","11/28/2025"
481,"CROSSING GUARD",NA,"CROSSING GUARD","Fremont County School District 25","https://fremont25.schoolspring.com/","Fremont County School District 25","11/28/2025"
482,"ASPEN ELEMENTARY SCHOOL PARA (SPED)",NA,"ASPEN ELEMENTARY SCHOOL PARA (SPED)","ASPEN ELEMENTARY","https://fremont25.schoolspring.com/","Fremont County School District 25","11/28/2025"
483,"RENDEZVOUS ELEMENTARY PARA (TITLE I)",NA,"RENDEZVOUS ELEMENTARY PARA (TITLE I)","RENDEZVOUS ELEMENTARY","https://fremont25.schoolspring.com/","Fremont County School District 25","11/28/2025"
484,"BUS AIDE","Oct 17, 2025 6:00 AM (UTC)","BUS AIDE","BUS GARAGE - TRANSPORTATION","https://fremont25.schoolspring.com/","Fremont County School District 25","11/28/2025"
485,"BUS DRIVER (PART TIME)","Oct 17, 2025 6:00 AM (UTC)","BUS DRIVER (PART TIME)","BUS GARAGE - TRANSPORTATION","https://fremont25.schoolspring.com/","Fremont County School District 25","11/28/2025"
486,"RIVERTON MIDDLE SCHOOL PARA (ARSP)","Oct 06, 2025 6:00 AM (UTC)","RIVERTON MIDDLE SCHOOL PARA (ARSP)","RIVERTON MIDDLE SCHOOL","https://fremont25.schoolspring.com/","Fremont County School District 25","11/28/2025"
487,"SUBSTITUTE PARA","Sep 26, 2025 6:00 AM (UTC)","SUBSTITUTE PARA","Fremont County School District 25","https://fremont25.schoolspring.com/","Fremont County School District 25","11/28/2025"
488,"MIDDLE SCHOOL COACH (ASSISTANT TRACK)",NA,"MIDDLE SCHOOL COACH (ASSISTANT TRACK)","RIVERTON MIDDLE SCHOOL","https://fremont25.schoolspring.com/","Fremont County School District 25","11/28/2025"
489,"MIDDLE SCHOOL PARA (SPED LEARNING RESOURCE)",NA,"MIDDLE SCHOOL PARA (SPED LEARNING RESOURCE)","RIVERTON MIDDLE SCHOOL","https://fremont25.schoolspring.com/","Fremont County School District 25","11/28/2025"
490,"HIGH SCHOOL ASSISTANT COACH (WRESTLING)",NA,"HIGH SCHOOL ASSISTANT COACH (WRESTLING)","RIVERTON HIGH SCHOOL","https://fremont25.schoolspring.com/","Fremont County School District 25","11/28/2025"
491,"HIGH SCHOOL ASSISTANT COACH (TRACK)",NA,"HIGH SCHOOL ASSISTANT COACH (TRACK)","RIVERTON HIGH SCHOOL","https://fremont25.schoolspring.com/","Fremont County School District 25","11/28/2025"
492,"SUBSTITUTE INTERPRETER FOR DEAF/HARD OF HEARING STUDENTS",NA,"SUBSTITUTE INTERPRETER FOR DEAF/HARD OF HEARING STUDENTS","Fremont County School District 25","https://fremont25.schoolspring.com/","Fremont County School District 25","11/28/2025"
493,"SUBSTITUTE CUSTODIAN","Sep 17, 2024 12:00 AM (UTC)","SUBSTITUTE CUSTODIAN","Fremont County School District 25","https://fremont25.schoolspring.com/","Fremont County School District 25","11/28/2025"
494,"SUBSTITUTE DAYCARE ASSISTANT",NA,"SUBSTITUTE DAYCARE ASSISTANT","Fremont County School District 25","https://fremont25.schoolspring.com/","Fremont County School District 25","11/28/2025"
495,"SUBSTITUTE TEACHER",NA,"SUBSTITUTE TEACHER","Fremont County School District 25","https://fremont25.schoolspring.com/","Fremont County School District 25","11/28/2025"
496,"SUBSTITUTE NURSE",NA,"SUBSTITUTE NURSE","Fremont County School District 25","https://fremont25.schoolspring.com/","Fremont County School District 25","11/28/2025"
497,"LIFEGUARD",NA,"LIFEGUARD","RIVERTON AQUATICS CENTER","https://fremont25.schoolspring.com/","Fremont County School District 25","11/28/2025"
498,"DESK CLERK",NA,"DESK CLERK","RIVERTON AQUATICS CENTER","https://fremont25.schoolspring.com/","Fremont County School District 25","11/28/2025"
499,"SUBSTITUTE BUS DRIVER",NA,"SUBSTITUTE BUS DRIVER","BUS GARAGE - TRANSPORTATION","https://fremont25.schoolspring.com/","Fremont County School District 25","11/28/2025"
500,"High School Math Teacher",NA,"High School Math Teacher","Laramie High School","https://acsd1.schoolspring.com/","Albany Count School District 1","11/28/2025"
501,"Resource/Title I Paraprofessional",NA,"Resource/Title I Paraprofessional","Linford Elementary School","https://acsd1.schoolspring.com/","Albany Count School District 1","11/28/2025"
502,"Sports Paraprofessional",NA,"Sports Paraprofessional","Rock River High School","https://acsd1.schoolspring.com/","Albany Count School District 1","11/28/2025"
503,"Library and Technology Support Specialist",NA,"Library and Technology Support Specialist","Albany County School District 1","https://acsd1.schoolspring.com/","Albany Count School District 1","11/28/2025"
504,"Paraprofessional - Specialized Populations","Oct 22, 2025 6:00 AM (UTC)","Paraprofessional - Specialized Populations","Albany County School District 1","https://acsd1.schoolspring.com/","Albany Count School District 1","11/28/2025"
505,"Sports Paraprofessional",NA,"Sports Paraprofessional","Laramie Middle School","https://acsd1.schoolspring.com/","Albany Count School District 1","11/28/2025"
506,"Substitute Teacher",NA,"Substitute Teacher","Albany County School District 1","https://acsd1.schoolspring.com/","Albany Count School District 1","11/28/2025"
507,"Substitute Nurse",NA,"Substitute Nurse","Albany County School District 1","https://acsd1.schoolspring.com/","Albany Count School District 1","11/28/2025"
508,"Substitute Custodian",NA,"Substitute Custodian","Albany County School District 1","https://acsd1.schoolspring.com/","Albany Count School District 1","11/28/2025"
509,"Bus Aide",NA,"Bus Aide","Albany County School District 1","https://acsd1.schoolspring.com/","Albany Count School District 1","11/28/2025"
510,"Bus Driver",NA,"Bus Driver","Albany County School District 1","https://acsd1.schoolspring.com/","Albany Count School District 1","11/28/2025"
511,"Special Programs Education Assistant/ASD",NA,"Special Programs Education Assistant/ASD","LAKEVIEW ELEMENTARY","https://campbell.schoolspring.com/","Campbell County Scholl District 1","11/28/2025"
512,"Assistant Head Custodian",NA,"Assistant Head Custodian","THUNDER BASIN HIGH SCHOOL","https://campbell.schoolspring.com/","Campbell County Scholl District 1","11/28/2025"
513,"Special Programs Education Assistant",NA,"Special Programs Education Assistant","HILLCREST ELEMENTARY","https://campbell.schoolspring.com/","Campbell County Scholl District 1","11/28/2025"
514,"Student Custodian",NA,"Student Custodian","TWIN SPRUCE JUNIOR HIGH SCHOOL","https://campbell.schoolspring.com/","Campbell County Scholl District 1","11/28/2025"
515,"Office Clerk",NA,"Office Clerk","TWIN SPRUCE JUNIOR HIGH SCHOOL","https://campbell.schoolspring.com/","Campbell County Scholl District 1","11/28/2025"
516,"Instructional Teacher Assistant",NA,"Instructional Teacher Assistant","BUFFALO RIDGE ELEMENTARY SCHOOL","https://campbell.schoolspring.com/","Campbell County Scholl District 1","11/28/2025"
517,"Emotionally Disabled Special Programs Education Assistant",NA,"Emotionally Disabled Special Programs Education Assistant","CONESTOGA ELEMENTARY","https://campbell.schoolspring.com/","Campbell County Scholl District 1","11/28/2025"
518,"Nutrition Service Assistant",NA,"Nutrition Service Assistant","CAMPBELL COUNTY SCHOOL DISTRICT #1","https://campbell.schoolspring.com/","Campbell County Scholl District 1","11/28/2025"
519,"BUS DRIVER/TRAINER",NA,"BUS DRIVER/TRAINER","CAMPBELL COUNTY SCHOOL DISTRICT #1","https://campbell.schoolspring.com/","Campbell County Scholl District 1","11/28/2025"
520,"Special Programs Education Assistant","Oct 31, 2025 6:00 AM (UTC)","Special Programs Education Assistant","WAGONWHEEL ELEMENTARY","https://campbell.schoolspring.com/","Campbell County Scholl District 1","11/28/2025"
521,"Itinerant Special Education Teacher","Oct 30, 2025 6:00 AM (UTC)","Itinerant Special Education Teacher","CAMPBELL COUNTY SCHOOL DISTRICT #1","https://campbell.schoolspring.com/","Campbell County Scholl District 1","11/28/2025"
522,"Custodian","Oct 29, 2025 6:00 AM (UTC)","Custodian","CAMPBELL COUNTY HIGH SCHOOL","https://campbell.schoolspring.com/","Campbell County Scholl District 1","11/28/2025"
523,"Wright - Safety Patrol","Oct 29, 2025 6:00 AM (UTC)","Wright - Safety Patrol","CAMPBELL COUNTY SCHOOL DISTRICT #1","https://campbell.schoolspring.com/","Campbell County Scholl District 1","11/28/2025"
524,"Safety Patrol","Oct 29, 2025 6:00 AM (UTC)","Safety Patrol","CAMPBELL COUNTY SCHOOL DISTRICT #1","https://campbell.schoolspring.com/","Campbell County Scholl District 1","11/28/2025"
525,"Safety Patrol","Oct 29, 2025 6:00 AM (UTC)","Safety Patrol","CAMPBELL COUNTY SCHOOL DISTRICT #1","https://campbell.schoolspring.com/","Campbell County Scholl District 1","11/28/2025"
526,"Special Programs Education Assistant","Oct 24, 2025 6:00 AM (UTC)","Special Programs Education Assistant","PAINTBRUSH ELEMENTARY","https://campbell.schoolspring.com/","Campbell County Scholl District 1","11/28/2025"
527,"Special Programs Education Assistant for Students with High Needs","Sep 11, 2025 6:00 AM (UTC)","Special Programs Education Assistant for Students with High Needs","CAMPBELL COUNTY HIGH SCHOOL","https://campbell.schoolspring.com/","Campbell County Scholl District 1","11/28/2025"
528,"Hearing Impaired Interpreter","Sep 03, 2025 6:00 AM (UTC)","Hearing Impaired Interpreter","PRONGHORN ELEMENTARY","https://campbell.schoolspring.com/","Campbell County Scholl District 1","11/28/2025"
529,"Foreign Language Teacher - German",NA,"Foreign Language Teacher - German","CAMPBELL COUNTY HIGH SCHOOL","https://campbell.schoolspring.com/","Campbell County Scholl District 1","11/28/2025"
530,"Orientation and Mobility Specialist",NA,"Orientation and Mobility Specialist","CAMPBELL COUNTY SCHOOL DISTRICT #1","https://campbell.schoolspring.com/","Campbell County Scholl District 1","11/28/2025"
531,"Teacher for the Deaf and Hard of Hearing",NA,"Teacher for the Deaf and Hard of Hearing","CAMPBELL COUNTY SCHOOL DISTRICT #1","https://campbell.schoolspring.com/","Campbell County Scholl District 1","11/28/2025"
532,"BUS DRIVER/BUS DRIVER IN TRAINING",NA,"BUS DRIVER/BUS DRIVER IN TRAINING","CAMPBELL COUNTY SCHOOL DISTRICT #1","https://campbell.schoolspring.com/","Campbell County Scholl District 1","11/28/2025"
533,"Substitute School Nurse",NA,"Substitute School Nurse","CAMPBELL COUNTY SCHOOL DISTRICT #1","https://campbell.schoolspring.com/","Campbell County Scholl District 1","11/28/2025"
534,"Substitute Teacher",NA,"Substitute Teacher","CAMPBELL COUNTY SCHOOL DISTRICT #1","https://campbell.schoolspring.com/","Campbell County Scholl District 1","11/28/2025"
535,"SCHOOL PSYCHOLOGIST INTERN",NA,"SCHOOL PSYCHOLOGIST INTERN","CAMPBELL COUNTY SCHOOL DISTRICT #1","https://campbell.schoolspring.com/","Campbell County Scholl District 1","11/28/2025"
536,"Sample Classified Position",NA,"Sample Classified Position","CAMPBELL COUNTY SCHOOL DISTRICT #1","https://campbell.schoolspring.com/","Campbell County Scholl District 1","11/28/2025"
537,"Sample Certified Position",NA,"Sample Certified Position","CAMPBELL COUNTY SCHOOL DISTRICT #1","https://campbell.schoolspring.com/","Campbell County Scholl District 1","11/28/2025"
538,"Title I Aide Part Time",NA,"Classified","Thayne Elementary","https://lcsd2.org/employment-opportunities/","Lincoln County School District 2","11/28/2025"
539,"Special Education Aide",NA,"Classified","Thayne Elementary","https://lcsd2.org/employment-opportunities/","Lincoln County School District 2","11/28/2025"
540,"Special Education Aide",NA,"Classified","Etna Elementary","https://lcsd2.org/employment-opportunities/","Lincoln County School District 2","11/28/2025"
541,"Special Education Aide",NA,"Classified","Afton Elementary","https://lcsd2.org/employment-opportunities/","Lincoln County School District 2","11/28/2025"
542,"Permanent Substitute Teacher",NA,"Substitute","Etna/Thayne Elementary","https://lcsd2.org/employment-opportunities/","Lincoln County School District 2","11/28/2025"
543,"Groundskeeper",NA,"Classified","Cokeville","https://lcsd2.org/employment-opportunities/","Lincoln County School District 2","11/28/2025"
544,"Food Service",NA,"Classified","Star Valley High School","https://lcsd2.org/employment-opportunities/","Lincoln County School District 2","11/28/2025"
545,"Title I Aide",NA,"Classified","Etna Elementary","https://lcsd2.org/employment-opportunities/","Lincoln County School District 2","11/28/2025"
546,"Bus Aide",NA,"Classified","Star Valley","https://lcsd2.org/employment-opportunities/","Lincoln County School District 2","11/28/2025"
547,"Substitute School Nurse",NA,"Classified","Star Valley","https://lcsd2.org/employment-opportunities/","Lincoln County School District 2","11/28/2025"
548,"Certified Substitute Teacher Pool",NA,"Substitute","Star Valley","https://lcsd2.org/employment-opportunities/","Lincoln County School District 2","11/28/2025"
549,"Certified Substitute Teacher Pool",NA,"Substitute","Cokeville","https://lcsd2.org/employment-opportunities/","Lincoln County School District 2","11/28/2025"
550,"Substitute Bus Drivers",NA,"Classified","Cokeville","https://lcsd2.org/employment-opportunities/","Lincoln County School District 2","11/28/2025"
551,"Substitute Bus Drivers",NA,"Classified","Star Valley","https://lcsd2.org/employment-opportunities/","Lincoln County School District 2","11/28/2025"
552,"Substitute Bus Aides",NA,"Classified","Star Valley","https://lcsd2.org/employment-opportunities/","Lincoln County School District 2","11/28/2025"
553,"Substitute Food Service (Cooks)",NA,"Classified","District","https://lcsd2.org/employment-opportunities/","Lincoln County School District 2","11/28/2025"
554,"Cheer Coach",NA,"Coaching","Cokeville High School","https://lcsd2.org/employment-opportunities/","Lincoln County School District 2","11/28/2025"
555,"Boys Basketball Coach",NA,"Coaching","Cokeville Junior High School","https://lcsd2.org/employment-opportunities/","Lincoln County School District 2","11/28/2025"
556,"Volunteer Coach/Advisor",NA,"Coaching","District","https://lcsd2.org/employment-opportunities/","Lincoln County School District 2","11/28/2025"
557,"Assistant High School Boys Basketball",NA,"Coaching","District","https://www.growingluskleaders.org/page/human-resources","Niobrara County School District 1","11/28/2025"
558,"Assistant High School Football",NA,"Coaching","District","https://www.growingluskleaders.org/page/human-resources","Niobrara County School District 1","11/28/2025"
559,"Assistant Middle School Volleyball",NA,"Coaching","District","https://www.growingluskleaders.org/page/human-resources","Niobrara County School District 1","11/28/2025"
560,"Yearbook Sponsor",NA,"Coaching","District","https://www.growingluskleaders.org/page/human-resources","Niobrara County School District 1","11/28/2025"
561,"BUS DRIVER SUBSTITUTES- District Wide",NA,"Classified","District","https://www.growingluskleaders.org/page/human-resources","Niobrara County School District 1","11/28/2025"
562,"CUSTODIAL SUBSTITUTE- District Wide",NA,"Classified","District","https://www.growingluskleaders.org/page/human-resources","Niobrara County School District 1","11/28/2025"
563,"HS Assistant Track Coach",NA,"Coaching","District","https://pcsd16.com/271372_2","Park County School District 16","11/28/2025"
564,"SPECIAL EDUCATION PARAPROFESSIONAL",NA,"Classified","District","https://pcsd16.com/271372_2","Park County School District 16","11/28/2025"
565,"Substitutes for all Postions",NA,"Substitute","PCSD#1 Schools, Glendo and Wheatland","https://www.platte1.org/377683_4","Platte County School District 1","11/28/2025"
566,"WMS Drama Coach",NA,"Coaching","Wheatland Middle School","https://www.platte1.org/377683_4","Platte County School District 1","11/28/2025"
567,"Boys Basketball Aide",NA,"Coaching","Wheatland Middle School","https://www.platte1.org/377683_4","Platte County School District 1","11/28/2025"
568,"Substitutes for Custodians",NA,"Classified","District","https://www.platte1.org/377683_4","Platte County School District 1","11/28/2025"
569,"Student Transport Driver",NA,"Classified","Wheatland-Cheyene","https://www.platte1.org/377683_4","Platte County School District 1","11/28/2025"
570,"Special Education Paraeducator",NA,"Classified","District","https://www.guernseysunrise.org/page/employment","Platte County School District 2","11/28/2025"
571,"Custodial/Maintenance Position",NA,"Classified","District","https://www.guernseysunrise.org/page/employment","Platte County School District 2","11/28/2025"
572,"Jr High Girls Volleyball Coach",NA,"Coaching","District","https://www.guernseysunrise.org/page/employment","Platte County School District 2","11/28/2025"
573,"Substitute Activity Drivers",NA,"Classified","District","https://www.guernseysunrise.org/page/employment","Platte County School District 2","11/28/2025"
574,"Substitute Certified Teachers $160/Day",NA,"Substitute","District","https://www.guernseysunrise.org/page/employment","Platte County School District 2","11/28/2025"
575,"Substitute Paraeducators $100/Day",NA,"Classified","District","https://www.guernseysunrise.org/page/employment","Platte County School District 2","11/28/2025"
576,"Bus Driver",NA,"Classified","District","https://www.sheridan3.com/page/hr-and-career-opportunities","Sheridan County School District 3","11/28/2025"
577,"Certified Substitute Teachers ($150.00 per day (plus lunch) or $75.00 per 1/2 day)",NA,"Substitute","District","https://www.sheridan3.com/page/hr-and-career-opportunities","Sheridan County School District 3","11/28/2025"
578,"High School Assistant Volleyball",NA,"Coach","District","https://www.sheridan3.com/page/hr-and-career-opportunities","Sheridan County School District 3","11/28/2025"
579,"Bus Driver - Bus Driver",NA,"Classified","District","https://www.sub1.org/en-US/employment-and-human-resources-f26202d3","Sublette County School District 1","11/28/2025"
580,"Substitute Bus Driver",NA,"Classified","District","https://www.sub1.org/en-US/employment-and-human-resources-f26202d3","Sublette County School District 1","11/28/2025"
581,"Substitute School Nurse",NA,"Classified","District","https://www.sub1.org/en-US/employment-and-human-resources-f26202d3","Sublette County School District 1","11/28/2025"
582,"Substitutes",NA,"Substitute","District","https://www.sub1.org/en-US/employment-and-human-resources-f26202d3","Sublette County School District 1","11/28/2025"
583,"Track Coach- Middle School",NA,"Coach","District","https://www.sub1.org/en-US/employment-and-human-resources-f26202d3","Sublette County School District 1","11/28/2025"
584,"Part-Time, Wellness Coordinator for the Thrive Afterschool Program",NA,"Classified","District","https://www.sublette9.org/apps/pages/index.jsp?uREC_ID=4445550&type=d&pREC_ID=2685329","Sublette County School District 9","11/28/2025"
585,"Full Time, Assistant Pool Supervisor",NA,"Classified","District","https://www.sublette9.org/apps/pages/index.jsp?uREC_ID=4445550&type=d&pREC_ID=2685329","Sublette County School District 9","11/28/2025"
586,"Full Time Special Education Aide/Paraprofessional",NA,"Classified","District","https://www.sublette9.org/apps/pages/index.jsp?uREC_ID=4445550&type=d&pREC_ID=2685329","Sublette County School District 9","11/28/2025"
587,"High School Assistant Track",NA,"Coaching","District","https://www.sublette9.org/apps/pages/index.jsp?uREC_ID=4445550&type=d&pREC_ID=2685329","Sublette County School District 9","11/28/2025"
588,"All kinds of Substitutes",NA,"Substitute","District","https://www.sublette9.org/apps/pages/index.jsp?uREC_ID=4445550&type=d&pREC_ID=2685329","Sublette County School District 9","11/28/2025"
589,"Building Custodians- full time, year round",NA,"Classified","District","https://www.uinta4.com/departments/business_office/job_opportunities/current_openings","Uinta County School District 4","11/28/2025"
590,"Substitutes- all positions",NA,"Substitute","District","https://www.uinta4.com/departments/business_office/job_opportunities/current_openings","Uinta County School District 4","11/28/2025"
591,"Athletic Director Administrative Assistant",NA,"Classified","District","https://sites.google.com/lymanschools.org/ucsd6/home/job-openings?authuser=0","Uinta County School District 6","11/28/2025"
592,"Substitute Bus Drivers",NA,"Classified","District","https://sites.google.com/lymanschools.org/ucsd6/home/job-openings?authuser=0","Uinta County School District 6","11/28/2025"
593,"Substitute School Bus Aides",NA,"Classified","District","https://sites.google.com/lymanschools.org/ucsd6/home/job-openings?authuser=0","Uinta County School District 6","11/28/2025"
594,"Middle School Boys Basketball Coach",NA,"Coaching","District","https://sites.google.com/lymanschools.org/ucsd6/home/job-openings?authuser=0","Uinta County School District 6","11/28/2025"
595,"Always in need of substitutes",NA,"Substitute","District","https://sites.google.com/lymanschools.org/ucsd6/home/job-openings?authuser=0","Uinta County School District 6","11/28/2025"
596,"Substitute and activity BUS DRIVER",NA,"Classified","District","https://www.wsh2.k12.wy.us/apps/pages/index.jsp?uREC_ID=440610&type=d&pREC_ID=1008214","Washakie County School District 2","11/28/2025"
597,"High School Girls Basketball Coach",NA,"Coaching","District","https://www.wsh2.k12.wy.us/apps/pages/index.jsp?uREC_ID=440610&type=d&pREC_ID=1008214","Washakie County School District 2","11/28/2025"
598,"Special Education Case Manager Job Description",NA,"Certified","District","https://www.wcsd1.org/apps/pages/Career_Opportunities","Weston County School District 1","11/28/2025"
599,"Special Ed. Teacher position",NA,"Certified","District","https://www.wcsd1.org/apps/pages/Career_Opportunities","Weston County School District 1","11/28/2025"
600,"Paraprofessionals",NA,"Classified","District","https://www.wcsd1.org/apps/pages/Career_Opportunities","Weston County School District 1","11/28/2025"
601,"Middle School Volleyball Coach",NA,"Coaching","District","https://www.wcsd1.org/apps/pages/Career_Opportunities","Weston County School District 1","11/28/2025"
602,"Route Bus Drivers",NA,"Classified","District","https://www.wcsd1.org/apps/pages/Career_Opportunities","Weston County School District 1","11/28/2025"
603,"Substitutes",NA,"Substitute","District","https://www.wcsd1.org/apps/pages/Career_Opportunities","Weston County School District 1","11/28/2025"
604,"Custodial-Kitchen subs",NA,"Classified","District","https://www.wcsd1.org/apps/pages/Career_Opportunities","Weston County School District 1","11/28/2025"
605,"Sub Bus Driver",NA,"Classified","District","https://www.wcsd1.org/apps/pages/Career_Opportunities","Weston County School District 1","11/28/2025"
606,"Student Teaching Opportunities",NA,"Student Teaching","District","https://www.wcsd1.org/apps/pages/Career_Opportunities","Weston County School District 1","11/28/2025"
607,"Substitute Teacher",NA,"Substitute","District","https://www.weston7.org/o/wcsd/page/employment","Weston County School District 7","11/28/2025"
608,"Substitute Paraprofessional",NA,"Classified","District","https://www.weston7.org/o/wcsd/page/employment","Weston County School District 7","11/28/2025"
609,"Substitute Custodian",NA,"Classified","District","https://www.weston7.org/o/wcsd/page/employment","Weston County School District 7","11/28/2025"
610,"Substitute Bus Driver (CDL preferred but willing to train)",NA,"Classified","District","https://www.weston7.org/o/wcsd/page/employment","Weston County School District 7","11/28/2025"
611,"Substitute Lunchroom Cook",NA,"Classified","District","https://www.weston7.org/o/wcsd/page/employment","Weston County School District 7","11/28/2025"
612,"Substitute Special Education Aides",NA,"Classified","District","https://www.weston7.org/o/wcsd/page/employment","Weston County School District 7","11/28/2025"
613,"Substitute Teachers",NA,"Substitute","District","https://www.weston7.org/o/wcsd/page/employment","Weston County School District 7","11/28/2025"
614,"Custodian",NA,"Classified","District","https://jobs.redroverk12.com/org/hotsprings1","Hot Springs County School District 1","11/28/2025"
615,"Transportation Assistant",NA,"Classified","District","https://jobs.redroverk12.com/org/hotsprings1","Hot Springs County School District 1","11/28/2025"
616,"Crossing Guard",NA,"Classified","District","https://jobs.redroverk12.com/org/hotsprings1","Hot Springs County School District 1","11/28/2025"
617,"Bus Driver",NA,"Classified","District","https://jobs.redroverk12.com/org/hotsprings1","Hot Springs County School District 1","11/28/2025"
618,"Part-Time Custodian",NA,"Classified","District","https://jobs.redroverk12.com/org/hotsprings1","Hot Springs County School District 1","11/28/2025"
619,"Substitute Teacher",NA,"Classified","District","https://jobs.redroverk12.com/org/hotsprings1","Hot Springs County School District 1","11/28/2025"
620,"Paraprofessional",NA,"Classified","District","https://jobs.redroverk12.com/org/hotsprings1","Hot Springs County School District 1","11/28/2025"
621,"Asst. Wrestling Coach",NA,"Coaching","Buffalo High School","https://jobs.redroverk12.com/org/jcsd1","Johnson County School District 1","11/28/2025"
622,"Paraprofessional Substitute",NA,"Classified","District","https://jobs.redroverk12.com/org/jcsd1","Johnson County School District 1","11/28/2025"
623,"Asst. Track Coach",NA,"Coaching","Buffalo High School","https://jobs.redroverk12.com/org/jcsd1","Johnson County School District 1","11/28/2025"
624,"Custodial Staff Stubstitute",NA,"Classified","District","https://jobs.redroverk12.com/org/jcsd1","Johnson County School District 1","11/28/2025"
625,"Food Service Staff Substitutes",NA,"Classified","District","https://jobs.redroverk12.com/org/jcsd1","Johnson County School District 1","11/28/2025"
626,"Substitute Teacher",NA,"Substitute","District","https://jobs.redroverk12.com/org/jcsd1","Johnson County School District 1","11/28/2025"
627,"Substiture Buffalo Bus Route Driver",NA,"Classified","District","https://jobs.redroverk12.com/org/jcsd1","Johnson County School District 1","11/28/2025"
628,"Substitute Kaycee Bus Route Driver",NA,"Classified","Kaycee","https://jobs.redroverk12.com/org/jcsd1","Johnson County School District 1","11/28/2025"
629,"Asst. Track Coach",NA,"Coaching","Clear Creek Middle","https://jobs.redroverk12.com/org/jcsd1","Johnson County School District 1","11/28/2025"
