"","title","date_posted","position","location","url","District","Archive_Date"
"1","Head Middle School Cross Country Coach-RMMS",2026-03-17,"Athletics/ Activities/","Rocky Mountain Middle/High School","https://www.applitrack.com/bighorn1/onlineapp/JobPostings/view.asp?all=1","Big Horn School District 1",2026-05-29
"2","Assistant Middle School Wrestling Coach-Rocky",2026-04-17,"Athletics/ Activities/","Rocky Mountain Middle/High School","https://www.applitrack.com/bighorn1/onlineapp/JobPostings/view.asp?all=1","Big Horn School District 1",2026-05-29
"3","Assistant Wrestling Coach-Girls/Boys RMHS",2026-05-04,"Athletics/ Activities/","Rocky Mountain Middle/High School","https://www.applitrack.com/bighorn1/onlineapp/JobPostings/view.asp?all=1","Big Horn School District 1",2026-05-29
"4","Assistant Middle School Boys Basketball Coach-RMMS",2026-05-11,"Athletics/ Activities/","Rocky Mountain Middle/High School","https://www.applitrack.com/bighorn1/onlineapp/JobPostings/view.asp?all=1","Big Horn School District 1",2026-05-29
"5","Assistant Middle School Track Coach-Rocky",2026-05-13,"Athletics/ Activities/","Rocky Mountain Middle/High School","https://www.applitrack.com/bighorn1/onlineapp/JobPostings/view.asp?all=1","Big Horn School District 1",2026-05-29
"6","Assistant Volleyball Coach-x2 Burlington",2026-05-14,"Athletics/ Activities/","Burlington Schools","https://www.applitrack.com/bighorn1/onlineapp/JobPostings/view.asp?all=1","Big Horn School District 1",2026-05-29
"7","Assistant Cook-RMES 29hrs/week",2026-05-27,"Food Service/","Rocky Mountain Elementary","https://www.applitrack.com/bighorn1/onlineapp/JobPostings/view.asp?all=1","Big Horn School District 1",2026-05-29
"8","Paraprofessional High School Special Education 37.25 hrs/week-Burlington",2026-05-19,"Paraprofessional/","Burlington Schools","https://www.applitrack.com/bighorn1/onlineapp/JobPostings/view.asp?all=1","Big Horn School District 1",2026-05-29
"9","Sub Nurse",2020-09-23,"Student Support Services/","Big Horn Co School District 1","https://www.applitrack.com/bighorn1/onlineapp/JobPostings/view.asp?all=1","Big Horn School District 1",2026-05-29
"10","Sub - Teacher",2020-09-23,"Substitute/","Big Horn Co School District 1","https://www.applitrack.com/bighorn1/onlineapp/JobPostings/view.asp?all=1","Big Horn School District 1",2026-05-29
"11","Sub- Custodial/Cook/Secretary",2020-09-23,"Support Staff/","Big Horn Co School District 1","https://www.applitrack.com/bighorn1/onlineapp/JobPostings/view.asp?all=1","Big Horn School District 1",2026-05-29
"12","Sub - Paraprofessional",2020-09-23,"Support Staff/","Big Horn Co School District 1","https://www.applitrack.com/bighorn1/onlineapp/JobPostings/view.asp?all=1","Big Horn School District 1",2026-05-29
"13","Sub- Route Bus Driver - Burlington",2020-09-23,"Support Staff/","Bus Barn - South","https://www.applitrack.com/bighorn1/onlineapp/JobPostings/view.asp?all=1","Big Horn School District 1",2026-05-29
"14","Sub- Route Bus Driver - Cowley",2020-09-23,"Support Staff/","Bus Barn - North","https://www.applitrack.com/bighorn1/onlineapp/JobPostings/view.asp?all=1","Big Horn School District 1",2026-05-29
"15","Speech and Language Pathologist Assistant (SLPA)",2026-05-19,"Student Support Services","Big Horn County School District #2","https://www.applitrack.com/bgh2/onlineapp/default.aspx?all=1","Big Horn School District 2",2026-05-29
"16","Substitute Teacher",2022-03-30,"Substitute/","Big Horn County School District #2","https://www.applitrack.com/bgh2/onlineapp/default.aspx?all=1","Big Horn School District 2",2026-05-29
"17","Substitute Route and Activity Bus Drivers",2022-03-29,"Transportation","Big Horn County School District #2","https://www.applitrack.com/bgh2/onlineapp/default.aspx?all=1","Big Horn School District 2",2026-05-29
"18","Route Bus Driver",2025-05-27,"Transportation/","Big Horn County School District #2","https://www.applitrack.com/bgh2/onlineapp/default.aspx?all=1","Big Horn School District 2",2026-05-29
"19","Middle School Special Education Teacher",2026-05-18,"Middle School Teaching/","Greybull Middle School","https://www.applitrack.com/bighorn/onlineapp/default.aspx?all=1","Big Horn School District 3",2026-05-29
"20","Paraprofessional- Elementary School",2026-03-25,"Support Staff/","Greybull Elementary School(High-Needs School)","https://www.applitrack.com/bighorn/onlineapp/default.aspx?all=1","Big Horn School District 3",2026-05-29
"21","Substitute Teacher",2017-07-05,"Substitute/","District Wide","https://www.applitrack.com/bighorn/onlineapp/default.aspx?all=1","Big Horn School District 3",2026-05-29
"22","Substitute Bus Driver / Activity Driver",2024-12-17,"Transportation/","Transportation","https://www.applitrack.com/bighorn/onlineapp/default.aspx?all=1","Big Horn School District 3",2026-05-29
"23","Middle School Head Volleyball Coach",2026-05-21,"Athletics/Activities","Riverside Middle School","https://www.applitrack.com/bgh4/onlineapp/default.aspx?all=1","Big Horn School District 4",2026-05-29
"24","Middle School Special Education Teacher",2026-04-13,"Middle School Teaching","RMS/RHS","https://www.applitrack.com/bgh4/onlineapp/default.aspx?all=1","Big Horn School District 4",2026-05-29
"25","21 CCLC After School Program Activity Leaders",2020-01-21,"Student Support Services","Laura Irwin Elementary","https://www.applitrack.com/bgh4/onlineapp/default.aspx?all=1","Big Horn School District 4",2026-05-29
"26","Bus Driver",2022-01-07,"Support Staff","District","https://www.applitrack.com/bgh4/onlineapp/default.aspx?all=1","Big Horn School District 4",2026-05-29
"27","Substitute",2025-07-21,"Support Staff","District","https://www.applitrack.com/bgh4/onlineapp/default.aspx?all=1","Big Horn School District 4",2026-05-29
"28","Director of Human Resources",2026-02-17,"Administration/","District","https://www.applitrack.com/crb1/onlineapp/jobpostings/view.asp?all=1","Carbon County School District 1",2026-05-29
"29","Director of Special Services",2026-05-20,"Administration/","District","https://www.applitrack.com/crb1/onlineapp/jobpostings/view.asp?all=1","Carbon County School District 1",2026-05-29
"30","Lifeguard",2025-08-12,"Aquatics/","Rawlins Pool","https://www.applitrack.com/crb1/onlineapp/jobpostings/view.asp?all=1","Carbon County School District 1",2026-05-29
"31","Fall Play/State Drama Co-Sponsor",2026-04-27,"Athletics/Activities/","Rawlins High School","https://www.applitrack.com/crb1/onlineapp/jobpostings/view.asp?all=1","Carbon County School District 1",2026-05-29
"32","Spring Play Co-Sponsor",2026-04-27,"Athletics/Activities/","Rawlins High School","https://www.applitrack.com/crb1/onlineapp/jobpostings/view.asp?all=1","Carbon County School District 1",2026-05-29
"33","Asst. High School Football Coach",2026-04-17,"Athletics/Activities/","Little Snake River Valley School","https://www.applitrack.com/crb1/onlineapp/jobpostings/view.asp?all=1","Carbon County School District 1",2026-05-29
"34","Asst. Boys Swim Coach",2026-04-27,"Athletics/Activities/","Rawlins High School","https://www.applitrack.com/crb1/onlineapp/jobpostings/view.asp?all=1","Carbon County School District 1",2026-05-29
"35","Asst. Football Coach",2025-11-11,"Athletics/Activities/","Rawlins Middle School","https://www.applitrack.com/crb1/onlineapp/jobpostings/view.asp?all=1","Carbon County School District 1",2026-05-29
"36","Asst. Girls Wrestling Coach",2026-05-12,"Athletics/Activities/","Rawlins High School","https://www.applitrack.com/crb1/onlineapp/jobpostings/view.asp?all=1","Carbon County School District 1",2026-05-29
"37","2nd Asst. 8th Girls Basketball Coach",2026-05-12,"Athletics/Activities/","Rawlins Middle School","https://www.applitrack.com/crb1/onlineapp/jobpostings/view.asp?all=1","Carbon County School District 1",2026-05-29
"38","STEM Teacher",2026-02-10,"Elementary School Teaching","Rawlins Elementary School","https://www.applitrack.com/crb1/onlineapp/jobpostings/view.asp?all=1","Carbon County School District 1",2026-05-29
"39","Elementary Teacher Grades 2-5",2026-03-31,"Elementary School Teaching","Rawlins Elementary School","https://www.applitrack.com/crb1/onlineapp/jobpostings/view.asp?all=1","Carbon County School District 1",2026-05-29
"40","Music Teacher",2026-04-15,"Elementary School Teaching","Rawlins Elementary School","https://www.applitrack.com/crb1/onlineapp/jobpostings/view.asp?all=1","Carbon County School District 1",2026-05-29
"41","Substitute Food Service",2025-10-09,"Food Service/","Food Service","https://www.applitrack.com/crb1/onlineapp/jobpostings/view.asp?all=1","Carbon County School District 1",2026-05-29
"42","English Teacher",2026-04-16,"High School Teaching","Rawlins High School","https://www.applitrack.com/crb1/onlineapp/jobpostings/view.asp?all=1","Carbon County School District 1",2026-05-29
"43","6-12 Vocal Music Instructor",2026-05-11,"High School Teaching/","Rawlins High School","https://www.applitrack.com/crb1/onlineapp/jobpostings/view.asp?all=1","Carbon County School District 1",2026-05-29
"44","Custodial - Substitute",2024-02-16,"Maintenance/Custodial","Little Snake River Valley School","https://www.applitrack.com/crb1/onlineapp/jobpostings/view.asp?all=1","Carbon County School District 1",2026-05-29
"45","Substitute Custodian",2025-07-29,"Maintenance/Custodial","District","https://www.applitrack.com/crb1/onlineapp/jobpostings/view.asp?all=1","Carbon County School District 1",2026-05-29
"46","Speech Language Pathology Assistant (SLPA)",2026-04-21,"Special Education","District","https://www.applitrack.com/crb1/onlineapp/jobpostings/view.asp?all=1","Carbon County School District 1",2026-05-29
"47","Speech Language Pathologist (SLP)",2026-04-21,"Special Education/","District","https://www.applitrack.com/crb1/onlineapp/jobpostings/view.asp?all=1","Carbon County School District 1",2026-05-29
"48","Substitute Teacher",2025-07-29,"Substitute/","District","https://www.applitrack.com/crb1/onlineapp/jobpostings/view.asp?all=1","Carbon County School District 1",2026-05-29
"49","Substitute Bus Driver",2025-07-29,"Transportation","District","https://www.applitrack.com/crb1/onlineapp/jobpostings/view.asp?all=1","Carbon County School District 1",2026-05-29
"50","Bus Driver",2023-09-22,"Transportation/","District","https://www.applitrack.com/crb1/onlineapp/jobpostings/view.asp?all=1","Carbon County School District 1",2026-05-29
"51","First Assistant (Head) Middle School Boys Basketball Coach",2026-02-25,"Athletics/Activities/","Encampment K-12","https://www.applitrack.com/crb2/onlineapp/default.aspx?all=1","Carbon County School District 2",2026-05-29
"52","Other Assistant Middle School Boys Basketball Coach",2026-02-25,"Athletics/Activities/","Encampment K-12","https://www.applitrack.com/crb2/onlineapp/default.aspx?all=1","Carbon County School District 2",2026-05-29
"53","Assistant High School Volleyball Coach",2026-03-03,"Athletics/Activities/","H-E-M Junior/Senior High School","https://www.applitrack.com/crb2/onlineapp/default.aspx?all=1","Carbon County School District 2",2026-05-29
"54","Other Assistant Middle School Volleyball Coach",2026-03-06,"Athletics/Activities/","H-E-M Junior/Senior High School","https://www.applitrack.com/crb2/onlineapp/default.aspx?all=1","Carbon County School District 2",2026-05-29
"55","Assistant High School Girls Basketball Coach",2026-03-10,"Athletics/Activities/","Saratoga Middle High School","https://www.applitrack.com/crb2/onlineapp/default.aspx?all=1","Carbon County School District 2",2026-05-29
"56","Other Assistant Middle School Girls Basketball Coach",2026-03-10,"Athletics/Activities/","Saratoga Middle High School","https://www.applitrack.com/crb2/onlineapp/default.aspx?all=1","Carbon County School District 2",2026-05-29
"57","Other Assistant Middle School Football Coach",2026-03-10,"Athletics/Activities/","Saratoga Middle High School","https://www.applitrack.com/crb2/onlineapp/default.aspx?all=1","Carbon County School District 2",2026-05-29
"58","First Assistant (Head) Middle School Boys Basketball Coach",2026-03-10,"Athletics/Activities/","Saratoga Middle High School","https://www.applitrack.com/crb2/onlineapp/default.aspx?all=1","Carbon County School District 2",2026-05-29
"59","Other Assistant Middle School Track Coach",2026-03-16,"Athletics/Activities/","H-E-M Junior/Senior High School","https://www.applitrack.com/crb2/onlineapp/default.aspx?all=1","Carbon County School District 2",2026-05-29
"60","High School Assistant Boys Basketball Coach",2025-03-12,"Athletics/Activities/","H-E-M Junior/Senior High School","https://www.applitrack.com/crb2/onlineapp/default.aspx?all=1","Carbon County School District 2",2026-05-29
"61","Assistant MS/HS Cross Country Coach",2026-05-04,"Athletics/Activities/","Saratoga Middle High School","https://www.applitrack.com/crb2/onlineapp/default.aspx?all=1","Carbon County School District 2",2026-05-29
"62","Other Assistant Middle School Girls Wrestling Coach",2026-05-04,"Athletics/Activities/","Saratoga Middle High School","https://www.applitrack.com/crb2/onlineapp/default.aspx?all=1","Carbon County School District 2",2026-05-29
"63","Agriculture Teacher",2026-05-13,"High School Teaching/","Saratoga Middle High School","https://www.applitrack.com/crb2/onlineapp/default.aspx?all=1","Carbon County School District 2",2026-05-29
"64","Temporary Summer Help",2026-04-08,"Maintenance/Custodial/","Encampment K-12","https://www.applitrack.com/crb2/onlineapp/default.aspx?all=1","Carbon County School District 2",2026-05-29
"65","Temporary Summer Help",2026-04-09,"Maintenance/Custodial/","Saratoga Elementary School","https://www.applitrack.com/crb2/onlineapp/default.aspx?all=1","Carbon County School District 2",2026-05-29
"66","Temporary Summer Help",2026-04-15,"Maintenance/Custodial/","H-E-M Junior/Senior High School","https://www.applitrack.com/crb2/onlineapp/default.aspx?all=1","Carbon County School District 2",2026-05-29
"67","District Mechanic",2026-04-23,"Other/","CCSD#2","https://www.applitrack.com/crb2/onlineapp/default.aspx?all=1","Carbon County School District 2",2026-05-29
"68","Elementary School Counselor",2026-01-28,"Student Support Services/","Hanna Elementary School","https://www.applitrack.com/crb2/onlineapp/default.aspx?all=1","Carbon County School District 2",2026-05-29
"69","Occupational Therapist(s)",2023-12-22,"Student Support Services/","CCSD#2","https://www.applitrack.com/crb2/onlineapp/default.aspx?all=1","Carbon County School District 2",2026-05-29
"70","School Psychologist",2026-05-22,"Student Support Services/","CCSD#2","https://www.applitrack.com/crb2/onlineapp/default.aspx?all=1","Carbon County School District 2",2026-05-29
"71","Substitute Bus Driver 2025/2026 School Year",2025-07-15,"Substitute/","CCSD#2","https://www.applitrack.com/crb2/onlineapp/default.aspx?all=1","Carbon County School District 2",2026-05-29
"72","Substitute Classroom/Special Education Aide 2025/2026 School Year",2025-07-15,"Substitute/","CCSD#2","https://www.applitrack.com/crb2/onlineapp/default.aspx?all=1","Carbon County School District 2",2026-05-29
"73","Substitute Cook Helpers 2025/2026 School Year",2025-07-15,"Substitute/","CCSD#2","https://www.applitrack.com/crb2/onlineapp/default.aspx?all=1","Carbon County School District 2",2026-05-29
"74","Substitute Custodian 2025/2026 School Year",2025-07-15,"Substitute/","CCSD#2","https://www.applitrack.com/crb2/onlineapp/default.aspx?all=1","Carbon County School District 2",2026-05-29
"75","Substitute Teacher 2025/2026 School Year",2025-07-15,"Substitute/","CCSD#2","https://www.applitrack.com/crb2/onlineapp/default.aspx?all=1","Carbon County School District 2",2026-05-29
"76","Route Bus Driver",2025-12-02,"Support Staff/","Encampment K-12","https://www.applitrack.com/crb2/onlineapp/default.aspx?all=1","Carbon County School District 2",2026-05-29
"77","High School Assistant Principal (7-12)",2026-05-04,"Administration/","Glenrock Jr/Sr High School","https://www.applitrack.com/converse2/onlineapp/default.aspx?all=1","Converse County School Distrcit 2",2026-05-29
"78","HS Assistant Volleyball Coach",2026-02-18,"Athletics/Activities/","Glenrock Jr/Sr High School","https://www.applitrack.com/converse2/onlineapp/default.aspx?all=1","Converse County School Distrcit 2",2026-05-29
"79","Junior High School (7-8) Head Football Coach",2026-04-02,"Athletics/Activities/","Glenrock Jr/Sr High School","https://www.applitrack.com/converse2/onlineapp/default.aspx?all=1","Converse County School Distrcit 2",2026-05-29
"80","JH Assistant Girls Basketball Coach",2026-04-02,"Athletics/Activities/","Glenrock Jr/Sr High School","https://www.applitrack.com/converse2/onlineapp/default.aspx?all=1","Converse County School Distrcit 2",2026-05-29
"81","High School Assistant Football Coach",2026-04-13,"Athletics/Activities/","Glenrock Jr/Sr High School","https://www.applitrack.com/converse2/onlineapp/default.aspx?all=1","Converse County School Distrcit 2",2026-05-29
"82","Food Service Van Driver - (Part -Time)",2026-03-09,"Food Service/","Converse County School District #2","https://www.applitrack.com/converse2/onlineapp/default.aspx?all=1","Converse County School Distrcit 2",2026-05-29
"83","Food Service Worker - Cook (Part -Time)",2025-12-02,"Food Service/","Converse County School District #2","https://www.applitrack.com/converse2/onlineapp/default.aspx?all=1","Converse County School Distrcit 2",2026-05-29
"84","Secondary Math Teacher (9-12)",2026-03-31,"High School Teaching/","Glenrock Jr/Sr High School","https://www.applitrack.com/converse2/onlineapp/default.aspx?all=1","Converse County School Distrcit 2",2026-05-29
"85","Night Custodian",2026-04-23,"Maintenance/Custodial/","Converse County School District #2","https://www.applitrack.com/converse2/onlineapp/default.aspx?all=1","Converse County School Distrcit 2",2026-05-29
"86","Occupational Therapist",2026-04-22,"Student Support Services Certified/","Converse County School District #2","https://www.applitrack.com/converse2/onlineapp/default.aspx?all=1","Converse County School Distrcit 2",2026-05-29
"87","Special Education Paraprofessional",2026-04-30,"Student Support Services Classified/","Converse County School District #2","https://www.applitrack.com/converse2/onlineapp/default.aspx?all=1","Converse County School Distrcit 2",2026-05-29
"88","Substitute Teacher/Aid/Cook/Custodian/Bus Driver/Summer Help",2019-03-26,"Substitute/","Converse County School District #2","https://www.applitrack.com/converse2/onlineapp/default.aspx?all=1","Converse County School Distrcit 2",2026-05-29
"89","Bus Driver (Route, Activity, Sub)",2023-04-13,"Transportation/","Converse County School District #2","https://www.applitrack.com/converse2/onlineapp/default.aspx?all=1","Converse County School Distrcit 2",2026-05-29
"90","DMS 8th Grade Football Assistant Coach",2026-05-14,"Athletics/Activities/Extra Duty/","Activities Department","https://www.applitrack.com/ccsd1/onlineapp/default.aspx?all=1","Converse County School District 1",2026-05-29
"91","DMS 7th Grade Volleyball Assistant Coach",2026-05-20,"Athletics/Activities/Extra Duty/","Activities Department","https://www.applitrack.com/ccsd1/onlineapp/default.aspx?all=1","Converse County School District 1",2026-05-29
"92","DHS Girls Swimming Assistant Coach",2026-05-14,"Athletics/Activities/Extra Duty/","Activities Department","https://www.applitrack.com/ccsd1/onlineapp/default.aspx?all=1","Converse County School District 1",2026-05-29
"93","Elementary Teachers",2026-04-09,"Elementary School Teaching","Douglas Upper Elementary School","https://www.applitrack.com/ccsd1/onlineapp/default.aspx?all=1","Converse County School District 1",2026-05-29
"94","K-1 / K-8 Rural Music",2026-04-10,"Elementary School Teaching","Douglas Primary School","https://www.applitrack.com/ccsd1/onlineapp/default.aspx?all=1","Converse County School District 1",2026-05-29
"95","DIS/DUES Art Grades 2-5",2026-05-07,"Elementary School Teaching","Douglas Upper Elementary School","https://www.applitrack.com/ccsd1/onlineapp/default.aspx?all=1","Converse County School District 1",2026-05-29
"96","DHS Science Teacher",2026-05-12,"High School Teaching/","Douglas High School","https://www.applitrack.com/ccsd1/onlineapp/default.aspx?all=1","Converse County School District 1",2026-05-29
"97","DHS Custodian",2026-05-18,"Maintenance/Custodial/","Maintenance","https://www.applitrack.com/ccsd1/onlineapp/default.aspx?all=1","Converse County School District 1",2026-05-29
"98","DMS Custodian",2026-05-26,"Maintenance/Custodial/","Maintenance","https://www.applitrack.com/ccsd1/onlineapp/default.aspx?all=1","Converse County School District 1",2026-05-29
"99","DRC Field Crew Workers",2026-01-12,"Recreation/","Douglas Recreation Center","https://www.applitrack.com/ccsd1/onlineapp/default.aspx?all=1","Converse County School District 1",2026-05-29
"100","Elementary SPED Teacher",2026-01-21,"Student Support Services","Elementary Schools","https://www.applitrack.com/ccsd1/onlineapp/default.aspx?all=1","Converse County School District 1",2026-05-29
"101","Secondary SPED Teacher",2026-01-21,"Student Support Services","Douglas Middle/High School","https://www.applitrack.com/ccsd1/onlineapp/default.aspx?all=1","Converse County School District 1",2026-05-29
"102","Certified Occupational Therapy Assistant (COTA)",2026-05-06,"Student Support Services","Converse County School District #1","https://www.applitrack.com/ccsd1/onlineapp/default.aspx?all=1","Converse County School District 1",2026-05-29
"103","Special Services Administrative Assistant",2026-05-20,"Student Support Services","Central Administration","https://www.applitrack.com/ccsd1/onlineapp/default.aspx?all=1","Converse County School District 1",2026-05-29
"104","Special Education Functional Life Skills Teacher (Grades 6-8)",2026-03-26,"Student Support Services/","Douglas Middle School","https://www.applitrack.com/ccsd1/onlineapp/default.aspx?all=1","Converse County School District 1",2026-05-29
"105","School Psychologist",2026-03-12,"Student Support Services/","Converse County School District #1","https://www.applitrack.com/ccsd1/onlineapp/default.aspx?all=1","Converse County School District 1",2026-05-29
"106","Crossing Guard",2026-03-23,"Transportation/","Transportation","https://www.applitrack.com/ccsd1/onlineapp/default.aspx?all=1","Converse County School District 1",2026-05-29
"107","Head 7th Volleyball Coach",2025-12-16,"Athletics/Activities/","Lander Middle School","https://www.applitrack.com/fremontwy/onlineapp/jobpostings/view.asp?all=1","Fremont County School District 1",2026-05-29
"108","Head 8th Volleyball Coach",2025-12-19,"Athletics/Activities/","Lander Middle School","https://www.applitrack.com/fremontwy/onlineapp/jobpostings/view.asp?all=1","Fremont County School District 1",2026-05-29
"109","Elementary Teacher",2026-05-19,"Certified Teaching/","Baldwin Creek Elementary","https://www.applitrack.com/fremontwy/onlineapp/jobpostings/view.asp?all=1","Fremont County School District 1",2026-05-29
"110","Family and Consumer Science Teacher",2026-05-14,"Certified Teaching/","Lander Middle School","https://www.applitrack.com/fremontwy/onlineapp/jobpostings/view.asp?all=1","Fremont County School District 1",2026-05-29
"111","Science Teacher",2026-05-15,"Certified Teaching/","Lander Valley High School","https://www.applitrack.com/fremontwy/onlineapp/jobpostings/view.asp?all=1","Fremont County School District 1",2026-05-29
"112","Special Education Life Skills Teacher",2026-04-16,"Certified Teaching/","Lander Middle School","https://www.applitrack.com/fremontwy/onlineapp/jobpostings/view.asp?all=1","Fremont County School District 1",2026-05-29
"113","Special Education Teacher - Behavior",2026-03-24,"Certified Teaching/","Lander Valley High School","https://www.applitrack.com/fremontwy/onlineapp/jobpostings/view.asp?all=1","Fremont County School District 1",2026-05-29
"114","Special Education Teacher - Extended Resource",2026-04-15,"Certified Teaching/","Lander Valley High School","https://www.applitrack.com/fremontwy/onlineapp/jobpostings/view.asp?all=1","Fremont County School District 1",2026-05-29
"115","Music Paraprofessional - 1/2 Time Employee",2026-05-08,"Paraprofessional/","Gannett Peak Elementary","https://www.applitrack.com/fremontwy/onlineapp/jobpostings/view.asp?all=1","Fremont County School District 1",2026-05-29
"116","Student Services Secretary",2026-05-13,"Secretarial/Clerical/","Lander Middle School","https://www.applitrack.com/fremontwy/onlineapp/jobpostings/view.asp?all=1","Fremont County School District 1",2026-05-29
"117","Speech-Language Pathologist",2026-03-05,"Student Support Services/","District-wide","https://www.applitrack.com/fremontwy/onlineapp/jobpostings/view.asp?all=1","Fremont County School District 1",2026-05-29
"118","Substitute Bus/Activity Driver (at-will)",2025-06-11,"Substitute/","Central Services","https://www.applitrack.com/fremontwy/onlineapp/jobpostings/view.asp?all=1","Fremont County School District 1",2026-05-29
"119","Summer Lifeguards and Water Safety Instructors",2026-05-22,"Swimming Pool/","Bruce Gresly Aquatic Center","https://www.applitrack.com/fremontwy/onlineapp/jobpostings/view.asp?all=1","Fremont County School District 1",2026-05-29
"120","Adaptive PE Teacher",2026-03-18,"Temporary/","District-wide","https://www.applitrack.com/fremontwy/onlineapp/jobpostings/view.asp?all=1","Fremont County School District 1",2026-05-29
"121","Bus Route Driver",2026-04-21,"Transportation / Warehouse/","District-wide","https://www.applitrack.com/fremontwy/onlineapp/jobpostings/view.asp?all=1","Fremont County School District 1",2026-05-29
"122","Business Manager (Open until filled)",2026-03-19,"Administration/","Fremont County School District 21","https://www.applitrack.com/fortwashakieschool/onlineapp/default.aspx?all=1","Fremont County School District 21",2026-05-29
"123","High School Principal - Open Until Filled",2026-04-22,"Administration/","Fort Washakie High School","https://www.applitrack.com/fortwashakieschool/onlineapp/default.aspx?all=1","Fremont County School District 21",2026-05-29
"124","Northern Arapaho Language Teachers - Open Until Filled",2026-05-08,"Elementary School Teaching/","Fremont County School District 21","https://www.applitrack.com/fortwashakieschool/onlineapp/default.aspx?all=1","Fremont County School District 21",2026-05-29
"125","Substitute Cooks",2025-10-06,"Student Support Services/","Fort Washakie Elementary","https://www.applitrack.com/fortwashakieschool/onlineapp/default.aspx?all=1","Fremont County School District 21",2026-05-29
"126","Special Education Teachers - Open Until Filled.",2026-03-24,"Student Support Services/","Fort Washakie Elementary","https://www.applitrack.com/fortwashakieschool/onlineapp/default.aspx?all=1","Fremont County School District 21",2026-05-29
"127","Special Education Teachers - Open Until Filled",2026-03-27,"Student Support Services/","Fort Washakie High School","https://www.applitrack.com/fortwashakieschool/onlineapp/default.aspx?all=1","Fremont County School District 21",2026-05-29
"128","Substitute Teacher",2023-09-12,"Substitute/","Fort Washakie Elementary","https://www.applitrack.com/fortwashakieschool/onlineapp/default.aspx?all=1","Fremont County School District 21",2026-05-29
"129","Paraprofessional (Special Education)",2026-03-24,"Support Staff/","Fremont County School District 21","https://www.applitrack.com/fortwashakieschool/onlineapp/default.aspx?all=1","Fremont County School District 21",2026-05-29
"130","Special Education Paraprofessionals with Possible Tuition Reimbursement 2026-2027",2026-05-12,"Support Staff/","Special Ed Dept","https://www.applitrack.com/fremont24/onlineapp/default.aspx?all=1","Fremont County School District 24",2026-05-29
"131","K-12 Assistant Principal 2026-2027",2026-05-22,"Administration/","K-12 Schoolwide","https://www.applitrack.com/fremont24/onlineapp/default.aspx?all=1","Fremont County School District 24",2026-05-29
"132","Bus Driver Substitutes 2025-2026",2025-08-08,"Substitute/","K-12 Schoolwide","https://www.applitrack.com/fremont24/onlineapp/default.aspx?all=1","Fremont County School District 24",2026-05-29
"133","Cooks Helper Substitutes 2025-2026",2025-08-08,"Substitute/","District Office","https://www.applitrack.com/fremont24/onlineapp/default.aspx?all=1","Fremont County School District 24",2026-05-29
"134","Custodian Substitutes 2025-2026",2025-08-08,"Substitute/","District Wide","https://www.applitrack.com/fremont24/onlineapp/default.aspx?all=1","Fremont County School District 24",2026-05-29
"135","Substitute School Nurse 2025-2026",2025-08-08,"Substitute/","K-12 Schoolwide","https://www.applitrack.com/fremont24/onlineapp/default.aspx?all=1","Fremont County School District 24",2026-05-29
"136","Substitute Teacher 2025-2026",2025-08-08,"Substitute/","K-12 Schoolwide","https://www.applitrack.com/fremont24/onlineapp/default.aspx?all=1","Fremont County School District 24",2026-05-29
"137","Substitute Daycare Assistant 2025-2026",2025-08-08,"Substitute/","K-12 Schoolwide","https://www.applitrack.com/fremont24/onlineapp/default.aspx?all=1","Fremont County School District 24",2026-05-29
"138","No jobs",NA,NA,NA,"https://www.applitrack.com/fcsd38/onlineapp/default.aspx?all=1","Fremont County School District 38",2026-05-29
"139","High School Assistant Volleyball Coach",2025-03-24,"Athletics/Activities","Wind River High School","https://www.applitrack.com/fre6/onlineapp/default.aspx?all=1","Fremont County School District 6",2026-05-29
"140","HS Boys Boasketball Coach HEAD",2026-03-11,"Athletics/Activities","Wind River Middle/High School","https://www.applitrack.com/fre6/onlineapp/default.aspx?all=1","Fremont County School District 6",2026-05-29
"141","Assistant HS Girls Basketball Coach",2026-03-26,"Athletics/Activities","Wind River High School","https://www.applitrack.com/fre6/onlineapp/default.aspx?all=1","Fremont County School District 6",2026-05-29
"142","Assistant High School Boys Basketball Coach",2026-04-22,"Athletics/Activities","Wind River Schools","https://www.applitrack.com/fre6/onlineapp/default.aspx?all=1","Fremont County School District 6",2026-05-29
"143","Assistant HS Football Coach",2026-04-22,"Athletics/Activities","Wind River Schools","https://www.applitrack.com/fre6/onlineapp/default.aspx?all=1","Fremont County School District 6",2026-05-29
"144","Head HS Girls Basketball Coach",2026-05-13,"Athletics/Activities","Wind River Middle/High School","https://www.applitrack.com/fre6/onlineapp/default.aspx?all=1","Fremont County School District 6",2026-05-29
"145","Head HS Wrestling Coach",2026-05-15,"Athletics/Activities","Wind River Middle/High School","https://www.applitrack.com/fre6/onlineapp/default.aspx?all=1","Fremont County School District 6",2026-05-29
"146","Youth Volleyball Coach",2026-05-20,"Athletics/Activities","Wind River Elementary","https://www.applitrack.com/fre6/onlineapp/default.aspx?all=1","Fremont County School District 6",2026-05-29
"147","Preschool Teacher",2026-05-18,"Elementary School Teaching","Wind River Elementary","https://www.applitrack.com/fre6/onlineapp/default.aspx?all=1","Fremont County School District 6",2026-05-29
"148","Grounds Keeper/Custodian",2026-04-23,"Maintenance/Custodial/","Wind River Schools","https://www.applitrack.com/fre6/onlineapp/default.aspx?all=1","Fremont County School District 6",2026-05-29
"149","Custodian",2026-05-12,"Maintenance/Custodial/","Wind River Schools","https://www.applitrack.com/fre6/onlineapp/default.aspx?all=1","Fremont County School District 6",2026-05-29
"150","Substitute Teacher",2024-08-20,"Substitute/","Wind River Schools","https://www.applitrack.com/fre6/onlineapp/default.aspx?all=1","Fremont County School District 6",2026-05-29
"151","Substitute Para/Custodian/Food Service",2024-11-14,"Substitute/","Wind River Schools","https://www.applitrack.com/fre6/onlineapp/default.aspx?all=1","Fremont County School District 6",2026-05-29
"152","Bus Driver",2026-05-19,"Support Staff","Wind River Schools","https://www.applitrack.com/fre6/onlineapp/default.aspx?all=1","Fremont County School District 6",2026-05-29
"153","Assistant High School Boys Basketball Coach",2026-05-15,"Athletics/Activities/","Wyoming Indian High School","https://www.applitrack.com/fremont14/onlineapp/default.aspx?all=1","Fremont County School District 14",2026-05-29
"154","Assistant High School Girls Basketball Coach",2026-05-15,"Athletics/Activities/","Wyoming Indian High School","https://www.applitrack.com/fremont14/onlineapp/default.aspx?all=1","Fremont County School District 14",2026-05-29
"155","High School Assistant Volleyball Coach",2026-05-15,"Athletics/Activities/","Wyoming Indian High School","https://www.applitrack.com/fremont14/onlineapp/default.aspx?all=1","Fremont County School District 14",2026-05-29
"156","Middle School Assistant Volleyball Coach",2026-05-15,"Athletics/Activities/","Wyoming Indian Middle School","https://www.applitrack.com/fremont14/onlineapp/default.aspx?all=1","Fremont County School District 14",2026-05-29
"157","Substitute School Nurse",2020-07-23,"Student Health Services/","District Wide","https://www.applitrack.com/fremont14/onlineapp/default.aspx?all=1","Fremont County School District 14",2026-05-29
"158","Middle School Building Intervention Program Aide",2026-05-15,"Student Support Services","Wyoming Indian Middle School","https://www.applitrack.com/fremont14/onlineapp/default.aspx?all=1","Fremont County School District 14",2026-05-29
"159","Speech Language Pathologist",2026-05-20,"Student Support Services/","Wyoming Indian Elementary School","https://www.applitrack.com/fremont14/onlineapp/default.aspx?all=1","Fremont County School District 14",2026-05-29
"160","Substitute Teacher - Classroom",2018-10-09,"Substitute Certified/","District Wide","https://www.applitrack.com/fremont14/onlineapp/default.aspx?all=1","Fremont County School District 14",2026-05-29
"161","Substitute School Secretary",2026-02-06,"Substitute Non Certified","District Wide","https://www.applitrack.com/fremont14/onlineapp/default.aspx?all=1","Fremont County School District 14",2026-05-29
"162","Substitute Cook",2018-10-10,"Substitute Non Certified/","District Wide","https://www.applitrack.com/fremont14/onlineapp/default.aspx?all=1","Fremont County School District 14",2026-05-29
"163","Substitute Custodian",2019-09-09,"Substitute Non Certified/","District Wide","https://www.applitrack.com/fremont14/onlineapp/default.aspx?all=1","Fremont County School District 14",2026-05-29
"164","Language and Culture Paraprofessional",2026-04-11,"Support Staff/","District Wide","https://www.applitrack.com/fremont14/onlineapp/default.aspx?all=1","Fremont County School District 14",2026-05-29
"165","Special Education Paraprofessional",2026-03-12,"Support Staff/","Wyoming Indian Elementary School","https://www.applitrack.com/fremont14/onlineapp/default.aspx?all=1","Fremont County School District 14",2026-05-29
"166","Bus Driver",2023-09-18,"Transportation/","District Wide","https://www.applitrack.com/fremont14/onlineapp/default.aspx?all=1","Fremont County School District 14",2026-05-29
"167","Substitute Bus Driver",2021-07-09,"Transportation/","District Wide","https://www.applitrack.com/fremont14/onlineapp/default.aspx?all=1","Fremont County School District 14",2026-05-29
"168","No jobs",NA,NA,NA,"https://www.applitrack.com/rangers1/onlineapp/default.aspx?all=1","Lincoln County School District 1",2026-05-29
"169","Volleyball Coach",2026-05-26,"Athletics/Activities/","Powell High School","https://www.applitrack.com/park1/onlineapp/default.aspx?all=1","Park County School District 1",2026-05-29
"170","Substitute School Nurse",2025-09-18,"Student Support Services/","District-Wide K-12","https://www.applitrack.com/park1/onlineapp/default.aspx?all=1","Park County School District 1",2026-05-29
"171","Substitute Teacher",2024-07-03,"Substitute/","District-Wide K-12","https://www.applitrack.com/park1/onlineapp/default.aspx?all=1","Park County School District 1",2026-05-29
"172","Substitute Custodian",2024-07-03,"Substitute Support Services/","District-Wide K-12","https://www.applitrack.com/park1/onlineapp/default.aspx?all=1","Park County School District 1",2026-05-29
"173","Substitute Para-Educator",2024-07-03,"Substitute Support Services/","District-Wide K-12","https://www.applitrack.com/park1/onlineapp/default.aspx?all=1","Park County School District 1",2026-05-29
"174","Substitute Bus Driver",2021-09-27,"Transportation/","Transportation Department","https://www.applitrack.com/park1/onlineapp/default.aspx?all=1","Park County School District 1",2026-05-29
"175","Head Boys Basketball Coach",2026-05-08,"Athletics/Activities/","Cody High School","https://www.applitrack.com/park6/onlineapp/default.aspx?all=1","Park County School District 6",2026-05-29
"176","Elementary Classroom Teacher",2026-05-08,"Elementary School Teaching","Eastside Elementary School","https://www.applitrack.com/park6/onlineapp/default.aspx?all=1","Park County School District 6",2026-05-29
"177","Title I Teacher",2026-05-15,"Elementary School Teaching","Eastside Elementary School","https://www.applitrack.com/park6/onlineapp/default.aspx?all=1","Park County School District 6",2026-05-29
"178","Custodian",2026-04-10,"Maintenance/Custodial/","Cody High School","https://www.applitrack.com/park6/onlineapp/default.aspx?all=1","Park County School District 6",2026-05-29
"179","Custodian",2026-04-10,"Maintenance/Custodial/","Livingston Elementary School","https://www.applitrack.com/park6/onlineapp/default.aspx?all=1","Park County School District 6",2026-05-29
"180","Life Skills Teacher",2026-03-27,"Student Support Services/","Cody High School","https://www.applitrack.com/park6/onlineapp/default.aspx?all=1","Park County School District 6",2026-05-29
"181","ASD Special Education Teacher",2026-03-27,"Student Support Services/","Cody Middle School","https://www.applitrack.com/park6/onlineapp/default.aspx?all=1","Park County School District 6",2026-05-29
"182","ASD Special Education Teacher",2026-05-27,"Student Support Services/","Livingston Elementary School","https://www.applitrack.com/park6/onlineapp/default.aspx?all=1","Park County School District 6",2026-05-29
"183","Elementary Special Education Resource Teacher",2026-02-06,"Student Support Services/","Eastside Elementary School","https://www.applitrack.com/park6/onlineapp/default.aspx?all=1","Park County School District 6",2026-05-29
"184","Substitute Paraeducator (Aide) 2025-2026 School Year",2025-07-16,"Substitute/","All Schools","https://www.applitrack.com/park6/onlineapp/default.aspx?all=1","Park County School District 6",2026-05-29
"185","Substitute Custodian 2025-2026 School Year",2025-07-16,"Substitute/","All Schools","https://www.applitrack.com/park6/onlineapp/default.aspx?all=1","Park County School District 6",2026-05-29
"186","Substitute Nurse 2025-2026 School Year",2025-07-16,"Substitute/","All Schools","https://www.applitrack.com/park6/onlineapp/default.aspx?all=1","Park County School District 6",2026-05-29
"187","Substitute Teacher 2025-2026 School Year",2025-07-16,"Substitute/","All Schools","https://www.applitrack.com/park6/onlineapp/default.aspx?all=1","Park County School District 6",2026-05-29
"188","Special Education Life Skills Paraeducator",2026-01-27,"Support Staff/","Cody High School","https://www.applitrack.com/park6/onlineapp/default.aspx?all=1","Park County School District 6",2026-05-29
"189","Special Education Resource Paraeducator",2026-04-10,"Support Staff/","Cody Middle School","https://www.applitrack.com/park6/onlineapp/default.aspx?all=1","Park County School District 6",2026-05-29
"190","Route Driver",2025-07-16,"Transportation","All Schools","https://www.applitrack.com/park6/onlineapp/default.aspx?all=1","Park County School District 6",2026-05-29
"191","Bus Aide",2025-07-16,"Transportation","All Schools","https://www.applitrack.com/park6/onlineapp/default.aspx?all=1","Park County School District 6",2026-05-29
"192","BHE Librarian",2026-05-18,"Support Staff/","Big Horn Elementary","https://www.applitrack.com/sheridanwy/onlineapp/default.aspx?all=1","Sheridan County School District 1",2026-05-29
"193","BHMS Assistant Girls Basketball Coach",2026-05-26,"Athletics/Activities/","Big Horn Middle School","https://www.applitrack.com/sheridanwy/onlineapp/default.aspx?all=1","Sheridan County School District 1",2026-05-29
"194","TRMS Assistant Cross-Country Coach",2026-02-04,"Athletics/Activities/","Tongue River Middle School","https://www.applitrack.com/sheridanwy/onlineapp/default.aspx?all=1","Sheridan County School District 1",2026-05-29
"195","TRMS Assistant Volleyball Coach",2026-02-04,"Athletics/Activities/","Tongue River Middle School","https://www.applitrack.com/sheridanwy/onlineapp/default.aspx?all=1","Sheridan County School District 1",2026-05-29
"196","TRHS Head Boys Basketball Coach",2026-05-05,"Athletics/Activities/","Tongue River High School","https://www.applitrack.com/sheridanwy/onlineapp/default.aspx?all=1","Sheridan County School District 1",2026-05-29
"197","TRHS Assistant Boys Basketball Coach",2026-05-05,"Athletics/Activities/","Tongue River High School","https://www.applitrack.com/sheridanwy/onlineapp/default.aspx?all=1","Sheridan County School District 1",2026-05-29
"198","Tongue River Custodian",2026-04-21,"Maintenance/Custodial/","TR Schools","https://www.applitrack.com/sheridanwy/onlineapp/default.aspx?all=1","Sheridan County School District 1",2026-05-29
"199","Big Horn Custodian",2025-12-08,"Maintenance/Custodial/","Big Horn High School","https://www.applitrack.com/sheridanwy/onlineapp/default.aspx?all=1","Sheridan County School District 1",2026-05-29
"200","Bus Driver",2025-04-01,"Transportation/","District-Wide","https://www.applitrack.com/sheridanwy/onlineapp/default.aspx?all=1","Sheridan County School District 1",2026-05-29
"201","TRMS Assistant Girls Basketball Coach",2025-05-20,"Athletics/Activities/","Tongue River Middle School","https://www.applitrack.com/sheridanwy/onlineapp/default.aspx?all=1","Sheridan County School District 1",2026-05-29
"202","TRHS Assistant Volleyball Coach",2025-05-28,"Athletics/Activities/","Tongue River High School","https://www.applitrack.com/sheridanwy/onlineapp/default.aspx?all=1","Sheridan County School District 1",2026-05-29
"203","TRHS Assistant Track Coach",2025-06-03,"Athletics/Activities/","Tongue River High School","https://www.applitrack.com/sheridanwy/onlineapp/default.aspx?all=1","Sheridan County School District 1",2026-05-29
"204","TRMS Assistant Robotics Coach",2025-08-12,"Athletics/Activities/","Tongue River Middle School","https://www.applitrack.com/sheridanwy/onlineapp/default.aspx?all=1","Sheridan County School District 1",2026-05-29
"205","BHMS Assistant Boys Wrestling Coach",2025-09-08,"Athletics/Activities/","Big Horn Middle School","https://www.applitrack.com/sheridanwy/onlineapp/default.aspx?all=1","Sheridan County School District 1",2026-05-29
"206","TRHS Head Cross-Country Coach",2025-11-18,"Athletics/Activities/","Tongue River High School","https://www.applitrack.com/sheridanwy/onlineapp/default.aspx?all=1","Sheridan County School District 1",2026-05-29
"207","TRMS Assistant Boys Basketball Coach",2024-08-14,"Athletics/Activities/","Tongue River Middle School","https://www.applitrack.com/sheridanwy/onlineapp/default.aspx?all=1","Sheridan County School District 1",2026-05-29
"208","Substitute - Support Staff",2018-07-03,"Substitute/","District-Wide","https://www.applitrack.com/sheridanwy/onlineapp/default.aspx?all=1","Sheridan County School District 1",2026-05-29
"209","Substitute - Teacher",2018-07-09,"Substitute/","District-Wide","https://www.applitrack.com/sheridanwy/onlineapp/default.aspx?all=1","Sheridan County School District 1",2026-05-29
"210","Office Paraprofessional - Sheridan High School",2026-05-06,"Administrative/Clerical","Sheridan High School","https://www.applitrack.com/scsd2/OnlineApp/default.aspx?all=1","Sheridan County School District 2",2026-05-29
"211","Administrative Assistant - Story Elementary",2026-05-13,"Administrative/Clerical/","Story","https://www.applitrack.com/scsd2/OnlineApp/default.aspx?all=1","Sheridan County School District 2",2026-05-29
"212","After School Program Site Coordinator - Highland Park Elementary",2026-05-12,"After School Program/","Highland Park","https://www.applitrack.com/scsd2/OnlineApp/default.aspx?all=1","Sheridan County School District 2",2026-05-29
"213","Assistant Volleyball Coach - 8th Grade Girls - Sheridan Junior High School",2026-03-30,"Athletic Coaches","Sheridan Junior High School","https://www.applitrack.com/scsd2/OnlineApp/default.aspx?all=1","Sheridan County School District 2",2026-05-29
"214","Assistant Golf Coach - Sheridan High School",2026-04-16,"Athletic Coaches","Sheridan High School","https://www.applitrack.com/scsd2/OnlineApp/default.aspx?all=1","Sheridan County School District 2",2026-05-29
"215","Assistant Football Coach 8th Grade - Sheridan Junior High School",2026-04-21,"Athletic Coaches","Sheridan Junior High School","https://www.applitrack.com/scsd2/OnlineApp/default.aspx?all=1","Sheridan County School District 2",2026-05-29
"216","Assistant Volleyball Coach - Sheridan High School",2026-04-30,"Athletic Coaches","Sheridan High School","https://www.applitrack.com/scsd2/OnlineApp/default.aspx?all=1","Sheridan County School District 2",2026-05-29
"217","Assistant Football Coach - Sheridan High School",2026-05-05,"Athletic Coaches","Sheridan High School","https://www.applitrack.com/scsd2/OnlineApp/default.aspx?all=1","Sheridan County School District 2",2026-05-29
"218","Assistant Basketball Coach - 9th Grade B Team - Sheridan High School",2026-02-10,"Athletic Coaches","Sheridan High School","https://www.applitrack.com/scsd2/OnlineApp/default.aspx?all=1","Sheridan County School District 2",2026-05-29
"219","Assistant Wrestling Coach - Sheridan Junior High School",2026-01-14,"Athletic Coaches","Sheridan Junior High School","https://www.applitrack.com/scsd2/OnlineApp/default.aspx?all=1","Sheridan County School District 2",2026-05-29
"220","Assistant Cross Country Coach - Sheridan Junior High School",2026-03-11,"Athletic Coaches","Sheridan Junior High School","https://www.applitrack.com/scsd2/OnlineApp/default.aspx?all=1","Sheridan County School District 2",2026-05-29
"221","Girls Assistant Volleyball Coach - 7th Grade B Team - Sheridan Junior High School",2026-03-12,"Athletic Coaches","Sheridan Junior High School","https://www.applitrack.com/scsd2/OnlineApp/default.aspx?all=1","Sheridan County School District 2",2026-05-29
"222","Girls Basketball Coach - 7th Grade C Team - Sheridan Junior High School",2026-03-12,"Athletic Coaches","Sheridan Junior High School","https://www.applitrack.com/scsd2/OnlineApp/default.aspx?all=1","Sheridan County School District 2",2026-05-29
"223","Head Football Coach - 7th Grade Boys - Sheridan Junior High School",2026-01-29,"Athletic Coaches/","Sheridan Junior High School","https://www.applitrack.com/scsd2/OnlineApp/default.aspx?all=1","Sheridan County School District 2",2026-05-29
"224","Head 8th Grade Football Coach - Sheridan Junior High School",2026-05-06,"Athletic Coaches/","Sheridan Junior High School","https://www.applitrack.com/scsd2/OnlineApp/default.aspx?all=1","Sheridan County School District 2",2026-05-29
"225","Head Basketball Coach - Boys 7th Grade - Sheridan Junior High School",2026-04-21,"Athletic Coaches/","Sheridan Junior High School","https://www.applitrack.com/scsd2/OnlineApp/default.aspx?all=1","Sheridan County School District 2",2026-05-29
"226","Human Resources Specialist",2026-05-18,"Central Office Technicians/Specialists/","Central Office","https://www.applitrack.com/scsd2/OnlineApp/default.aspx?all=1","Sheridan County School District 2",2026-05-29
"227","Elementary Title I Literacy Teacher - Henry A. Coffeen Elementary",2026-04-30,"Elementary School Teaching","Henry A. Coffeen","https://www.applitrack.com/scsd2/OnlineApp/default.aspx?all=1","Sheridan County School District 2",2026-05-29
"228","Science Classroom Teacher - Sheridan High School",2026-05-11,"High School Teaching/","Sheridan High School","https://www.applitrack.com/scsd2/OnlineApp/default.aspx?all=1","Sheridan County School District 2",2026-05-29
"229","School Nurse - Sheridan Junior High School",2026-03-02,"Nurses/","Sheridan Junior High School","https://www.applitrack.com/scsd2/OnlineApp/default.aspx?all=1","Sheridan County School District 2",2026-05-29
"230","Pre-K Paraprofessional - Highland Park Elementary",2026-03-09,"Paraprofessionals","Highland Park","https://www.applitrack.com/scsd2/OnlineApp/default.aspx?all=1","Sheridan County School District 2",2026-05-29
"231","Special Education Paraprofessional - Sheridan High School",2026-05-03,"Paraprofessionals","Sheridan High School","https://www.applitrack.com/scsd2/OnlineApp/default.aspx?all=1","Sheridan County School District 2",2026-05-29
"232","Special Education Paraprofessional - Sheridan Junior High School",2026-05-20,"Paraprofessionals","Sheridan Junior High School","https://www.applitrack.com/scsd2/OnlineApp/default.aspx?all=1","Sheridan County School District 2",2026-05-29
"233","Special Education Paraprofessional - Henry A. Coffeen Elementary",2026-05-21,"Paraprofessionals","Henry A. Coffeen","https://www.applitrack.com/scsd2/OnlineApp/default.aspx?all=1","Sheridan County School District 2",2026-05-29
"234","Special Education Paraprofessional - Highland Park Elementary",2026-05-27,"Paraprofessionals","Highland Park","https://www.applitrack.com/scsd2/OnlineApp/default.aspx?all=1","Sheridan County School District 2",2026-05-29
"235","English Language Paraprofessional - Sagebrush Elementary",2026-05-07,"Paraprofessionals","Sagebrush","https://www.applitrack.com/scsd2/OnlineApp/default.aspx?all=1","Sheridan County School District 2",2026-05-29
"236","Substitute Teacher (for prior SCSD2 Teachers only)",2025-07-01,"Prior Employee/","District Wide","https://www.applitrack.com/scsd2/OnlineApp/default.aspx?all=1","Sheridan County School District 2",2026-05-29
"237","Rotating Teacher - Districtwide",2026-04-28,"Rotating Teacher","Central Office","https://www.applitrack.com/scsd2/OnlineApp/default.aspx?all=1","Sheridan County School District 2",2026-05-29
"238","Seasonal Grounds Worker - Districtwide",2026-01-16,"Seasonal Staff","District Wide","https://www.applitrack.com/scsd2/OnlineApp/default.aspx?all=1","Sheridan County School District 2",2026-05-29
"239","Seasonal Bus Mechanic",2026-03-27,"Seasonal Staff","Bus Barn","https://www.applitrack.com/scsd2/OnlineApp/default.aspx?all=1","Sheridan County School District 2",2026-05-29
"240","Speech Language Pathologist - Districtwide",2026-02-23,"Special Services Staff/",NA,"https://www.applitrack.com/scsd2/OnlineApp/default.aspx?all=1","Sheridan County School District 2",2026-05-29
"241","Substitute Custodian - Districtwide",2024-08-29,"Substitutes","District Wide","https://www.applitrack.com/scsd2/OnlineApp/default.aspx?all=1","Sheridan County School District 2",2026-05-29
"242","Substitute Bus Paraprofessional - Districtwide",2025-04-28,"Substitutes","Bus Barn","https://www.applitrack.com/scsd2/OnlineApp/default.aspx?all=1","Sheridan County School District 2",2026-05-29
"243","Substitute Paraprofessional",2024-07-10,"Substitutes","District Wide","https://www.applitrack.com/scsd2/OnlineApp/default.aspx?all=1","Sheridan County School District 2",2026-05-29
"244","Substitute School Nurse",2024-07-10,"Substitutes","District Wide","https://www.applitrack.com/scsd2/OnlineApp/default.aspx?all=1","Sheridan County School District 2",2026-05-29
"245","Substitute Teacher",2025-07-01,"Substitutes/","District Wide","https://www.applitrack.com/scsd2/OnlineApp/default.aspx?all=1","Sheridan County School District 2",2026-05-29
"246","Bus Driver - Districtwide",2026-05-07,"Transportation Staff","Bus Barn","https://www.applitrack.com/scsd2/OnlineApp/default.aspx?all=1","Sheridan County School District 2",2026-05-29
"247","Substitute Bus Driver",2025-10-07,"Transportation Staff","Bus Barn","https://www.applitrack.com/scsd2/OnlineApp/default.aspx?all=1","Sheridan County School District 2",2026-05-29
"248","Attendance Secretary",2026-05-18,"Administrative Support Services/","Rock Springs Junior High School","https://www.applitrack.com/sweetwater/onlineapp/default.aspx?all=1","Sweetwater County School District 1",2026-05-29
"249","RSHS Assistant Outdoor Track Coach (2)",2026-05-12,"Athletics/Activities/","Rock Springs High School","https://www.applitrack.com/sweetwater/onlineapp/default.aspx?all=1","Sweetwater County School District 1",2026-05-29
"250","RSHS Assistant Tennis Coach (2)",2026-05-12,"Athletics/Activities/","Rock Springs High School","https://www.applitrack.com/sweetwater/onlineapp/default.aspx?all=1","Sweetwater County School District 1",2026-05-29
"251","FEMS-FEHS Assistant Coach - Football (3)",2025-03-03,"Athletics/Activities/","Farson-Eden High School","https://www.applitrack.com/sweetwater/onlineapp/default.aspx?all=1","Sweetwater County School District 1",2026-05-29
"252","RSHS Assistant Coach - Football (2)",2026-02-10,"Athletics/Activities/","Rock Springs High School","https://www.applitrack.com/sweetwater/onlineapp/default.aspx?all=1","Sweetwater County School District 1",2026-05-29
"253","RSJH Assistant Football Coach - 7th Grade",2026-02-10,"Athletics/Activities/","Rock Springs Junior High School","https://www.applitrack.com/sweetwater/onlineapp/default.aspx?all=1","Sweetwater County School District 1",2026-05-29
"254","RSHS Assistant Indoor Track Coach (3)",2026-03-10,"Athletics/Activities/","Rock Springs High School","https://www.applitrack.com/sweetwater/onlineapp/default.aspx?all=1","Sweetwater County School District 1",2026-05-29
"255","RSHS Assistant Girls Basketball Coach - Freshman",2026-03-11,"Athletics/Activities/","Rock Springs High School","https://www.applitrack.com/sweetwater/onlineapp/default.aspx?all=1","Sweetwater County School District 1",2026-05-29
"256","RSHS Assistant Boys Basketball Coach - (2)",2026-03-19,"Athletics/Activities/","Rock Springs High School","https://www.applitrack.com/sweetwater/onlineapp/default.aspx?all=1","Sweetwater County School District 1",2026-05-29
"257","Farson/Eden MS Boys Assistant Basketball Coach",2026-04-21,"Athletics/Activities/","Farson-Eden Middle School","https://www.applitrack.com/sweetwater/onlineapp/default.aspx?all=1","Sweetwater County School District 1",2026-05-29
"258","RSJH Assistant Coach - Track and Field",2026-04-28,"Athletics/Activities/","Rock Springs Junior High School","https://www.applitrack.com/sweetwater/onlineapp/default.aspx?all=1","Sweetwater County School District 1",2026-05-29
"259","RSJH 7th Grade Volleyball Coach",2026-04-28,"Athletics/Activities/","Rock Springs Junior High","https://www.applitrack.com/sweetwater/onlineapp/default.aspx?all=1","Sweetwater County School District 1",2026-05-29
"260","Assistant Principal - Eastside Elementary",2026-05-15,"Certified Administrator/","Eastside Elementary","https://www.applitrack.com/sweetwater/onlineapp/default.aspx?all=1","Sweetwater County School District 1",2026-05-29
"261","Elementary Teacher 5th Grade",2026-05-19,"Certified Staff/","Farson-Eden Elementary","https://www.applitrack.com/sweetwater/onlineapp/default.aspx?all=1","Sweetwater County School District 1",2026-05-29
"262","Elementary Teacher 1st Grade",2026-04-30,"Certified Staff/","Walnut Elementary","https://www.applitrack.com/sweetwater/onlineapp/default.aspx?all=1","Sweetwater County School District 1",2026-05-29
"263","Elementary Teacher 4th Grade",2026-05-07,"Certified Staff/","Pilot Butte Elementary","https://www.applitrack.com/sweetwater/onlineapp/default.aspx?all=1","Sweetwater County School District 1",2026-05-29
"264","EL Teacher",2026-05-13,"Certified Staff/","Eastside Elementary","https://www.applitrack.com/sweetwater/onlineapp/default.aspx?all=1","Sweetwater County School District 1",2026-05-29
"265","EL Teacher",2025-11-04,"Certified Staff/","Rock Springs High School","https://www.applitrack.com/sweetwater/onlineapp/default.aspx?all=1","Sweetwater County School District 1",2026-05-29
"266","English/Language Arts",2026-04-20,"Certified Staff/","Rock Springs Junior High School","https://www.applitrack.com/sweetwater/onlineapp/default.aspx?all=1","Sweetwater County School District 1",2026-05-29
"267","Spanish Teacher",2026-05-12,"Certified Staff/","Rock Springs High School","https://www.applitrack.com/sweetwater/onlineapp/default.aspx?all=1","Sweetwater County School District 1",2026-05-29
"268","School Counselor",2026-04-13,"Certified Staff/","Farson Schools","https://www.applitrack.com/sweetwater/onlineapp/default.aspx?all=1","Sweetwater County School District 1",2026-05-29
"269","School Counselor",2026-05-20,"Certified Staff/","Eastside Elementary","https://www.applitrack.com/sweetwater/onlineapp/default.aspx?all=1","Sweetwater County School District 1",2026-05-29
"270","Industrial Arts - Welding",2026-05-04,"Certified Staff/","Rock Springs High School","https://www.applitrack.com/sweetwater/onlineapp/default.aspx?all=1","Sweetwater County School District 1",2026-05-29
"271","Library Media Specialist K-3 (Stagecoach and Wamsutter)",2025-11-03,"Certified Staff/","District Wide","https://www.applitrack.com/sweetwater/onlineapp/default.aspx?all=1","Sweetwater County School District 1",2026-05-29
"272","Music Teacher 4-6 (3)",2025-11-06,"Certified Staff/","District Wide","https://www.applitrack.com/sweetwater/onlineapp/default.aspx?all=1","Sweetwater County School District 1",2026-05-29
"273","Music Teacher K-3 (2)",2025-11-06,"Certified Staff/","District Wide","https://www.applitrack.com/sweetwater/onlineapp/default.aspx?all=1","Sweetwater County School District 1",2026-05-29
"274","School Nurse",2026-02-24,"Certified Staff/","District Wide","https://www.applitrack.com/sweetwater/onlineapp/default.aspx?all=1","Sweetwater County School District 1",2026-05-29
"275","School Psychologist (5)",2026-03-31,"Certified Staff/","District Wide","https://www.applitrack.com/sweetwater/onlineapp/default.aspx?all=1","Sweetwater County School District 1",2026-05-29
"276","Science Teacher",2026-05-12,"Certified Staff/","Rock Springs Junior High School","https://www.applitrack.com/sweetwater/onlineapp/default.aspx?all=1","Sweetwater County School District 1",2026-05-29
"277","Social Worker",2026-05-20,"Certified Staff/","Lowell School","https://www.applitrack.com/sweetwater/onlineapp/default.aspx?all=1","Sweetwater County School District 1",2026-05-29
"278","Social Worker",2026-03-31,"Certified Staff/","Stagecoach Elementary","https://www.applitrack.com/sweetwater/onlineapp/default.aspx?all=1","Sweetwater County School District 1",2026-05-29
"279","Resource Teacher (2)",2026-04-08,"Certified Staff/","Rock Springs Junior High School","https://www.applitrack.com/sweetwater/onlineapp/default.aspx?all=1","Sweetwater County School District 1",2026-05-29
"280","Resource Teacher (4)",2025-11-05,"Certified Staff/","Rock Springs High School","https://www.applitrack.com/sweetwater/onlineapp/default.aspx?all=1","Sweetwater County School District 1",2026-05-29
"281","Special Education - Resource Teacher (2)",2025-11-04,"Certified Staff/","Eastside Elementary","https://www.applitrack.com/sweetwater/onlineapp/default.aspx?all=1","Sweetwater County School District 1",2026-05-29
"282","Resource Teacher",2025-11-04,"Certified Staff/","Overland Elementary","https://www.applitrack.com/sweetwater/onlineapp/default.aspx?all=1","Sweetwater County School District 1",2026-05-29
"283","Resource Teacher",2025-11-04,"Certified Staff/","Pilot Butte Elementary","https://www.applitrack.com/sweetwater/onlineapp/default.aspx?all=1","Sweetwater County School District 1",2026-05-29
"284","Resource Teacher",2025-11-03,"Certified Staff/","Desert Elementary (Wamsutter)","https://www.applitrack.com/sweetwater/onlineapp/default.aspx?all=1","Sweetwater County School District 1",2026-05-29
"285","Alternative Behavior Program Teacher",2025-11-04,"Certified Staff/","Rock Springs High School","https://www.applitrack.com/sweetwater/onlineapp/default.aspx?all=1","Sweetwater County School District 1",2026-05-29
"286","Alternative Communication Program (ACP) Teacher",2025-11-04,"Certified Staff/","Rock Springs High School","https://www.applitrack.com/sweetwater/onlineapp/default.aspx?all=1","Sweetwater County School District 1",2026-05-29
"287","Alternative Behavior Program (ABP)",2025-11-05,"Certified Staff/","Sage Elementary","https://www.applitrack.com/sweetwater/onlineapp/default.aspx?all=1","Sweetwater County School District 1",2026-05-29
"288","Alternative Communications Program",2026-02-11,"Certified Staff/","Stagecoach Elementary","https://www.applitrack.com/sweetwater/onlineapp/default.aspx?all=1","Sweetwater County School District 1",2026-05-29
"289","Alternative Communications Program (ACP) Teacher",2026-03-10,"Certified Staff/","Rock Springs Junior High School","https://www.applitrack.com/sweetwater/onlineapp/default.aspx?all=1","Sweetwater County School District 1",2026-05-29
"290","Alternative Behavior Program (ABP) Teacher",2026-03-12,"Certified Staff/","Stagecoach Elementary","https://www.applitrack.com/sweetwater/onlineapp/default.aspx?all=1","Sweetwater County School District 1",2026-05-29
"291","Speech and Language Pathologist (3)",2026-03-31,"Certified Staff/","District Wide","https://www.applitrack.com/sweetwater/onlineapp/default.aspx?all=1","Sweetwater County School District 1",2026-05-29
"292","Title One Teacher",2026-02-17,"Certified Staff/","Eastside Elementary","https://www.applitrack.com/sweetwater/onlineapp/default.aspx?all=1","Sweetwater County School District 1",2026-05-29
"293","Bus Driver/Classroom Paraprofessional",2025-08-11,"Combined Positions/","Desert Elementary (Wamsutter)","https://www.applitrack.com/sweetwater/onlineapp/default.aspx?all=1","Sweetwater County School District 1",2026-05-29
"294","Early Head Start Full-Time Daycare Assistant",2026-05-18,"Daycare/","Overland Elementary","https://www.applitrack.com/sweetwater/onlineapp/default.aspx?all=1","Sweetwater County School District 1",2026-05-29
"295","Substitute - Head Start",2018-06-12,"Head Start","Overland Elementary","https://www.applitrack.com/sweetwater/onlineapp/default.aspx?all=1","Sweetwater County School District 1",2026-05-29
"296","Maintenance Technician",2026-04-15,"Maintenance/Custodial","Maintenance","https://www.applitrack.com/sweetwater/onlineapp/default.aspx?all=1","Sweetwater County School District 1",2026-05-29
"297","Activities Lead/ Full Time Custodian",2026-03-03,"Maintenance/Custodial/","District Wide","https://www.applitrack.com/sweetwater/onlineapp/default.aspx?all=1","Sweetwater County School District 1",2026-05-29
"298","Nutrition Services Assistant",2026-01-27,"Nutrition Services/","Rock Springs High School","https://www.applitrack.com/sweetwater/onlineapp/default.aspx?all=1","Sweetwater County School District 1",2026-05-29
"299","Nutrition Services Assistant",2026-05-05,"Nutrition Services/","Rock Springs Junior High","https://www.applitrack.com/sweetwater/onlineapp/default.aspx?all=1","Sweetwater County School District 1",2026-05-29
"300","Summer Student Feeding Program Assistant (2)",2026-05-27,"Nutrition Services/","District Wide","https://www.applitrack.com/sweetwater/onlineapp/default.aspx?all=1","Sweetwater County School District 1",2026-05-29
"301","Nutrition Services Manager",2026-05-19,"Nutrition Services/","Rock Springs Junior High","https://www.applitrack.com/sweetwater/onlineapp/default.aspx?all=1","Sweetwater County School District 1",2026-05-29
"302","Nutrition Services Substitute",2024-07-18,"Nutrition Services/","District Wide","https://www.applitrack.com/sweetwater/onlineapp/default.aspx?all=1","Sweetwater County School District 1",2026-05-29
"303","Summer Nutrition Services Van Driver",2026-05-11,"Nutrition Services/","Multiple Schools","https://www.applitrack.com/sweetwater/onlineapp/default.aspx?all=1","Sweetwater County School District 1",2026-05-29
"304","Classroom Paraprofessional",2026-05-04,"Paraprofessional/","Rock Springs High School","https://www.applitrack.com/sweetwater/onlineapp/default.aspx?all=1","Sweetwater County School District 1",2026-05-29
"305","Classroom Paraprofessional",2026-04-21,"Paraprofessional/","Pilot Butte Elementary","https://www.applitrack.com/sweetwater/onlineapp/default.aspx?all=1","Sweetwater County School District 1",2026-05-29
"306","ELL Paraprofessional",2026-03-23,"Paraprofessional/","Walnut Elementary","https://www.applitrack.com/sweetwater/onlineapp/default.aspx?all=1","Sweetwater County School District 1",2026-05-29
"307","ELL Paraprofessional",2025-12-01,"Paraprofessional/","Rock Springs Junior High School","https://www.applitrack.com/sweetwater/onlineapp/default.aspx?all=1","Sweetwater County School District 1",2026-05-29
"308","ELL Paraprofessional",2026-01-29,"Paraprofessional/","Desert View Elementary","https://www.applitrack.com/sweetwater/onlineapp/default.aspx?all=1","Sweetwater County School District 1",2026-05-29
"309","Itinerant Paraprofessional/Testing Assistant",2026-05-05,"Paraprofessional/","District Wide","https://www.applitrack.com/sweetwater/onlineapp/default.aspx?all=1","Sweetwater County School District 1",2026-05-29
"310","Resource Room Paraprofessional",2025-08-21,"Paraprofessional/","Rock Springs Satellite High School","https://www.applitrack.com/sweetwater/onlineapp/default.aspx?all=1","Sweetwater County School District 1",2026-05-29
"311","Resource Room Paraprofessional (2)",2025-09-10,"Paraprofessional/","Rock Springs High School","https://www.applitrack.com/sweetwater/onlineapp/default.aspx?all=1","Sweetwater County School District 1",2026-05-29
"312","Special Programs Paraprofessional (Alternative Communications Program)",2026-02-18,"Paraprofessional/","Rock Springs Junior High School","https://www.applitrack.com/sweetwater/onlineapp/default.aspx?all=1","Sweetwater County School District 1",2026-05-29
"313","Alternative Behavior Special Programs One-on-One Paraprofessional",2026-03-05,"Paraprofessional/","Eastside Elementary","https://www.applitrack.com/sweetwater/onlineapp/default.aspx?all=1","Sweetwater County School District 1",2026-05-29
"314","Alternate Academic Special Programs One-on-One Paraprofessional",2026-03-16,"Paraprofessional/","Eastside Elementary","https://www.applitrack.com/sweetwater/onlineapp/default.aspx?all=1","Sweetwater County School District 1",2026-05-29
"315","One-On-One Paraprofessional",2026-03-16,"Paraprofessional/","Eastside Elementary","https://www.applitrack.com/sweetwater/onlineapp/default.aspx?all=1","Sweetwater County School District 1",2026-05-29
"316","One-On-One Paraprofessional",2026-03-30,"Paraprofessional/","Pilot Butte Elementary","https://www.applitrack.com/sweetwater/onlineapp/default.aspx?all=1","Sweetwater County School District 1",2026-05-29
"317","Special Programs (Alternative Academics Program) Paraprofessional (2)",2026-03-23,"Paraprofessional/","Rock Springs High School","https://www.applitrack.com/sweetwater/onlineapp/default.aspx?all=1","Sweetwater County School District 1",2026-05-29
"318","High School Special Education Paraprofessional and Daycare Assistant - Overland/RSHS",2026-04-07,"Paraprofessional/","Overland/RSHS","https://www.applitrack.com/sweetwater/onlineapp/default.aspx?all=1","Sweetwater County School District 1",2026-05-29
"319","High School Special Education Paraprofessional and Daycare Assistant - Overland/RSHS",2026-04-07,"Paraprofessional/","Overland/RSHS","https://www.applitrack.com/sweetwater/onlineapp/default.aspx?all=1","Sweetwater County School District 1",2026-05-29
"320","Alternative Behavior Special Programs One-on-One Paraprofessional",2026-04-15,"Paraprofessional/","Sage Elementary","https://www.applitrack.com/sweetwater/onlineapp/default.aspx?all=1","Sweetwater County School District 1",2026-05-29
"321","Special Programs One-on-One Paraprofessional",2026-04-16,"Paraprofessional/","Sage Elementary","https://www.applitrack.com/sweetwater/onlineapp/default.aspx?all=1","Sweetwater County School District 1",2026-05-29
"322","Special Programs Paraprofessional (Alternative Behavior Program)",2026-05-04,"Paraprofessional/","Rock Springs High School","https://www.applitrack.com/sweetwater/onlineapp/default.aspx?all=1","Sweetwater County School District 1",2026-05-29
"323","Special Programs One-on-One Paraprofessional",2026-05-12,"Paraprofessional/","Sage Elementary","https://www.applitrack.com/sweetwater/onlineapp/default.aspx?all=1","Sweetwater County School District 1",2026-05-29
"324","One-On-One Paraprofessional",2026-05-18,"Paraprofessional/","Rock Springs High School","https://www.applitrack.com/sweetwater/onlineapp/default.aspx?all=1","Sweetwater County School District 1",2026-05-29
"325","Certified Substitute School Nurse",2019-10-03,"Substitute","District Wide","https://www.applitrack.com/sweetwater/onlineapp/default.aspx?all=1","Sweetwater County School District 1",2026-05-29
"326","BOCES Part Time Building Substitute Teacher (2) - One Year Only",2025-06-05,"Substitute/","Overland Elementary","https://www.applitrack.com/sweetwater/onlineapp/default.aspx?all=1","Sweetwater County School District 1",2026-05-29
"327","2025-2026 Substitute Teacher - Part-Time",2025-07-07,"Substitute/","District Wide","https://www.applitrack.com/sweetwater/onlineapp/default.aspx?all=1","Sweetwater County School District 1",2026-05-29
"328","Summer Strength and Conditioning Coach",2026-05-18,"Summer Employees","Rock Springs High School","https://www.applitrack.com/sweetwater/onlineapp/default.aspx?all=1","Sweetwater County School District 1",2026-05-29
"329","Summer Custodian (2)",2026-04-21,"Summer Employees/","Multiple Schools","https://www.applitrack.com/sweetwater/onlineapp/default.aspx?all=1","Sweetwater County School District 1",2026-05-29
"330","Summer Feeding Program Assistant",2026-05-11,"Summer Employees/","Farson Schools","https://www.applitrack.com/sweetwater/onlineapp/default.aspx?all=1","Sweetwater County School District 1",2026-05-29
"331","Summer Feeding Program Assistant",2026-05-11,"Summer Employees/","Desert View Elementary","https://www.applitrack.com/sweetwater/onlineapp/default.aspx?all=1","Sweetwater County School District 1",2026-05-29
"332","Summer Feeding Program Assistant",2026-05-11,"Summer Employees/","Northpark Elementary","https://www.applitrack.com/sweetwater/onlineapp/default.aspx?all=1","Sweetwater County School District 1",2026-05-29
"333","Summer Feeding Program Assistant",2026-05-11,"Summer Employees/","Sage Elementary","https://www.applitrack.com/sweetwater/onlineapp/default.aspx?all=1","Sweetwater County School District 1",2026-05-29
"334","Summer Feeding Program Assistant",2026-05-11,"Summer Employees/","Walnut Elementary","https://www.applitrack.com/sweetwater/onlineapp/default.aspx?all=1","Sweetwater County School District 1",2026-05-29
"335","Summer Feeding Program Assistant (2)",2026-05-11,"Summer Employees/","Rock Springs Junior High School","https://www.applitrack.com/sweetwater/onlineapp/default.aspx?all=1","Sweetwater County School District 1",2026-05-29
"336","Summer Feeding Program Assistant",2026-05-11,"Summer Employees/","Rock Springs High School","https://www.applitrack.com/sweetwater/onlineapp/default.aspx?all=1","Sweetwater County School District 1",2026-05-29
"337","Substitute Summer Nutrition Services Van Driver",2026-05-11,"Summer Employees/","District Wide","https://www.applitrack.com/sweetwater/onlineapp/default.aspx?all=1","Sweetwater County School District 1",2026-05-29
"338","Substitute Summer Feeding Program Assistant (3)",2026-05-11,"Summer Employees/","District Wide","https://www.applitrack.com/sweetwater/onlineapp/default.aspx?all=1","Sweetwater County School District 1",2026-05-29
"339","Summer Maintenance Laborer (2)",2026-04-21,"Summer Employees/","Maintenance","https://www.applitrack.com/sweetwater/onlineapp/default.aspx?all=1","Sweetwater County School District 1",2026-05-29
"340","Summer Technology Job Shadower (3)",2026-04-13,"Summer Employees/","Central Administration","https://www.applitrack.com/sweetwater/onlineapp/default.aspx?all=1","Sweetwater County School District 1",2026-05-29
"341","Summer Technology Intern (3)",2026-04-13,"Summer Employees/","Central Administration","https://www.applitrack.com/sweetwater/onlineapp/default.aspx?all=1","Sweetwater County School District 1",2026-05-29
"342","Summer Intern Transportation (2)",2026-05-21,"Transportation","Transportation","https://www.applitrack.com/sweetwater/onlineapp/default.aspx?all=1","Sweetwater County School District 1",2026-05-29
"343","Bus Aide",2026-02-04,"Transportation/","Transportation","https://www.applitrack.com/sweetwater/onlineapp/default.aspx?all=1","Sweetwater County School District 1",2026-05-29
"344","Part-Time Bus Driver (26 Hours/Week)",2026-01-19,"Transportation/","Transportation","https://www.applitrack.com/sweetwater/onlineapp/default.aspx?all=1","Sweetwater County School District 1",2026-05-29
"345","GRHS Assistant Girls Soccer Coach",2025-06-05,"Athletics/Activities/","Green River High School","https://www.applitrack.com/swcsd2/onlineapp/default.aspx?all=1","Sweetwater County School District 2",2026-05-29
"346","GRHS Asst Boys Swimming Diving Coach",2026-04-10,"Athletics/Activities/","Green River High School","https://www.applitrack.com/swcsd2/onlineapp/default.aspx?all=1","Sweetwater County School District 2",2026-05-29
"347","GRHS Assistant Girls Wrestling Coach",2026-04-10,"Athletics/Activities/","Green River High School","https://www.applitrack.com/swcsd2/onlineapp/default.aspx?all=1","Sweetwater County School District 2",2026-05-29
"348","Lincoln Middle School Assistant Boys Swimming Coach",2026-04-10,"Athletics/Activities/","Green River High School","https://www.applitrack.com/swcsd2/onlineapp/default.aspx?all=1","Sweetwater County School District 2",2026-05-29
"349","GRHS Assistant Football Coach",2026-04-30,"Athletics/Activities/","Green River High School","https://www.applitrack.com/swcsd2/onlineapp/default.aspx?all=1","Sweetwater County School District 2",2026-05-29
"350","Third Grade Elementary Classroom Teacher",2026-05-07,"Elementary School Teaching","Truman Elementary School","https://www.applitrack.com/swcsd2/onlineapp/default.aspx?all=1","Sweetwater County School District 2",2026-05-29
"351","Special Education Teacher (Grades 9-12)",2026-03-23,"High School Teaching/","Green River High School","https://www.applitrack.com/swcsd2/onlineapp/default.aspx?all=1","Sweetwater County School District 2",2026-05-29
"352","Substitute Custodian",2025-07-10,"Maintenance/Custodial/","Maintenance Department","https://www.applitrack.com/swcsd2/onlineapp/default.aspx?all=1","Sweetwater County School District 2",2026-05-29
"353","Substitute Nutrition Services",2025-07-10,"Nutrition Services/","Nutrition Services Department","https://www.applitrack.com/swcsd2/onlineapp/default.aspx?all=1","Sweetwater County School District 2",2026-05-29
"354","English Language Learning Paraprofessional",2025-10-13,"Paraprofessional/","Monroe Elementary School","https://www.applitrack.com/swcsd2/onlineapp/default.aspx?all=1","Sweetwater County School District 2",2026-05-29
"355","Substitute School Nurse",2026-05-11,"Substitute/","Central Office","https://www.applitrack.com/swcsd2/onlineapp/default.aspx?all=1","Sweetwater County School District 2",2026-05-29
"356","Substitute Teacher",2025-07-10,"Substitute/","Central Office","https://www.applitrack.com/swcsd2/onlineapp/default.aspx?all=1","Sweetwater County School District 2",2026-05-29
"357","Substitute Teacher Aide",2025-07-10,"Substitute/","Central Office","https://www.applitrack.com/swcsd2/onlineapp/default.aspx?all=1","Sweetwater County School District 2",2026-05-29
"358","Part-time Lifeguard Midday Shift/WSI",2026-05-22,"Support Staff/","Green River High School","https://www.applitrack.com/swcsd2/onlineapp/default.aspx?all=1","Sweetwater County School District 2",2026-05-29
"359","Basic Life Skills Paraprofessional",2026-05-27,"Support Staff/","Harrison Elementary School","https://www.applitrack.com/swcsd2/onlineapp/default.aspx?all=1","Sweetwater County School District 2",2026-05-29
"360","Special Education Paraprofessionals",2026-05-12,"Support Staff/","Harrison Elementary School","https://www.applitrack.com/swcsd2/onlineapp/default.aspx?all=1","Sweetwater County School District 2",2026-05-29
"361","Special Education Paraprofessional (3)",2026-05-11,"Support Staff/","Lincoln Middle School","https://www.applitrack.com/swcsd2/onlineapp/default.aspx?all=1","Sweetwater County School District 2",2026-05-29
"362","Extended Resource Paraprofessional (2)",2026-05-11,"Support Staff/","Lincoln Middle School","https://www.applitrack.com/swcsd2/onlineapp/default.aspx?all=1","Sweetwater County School District 2",2026-05-29
"363","Bus Aide",2026-04-01,"Transportation/","Transportation Department","https://www.applitrack.com/swcsd2/onlineapp/default.aspx?all=1","Sweetwater County School District 2",2026-05-29
"364","Bus Driver",2026-04-01,"Transportation/","Transportation Department","https://www.applitrack.com/swcsd2/onlineapp/default.aspx?all=1","Sweetwater County School District 2",2026-05-29
"365","Substitute Bus Driver",2025-07-10,"Transportation/","Transportation Department","https://www.applitrack.com/swcsd2/onlineapp/default.aspx?all=1","Sweetwater County School District 2",2026-05-29
"366","High School Assistant Nordic Skiing Coach",2026-04-15,"Athletics/Activities/","TCSD Schools","https://www.applitrack.com/tcsd/onlineapp/default.aspx?all=1","Teton County School District 1",2026-05-29
"367","Middle School Assistant Volleyball Coach",2026-04-24,"Athletics/Activities/","TCSD Schools","https://www.applitrack.com/tcsd/onlineapp/default.aspx?all=1","Teton County School District 1",2026-05-29
"368","Middle School Girls Assistant Basketball Coach",2026-04-24,"Athletics/Activities/","TCSD Schools","https://www.applitrack.com/tcsd/onlineapp/default.aspx?all=1","Teton County School District 1",2026-05-29
"369","High School Assistant Girls Basketball Coach",2026-05-19,"Athletics/Activities/","TCSD Schools","https://www.applitrack.com/tcsd/onlineapp/default.aspx?all=1","Teton County School District 1",2026-05-29
"370","High School Assistant Boys Basketball Coach",2026-05-19,"Athletics/Activities/","TCSD Schools","https://www.applitrack.com/tcsd/onlineapp/default.aspx?all=1","Teton County School District 1",2026-05-29
"371","Middle School Assistant Football Coach",2026-05-19,"Athletics/Activities/","TCSD Schools","https://www.applitrack.com/tcsd/onlineapp/default.aspx?all=1","Teton County School District 1",2026-05-29
"372","High School Assistant Speech and Debate Coach",2026-05-27,"Athletics/Activities/","TCSD Schools","https://www.applitrack.com/tcsd/onlineapp/default.aspx?all=1","Teton County School District 1",2026-05-29
"373","Instructional Paraprofessional",2026-05-14,"Paraprofessional/","Munger Mountain Elementary","https://www.applitrack.com/tcsd/onlineapp/default.aspx?all=1","Teton County School District 1",2026-05-29
"374","Instructional Paraprofessional",2026-04-29,"Paraprofessional/","Colter Elementary School","https://www.applitrack.com/tcsd/onlineapp/default.aspx?all=1","Teton County School District 1",2026-05-29
"375","Instructional Paraprofessional",2026-04-29,"Paraprofessional/","Wilson Elementary School","https://www.applitrack.com/tcsd/onlineapp/default.aspx?all=1","Teton County School District 1",2026-05-29
"376","Instructional Paraprofessional",2025-12-18,"Paraprofessional/","Kelly Elementary School","https://www.applitrack.com/tcsd/onlineapp/default.aspx?all=1","Teton County School District 1",2026-05-29
"377","K-12 Special Education Paraprofessional(s)",2026-04-28,"Paraprofessional/","TCSD Schools","https://www.applitrack.com/tcsd/onlineapp/default.aspx?all=1","Teton County School District 1",2026-05-29
"378","Speech-Language Pathology Aide (SLPA)",2026-05-08,"Paraprofessional/","Munger Mountain Elementary","https://www.applitrack.com/tcsd/onlineapp/default.aspx?all=1","Teton County School District 1",2026-05-29
"379","9-12 Secondary Special Education Teacher",2026-05-19,"Student Support Services","Jackson Hole High School","https://www.applitrack.com/tcsd/onlineapp/default.aspx?all=1","Teton County School District 1",2026-05-29
"380","K-12 School Psychologist",2026-04-16,"Student Support Services/","TCSD Schools","https://www.applitrack.com/tcsd/onlineapp/default.aspx?all=1","Teton County School District 1",2026-05-29
"381","Long Term Sub 2nd Grade Teacher",2026-04-17,"Substitute/","Wilson Elementary School","https://www.applitrack.com/tcsd/onlineapp/default.aspx?all=1","Teton County School District 1",2026-05-29
"382","Special Education Permanent Support Specialist (Permanent Substitute)",2026-04-07,"Substitute/","TCSD Schools","https://www.applitrack.com/tcsd/onlineapp/default.aspx?all=1","Teton County School District 1",2026-05-29
"383","Substitute Teachers/Nurses",2020-02-11,"Substitute/","TCSD Schools","https://www.applitrack.com/tcsd/onlineapp/default.aspx?all=1","Teton County School District 1",2026-05-29
"384","Permanent Support Specialist (Permanent Substitute)",2026-05-11,"Substitute/","TCSD Schools","https://www.applitrack.com/tcsd/onlineapp/default.aspx?all=1","Teton County School District 1",2026-05-29
"385","Substitute Para/Secretary",2020-02-11,"Substitute/","TCSD Schools","https://www.applitrack.com/tcsd/onlineapp/default.aspx?all=1","Teton County School District 1",2026-05-29
"386","Student Tech Aid, Seasonal/Temporary",2026-05-20,"Technology","TCSD Schools","https://www.applitrack.com/tcsd/onlineapp/default.aspx?all=1","Teton County School District 1",2026-05-29
"387","Girls High School Assistant Swim Coach",2026-05-04,"Athletics/Activities/","Evanston High School","https://www.applitrack.com/uinta/onlineapp/jobpostings/view.asp?all=1","Uinta County School District 1",2026-05-29
"388","Assistant High School Golf Coach",2026-05-05,"Athletics/Activities/","Evanston High School","https://www.applitrack.com/uinta/onlineapp/jobpostings/view.asp?all=1","Uinta County School District 1",2026-05-29
"389","Elementary Teacher",2026-03-09,"Elementary School Teaching/","District Wide","https://www.applitrack.com/uinta/onlineapp/jobpostings/view.asp?all=1","Uinta County School District 1",2026-05-29
"390","Substitute Custodians",2026-04-13,"Maintenance/Custodial/","District Wide","https://www.applitrack.com/uinta/onlineapp/jobpostings/view.asp?all=1","Uinta County School District 1",2026-05-29
"391","Principal Secretary",2026-05-18,"Secretarial/Clerical/","Horizon Alternative School","https://www.applitrack.com/uinta/onlineapp/jobpostings/view.asp?all=1","Uinta County School District 1",2026-05-29
"392","School Psychologist",2026-04-24,"Student Support Services/","District Wide","https://www.applitrack.com/uinta/onlineapp/jobpostings/view.asp?all=1","Uinta County School District 1",2026-05-29
"393","Bus Drivers and Substitute Bus Drivers",2026-01-09,"Support Staff/","Transportation","https://www.applitrack.com/uinta/onlineapp/jobpostings/view.asp?all=1","Uinta County School District 1",2026-05-29
"394","Certified Occupational Therapist Assistant (COTA)",2026-04-28,"Support Staff/","District Wide","https://www.applitrack.com/uinta/onlineapp/jobpostings/view.asp?all=1","Uinta County School District 1",2026-05-29
"395","Full-time and Part-time Classroom Aides and SPED Paraprofessionals",2025-07-16,"Support Staff/","District Wide","https://www.applitrack.com/uinta/onlineapp/jobpostings/view.asp?all=1","Uinta County School District 1",2026-05-29
"396","Lifeguard - Student",2024-01-08,"Aquatic Center Staff/","Worland Aquatic Center","https://www.applitrack.com/washakie1/onlineapp/default.aspx?all=1","Washakie County School District 1",2026-05-29
"397","MS Assistant Volleyball Coach",2026-03-26,"Athletics/Activities","Worland Middle School","https://www.applitrack.com/washakie1/onlineapp/default.aspx?all=1","Washakie County School District 1",2026-05-29
"398","District Child Nutrition Program Supervisor",2026-05-22,"Cook","District","https://www.applitrack.com/washakie1/onlineapp/default.aspx?all=1","Washakie County School District 1",2026-05-29
"399","Secondary Reading Specialist",2026-04-15,"Middle School Teaching/","Worland Middle School","https://www.applitrack.com/washakie1/onlineapp/default.aspx?all=1","Washakie County School District 1",2026-05-29
"400","Full-Time Special Education Paraeducator (Life Skills)",2026-05-01,"Paraprofessional","East Side Elementary","https://www.applitrack.com/washakie1/onlineapp/default.aspx?all=1","Washakie County School District 1",2026-05-29
"401","Full-Time Special Education Paraeducator (Resource)",2026-05-01,"Paraprofessional","East Side Elementary","https://www.applitrack.com/washakie1/onlineapp/default.aspx?all=1","Washakie County School District 1",2026-05-29
"402","Full-Time Special Education Paraeducator (Behavior)",2026-05-01,"Paraprofessional","South Side Elementary","https://www.applitrack.com/washakie1/onlineapp/default.aspx?all=1","Washakie County School District 1",2026-05-29
"403","Full-Time Special Education Paraeducator (Life Skills)",2026-05-01,"Paraprofessional","West Side Elementary","https://www.applitrack.com/washakie1/onlineapp/default.aspx?all=1","Washakie County School District 1",2026-05-29
"404","Full-Time Special Education Paraeducator (Life Skills)",2026-05-05,"Paraprofessional","South Side Elementary","https://www.applitrack.com/washakie1/onlineapp/default.aspx?all=1","Washakie County School District 1",2026-05-29
"405","Media Paraprofessional, Full-Time",2026-05-01,"Paraprofessional/","Worland Middle School","https://www.applitrack.com/washakie1/onlineapp/default.aspx?all=1","Washakie County School District 1",2026-05-29
"406","Speech Language Pathologist",2024-12-18,"Special Education Services","Education Resource Center","https://www.applitrack.com/washakie1/onlineapp/default.aspx?all=1","Washakie County School District 1",2026-05-29
"407","SLP-Assistant",2025-05-14,"Special Education Services","Education Resource Center","https://www.applitrack.com/washakie1/onlineapp/default.aspx?all=1","Washakie County School District 1",2026-05-29
"408","Substitute Bus Driver",2021-07-01,"Substitute/","Bus Barn","https://www.applitrack.com/washakie1/onlineapp/default.aspx?all=1","Washakie County School District 1",2026-05-29
"409","Substitute Cook",2020-11-04,"Substitute/","District","https://www.applitrack.com/washakie1/onlineapp/default.aspx?all=1","Washakie County School District 1",2026-05-29
"410","Substitute Housekeeper",2019-01-21,"Substitute/",NA,"https://www.applitrack.com/washakie1/onlineapp/default.aspx?all=1","Washakie County School District 1",2026-05-29
"411","Substitute Paraeducator",2016-03-02,"Substitute/",NA,"https://www.applitrack.com/washakie1/onlineapp/default.aspx?all=1","Washakie County School District 1",2026-05-29
"412","Substitute Teacher",2016-03-02,"Substitute/",NA,"https://www.applitrack.com/washakie1/onlineapp/default.aspx?all=1","Washakie County School District 1",2026-05-29
"413","Route Bus Driver",2026-05-07,"Transportation/","Bus Barn","https://www.applitrack.com/washakie1/onlineapp/default.aspx?all=1","Washakie County School District 1",2026-05-29
"414","MS English/Social Studies Teacher",2026-05-20,"Certified","Dubois K-12 School","https://fremont2.tedk12.com/hire/index.aspx","Fremont County School District 2",2026-05-29
"415","2026-2027 MS Girls Basketball Head Coach",2026-04-15,"Coaching","Dubois K-12 School","https://fremont2.tedk12.com/hire/index.aspx","Fremont County School District 2",2026-05-29
"416","2026-2027 MS Girls Basketball Assistant Coach",2026-04-15,"Coaching","Dubois K-12 School","https://fremont2.tedk12.com/hire/index.aspx","Fremont County School District 2",2026-05-29
"417","2026-2027 HS Girls Basketball Assistant Coach",2026-04-15,"Coaching","Dubois K-12 School","https://fremont2.tedk12.com/hire/index.aspx","Fremont County School District 2",2026-05-29
"418","Substitute Custodian/Food Service",2025-02-01,"Classified","Dubois K-12 School","https://fremont2.tedk12.com/hire/index.aspx","Fremont County School District 2",2026-05-29
"419","Substitute Bus Driver",2024-04-01,"Classified","Bus Barn","https://fremont2.tedk12.com/hire/index.aspx","Fremont County School District 2",2026-05-29
"420","Substitute - Classified -  Para/Secretary",2024-04-01,"Classified","Dubois K-12 School","https://fremont2.tedk12.com/hire/index.aspx","Fremont County School District 2",2026-05-29
"421","Substitute Teaching",2024-04-01,"Substitute","Dubois K-12 School","https://fremont2.tedk12.com/hire/index.aspx","Fremont County School District 2",2026-05-29
"422","Teacher - Special Education (Torrington Middle School)",2026-05-05,"Special Education","Torrington Middle School","https://goshen.tedk12.com/hire/index.aspx#aJobListings","Goshen County School District 1",2026-05-29
"423","Substitute Cook",2026-03-04,"Food Service","District Food Services","https://goshen.tedk12.com/hire/index.aspx#aJobListings","Goshen County School District 1",2026-05-29
"424","Speech Language Pathologist - District",2026-03-01,"Specialist - Certified","Office of Special Services","https://goshen.tedk12.com/hire/index.aspx#aJobListings","Goshen County School District 1",2026-05-29
"425","Bus Driver/ Sub Bus Driver",2026-01-01,"Bus Driver","Transportation Services","https://goshen.tedk12.com/hire/index.aspx#aJobListings","Goshen County School District 1",2026-05-29
"426","Future Administrative Positions",2026-01-01,"Administrative - building","Central Administration Office","https://goshen.tedk12.com/hire/index.aspx#aJobListings","Goshen County School District 1",2026-05-29
"427","Future Substitute Teacher Positions",2026-01-01,"Substitute","Central Administration Office","https://goshen.tedk12.com/hire/index.aspx#aJobListings","Goshen County School District 1",2026-05-29
"428","Future Classified Positions",2026-01-01,"Support","Central Administration Office","https://goshen.tedk12.com/hire/index.aspx#aJobListings","Goshen County School District 1",2026-05-29
"429","Future Certified Positions",2026-01-01,"K-12","Central Administration Office","https://goshen.tedk12.com/hire/index.aspx#aJobListings","Goshen County School District 1",2026-05-29
"430","Assistant High School Girls Basketball Coach - Sundance",2026-05-27,"Sundance Secondary","Sundance, Wyoming","https://crook1.schoolspring.com/","Crook County School District 1",2026-05-29
"431","Assistant High School Football Coach - SS",2026-04-23,"Sundance Secondary","Sundance, Wyoming","https://crook1.schoolspring.com/","Crook County School District 1",2026-05-29
"432","Junior High Volleyball Coach - Sundance",2026-04-16,"Sundance Secondary","Sundance, Wyoming","https://crook1.schoolspring.com/","Crook County School District 1",2026-05-29
"433","Junior High Boys Basketball Coach",2026-04-16,"Moorcroft Secondary","Moorcroft, Wyoming","https://crook1.schoolspring.com/","Crook County School District 1",2026-05-29
"434","SPED Paraprofessional",2026-04-16,"Moorcroft Elementary","Moorcroft, Wyoming","https://crook1.schoolspring.com/","Crook County School District 1",2026-05-29
"435","Agriculture Education Teacher",2026-04-16,"Hulett K-12","Hulett, Wyoming","https://crook1.schoolspring.com/","Crook County School District 1",2026-05-29
"436","Full-Time Summer Custodian - Hulett",2026-04-09,"Hulett K-12","Hulett, Wyoming","https://crook1.schoolspring.com/","Crook County School District 1",2026-05-29
"437","Summer Grounds - Moorcroft",2026-04-09,"Moorcroft Secondary","Moorcroft, Wyoming","https://crook1.schoolspring.com/","Crook County School District 1",2026-05-29
"438","Head High School Track Coach - SS",2026-04-07,"Sundance Secondary","Sundance, Wyoming","https://crook1.schoolspring.com/","Crook County School District 1",2026-05-29
"439","Junior High Girls Wrestling Coach - SS",2026-04-07,"Sundance Secondary","Sundance, Wyoming","https://crook1.schoolspring.com/","Crook County School District 1",2026-05-29
"440","Junior High Girls Wrestling Coach - HS",2026-04-07,"Hulett K-12","Hulett, Wyoming","https://crook1.schoolspring.com/","Crook County School District 1",2026-05-29
"441","Junior High Boys Wrestling Coach - HS",2026-04-07,"Hulett K-12","Hulett, Wyoming","https://crook1.schoolspring.com/","Crook County School District 1",2026-05-29
"442","Assistant High School Football Coach - HS",2026-04-07,"Hulett K-12","Hulett, Wyoming","https://crook1.schoolspring.com/","Crook County School District 1",2026-05-29
"443","Activities Director/Supervisor",2026-02-11,"Sundance Secondary","Sundance, Wyoming","https://crook1.schoolspring.com/","Crook County School District 1",2026-05-29
"444","Route Bus Driver",2026-02-11,"Moorcroft Secondary","Moorcroft, Wyoming","https://crook1.schoolspring.com/","Crook County School District 1",2026-05-29
"445","Route Bus Driver",2026-01-19,"Sundance Secondary","Sundance, Wyoming","https://crook1.schoolspring.com/","Crook County School District 1",2026-05-29
"446","Substitute Custodian",2025-08-06,"Sundance Secondary","Sundance, Wyoming","https://crook1.schoolspring.com/","Crook County School District 1",2026-05-29
"447","Substitute Custodian",2025-08-06,"Moorcroft Secondary","Moorcroft, Wyoming","https://crook1.schoolspring.com/","Crook County School District 1",2026-05-29
"448","Substitute Custodian",2025-08-06,"Hulett K-12","Hulett, Wyoming","https://crook1.schoolspring.com/","Crook County School District 1",2026-05-29
"449","Substitute Teacher",2025-08-06,"Sundance Elementary","Sundance, Wyoming","https://crook1.schoolspring.com/","Crook County School District 1",2026-05-29
"450","Substitute Teacher",2025-08-06,"Moorcroft Elementary","Moorcroft, Wyoming","https://crook1.schoolspring.com/","Crook County School District 1",2026-05-29
"451","Substitute Teacher",2025-08-06,"Hulett K-12","Hulett, Wyoming","https://crook1.schoolspring.com/","Crook County School District 1",2026-05-29
"452","Substitute & Activity Bus Drivers",2025-08-06,"Sundance Secondary","Sundance, Wyoming","https://crook1.schoolspring.com/","Crook County School District 1",2026-05-29
"453","Substitute & Activity Bus Drivers",2025-08-06,"Moorcroft Secondary","Moorcroft, Wyoming","https://crook1.schoolspring.com/","Crook County School District 1",2026-05-29
"454","Substitute & Activity Bus Drivers",2025-08-06,"Hulett K-12","Hulett, Wyoming","https://crook1.schoolspring.com/","Crook County School District 1",2026-05-29
"455","Custodial - Head Class 4 [CU07]",2026-05-28,"FAIRVIEW ELEMENTARY SCHOOL","Cheyenne, Wyoming","https://laramie1.schoolspring.com/","Laramie County School District 1",2026-05-29
"456","Paraeducator Resource Room [XP08]",2026-05-28,"COLE ELEMENTARY SCHOOL","Cheyenne, Wyoming","https://laramie1.schoolspring.com/","Laramie County School District 1",2026-05-29
"457","Paraeducator Special Needs Life Skills [XP09]",2026-05-28,"COLE ELEMENTARY SCHOOL","Cheyenne, Wyoming","https://laramie1.schoolspring.com/","Laramie County School District 1",2026-05-29
"458","Student Sweeper [ST05]",2026-05-28,"SUNRISE ELEMENTARY SCHOOL","Cheyenne, Wyoming","https://laramie1.schoolspring.com/","Laramie County School District 1",2026-05-29
"459","Supervisor - Custodial Services [SU02]",2026-05-28,"Laramie County School District 1","Cheyenne, Wyoming","https://laramie1.schoolspring.com/","Laramie County School District 1",2026-05-29
"460","Facilities Supervisor",2026-05-28,"Laramie County School District 1","Cheyenne, Wyoming","https://laramie1.schoolspring.com/","Laramie County School District 1",2026-05-29
"461","Assistant Tennis Coach [C132]",2026-05-28,"EAST HIGH SCHOOL","Cheyenne, Wyoming","https://laramie1.schoolspring.com/","Laramie County School District 1",2026-05-29
"462","Transportation Dispatcher [TS58]",2026-05-27,"Laramie County School District 1","Cheyenne, Wyoming","https://laramie1.schoolspring.com/","Laramie County School District 1",2026-05-29
"463","1st Grade Teacher [TA03]",2026-05-27,"BUFFALO RIDGE ELEMENTARY SCHL","Cheyenne, Wyoming","https://laramie1.schoolspring.com/","Laramie County School District 1",2026-05-29
"464","Paraeducator Pre-K - 2026/2027 Contract year only [PA18]",2026-05-27,"SUNRISE ELEMENTARY SCHOOL","Cheyenne, Wyoming","https://laramie1.schoolspring.com/","Laramie County School District 1",2026-05-29
"465","Paraeducator General [PA07]",2026-05-27,"SUNRISE ELEMENTARY SCHOOL","Cheyenne, Wyoming","https://laramie1.schoolspring.com/","Laramie County School District 1",2026-05-29
"466","Paraeducator Title I - 2026/2027 Contract Year Only - 2 Positions [PA14]",2026-05-27,"SUNRISE ELEMENTARY SCHOOL","Cheyenne, Wyoming","https://laramie1.schoolspring.com/","Laramie County School District 1",2026-05-29
"467","Paraeducator General [PA07]",2026-05-27,"MEADOWLARK ELEMENTARY SCHOOL","Cheyenne, Wyoming","https://laramie1.schoolspring.com/","Laramie County School District 1",2026-05-29
"468","Middle School Science Teacher (7th and 8th)",2026-05-27,"PODER ACADEMY SECONDARY (PASS)","Cheyenne, Wyoming","https://laramie1.schoolspring.com/","Laramie County School District 1",2026-05-29
"469","Secondary Math Teacher",2026-05-27,"PODER ACADEMY SECONDARY (PASS)","Cheyenne, Wyoming","https://laramie1.schoolspring.com/","Laramie County School District 1",2026-05-29
"470","Paraeducator General [PA07]",2026-05-26,"BAGGS ELEMENTARY SCHOOL","Cheyenne, Wyoming","https://laramie1.schoolspring.com/","Laramie County School District 1",2026-05-29
"471","Life/ASD Paraeducator [XP09]",2026-05-26,"SUNRISE ELEMENTARY SCHOOL","Cheyenne, Wyoming","https://laramie1.schoolspring.com/","Laramie County School District 1",2026-05-29
"472","Resource Teacher [XT21]",2026-05-26,"SUNRISE ELEMENTARY SCHOOL","Cheyenne, Wyoming","https://laramie1.schoolspring.com/","Laramie County School District 1",2026-05-29
"473","School Nurse [XT36]",2026-05-26,"LEBHART/FAIRVIEW ES","Cheyenne, Wyoming","https://laramie1.schoolspring.com/","Laramie County School District 1",2026-05-29
"474","Resource Teacher [XT21]",2026-05-26,"COLE ELEMENTARY SCHOOL","Cheyenne, Wyoming","https://laramie1.schoolspring.com/","Laramie County School District 1",2026-05-29
"475","Resource Teacher [XT21]",2026-05-26,"HEBARD ELEMENTARY SCHOOL","Cheyenne, Wyoming","https://laramie1.schoolspring.com/","Laramie County School District 1",2026-05-29
"476","Resource Teacher - 2 Positions [XT21]",2026-05-26,"BAIN ELEMENTARY SCHOOL","Cheyenne, Wyoming","https://laramie1.schoolspring.com/","Laramie County School District 1",2026-05-29
"477","Resource Teacher [XT21]",2026-05-26,"BUFFALO RIDGE ELEMENTARY SCHL","Cheyenne, Wyoming","https://laramie1.schoolspring.com/","Laramie County School District 1",2026-05-29
"478","Title One Teacher - 2026/2027 Contract Year Only [TB09]",2026-05-26,"HENDERSON ELEMENTARY SCHOOL","Cheyenne, Wyoming","https://laramie1.schoolspring.com/","Laramie County School District 1",2026-05-29
"479","Resource Teacher [XT21]",2026-05-26,"DILDINE ELEMENTARY SCHOOL","Cheyenne, Wyoming","https://laramie1.schoolspring.com/","Laramie County School District 1",2026-05-29
"480","Student Sweeper [ST05]",2026-05-22,"EAST HIGH SCHOOL","Cheyenne, Wyoming","https://laramie1.schoolspring.com/","Laramie County School District 1",2026-05-29
"481","Paraeducator Special Education [XP08]",2026-05-22,"TRIUMPH HIGH SCHOOL","Cheyenne, Wyoming","https://laramie1.schoolspring.com/","Laramie County School District 1",2026-05-29
"482","Student Support Specialist - 2026/2027 Contract Year Only [T024]",2026-05-22,"JOHNSON JUNIOR HIGH SCHOOL","Cheyenne, Wyoming","https://laramie1.schoolspring.com/","Laramie County School District 1",2026-05-29
"483","Secondary Biology/Life Teacher [TC26]",2026-05-22,"EAST HIGH SCHOOL","Cheyenne, Wyoming","https://laramie1.schoolspring.com/","Laramie County School District 1",2026-05-29
"484","Paraeducator Resource Room [XP08]",2026-05-22,"MCCORMICK JUNIOR HIGH SCHOOL","Cheyenne, Wyoming","https://laramie1.schoolspring.com/","Laramie County School District 1",2026-05-29
"485","2nd Grade Teacher [TA05]",2026-05-22,"ANDERSON ELEMENTARY SCHOOL","Cheyenne, Wyoming","https://laramie1.schoolspring.com/","Laramie County School District 1",2026-05-29
"486","5th Grade Teacher [TA11]",2026-05-22,"BAIN ELEMENTARY SCHOOL","Cheyenne, Wyoming","https://laramie1.schoolspring.com/","Laramie County School District 1",2026-05-29
"487","General Music Teacher - Elementary 2026/2027 Contract Year Only[TB03]",2026-05-22,"BAGGS ELEMENTARY SCHOOL","Cheyenne, Wyoming","https://laramie1.schoolspring.com/","Laramie County School District 1",2026-05-29
"488","Resource Teacher [XT21]",2026-05-22,"COLE ELEMENTARY SCHOOL","Cheyenne, Wyoming","https://laramie1.schoolspring.com/","Laramie County School District 1",2026-05-29
"489","Substitute Transportation Assistant [S051]",2026-05-22,"Laramie County School District 1","Cheyenne, Wyoming","https://laramie1.schoolspring.com/","Laramie County School District 1",2026-05-29
"490","Substitute Bus Driver [S050]",2026-05-22,"Laramie County School District 1","Cheyenne, Wyoming","https://laramie1.schoolspring.com/","Laramie County School District 1",2026-05-29
"491","School Counselor K-12 [XT11]",2026-05-21,"SOUTH HIGH SCHOOL","Cheyenne, Wyoming","https://laramie1.schoolspring.com/","Laramie County School District 1",2026-05-29
"492","Paraeducator Affective Needs [XP09]",2026-05-21,"EDT (Elementary Day Treatment)","Cheyenne, Wyoming","https://laramie1.schoolspring.com/","Laramie County School District 1",2026-05-29
"493","Paraeducator Nurse's Office [PA11]",2026-05-21,"MCCORMICK JUNIOR HIGH SCHOOL","Cheyenne, Wyoming","https://laramie1.schoolspring.com/","Laramie County School District 1",2026-05-29
"494","Office Manager - Junior High [CS08]",2026-05-20,"CAREY JUNIOR HIGH SCHOOL","Cheyenne, Wyoming","https://laramie1.schoolspring.com/","Laramie County School District 1",2026-05-29
"495","Resource Teacher [XT21]",2026-05-19,"EAST HIGH SCHOOL","Cheyenne, Wyoming","https://laramie1.schoolspring.com/","Laramie County School District 1",2026-05-29
"496","Custodial - Head Class 6 [CU07]",2026-05-18,"EAST HIGH SCHOOL","Cheyenne, Wyoming","https://laramie1.schoolspring.com/","Laramie County School District 1",2026-05-29
"497","Educational Sign Language Interpreter [XP05]",2026-05-18,"Laramie County School District 1","Cheyenne, Wyoming","https://laramie1.schoolspring.com/","Laramie County School District 1",2026-05-29
"498","Paraeducator Sign Support [XP05]",2026-05-18,"Laramie County School District 1","Cheyenne, Wyoming","https://laramie1.schoolspring.com/","Laramie County School District 1",2026-05-29
"499","Assistant - Speech Language Pathology [XI02]",2026-05-18,"Laramie County School District 1","Cheyenne, Wyoming","https://laramie1.schoolspring.com/","Laramie County School District 1",2026-05-29
"500","School Psychologist [XA01]",2026-05-18,"Laramie County School District 1","Cheyenne, Wyoming","https://laramie1.schoolspring.com/","Laramie County School District 1",2026-05-29
"501","Assistant Dance Coach",2026-05-18,"CENTRAL HIGH SCHOOL","Cheyenne, Wyoming","https://laramie1.schoolspring.com/","Laramie County School District 1",2026-05-29
"502","Head Cheer Coach [C108]",2026-05-18,"JOHNSON JUNIOR HIGH SCHOOL","Cheyenne, Wyoming","https://laramie1.schoolspring.com/","Laramie County School District 1",2026-05-29
"503","Paraeducator General [PA07]",2026-05-18,"EAST HIGH SCHOOL","Cheyenne, Wyoming","https://laramie1.schoolspring.com/","Laramie County School District 1",2026-05-29
"504","Assistant Football Coach [C146]",2026-05-18,"MCCORMICK JUNIOR HIGH SCHOOL","Cheyenne, Wyoming","https://laramie1.schoolspring.com/","Laramie County School District 1",2026-05-29
"505","Elementary/Jr High Athletic Director [C070]",2026-05-18,"MCCORMICK JUNIOR HIGH SCHOOL","Cheyenne, Wyoming","https://laramie1.schoolspring.com/","Laramie County School District 1",2026-05-29
"506","Social Studies Teacher - One Year Only [TC39]",2026-05-18,"EAST HIGH SCHOOL","Cheyenne, Wyoming","https://laramie1.schoolspring.com/","Laramie County School District 1",2026-05-29
"507","6th Grade Teacher - 2 positions available [TA13]",2026-05-18,"MEADOWLARK ELEMENTARY SCHOOL","Cheyenne, Wyoming","https://laramie1.schoolspring.com/","Laramie County School District 1",2026-05-29
"508","3rd Grade Teacher [TA07]",2026-05-18,"GOINS ELEMENTARY SCHOOL","Cheyenne, Wyoming","https://laramie1.schoolspring.com/","Laramie County School District 1",2026-05-29
"509","Assistant Cross Country Coach [C082]",2026-05-18,"MCCORMICK JUNIOR HIGH SCHOOL","Cheyenne, Wyoming","https://laramie1.schoolspring.com/","Laramie County School District 1",2026-05-29
"510","Life Skills/PALS Teacher [XT30]",2026-05-18,"COLE ELEMENTARY SCHOOL","Cheyenne, Wyoming","https://laramie1.schoolspring.com/","Laramie County School District 1",2026-05-29
"511","Assistant Football Coach - 4 positions [C088]",2026-05-18,"SOUTH HIGH SCHOOL","Cheyenne, Wyoming","https://laramie1.schoolspring.com/","Laramie County School District 1",2026-05-29
"512","Assistant Cheer Coach [C080]",2026-05-18,"SOUTH HIGH SCHOOL","Cheyenne, Wyoming","https://laramie1.schoolspring.com/","Laramie County School District 1",2026-05-29
"513","LIFE Center Based Program Teacher (5/6) [XT30]",2026-05-13,"COYOTE RIDGE ELEMENTARY SCHOOL","Cheyenne, Wyoming","https://laramie1.schoolspring.com/","Laramie County School District 1",2026-05-29
"514","Adaptive PE Teacher [XT15]",2026-05-13,"Laramie County School District 1","Cheyenne, Wyoming","https://laramie1.schoolspring.com/","Laramie County School District 1",2026-05-29
"515","School Nurse - 2026/2027 Contract Year",2026-05-11,"PODER/PASS ACADEMY","Cheyenne, Wyoming","https://laramie1.schoolspring.com/","Laramie County School District 1",2026-05-29
"516","Administrative Assistant-Curriculum & Instruction Dept [CS33]",2026-05-11,"Laramie County School District 1","Cheyenne, Wyoming","https://laramie1.schoolspring.com/","Laramie County School District 1",2026-05-29
"517","Speech Language Pathologist-4 Positions available [XT14]",2026-05-06,"Laramie County School District 1","Cheyenne, Wyoming","https://laramie1.schoolspring.com/","Laramie County School District 1",2026-05-29
"518","Assistant Volleyball Coach - 3 positions [C136]",2026-05-06,"CENTRAL HIGH SCHOOL","Cheyenne, Wyoming","https://laramie1.schoolspring.com/","Laramie County School District 1",2026-05-29
"519","Paraeducator Special Needs PALS [XP09]",2026-05-05,"CENTRAL HIGH SCHOOL","Cheyenne, Wyoming","https://laramie1.schoolspring.com/","Laramie County School District 1",2026-05-29
"520","Paraeducator Affective Needs [XP09]",2026-05-04,"EDT (Elementary Day Treatment)","Cheyenne, Wyoming","https://laramie1.schoolspring.com/","Laramie County School District 1",2026-05-29
"521","Special Education Behavior Lab Paraeducator  [XP08]",2026-05-04,"MCCORMICK JUNIOR HIGH SCHOOL","Cheyenne, Wyoming","https://laramie1.schoolspring.com/","Laramie County School District 1",2026-05-29
"522","Student Sweeper [ST05]",2026-05-04,"TRIUMPH HIGH SCHOOL","Cheyenne, Wyoming","https://laramie1.schoolspring.com/","Laramie County School District 1",2026-05-29
"523","Summer School Secondary Math Teacher - 1 position available",2026-05-04,"SOUTH HIGH SCHOOL","Cheyenne, Wyoming","https://laramie1.schoolspring.com/","Laramie County School District 1",2026-05-29
"524","Sub-Custodian [S010]",2026-05-01,"Laramie County School District 1","Cheyenne, Wyoming","https://laramie1.schoolspring.com/","Laramie County School District 1",2026-05-29
"525","Physical Therapist [XT07]",2026-04-30,"Laramie County School District 1","Cheyenne, Wyoming","https://laramie1.schoolspring.com/","Laramie County School District 1",2026-05-29
"526","ELS/ELL Teacher (2026-2027 School Year)",2026-04-27,"PODER/PASS ACADEMY","Cheyenne, Wyoming","https://laramie1.schoolspring.com/","Laramie County School District 1",2026-05-29
"527","Physical Education",2026-04-23,"PODER ACADEMY ELEMENTARY","Cheyenne, Wyoming","https://laramie1.schoolspring.com/","Laramie County School District 1",2026-05-29
"528","Student Sweeper [ST05]",2026-04-20,"FAIRVIEW ELEMENTARY SCHOOL","Cheyenne, Wyoming","https://laramie1.schoolspring.com/","Laramie County School District 1",2026-05-29
"529","Student Sweeper [ST05]",2026-04-20,"ALTA VISTA ELEMENTARY SCHOOL","Cheyenne, Wyoming","https://laramie1.schoolspring.com/","Laramie County School District 1",2026-05-29
"530","Assistant Head Custodian - Class 4 [CU01]",2026-04-20,"MCCORMICK JUNIOR HIGH SCHOOL","Cheyenne, Wyoming","https://laramie1.schoolspring.com/","Laramie County School District 1",2026-05-29
"531","Elementary K-6 Teacher",2026-04-15,"PODER ACADEMY ELEMENTARY","Cheyenne, Wyoming","https://laramie1.schoolspring.com/","Laramie County School District 1",2026-05-29
"532","Assistant Tennis Coach [C132]",2026-04-06,"CENTRAL HIGH SCHOOL","Cheyenne, Wyoming","https://laramie1.schoolspring.com/","Laramie County School District 1",2026-05-29
"533","Office Manager",2026-03-20,"PODER ACADEMY ELEMENTARY","Cheyenne, Wyoming","https://laramie1.schoolspring.com/","Laramie County School District 1",2026-05-29
"534","SPED Teacher",2026-02-17,"PODER ACADEMY ELEMENTARY","Cheyenne, Wyoming","https://laramie1.schoolspring.com/","Laramie County School District 1",2026-05-29
"535","Custodial - Head Class 5 [CU02]",2026-02-17,"JOHNSON JUNIOR HIGH SCHOOL","Cheyenne, Wyoming","https://laramie1.schoolspring.com/","Laramie County School District 1",2026-05-29
"536","Enrollment Marketing and Community Outreach Coordinator",2026-02-09,"PODER/PASS ACADEMY","Cheyenne, Wyoming","https://laramie1.schoolspring.com/","Laramie County School District 1",2026-05-29
"537","Physical Therapy Assistant [XI03]",2026-02-09,"Laramie County School District 1","Cheyenne, Wyoming","https://laramie1.schoolspring.com/","Laramie County School District 1",2026-05-29
"538","Custodial - Head Class 5 [CU08]",2026-01-16,"CAREY JUNIOR HIGH SCHOOL","Cheyenne, Wyoming","https://laramie1.schoolspring.com/","Laramie County School District 1",2026-05-29
"539","Student Sweeper [ST05]",2025-11-07,"AFFLERBACH ELEMENTARY SCHOOL","Cheyenne, Wyoming","https://laramie1.schoolspring.com/","Laramie County School District 1",2026-05-29
"540","Student Sweeper [ST05]",2025-11-07,"ARP ELEMENTARY SCHOOL","Cheyenne, Wyoming","https://laramie1.schoolspring.com/","Laramie County School District 1",2026-05-29
"541","Student Sweeper [ST05]",2025-11-07,"BAGGS ELEMENTARY SCHOOL","Cheyenne, Wyoming","https://laramie1.schoolspring.com/","Laramie County School District 1",2026-05-29
"542","Student Sweeper [ST05]",2025-11-07,"BUFFALO RIDGE ELEMENTARY SCHL","Cheyenne, Wyoming","https://laramie1.schoolspring.com/","Laramie County School District 1",2026-05-29
"543","Student Sweeper [ST05]",2025-11-07,"DILDINE ELEMENTARY SCHOOL","Cheyenne, Wyoming","https://laramie1.schoolspring.com/","Laramie County School District 1",2026-05-29
"544","Student Sweeper [ST05]",2025-11-07,"HENDERSON ELEMENTARY SCHOOL","Cheyenne, Wyoming","https://laramie1.schoolspring.com/","Laramie County School District 1",2026-05-29
"545","Student Sweeper [ST05]",2025-11-07,"PRAIRIE WIND ELEMENTARY SCHOOL","Cheyenne, Wyoming","https://laramie1.schoolspring.com/","Laramie County School District 1",2026-05-29
"546","Paraprofessional",2025-10-20,"PODER ACADEMY SECONDARY (PASS)","Cheyenne, Wyoming","https://laramie1.schoolspring.com/","Laramie County School District 1",2026-05-29
"547","Paraeducator Sign Support [XP05]",2025-06-26,"BUILDING TO BE DETERMINED","Cheyenne, Wyoming","https://laramie1.schoolspring.com/","Laramie County School District 1",2026-05-29
"548","KWHS Building Food Services Manager beginning for the 2026-2027 school year",2026-05-28,"Kelly Walsh High School","Casper, Wyoming","https://natronaschools.schoolspring.com/","Natrona School District 1",2026-05-29
"549","CCA Track Aide",2026-05-28,"Casper Classical Academy","Casper, Wyoming","https://natronaschools.schoolspring.com/","Natrona School District 1",2026-05-29
"550","CCA Soccer Coach",2026-05-28,"Casper Classical Academy","Casper, Wyoming","https://natronaschools.schoolspring.com/","Natrona School District 1",2026-05-29
"551","Verda James Office and Records/Cafeteria Technician/Education Support Personnel to Begin the 26-27 School Year",2026-05-26,"Verda James Elementary","Casper, Wyoming","https://natronaschools.schoolspring.com/","Natrona School District 1",2026-05-29
"552","Dean Morgan Nordic Ski Aide",2026-05-22,"Dean Morgan Middle School","Casper, Wyoming","https://natronaschools.schoolspring.com/","Natrona School District 1",2026-05-29
"553","Verda James Education Support Personnel to Begin the 2026-27 School Year",2026-05-22,"Verda James Elementary","Casper, Wyoming","https://natronaschools.schoolspring.com/","Natrona School District 1",2026-05-29
"554","Verda James Part-Time Education Support Personnel to Begin the 2026-27 School Year",2026-05-22,"Verda James Elementary","Casper, Wyoming","https://natronaschools.schoolspring.com/","Natrona School District 1",2026-05-29
"555","KWHS Night Lead Custodian",2026-05-22,"Kelly Walsh High School","Casper, Wyoming","https://natronaschools.schoolspring.com/","Natrona School District 1",2026-05-29
"556","Dean Morgan Football Aide",2026-05-21,"Dean Morgan Middle School","Casper, Wyoming","https://natronaschools.schoolspring.com/","Natrona School District 1",2026-05-29
"557","Pineview Education Support Specialist",2026-05-21,"Pineview Elementary","Casper, Wyoming","https://natronaschools.schoolspring.com/","Natrona School District 1",2026-05-29
"558","Poison Spider Education Support Personnel/Cafeteria Technician",2026-05-21,"Poison Spider K-8","Casper, Wyoming","https://natronaschools.schoolspring.com/","Natrona School District 1",2026-05-29
"559","Poison Spider Education Support Personnel to Begin 2026-27 School Year",2026-05-21,"Poison Spider K-8","Casper, Wyoming","https://natronaschools.schoolspring.com/","Natrona School District 1",2026-05-29
"560","CMS ILS Education Support Specialist beginning for the 26-27 school year",2026-05-21,"Centennial Middle School","Casper, Wyoming","https://natronaschools.schoolspring.com/","Natrona School District 1",2026-05-29
"561","Manor Heights Education Support Personnel/Cafeteria Technician beginning for the 26-27 school year",2026-05-19,"Manor Heights Elementary","Casper, Wyoming","https://natronaschools.schoolspring.com/","Natrona School District 1",2026-05-29
"562","CMS Substitute on Daily Assignment- SPED to begin the 26-27 School Year",2026-05-19,"Centennial Middle School","Casper, Wyoming","https://natronaschools.schoolspring.com/","Natrona School District 1",2026-05-29
"563","Special Education Teacher Beginning the 2026-27 School Year",2026-05-19,"Special Education Services Center","Casper, Wyoming","https://natronaschools.schoolspring.com/","Natrona School District 1",2026-05-29
"564","CCA Science Teacher for the 26-27 School Year Only",2026-05-19,"Casper Classical Academy","Casper, Wyoming","https://natronaschools.schoolspring.com/","Natrona School District 1",2026-05-29
"565","Pineview Education Support Personnel / Education Support Specialist / Library Media Technician",2026-05-19,"Pineview Elementary","Casper, Wyoming","https://natronaschools.schoolspring.com/","Natrona School District 1",2026-05-29
"566","Pineview Education Support Specialist / Education Support Personnel / Cafeteria Technician",2026-05-19,"Pineview Elementary","Casper, Wyoming","https://natronaschools.schoolspring.com/","Natrona School District 1",2026-05-29
"567","KWHS Head Speech and Debate Coach",2026-05-18,"Kelly Walsh High School","Casper, Wyoming","https://natronaschools.schoolspring.com/","Natrona School District 1",2026-05-29
"568","KWHS Fall Assistant Tennis Coach",2026-05-18,"Kelly Walsh High School","Casper, Wyoming","https://natronaschools.schoolspring.com/","Natrona School District 1",2026-05-29
"569","KWHS Cheer Coach Aide",2026-05-18,"Kelly Walsh High School","Casper, Wyoming","https://natronaschools.schoolspring.com/","Natrona School District 1",2026-05-29
"570","KWHS Assistant Cheer Coach",2026-05-18,"Kelly Walsh High School","Casper, Wyoming","https://natronaschools.schoolspring.com/","Natrona School District 1",2026-05-29
"571","Cottonwood Education Support Specialist - FLS beginning for the 26-27 school year",2026-05-18,"Cottonwood Elementary","Casper, Wyoming","https://natronaschools.schoolspring.com/","Natrona School District 1",2026-05-29
"572","CCA FLS Education Support Specialist",2026-05-15,"Casper Classical Academy","Casper, Wyoming","https://natronaschools.schoolspring.com/","Natrona School District 1",2026-05-29
"573","Summit Elementary Education Support Specialist (1 on 1) to Begin the 2026-27 School Year",2026-05-15,"Summit Elementary","Casper, Wyoming","https://natronaschools.schoolspring.com/","Natrona School District 1",2026-05-29
"574","Human Resources Generalist",2026-05-15,"Human Resources","Casper, Wyoming","https://natronaschools.schoolspring.com/","Natrona School District 1",2026-05-29
"575","Occupational Therapist Beginning the 2026-2027 School Year",2026-05-14,"Special Education Services Center","Casper, Wyoming","https://natronaschools.schoolspring.com/","Natrona School District 1",2026-05-29
"576","CCA BASE Education Support Specialist",2026-05-13,"Casper Classical Academy","Casper, Wyoming","https://natronaschools.schoolspring.com/","Natrona School District 1",2026-05-29
"577","CCA Social Studies Teacher for the 2026-2027 School Year Only",2026-05-13,"Casper Classical Academy","Casper, Wyoming","https://natronaschools.schoolspring.com/","Natrona School District 1",2026-05-29
"578","Dean Morgan Social Studies Teacher for the 2026-2027 School Year Only",2026-05-13,"Dean Morgan Middle School","Casper, Wyoming","https://natronaschools.schoolspring.com/","Natrona School District 1",2026-05-29
"579","Dean Morgan Volleyball Coach",2026-05-12,"Dean Morgan Middle School","Casper, Wyoming","https://natronaschools.schoolspring.com/","Natrona School District 1",2026-05-29
"580","Transportation Secretary",2026-05-12,"Transportation","Casper, Wyoming","https://natronaschools.schoolspring.com/","Natrona School District 1",2026-05-29
"581","CCA Track Coach",2026-05-11,"Casper Classical Academy","Casper, Wyoming","https://natronaschools.schoolspring.com/","Natrona School District 1",2026-05-29
"582","Instructional Facilitator - Behavior Interventionist Beginning the 2026-2027 School Year",2026-05-11,"Curriculum and Instruction","Casper, Wyoming","https://natronaschools.schoolspring.com/","Natrona School District 1",2026-05-29
"583","CCA Volleyball Aide",2026-05-11,"Casper Classical Academy","Casper, Wyoming","https://natronaschools.schoolspring.com/","Natrona School District 1",2026-05-29
"584","Crest Hill Elementary Tutor for the 2026-2027 School Year Only",2026-05-11,"Crest Hill Elementary","Casper, Wyoming","https://natronaschools.schoolspring.com/","Natrona School District 1",2026-05-29
"585","NCHS Education Support Personnel to begin the 2026-27 School Year",2026-05-07,"Natrona County High School","Casper, Wyoming","https://natronaschools.schoolspring.com/","Natrona School District 1",2026-05-29
"586","CYMS Cross Country Aide",2026-05-05,"CY Middle School","Casper, Wyoming","https://natronaschools.schoolspring.com/","Natrona School District 1",2026-05-29
"587","Midwest HS Head Football Coach",2026-05-04,"Midwest Schools","Midwest, Wyoming","https://natronaschools.schoolspring.com/","Natrona School District 1",2026-05-29
"588","RHS Math Classroom Teacher for the 2026-2027 School Year Only",2026-05-01,"Roosevelt High School","Casper, Wyoming","https://natronaschools.schoolspring.com/","Natrona School District 1",2026-05-29
"589","CYMS Part Time Education Support Personnel beginning for the 2026-2027 school year",2026-04-30,"CY Middle School","Casper, Wyoming","https://natronaschools.schoolspring.com/","Natrona School District 1",2026-05-29
"590","CYMS Substitute on Daily Assignment - BASE Program beginning for the 2026-2027 school year",2026-04-30,"CY Middle School","Casper, Wyoming","https://natronaschools.schoolspring.com/","Natrona School District 1",2026-05-29
"591","CYMS Education Support Specialist BASE beginning for the 26-27 school year",2026-04-30,"CY Middle School","Casper, Wyoming","https://natronaschools.schoolspring.com/","Natrona School District 1",2026-05-29
"592","Manor Heights BASE Education Support Specialist beginning for the 26-27 school year",2026-04-30,"Manor Heights Elementary","Casper, Wyoming","https://natronaschools.schoolspring.com/","Natrona School District 1",2026-05-29
"593","Dean Morgan Education Support Personnel/Office and Records Beginning 26-27 School Year",2026-04-30,"Dean Morgan Middle School","Casper, Wyoming","https://natronaschools.schoolspring.com/","Natrona School District 1",2026-05-29
"594","Dean Morgan Education Support Personnel Beginning 26-27 School Year",2026-04-30,"Dean Morgan Middle School","Casper, Wyoming","https://natronaschools.schoolspring.com/","Natrona School District 1",2026-05-29
"595","Dean Morgan Education Support Specialist / Education Support Personnel Beginning 26-27 School Year",2026-04-30,"Dean Morgan Middle School","Casper, Wyoming","https://natronaschools.schoolspring.com/","Natrona School District 1",2026-05-29
"596","Dean Morgan Education Support Specialist (1-on-1) Beginning 26-27 School Year",2026-04-30,"Dean Morgan Middle School","Casper, Wyoming","https://natronaschools.schoolspring.com/","Natrona School District 1",2026-05-29
"597","Sagewood Behavior and Substitute Support Personnel Beginning 26-27 School Year",2026-04-30,"Sagewood Elementary","Casper, Wyoming","https://natronaschools.schoolspring.com/","Natrona School District 1",2026-05-29
"598","CYMS Volleyball Coach Aide",2026-04-28,"CY Middle School","Casper, Wyoming","https://natronaschools.schoolspring.com/","Natrona School District 1",2026-05-29
"599","CCA Language Arts Teacher for the 26-27 school year only",2026-04-28,"Casper Classical Academy","Casper, Wyoming","https://natronaschools.schoolspring.com/","Natrona School District 1",2026-05-29
"600","CYMS Head Cheer Coach",2026-04-24,"CY Middle School","Casper, Wyoming","https://natronaschools.schoolspring.com/","Natrona School District 1",2026-05-29
"601","Instructional Facilitator Beginning the 2026-2027 School Year",2026-04-23,"Curriculum and Instruction","Casper, Wyoming","https://natronaschools.schoolspring.com/","Natrona School District 1",2026-05-29
"602","CCA Football Aide",2026-04-13,"Casper Classical Academy","Casper, Wyoming","https://natronaschools.schoolspring.com/","Natrona School District 1",2026-05-29
"603","CCA Basketball Coach",2026-04-13,"Casper Classical Academy","Casper, Wyoming","https://natronaschools.schoolspring.com/","Natrona School District 1",2026-05-29
"604","CCA Cross Country Aide",2026-04-13,"Casper Classical Academy","Casper, Wyoming","https://natronaschools.schoolspring.com/","Natrona School District 1",2026-05-29
"605","Substitute Custodian",2026-04-09,"Human Resources","Casper, Wyoming","https://natronaschools.schoolspring.com/","Natrona School District 1",2026-05-29
"606","Substitute Nurse",2026-04-09,"Human Resources","Casper, Wyoming","https://natronaschools.schoolspring.com/","Natrona School District 1",2026-05-29
"607","Midwest Summer Grounds Worker",2026-04-08,"Midwest Schools","Midwest, Wyoming","https://natronaschools.schoolspring.com/","Natrona School District 1",2026-05-29
"608","Seasonal Grounds Worker",2026-04-01,"Plant/Maintenance","Casper, Wyoming","https://natronaschools.schoolspring.com/","Natrona School District 1",2026-05-29
"609","Physical Therapist to begin 2026-2027 School Year",2026-03-18,"Special Education Services Center","Casper, Wyoming","https://natronaschools.schoolspring.com/","Natrona School District 1",2026-05-29
"610","Substitute Bus Driver",2026-02-13,"Transportation","Casper, Wyoming","https://natronaschools.schoolspring.com/","Natrona School District 1",2026-05-29
"611","Centennial Head Girls Soccer Coach",2026-01-16,"Centennial Middle School","Casper, Wyoming","https://natronaschools.schoolspring.com/","Natrona School District 1",2026-05-29
"612","KWHS - Marine Instructor (MI) OR Senior ROTC Marine Instructor (SMI)",2025-07-10,"Kelly Walsh High School","Casper, Wyoming","https://natronaschools.schoolspring.com/","Natrona School District 1",2026-05-29
"613","Education Interpreter",2025-05-01,"Special Education Services Center","Casper, Wyoming","https://natronaschools.schoolspring.com/","Natrona School District 1",2026-05-29
"614","K-12 Instructional Coach",2026-05-13,"LARAMIE COUNTY SD #2","Pine Bluffs, Wyoming","https://laramie2.schoolspring.com/","Laramie County School District 2",2026-05-29
"615","Assistant JV High School Girls Basketball Coach",2026-05-11,"Pine Bluffs Jr./Sr. High School","Pine Bluffs, Wyoming","https://laramie2.schoolspring.com/","Laramie County School District 2",2026-05-29
"616","Events Coordinator",2026-05-08,"Burns Jr./Sr. High School","Burns, Wyoming","https://laramie2.schoolspring.com/","Laramie County School District 2",2026-05-29
"617","SPED Teacher",2026-04-27,"LARAMIE COUNTY SD #2","Pine Bluffs, Wyoming","https://laramie2.schoolspring.com/","Laramie County School District 2",2026-05-29
"618","Paraprofessional",2026-04-27,"LARAMIE COUNTY SD #2","Pine Bluffs, Wyoming","https://laramie2.schoolspring.com/","Laramie County School District 2",2026-05-29
"619","Speech Language Pathologist Assistant",2026-04-23,"LARAMIE COUNTY SD #2","Pine Bluffs, Wyoming","https://laramie2.schoolspring.com/","Laramie County School District 2",2026-05-29
"620","Head High School Girls Basketball Coach",2026-04-15,"Pine Bluffs Jr./Sr. High School","Pine Bluffs, Wyoming","https://laramie2.schoolspring.com/","Laramie County School District 2",2026-05-29
"621","Technology Summer Employee",2026-04-07,"LARAMIE COUNTY SD #2","Pine Bluffs, Wyoming","https://laramie2.schoolspring.com/","Laramie County School District 2",2026-05-29
"622","Custodian",2026-03-23,"Burns Jr./Sr. High School","Burns, Wyoming","https://laramie2.schoolspring.com/","Laramie County School District 2",2026-05-29
"623","Technology Coordinator",2026-03-18,"LARAMIE COUNTY SD #2","Pine Bluffs, Wyoming","https://laramie2.schoolspring.com/","Laramie County School District 2",2026-05-29
"624","District PowerSchool Administrator",2026-03-17,"LARAMIE COUNTY SD #2","Pine Bluffs, Wyoming","https://laramie2.schoolspring.com/","Laramie County School District 2",2026-05-29
"625","Speech-Language Pathologist 2026-27 School Year (Signing Bonus)",2026-03-12,"LARAMIE COUNTY SD #2","Pine Bluffs, Wyoming","https://laramie2.schoolspring.com/","Laramie County School District 2",2026-05-29
"626","Summer Groundskeeper",2026-03-10,"Pine Bluffs Jr./Sr. High School","Pine Bluffs, Wyoming","https://laramie2.schoolspring.com/","Laramie County School District 2",2026-05-29
"627","Assistant High School Football Coach",2026-02-24,"Burns Jr./Sr. High School","Burns, Wyoming","https://laramie2.schoolspring.com/","Laramie County School District 2",2026-05-29
"628","Elementary Teacher 2026-27 School Year",2026-02-02,"LARAMIE COUNTY SD #2","Pine Bluffs, Wyoming","https://laramie2.schoolspring.com/","Laramie County School District 2",2026-05-29
"629","Assistant JH Volleyball Numbers Coach",2025-12-02,"Burns Jr./Sr. High School","Burns, Wyoming","https://laramie2.schoolspring.com/","Laramie County School District 2",2026-05-29
"630","Substitute School Nurse",2025-09-15,"LARAMIE COUNTY SD #2","Pine Bluffs, Wyoming","https://laramie2.schoolspring.com/","Laramie County School District 2",2026-05-29
"631","ELL Parent Translator Contactor",2025-09-15,"LARAMIE COUNTY SD #2","Pine Bluffs, Wyoming","https://laramie2.schoolspring.com/","Laramie County School District 2",2026-05-29
"632","Assistant JH Football Coach",2025-08-05,"Burns Jr./Sr. High School","Burns, Wyoming","https://laramie2.schoolspring.com/","Laramie County School District 2",2026-05-29
"633","ELL Paraprofessional",2025-06-10,"LARAMIE COUNTY SD #2","Pine Bluffs, Wyoming","https://laramie2.schoolspring.com/","Laramie County School District 2",2026-05-29
"634","Sub Paraprofessional",2025-01-30,"LARAMIE COUNTY SD #2","Pine Bluffs, Wyoming","https://laramie2.schoolspring.com/","Laramie County School District 2",2026-05-29
"635","Sub Custodian",2025-01-30,"LARAMIE COUNTY SD #2","Pine Bluffs, Wyoming","https://laramie2.schoolspring.com/","Laramie County School District 2",2026-05-29
"636","Substitute Cook",2025-01-30,"LARAMIE COUNTY SD #2","Pine Bluffs, Wyoming","https://laramie2.schoolspring.com/","Laramie County School District 2",2026-05-29
"637","Substitute Teacher",2025-01-30,"LARAMIE COUNTY SD #2","Pine Bluffs, Wyoming","https://laramie2.schoolspring.com/","Laramie County School District 2",2026-05-29
"638","Substitute Bus Driver",2025-01-30,"LARAMIE COUNTY SD #2","Pine Bluffs, Wyoming","https://laramie2.schoolspring.com/","Laramie County School District 2",2026-05-29
"639","MIDDLE SCHOOL ASSISTANT COACH (WRESTLING)",2026-05-27,"RIVERTON MIDDLE SCHOOL","Riverton, Wyoming","https://fremont25.schoolspring.com/","Fremont County School District 25",2026-05-29
"640","ACADEMIC COACH (STEP UP DAY SCHOOL)",2026-05-21,"STEP UP DAY SCHOOL","Riverton, Wyoming","https://fremont25.schoolspring.com/","Fremont County School District 25",2026-05-29
"641","STEP UP DAY SCHOOL TEACHER (SPED BSP)",2026-05-21,"STEP UP DAY SCHOOL","Riverton, Wyoming","https://fremont25.schoolspring.com/","Fremont County School District 25",2026-05-29
"642","STEP UP DAY SCHOOL (ELEMENTARY TEACHER)",2026-05-21,"STEP UP DAY SCHOOL","Riverton, Wyoming","https://fremont25.schoolspring.com/","Fremont County School District 25",2026-05-29
"643","CUSTODIAN LEAD",2026-05-21,"RIVERTON HIGH SCHOOL","Riverton, Wyoming","https://fremont25.schoolspring.com/","Fremont County School District 25",2026-05-29
"644","FOOTBALL MIDDLE SCHOOL ASSISTANT COACH",2026-05-21,"RIVERTON MIDDLE SCHOOL","Riverton, Wyoming","https://fremont25.schoolspring.com/","Fremont County School District 25",2026-05-29
"645","HIGH SCHOOL ASSISTANT COACH (WRESTLING)",2026-05-21,"RIVERTON HIGH SCHOOL","Riverton, Wyoming","https://fremont25.schoolspring.com/","Fremont County School District 25",2026-05-29
"646","SPARTAN ACADEMY TEACHER (ELA or Social Studies)",2026-05-13,"RIVERTON MIDDLE SCHOOL","Riverton, Wyoming","https://fremont25.schoolspring.com/","Fremont County School District 25",2026-05-29
"647","ELEMENTARY TEACHER (SPED)",2026-05-12,"ASPEN ELEMENTARY","Riverton, Wyoming","https://fremont25.schoolspring.com/","Fremont County School District 25",2026-05-29
"648","ELEMENTARY TEACHER",2026-05-08,"WILLOW CREEK","Riverton, Wyoming","https://fremont25.schoolspring.com/","Fremont County School District 25",2026-05-29
"649","INSTRUCTIONAL SUPPORT SPECIALIST",2026-04-13,"Fremont County School District 25","Riverton, Wyoming","https://fremont25.schoolspring.com/","Fremont County School District 25",2026-05-29
"650","HOMEBOUND AND DISTRICT PLACEMENT SPECIAL EDUCATION TEACHER (SPED)",2026-04-08,"Fremont County School District 25","Riverton, Wyoming","https://fremont25.schoolspring.com/","Fremont County School District 25",2026-05-29
"651","2026-2027 PARAPROFESSIONAL POOL",2026-03-27,"Fremont County School District 25","Riverton, Wyoming","https://fremont25.schoolspring.com/","Fremont County School District 25",2026-05-29
"652","PARA (SPED IDEAL)",2026-03-23,"RENDEZVOUS ELEMENTARY","Riverton, Wyoming","https://fremont25.schoolspring.com/","Fremont County School District 25",2026-05-29
"653","SUBSTITUTE BUS DRIVER",2026-03-20,"BUS GARAGE - TRANSPORTATION","Riverton, Wyoming","https://fremont25.schoolspring.com/","Fremont County School District 25",2026-05-29
"654","PARA (SPED)",2026-02-23,"WILLOW CREEK","Riverton, Wyoming","https://fremont25.schoolspring.com/","Fremont County School District 25",2026-05-29
"655","PARA (SPED BSP)",2026-02-18,"RENDEZVOUS ELEMENTARY","Riverton, Wyoming","https://fremont25.schoolspring.com/","Fremont County School District 25",2026-05-29
"656","SPEECH LANGUAGE PATHOLOGIST",2026-02-09,"Fremont County School District 25","Riverton, Wyoming","https://fremont25.schoolspring.com/","Fremont County School District 25",2026-05-29
"657","SCHOOL PSYCHOLOGIST",2026-02-09,"ALTERNATIVE/SPECIAL SERVICES","Riverton, Wyoming","https://fremont25.schoolspring.com/","Fremont County School District 25",2026-05-29
"658","OCCUPATIONAL THERAPIST",2026-01-22,"Fremont County School District 25","Riverton, Wyoming","https://fremont25.schoolspring.com/","Fremont County School District 25",2026-05-29
"659","NATIVE AMERICAN EDUCATION STUDENT AMBASSADOR",2025-12-12,"Fremont County School District 25","Riverton, Wyoming","https://fremont25.schoolspring.com/","Fremont County School District 25",2026-05-29
"660","BUS AIDE",2025-10-17,"BUS GARAGE - TRANSPORTATION","Riverton, Wyoming","https://fremont25.schoolspring.com/","Fremont County School District 25",2026-05-29
"661","BUS DRIVER (PART TIME)",2025-10-17,"BUS GARAGE - TRANSPORTATION","Riverton, Wyoming","https://fremont25.schoolspring.com/","Fremont County School District 25",2026-05-29
"662","SUBSTITUTE PARA",2025-09-26,"Fremont County School District 25","Riverton, Wyoming","https://fremont25.schoolspring.com/","Fremont County School District 25",2026-05-29
"663","HIGH SCHOOL ASSISTANT COACH (CHEER)",2025-03-23,"RIVERTON HIGH SCHOOL","Riverton, Wyoming","https://fremont25.schoolspring.com/","Fremont County School District 25",2026-05-29
"664","SUBSTITUTE INTERPRETER FOR DEAF/HARD OF HEARING STUDENTS",2025-01-16,"Fremont County School District 25","Riverton, Wyoming","https://fremont25.schoolspring.com/","Fremont County School District 25",2026-05-29
"665","SUBSTITUTE CUSTODIAN",2024-09-17,"Fremont County School District 25","Riverton, Wyoming","https://fremont25.schoolspring.com/","Fremont County School District 25",2026-05-29
"666","SUBSTITUTE DAYCARE ASSISTANT",2024-07-22,"Fremont County School District 25","Riverton, Wyoming","https://fremont25.schoolspring.com/","Fremont County School District 25",2026-05-29
"667","SUBSTITUTE TEACHER",2024-07-18,"Fremont County School District 25","Riverton, Wyoming","https://fremont25.schoolspring.com/","Fremont County School District 25",2026-05-29
"668","SUBSTITUTE NURSE",2024-07-18,"Fremont County School District 25","Riverton, Wyoming","https://fremont25.schoolspring.com/","Fremont County School District 25",2026-05-29
"669","LIFEGUARD",2024-03-01,"RIVERTON AQUATICS CENTER","Riverton, Wyoming","https://fremont25.schoolspring.com/","Fremont County School District 25",2026-05-29
"670","DESK CLERK",2024-03-01,"RIVERTON AQUATICS CENTER","Riverton, Wyoming","https://fremont25.schoolspring.com/","Fremont County School District 25",2026-05-29
"671","Evening Custodian - Elementary",2026-05-20,"Slade Elementary School","Laramie, Wyoming","https://acsd1.schoolspring.com/","Albany Count School District 1",2026-05-29
"672","Elementary Teacher",2026-05-19,"Linford Elementary School","Laramie, Wyoming","https://acsd1.schoolspring.com/","Albany Count School District 1",2026-05-29
"673","Preschool Paraprofessional",2026-05-19,"Indian Paintbrush Elementary School","Laramie, Wyoming","https://acsd1.schoolspring.com/","Albany Count School District 1",2026-05-29
"674","Preschool Paraprofessional",2026-05-19,"Spring Creek Elementary School","Laramie, Wyoming","https://acsd1.schoolspring.com/","Albany Count School District 1",2026-05-29
"675","Childcare/Daycare Paraprofessional",2026-05-19,"Whiting High School","Laramie, Wyoming","https://acsd1.schoolspring.com/","Albany Count School District 1",2026-05-29
"676","Middle School Assistant Cross-Country Coach",2026-05-18,"Laramie Middle School","Laramie, Wyoming","https://acsd1.schoolspring.com/","Albany Count School District 1",2026-05-29
"677","Middle School Girls' Basketball Coach",2026-05-18,"Laramie Middle School","Laramie, Wyoming","https://acsd1.schoolspring.com/","Albany Count School District 1",2026-05-29
"678","Middle School Assistant Wrestling Coach",2026-05-18,"Laramie Middle School","Laramie, Wyoming","https://acsd1.schoolspring.com/","Albany Count School District 1",2026-05-29
"679","Special Education Teacher",2026-05-18,"Laramie Middle School","Laramie, Wyoming","https://acsd1.schoolspring.com/","Albany Count School District 1",2026-05-29
"680","Elementary Teacher - Interventionist",2026-05-18,"Indian Paintbrush Elementary School","Laramie, Wyoming","https://acsd1.schoolspring.com/","Albany Count School District 1",2026-05-29
"681","Special Education Teacher",2026-05-12,"Snowy Range Academy","Laramie, Wyoming","https://acsd1.schoolspring.com/","Albany Count School District 1",2026-05-29
"682","Special Education Teacher",2026-04-21,"Spring Creek Elementary School","Laramie, Wyoming","https://acsd1.schoolspring.com/","Albany Count School District 1",2026-05-29
"683","High School Assistant Tennis Coach",2026-04-13,"Laramie High School","Laramie, Wyoming","https://acsd1.schoolspring.com/","Albany Count School District 1",2026-05-29
"684","Middle School Head Volleyball Coach",2026-04-09,"Laramie Middle School","Laramie, Wyoming","https://acsd1.schoolspring.com/","Albany Count School District 1",2026-05-29
"685","Certified Occupational Therapist",2026-04-03,"Albany County School District 1","Laramie, Wyoming","https://acsd1.schoolspring.com/","Albany Count School District 1",2026-05-29
"686","Dual Language Immersion and ELL Programs Instructional Facilitator",2026-04-03,"Albany County School District 1","Laramie, Wyoming","https://acsd1.schoolspring.com/","Albany Count School District 1",2026-05-29
"687","Nurse Educator",2026-03-27,"Whiting High School","Laramie, Wyoming","https://acsd1.schoolspring.com/","Albany Count School District 1",2026-05-29
"688","High School Assistant Golf Coach",2026-03-04,"Laramie High School","Laramie, Wyoming","https://acsd1.schoolspring.com/","Albany Count School District 1",2026-05-29
"689","Certified Occupational Therapy Assistant",2026-03-02,"Albany County School District 1","Laramie, Wyoming","https://acsd1.schoolspring.com/","Albany Count School District 1",2026-05-29
"690","Substitute Custodian",2025-07-21,"Albany County School District 1","Laramie, Wyoming","https://acsd1.schoolspring.com/","Albany Count School District 1",2026-05-29
"691","Bus Aide",2025-06-05,"Albany County School District 1","Laramie, Wyoming","https://acsd1.schoolspring.com/","Albany Count School District 1",2026-05-29
"692","Bus Driver",2025-06-05,"Albany County School District 1","Laramie, Wyoming","https://acsd1.schoolspring.com/","Albany Count School District 1",2026-05-29
"693","Lead Trainer/Coordinator",2026-05-27,"CAMPBELL COUNTY SCHOOL DISTRICT #1","Gillette, Wyoming","https://campbell.schoolspring.com/","Campbell County Scholl District 1",2026-05-29
"694","Secretary to Elementary Principal",2026-05-27,"HILLCREST ELEMENTARY","Gillette, Wyoming","https://campbell.schoolspring.com/","Campbell County Scholl District 1",2026-05-29
"695","Asst. HS Boys Basketball Coach",2026-05-27,"WRIGHT JR./SR. HIGH SCHOOL","Wright, Wyoming","https://campbell.schoolspring.com/","Campbell County Scholl District 1",2026-05-29
"696","Assistant Volleyball Coach",2026-05-27,"WRIGHT JR./SR. HIGH SCHOOL","Wright, Wyoming","https://campbell.schoolspring.com/","Campbell County Scholl District 1",2026-05-29
"697","Asst. HS Girls Basketball Coach",2026-05-27,"WRIGHT JR./SR. HIGH SCHOOL","Wright, Wyoming","https://campbell.schoolspring.com/","Campbell County Scholl District 1",2026-05-29
"698","Special Programs Education Assistant/ASD",2026-05-26,"RAWHIDE ELEMENTARY","Gillette, Wyoming","https://campbell.schoolspring.com/","Campbell County Scholl District 1",2026-05-29
"699","Administrative Assistant - Special Programs Grants and Technology",2026-05-22,"CAMPBELL COUNTY SCHOOL DISTRICT #1","Gillette, Wyoming","https://campbell.schoolspring.com/","Campbell County Scholl District 1",2026-05-29
"700","Assistant HS Girls Basketball Coach",2026-05-21,"THUNDER BASIN HIGH SCHOOL","Gillette, Wyoming","https://campbell.schoolspring.com/","Campbell County Scholl District 1",2026-05-29
"701","Technology Education Teacher",2026-05-21,"TWIN SPRUCE JUNIOR HIGH SCHOOL","Gillette, Wyoming","https://campbell.schoolspring.com/","Campbell County Scholl District 1",2026-05-29
"702","Fifth Grade Teacher",2026-05-21,"SUNFLOWER ELEMENTARY","Gillette, Wyoming","https://campbell.schoolspring.com/","Campbell County Scholl District 1",2026-05-29
"703","First Grade Teacher",2026-05-21,"COTTONWOOD ELEMENTARY","Wright, Wyoming","https://campbell.schoolspring.com/","Campbell County Scholl District 1",2026-05-29
"704","Water Safety Assistant",2026-05-20,"CAMPBELL COUNTY SCHOOL DISTRICT #1","Gillette, Wyoming","https://campbell.schoolspring.com/","Campbell County Scholl District 1",2026-05-29
"705","Math Teacher",2026-05-20,"CAMPBELL COUNTY HIGH SCHOOL","Gillette, Wyoming","https://campbell.schoolspring.com/","Campbell County Scholl District 1",2026-05-29
"706","English Teacher",2026-05-15,"WRIGHT JR./SR. HIGH SCHOOL","Wright, Wyoming","https://campbell.schoolspring.com/","Campbell County Scholl District 1",2026-05-29
"707","Speech/Language Pathologist",2026-05-14,"CAMPBELL COUNTY SCHOOL DISTRICT #1","Gillette, Wyoming","https://campbell.schoolspring.com/","Campbell County Scholl District 1",2026-05-29
"708","Physical Education Teacher",2026-05-14,"CONESTOGA ELEMENTARY","Gillette, Wyoming","https://campbell.schoolspring.com/","Campbell County Scholl District 1",2026-05-29
"709","Assistant Girls Wrestling Coach",2026-05-07,"THUNDER BASIN HIGH SCHOOL","Gillette, Wyoming","https://campbell.schoolspring.com/","Campbell County Scholl District 1",2026-05-29
"710","Wright - Summer Lawn Crew",2026-05-06,"WRIGHT JR./SR. HIGH SCHOOL","Wright, Wyoming","https://campbell.schoolspring.com/","Campbell County Scholl District 1",2026-05-29
"711","Vocational Job Coach",2026-05-06,"THUNDER BASIN HIGH SCHOOL","Gillette, Wyoming","https://campbell.schoolspring.com/","Campbell County Scholl District 1",2026-05-29
"712","Foreign Language Teacher - Spanish",2026-05-05,"CAMPBELL COUNTY HIGH SCHOOL","Gillette, Wyoming","https://campbell.schoolspring.com/","Campbell County Scholl District 1",2026-05-29
"713","Art Teacher",2026-04-30,"COTTONWOOD ELEMENTARY","Wright, Wyoming","https://campbell.schoolspring.com/","Campbell County Scholl District 1",2026-05-29
"714","Skilled Maintenance Crafts - Mechanic",2026-04-30,"CAMPBELL COUNTY SCHOOL DISTRICT #1","Gillette, Wyoming","https://campbell.schoolspring.com/","Campbell County Scholl District 1",2026-05-29
"715","Exceptional Child Specialist/Resource Room",2026-04-27,"SAGE VALLEY JUNIOR HIGH SCHOOL","Gillette, Wyoming","https://campbell.schoolspring.com/","Campbell County Scholl District 1",2026-05-29
"716","Exceptional Child Specialist/Resource Room",2026-04-23,"HILLCREST ELEMENTARY","Gillette, Wyoming","https://campbell.schoolspring.com/","Campbell County Scholl District 1",2026-05-29
"717","ACTIVITY BUS DRIVER",2026-04-08,"CAMPBELL COUNTY SCHOOL DISTRICT #1","Gillette, Wyoming","https://campbell.schoolspring.com/","Campbell County Scholl District 1",2026-05-29
"718","BUS DRIVER/BUS DRIVER IN TRAINING",2026-03-24,"CAMPBELL COUNTY SCHOOL DISTRICT #1","Gillette, Wyoming","https://campbell.schoolspring.com/","Campbell County Scholl District 1",2026-05-29
"719","Teacher of the Visually Impaired",2026-03-05,"CAMPBELL COUNTY SCHOOL DISTRICT #1","Gillette, Wyoming","https://campbell.schoolspring.com/","Campbell County Scholl District 1",2026-05-29
"720","Special Programs Education Assistant",2026-01-20,"RAWHIDE ELEMENTARY","Gillette, Wyoming","https://campbell.schoolspring.com/","Campbell County Scholl District 1",2026-05-29
"721","Special Programs Education Assistant for Students with High Needs",2025-12-19,"HILLCREST ELEMENTARY","Gillette, Wyoming","https://campbell.schoolspring.com/","Campbell County Scholl District 1",2026-05-29
"722","Orientation and Mobility Specialist",2025-12-19,"CAMPBELL COUNTY SCHOOL DISTRICT #1","Gillette, Wyoming","https://campbell.schoolspring.com/","Campbell County Scholl District 1",2026-05-29
"723","Special Programs Education Assistant",2025-11-26,"HILLCREST ELEMENTARY","Gillette, Wyoming","https://campbell.schoolspring.com/","Campbell County Scholl District 1",2026-05-29
"724","Safety Patrol",2025-10-29,"CAMPBELL COUNTY SCHOOL DISTRICT #1","Gillette, Wyoming","https://campbell.schoolspring.com/","Campbell County Scholl District 1",2026-05-29
"725","Safety Patrol",2025-10-29,"CAMPBELL COUNTY SCHOOL DISTRICT #1","Gillette, Wyoming","https://campbell.schoolspring.com/","Campbell County Scholl District 1",2026-05-29
"726","Substitute School Nurse",2025-06-11,"CAMPBELL COUNTY SCHOOL DISTRICT #1","Gillette, Wyoming","https://campbell.schoolspring.com/","Campbell County Scholl District 1",2026-05-29
"727","SCHOOL PSYCHOLOGIST INTERN",2025-01-31,"CAMPBELL COUNTY SCHOOL DISTRICT #1","Gillette, Wyoming","https://campbell.schoolspring.com/","Campbell County Scholl District 1",2026-05-29
"728","Sample Classified Position",2010-02-16,"CAMPBELL COUNTY SCHOOL DISTRICT #1","Gillette, Wyoming","https://campbell.schoolspring.com/","Campbell County Scholl District 1",2026-05-29
"729","Sample Certified Position",2010-02-16,"CAMPBELL COUNTY SCHOOL DISTRICT #1","Gillette, Wyoming","https://campbell.schoolspring.com/","Campbell County Scholl District 1",2026-05-29
"730","Musical Costumer – Star Valley High School",NA,"Classified","Star Valley High School, WY","https://lcsd2.org/employment-opportunities/","Lincoln County School District 2",2026-05-29
"731","Library Aide – Etna Elementary",NA,"Classified","Etna Elementary, WY","https://lcsd2.org/employment-opportunities/","Lincoln County School District 2",2026-05-29
"732","Aide Pool – Star Valley",NA,"Classified","Star Valley, WY","https://lcsd2.org/employment-opportunities/","Lincoln County School District 2",2026-05-29
"733","Bus Aide (Part-Time) – Star Valley",NA,"Classified","Star Valley, WY","https://lcsd2.org/employment-opportunities/","Lincoln County School District 2",2026-05-29
"734","Educational Sign Language Interpreter – District Wide",NA,"Classified","District Wide, WY","https://lcsd2.org/employment-opportunities/","Lincoln County School District 2",2026-05-29
"735","Music Teacher K–6 – Star Valley",NA,"Certified","Star Valley, WY","https://lcsd2.org/employment-opportunities/","Lincoln County School District 2",2026-05-29
"736","Special Education Teacher – Star Valley High School",NA,"Certified","Star Valley High School, WY","https://lcsd2.org/employment-opportunities/","Lincoln County School District 2",2026-05-29
"737","PE/Health Teacher (Part-Time) – Star Valley High School",NA,"Certified","Star Valley High School, WY","https://lcsd2.org/employment-opportunities/","Lincoln County School District 2",2026-05-29
"738","Substitute School Nurse – Star Valley",NA,"Substitute (Teacher Only)","Star Valley, WY","https://lcsd2.org/employment-opportunities/","Lincoln County School District 2",2026-05-29
"739","Certified Substitute Teacher Pool – Star Valley",NA,"Substitute (Teacher Only)","Star Valley, WY","https://lcsd2.org/employment-opportunities/","Lincoln County School District 2",2026-05-29
"740","Certified Substitute Teacher Pool – Cokeville",NA,"Substitute (Teacher Only)","Cokeville, WY","https://lcsd2.org/employment-opportunities/","Lincoln County School District 2",2026-05-29
"741","Substitute Bus Drivers – Cokeville",NA,"Classified","Cokeville, WY","https://lcsd2.org/employment-opportunities/","Lincoln County School District 2",2026-05-29
"742","Substitute Bus Drivers – Star Valley",NA,"Classified","Star Valley, WY","https://lcsd2.org/employment-opportunities/","Lincoln County School District 2",2026-05-29
"743","Substitute Bus Aides – Star Valley",NA,"Classified","Star Valley, WY","https://lcsd2.org/employment-opportunities/","Lincoln County School District 2",2026-05-29
"744","Substitute Food Service (Cooks)",NA,"Classified","District Wide, WY","https://lcsd2.org/employment-opportunities/","Lincoln County School District 2",2026-05-29
"745","Musical Director – Cokeville High School",NA,"Coaching","Cokeville High School, WY","https://lcsd2.org/employment-opportunities/","Lincoln County School District 2",2026-05-29
"746","Assistant Boys Basketball Coach – Star Valley High School",NA,"Coaching","Star Valley High School, WY","https://lcsd2.org/employment-opportunities/","Lincoln County School District 2",2026-05-29
"747","Assistant Volleyball Coach – Cokeville High School",NA,"Coaching","Cokeville High School, WY","https://lcsd2.org/employment-opportunities/","Lincoln County School District 2",2026-05-29
"748","Volunteer Coach/Advisor",NA,"Coaching","District Wide, WY","https://lcsd2.org/employment-opportunities/","Lincoln County School District 2",2026-05-29
"749","Elementary Teacher (K–6)",NA,"Certified","Lusk, WY","https://www.growingluskleaders.org/page/human-resources","Niobrara County School District 1",2026-05-29
"750","Music/Band Teacher (K–12)",NA,"Certified","Lusk, WY","https://www.growingluskleaders.org/page/human-resources","Niobrara County School District 1",2026-05-29
"751","SPED Paraprofessional",NA,"Classified","Lusk, WY","https://www.growingluskleaders.org/page/human-resources","Niobrara County School District 1",2026-05-29
"752","Daycare Staff Provider",NA,"Classified","Lusk, WY","https://www.growingluskleaders.org/page/human-resources","Niobrara County School District 1",2026-05-29
"753","Library/Media Support Staff",NA,"Classified","Lusk Elementary School, Lusk, WY","https://www.growingluskleaders.org/page/human-resources","Niobrara County School District 1",2026-05-29
"754","Maintenance Worker (District Wide)",NA,"Classified","Niobrara County School District #1, WY","https://www.growingluskleaders.org/page/human-resources","Niobrara County School District 1",2026-05-29
"755","Bus Driver Substitutes (District Wide)",NA,"Classified","Niobrara County School District #1, WY","https://www.growingluskleaders.org/page/human-resources","Niobrara County School District 1",2026-05-29
"756","Custodial Substitute (District Wide)",NA,"Classified","Niobrara County School District #1, WY","https://www.growingluskleaders.org/page/human-resources","Niobrara County School District 1",2026-05-29
"757","Special Education Paraprofessional",NA,"Classified","District","https://pcsd16.com/271372_2","Park County School District 16",2026-05-29
"758","7-12 Grade Science Teacher",NA,"Certified","District","https://pcsd16.com/271372_2","Park County School District 16",2026-05-29
"759","HS Head Track Coach",NA,"Coaching","District","https://pcsd16.com/271372_2","Park County School District 16",2026-05-29
"760","MS Head Track Coach",NA,"Coaching","District","https://pcsd16.com/271372_2","Park County School District 16",2026-05-29
"761","School Guidance Counselor",NA,"Certified","District","https://pcsd16.com/271372_2","Park County School District 16",2026-05-29
"762","Behavior Para",NA,"Classified","Wheatland, WY","https://www.platte1.org/89574_1","Platte County School District 1",2026-05-29
"763","WHS Math Teacher",NA,"Certified","Wheatland High School, Wheatland, WY","https://www.platte1.org/89574_1","Platte County School District 1",2026-05-29
"764","WHS Assistant Volleyball Coach",NA,"Coaching","Wheatland High School, Wheatland, WY","https://www.platte1.org/89574_1","Platte County School District 1",2026-05-29
"765","WHS Assistant Girls Basketball Coach (2 positions)",NA,"Coaching","Wheatland High School, Wheatland, WY","https://www.platte1.org/89574_1","Platte County School District 1",2026-05-29
"766","Custodian Substitutes",NA,"Classified","Platte County School District #1, WY","https://www.platte1.org/89574_1","Platte County School District 1",2026-05-29
"767","Substitute Teachers",NA,"Substitute (Teacher Only)","Platte County School District #1, WY","https://www.platte1.org/89574_1","Platte County School District 1",2026-05-29
"768","Substitute Activity Drivers",NA,"Classified","District","https://www.guernseysunrise.org/page/employment","Platte County School District 2",2026-05-29
"769","Substitute Certified Teachers",NA,"Substitute","District","https://www.guernseysunrise.org/page/employment","Platte County School District 2",2026-05-29
"770","Substitute Paraeducators",NA,"Classified","District","https://www.guernseysunrise.org/page/employment","Platte County School District 2",2026-05-29
"771","Junior High Head Boys Basketball Coach",NA,"Coaching","District","https://www.sheridan3.com/page/hr-and-career-opportunities","Sheridan County School District 3",2026-05-29
"772","Transportation Supervisor",NA,"Classified","District","https://www.sheridan3.com/page/hr-and-career-opportunities","Sheridan County School District 3",2026-05-29
"773","Bus Driver",NA,"Classified","District","https://www.sheridan3.com/page/hr-and-career-opportunities","Sheridan County School District 3",2026-05-29
"774","Meaintenance Supervisor/Custodial",NA,"Classified","District","https://www.sheridan3.com/page/hr-and-career-opportunities","Sheridan County School District 3",2026-05-29
"775","Culinary Arts Teacher 5/12/2026.docx",NA,"Certified","District","https://www.sub1.org/en-US/employment-and-human-resources-f26202d3","Sublette County School District 1",2026-05-29
"776","Elementary School Secretary",NA,"Classified","District","https://www.sub1.org/en-US/employment-and-human-resources-f26202d3","Sublette County School District 1",2026-05-29
"777","Girls Assistant Basketball Coaches 4/6/2026.docx",NA,"Coaching","District","https://www.sub1.org/en-US/employment-and-human-resources-f26202d3","Sublette County School District 1",2026-05-29
"778","HS Girls Assistant Wrestling Coach - 26-27",NA,"Coaching","District","https://www.sub1.org/en-US/employment-and-human-resources-f26202d3","Sublette County School District 1",2026-05-29
"779","High School Boys JV Basketball Coach",NA,"Coaching","District","https://www.sub1.org/en-US/employment-and-human-resources-f26202d3","Sublette County School District 1",2026-05-29
"780","Middle School Special Education Paraprofessional 26-27",NA,"Coaching","District","https://www.sub1.org/en-US/employment-and-human-resources-f26202d3","Sublette County School District 1",2026-05-29
"781","Speech Language Pathologist Assistant (SLPA) 26-27.docx",NA,"Classified","District","https://www.sub1.org/en-US/employment-and-human-resources-f26202d3","Sublette County School District 1",2026-05-29
"782","Substitute Bus Driver",NA,"Classified","District","https://www.sub1.org/en-US/employment-and-human-resources-f26202d3","Sublette County School District 1",2026-05-29
"783","Substitute School Nurse",NA,"Classified","District","https://www.sub1.org/en-US/employment-and-human-resources-f26202d3","Sublette County School District 1",2026-05-29
"784","Substitutes",NA,"Substitute","District","https://www.sub1.org/en-US/employment-and-human-resources-f26202d3","Sublette County School District 1",2026-05-29
"785","K–12 Special Education Teacher",NA,"Certified","Uinta County School District #4, WY","https://www.uinta4.com/departments/business_office/job_opportunities/current_openings","Uinta County School District 4",2026-05-29
"786","Secondary Math Teacher",NA,"Certified","Uinta County School District #4, WY","https://www.uinta4.com/departments/business_office/job_opportunities/current_openings","Uinta County School District 4",2026-05-29
"787","Middle School Language Arts Teacher",NA,"Certified","Uinta County School District #4, WY","https://www.uinta4.com/departments/business_office/job_opportunities/current_openings","Uinta County School District 4",2026-05-29
"788","School Bus Route Driver (Immediate)",NA,"Classified","Uinta County School District #4, WY","https://www.uinta4.com/departments/business_office/job_opportunities/current_openings","Uinta County School District 4",2026-05-29
"789","Kindergarten Paraeducator (2026–2027)",NA,"Classified","Uinta County School District #4, WY","https://www.uinta4.com/departments/business_office/job_opportunities/current_openings","Uinta County School District 4",2026-05-29
"790","HS Varsity Wrestling Coach",NA,"Coaching","Uinta County School District #4, WY","https://www.uinta4.com/departments/business_office/job_opportunities/current_openings","Uinta County School District 4",2026-05-29
"791","HS Assistant Football Coach",NA,"Coaching","Uinta County School District #4, WY","https://www.uinta4.com/departments/business_office/job_opportunities/current_openings","Uinta County School District 4",2026-05-29
"792","HS Assistant Boys Basketball (Freshman) Coach",NA,"Coaching","Uinta County School District #4, WY","https://www.uinta4.com/departments/business_office/job_opportunities/current_openings","Uinta County School District 4",2026-05-29
"793","Assistant Girls Basketball Coach (JV/Freshman)",NA,"Coaching","Uinta County School District #4, WY","https://www.uinta4.com/departments/business_office/job_opportunities/current_openings","Uinta County School District 4",2026-05-29
"794","Assistant Girls Wrestling Coach",NA,"Coaching","Uinta County School District #4, WY","https://www.uinta4.com/departments/business_office/job_opportunities/current_openings","Uinta County School District 4",2026-05-29
"795","Head Girls Wrestling Coach",NA,"Coaching","Uinta County School District #4, WY","https://www.uinta4.com/departments/business_office/job_opportunities/current_openings","Uinta County School District 4",2026-05-29
"796","Middle School Assistant Volleyball Coach",NA,"Coaching","Uinta County School District #4, WY","https://www.uinta4.com/departments/business_office/job_opportunities/current_openings","Uinta County School District 4",2026-05-29
"797","Special Education Teacher",NA,"Certified","Uinta County School District #6, Lyman, WY","https://sites.google.com/lymanschools.org/ucsd6/home/job-openings?authuser=0","Uinta County School District 6",2026-05-29
"798","Substitute School Bus Driver",NA,"Classified","Uinta County School District #6, Lyman, WY","https://sites.google.com/lymanschools.org/ucsd6/home/job-openings?authuser=0","Uinta County School District 6",2026-05-29
"799","Substitute School Bus Aide",NA,"Classified","Uinta County School District #6, Lyman, WY","https://sites.google.com/lymanschools.org/ucsd6/home/job-openings?authuser=0","Uinta County School District 6",2026-05-29
"800","Title I Teacher",NA,"Certified","Uinta County School District #6, Lyman, WY","https://sites.google.com/lymanschools.org/ucsd6/home/job-openings?authuser=0","Uinta County School District 6",2026-05-29
"801","Part-Time Accompanist",NA,"Classified","Uinta County School District #6, Lyman, WY","https://sites.google.com/lymanschools.org/ucsd6/home/job-openings?authuser=0","Uinta County School District 6",2026-05-29
"802","High School Boys Assistant Swim Coach",NA,"Coaching","Uinta County School District #6, Lyman, WY","https://sites.google.com/lymanschools.org/ucsd6/home/job-openings?authuser=0","Uinta County School District 6",2026-05-29
"803","K–12 Music Teacher (2026–27 School Year)",NA,"Certified","District","https://www.wsh2.k12.wy.us/apps/pages/index.jsp?uREC_ID=440610&type=d&pREC_ID=1008214","Washakie County School District 2",2026-05-29
"804","High School Girls Basketball Coach",NA,"Coaching","District","https://www.wsh2.k12.wy.us/apps/pages/index.jsp?uREC_ID=440610&type=d&pREC_ID=1008214","Washakie County School District 2",2026-05-29
"805","Speech-Language Pathologist",NA,"Certified","Weston County School District #1, Newcastle, WY","https://www.wcsd1.org/apps/pages/Career_Opportunities","Weston County School District 1",2026-05-29
"806","Business Manager",NA,"Administration","Weston County School District #1, Newcastle, WY","https://www.wcsd1.org/apps/pages/Career_Opportunities","Weston County School District 1",2026-05-29
"807","Elementary Counselor",NA,"Certified","Weston County School District #1, Newcastle, WY","https://www.wcsd1.org/apps/pages/Career_Opportunities","Weston County School District 1",2026-05-29
"808","Special Education Director",NA,"Administration","Weston County School District #1, Newcastle, WY","https://www.wcsd1.org/apps/pages/Career_Opportunities","Weston County School District 1",2026-05-29
"809","Special Education Case Manager",NA,"Certified","Weston County School District #1, Newcastle, WY","https://www.wcsd1.org/apps/pages/Career_Opportunities","Weston County School District 1",2026-05-29
"810","Agriculture & Welding Teacher (9–12)",NA,"Certified","Weston County School District #1, Newcastle, WY","https://www.wcsd1.org/apps/pages/Career_Opportunities","Weston County School District 1",2026-05-29
"811","Industrial Arts/Woodworking Teacher (9–12)",NA,"Certified","Weston County School District #1, Newcastle, WY","https://www.wcsd1.org/apps/pages/Career_Opportunities","Weston County School District 1",2026-05-29
"812","Middle School Science Teacher",NA,"Certified","Weston County School District #1, Newcastle, WY","https://www.wcsd1.org/apps/pages/Career_Opportunities","Weston County School District 1",2026-05-29
"813","FFA Advisor (9–12)",NA,"Coaching","Weston County School District #1, Newcastle, WY","https://www.wcsd1.org/apps/pages/Career_Opportunities","Weston County School District 1",2026-05-29
"814","Special Education Paraprofessional",NA,"Classified","Weston County School District #1, Newcastle, WY","https://www.wcsd1.org/apps/pages/Career_Opportunities","Weston County School District 1",2026-05-29
"815","Head Boys & Girls Swimming Coach",NA,"Coaching","Weston County School District #1, Newcastle, WY","https://www.wcsd1.org/apps/pages/Career_Opportunities","Weston County School District 1",2026-05-29
"816","Middle School Head Track Coach",NA,"Coaching","Weston County School District #1, Newcastle, WY","https://www.wcsd1.org/apps/pages/Career_Opportunities","Weston County School District 1",2026-05-29
"817","Middle School Head Boys Soccer Coach",NA,"Coaching","Weston County School District #1, Newcastle, WY","https://www.wcsd1.org/apps/pages/Career_Opportunities","Weston County School District 1",2026-05-29
"818","Middle School Head Girls Soccer Coach",NA,"Coaching","Weston County School District #1, Newcastle, WY","https://www.wcsd1.org/apps/pages/Career_Opportunities","Weston County School District 1",2026-05-29
"819","High School Assistant Cross Country Coach",NA,"Coaching","Weston County School District #1, Newcastle, WY","https://www.wcsd1.org/apps/pages/Career_Opportunities","Weston County School District 1",2026-05-29
"820","Assistant Boys Soccer Coach",NA,"Coaching","Weston County School District #1, Newcastle, WY","https://www.wcsd1.org/apps/pages/Career_Opportunities","Weston County School District 1",2026-05-29
"821","Kitchen Assistant",NA,"Classified","Weston County School District #1, Newcastle, WY","https://www.wcsd1.org/apps/pages/Career_Opportunities","Weston County School District 1",2026-05-29
"822","Route Bus Driver",NA,"Classified","Weston County School District #1, Newcastle, WY","https://www.wcsd1.org/apps/pages/Career_Opportunities","Weston County School District 1",2026-05-29
"823","Substitute Teachers",NA,"Substitute (Teacher Only)","Weston County School District #1, Newcastle, WY","https://www.wcsd1.org/apps/pages/Career_Opportunities","Weston County School District 1",2026-05-29
"824","Custodial/Kitchen Substitutes",NA,"Classified","Weston County School District #1, Newcastle, WY","https://www.wcsd1.org/apps/pages/Career_Opportunities","Weston County School District 1",2026-05-29
"825","Substitute Bus Drivers",NA,"Classified","Weston County School District #1, Newcastle, WY","https://www.wcsd1.org/apps/pages/Career_Opportunities","Weston County School District 1",2026-05-29
"826","Substitute Teacher",NA,"Substitute","District","https://www.weston7.org/o/wcsd/page/employment","Weston County School District 7",2026-05-29
"827","Substitute Paraprofessional",NA,"Classified","District","https://www.weston7.org/o/wcsd/page/employment","Weston County School District 7",2026-05-29
"828","Substitute Custodian",NA,"Classified","District","https://www.weston7.org/o/wcsd/page/employment","Weston County School District 7",2026-05-29
"829","Substitute Bus Driver (CDL preferred but willing to train)",NA,"Classified","District","https://www.weston7.org/o/wcsd/page/employment","Weston County School District 7",2026-05-29
"830","Substitute Lunchroom Cook",NA,"Classified","District","https://www.weston7.org/o/wcsd/page/employment","Weston County School District 7",2026-05-29
"831","Special Education Paraprofessional",NA,"Full Time","Classified","https://jobs.redroverk12.com/org/hotsprings1/opening/175718","Hot Springs County School District 1",2026-05-29
"832","Child Nutrition Program Supervisor",NA,"Other","Classified","https://jobs.redroverk12.com/org/hotsprings1/opening/174945","Hot Springs County School District 1",2026-05-29
"833","Pre-K Paraprofessional",NA,"Full Time","Classified","https://jobs.redroverk12.com/org/hotsprings1/opening/173820","Hot Springs County School District 1",2026-05-29
"834","Assistant High School Volleyball Coach",NA,"Seasonal","Certified","https://jobs.redroverk12.com/org/hotsprings1/opening/172376","Hot Springs County School District 1",2026-05-29
"835","Assistant High School Speech & Debate Sponsor",NA,"Other","Classified","https://jobs.redroverk12.com/org/hotsprings1/opening/167695","Hot Springs County School District 1",2026-05-29
"836","Assistant High School Girls Basketball Coach",NA,"Seasonal","Certified","https://jobs.redroverk12.com/org/hotsprings1/opening/167509","Hot Springs County School District 1",2026-05-29
"837","Part-time Custodian",NA,"Part Time","Classified","https://jobs.redroverk12.com/org/hotsprings1/opening/128761","Hot Springs County School District 1",2026-05-29
"838","Transportation Assistant",NA,"Part Time","Classified","https://jobs.redroverk12.com/org/hotsprings1/opening/162215","Hot Springs County School District 1",2026-05-29
"839","Bus Driver",NA,"Part Time","Classified","https://jobs.redroverk12.com/org/hotsprings1/opening/162208","Hot Springs County School District 1",2026-05-29
"840","Crossing Guard",NA,"Part Time","Classified","https://jobs.redroverk12.com/org/hotsprings1/opening/162209","Hot Springs County School District 1",2026-05-29
"841","Assistant Middle School Volleyball Coach",NA,"Seasonal","Certified","https://jobs.redroverk12.com/org/hotsprings1/opening/161863","Hot Springs County School District 1",2026-05-29
"842","Daycare Director",NA,"Full Time","Non-Certified","https://jobs.redroverk12.com/org/hotsprings1/opening/158975","Hot Springs County School District 1",2026-05-29
"843","Substitute Paraprofessional",NA,"Substitute","Substitute","https://jobs.redroverk12.com/org/hotsprings1/opening/128737","Hot Springs County School District 1",2026-05-29
"844","Child Nutrition Cook",NA,"Part Time","Classified","https://jobs.redroverk12.com/org/hotsprings1/opening/151103","Hot Springs County School District 1",2026-05-29
"845","Daycare Support Staff",NA,"Full Time","Classified","https://jobs.redroverk12.com/org/hotsprings1/opening/148304","Hot Springs County School District 1",2026-05-29
"846","Substitute Teacher",NA,"Substitute","Substitute","https://jobs.redroverk12.com/org/hotsprings1/opening/128617","Hot Springs County School District 1",2026-05-29
"847","Registrar/Student Support Instructional Aide",NA,"Full Time","Administrative Assistant","https://jobs.redroverk12.com/org/jcsd1/opening/173352","Johnson County School District 1",2026-05-29
"848","High School Science Teacher",NA,"Full Time","Teacher","https://jobs.redroverk12.com/org/jcsd1/opening/174089","Johnson County School District 1",2026-05-29
"849","Assistant Volleyball Coach",NA,"Seasonal","Assistant Coach","https://jobs.redroverk12.com/org/jcsd1/opening/172104","Johnson County School District 1",2026-05-29
"850","Assistant Marching Band Sponsor",NA,"Seasonal","Assistant Coach","https://jobs.redroverk12.com/org/jcsd1/opening/166153","Johnson County School District 1",2026-05-29
"851","Assistant Middle School Volleyball Coach",NA,"Other","Assistant Coach","https://jobs.redroverk12.com/org/jcsd1/opening/164718","Johnson County School District 1",2026-05-29
"852","Assistant Middle School Boys Basketball Coach",NA,"Other","Assistant Coach","https://jobs.redroverk12.com/org/jcsd1/opening/164727","Johnson County School District 1",2026-05-29
"853","Assistant Football Coach",NA,"Seasonal","Assistant Coach","https://jobs.redroverk12.com/org/jcsd1/opening/165693","Johnson County School District 1",2026-05-29
"854","Food Service Warehouse Transport",NA,"Full Time","Food Warehouse Transport","https://jobs.redroverk12.com/org/jcsd1/opening/155290","Johnson County School District 1",2026-05-29
"855","Sign Language Interpreter",NA,"Full Time","Sign Language Interpreter","https://jobs.redroverk12.com/org/jcsd1/opening/150867","Johnson County School District 1",2026-05-29
"856","Food Prep Tech",NA,"Part Time","Food Service Tech Prep","https://jobs.redroverk12.com/org/jcsd1/opening/145949","Johnson County School District 1",2026-05-29
"857","Paraprofessional Substitute",NA,"Substitute","Substitute Paraprofessional","https://jobs.redroverk12.com/org/jcsd1/opening/142219","Johnson County School District 1",2026-05-29
"858","Custodian Staff Substitute",NA,"Substitute","Custodian","https://jobs.redroverk12.com/org/jcsd1/opening/137493","Johnson County School District 1",2026-05-29
"859","Food Service Staff Substitute",NA,"Substitute","Food Service Tech Prep","https://jobs.redroverk12.com/org/jcsd1/opening/134419","Johnson County School District 1",2026-05-29
"860","Substitute Teacher",NA,"Substitute","Substitute Teacher","https://jobs.redroverk12.com/org/jcsd1/opening/132190","Johnson County School District 1",2026-05-29
"861","Substitute Buffalo Bus Route Driver",NA,"Substitute","Bus Driver","https://jobs.redroverk12.com/org/jcsd1/opening/131082","Johnson County School District 1",2026-05-29
"862","Substitute Kaycee Bus Route Driver",NA,"Substitute","Bus Driver","https://jobs.redroverk12.com/org/jcsd1/opening/131059","Johnson County School District 1",2026-05-29
"863","Assistant Track Coach",NA,"Seasonal","Coach/Sponsor","https://jobs.redroverk12.com/org/PCSD2/opening/170973","Platte County School District 2",2026-05-29
"864","Lego League Co-Sponsor",NA,"Seasonal","Coach/Sponsor","https://jobs.redroverk12.com/org/PCSD2/opening/169186","Platte County School District 2",2026-05-29
"865","Close Up Co-Sponsor",NA,"Seasonal","Coach/Sponsor","https://jobs.redroverk12.com/org/PCSD2/opening/169154","Platte County School District 2",2026-05-29
"866","Assistant HS Volleyball Coach",NA,"Seasonal","Coach/Sponsor","https://jobs.redroverk12.com/org/PCSD2/opening/169182","Platte County School District 2",2026-05-29
"867","Prom Sponsor",NA,"Seasonal","Coach/Sponsor","https://jobs.redroverk12.com/org/PCSD2/opening/169181","Platte County School District 2",2026-05-29
"868","Jr High Boys Basketball Coach",NA,"Seasonal","Coach/Sponsor","https://jobs.redroverk12.com/org/PCSD2/opening/169168","Platte County School District 2",2026-05-29
"869","Jr High Girls Basketball Coach",NA,"Seasonal","Coach/Sponsor","https://jobs.redroverk12.com/org/PCSD2/opening/169171","Platte County School District 2",2026-05-29
"870","Librarian",NA,"Full Time","Paraeducator","https://jobs.redroverk12.com/org/PCSD2/opening/169146","Platte County School District 2",2026-05-29
"871","3rd Grade Elementary Teacher",NA,"Full Time","Teacher","https://jobs.redroverk12.com/org/PCSD2/opening/169140","Platte County School District 2",2026-05-29
"872","Jr High Girls Volleyball Coach",NA,"Seasonal","Coach/Sponsor","https://jobs.redroverk12.com/org/PCSD2/opening/143316","Platte County School District 2",2026-05-29
"873","Middle School Special Education Paraprofessional",NA,"Full Time","Paraprofessional","https://jobs.redroverk12.com/org/SCSD9/opening/171712","Sublette County School District 9",2026-05-29
"874","Elementary Special Education Paraprofessional",NA,"Full Time","Paraprofessional","https://jobs.redroverk12.com/org/SCSD9/opening/171721","Sublette County School District 9",2026-05-29
"875","6-8 Title I Interventionist",NA,"Full Time","Teacher","https://jobs.redroverk12.com/org/SCSD9/opening/170555","Sublette County School District 9",2026-05-29
"876","6-12 Computer Science Teacher",NA,"Full Time","Teacher","https://jobs.redroverk12.com/org/SCSD9/opening/171871","Sublette County School District 9",2026-05-29
"877","Head Middle School Boys Wrestling Coach",NA,"Seasonal","Coach","https://jobs.redroverk12.com/org/SCSD9/opening/164892","Sublette County School District 9",2026-05-29
"878","Head HS Girls Basketball Coach",NA,"Seasonal","Coach","https://jobs.redroverk12.com/org/SCSD9/opening/159007","Sublette County School District 9",2026-05-29
"879","Head HS Boys Basketball Coach",NA,"Seasonal","Coach","https://jobs.redroverk12.com/org/SCSD9/opening/159008","Sublette County School District 9",2026-05-29
"880","Certified Substitute Teacher",NA,"Substitute","Teacher","https://jobs.redroverk12.com/org/SCSD9/opening/151690","Sublette County School District 9",2026-05-29
"881","Substitute Bus Driver",NA,"Substitute","Bus Driver","https://jobs.redroverk12.com/org/SCSD9/opening/151630","Sublette County School District 9",2026-05-29
