"X","title","date_posted","position","location","url","District","Archive_Date"
1,"Assistant Middle School Track Coach-Rocky","2026-05-13","Athletics/ Activities/","Rocky Mountain Middle/High School","https://www.applitrack.com/bighorn1/onlineapp/JobPostings/view.asp?all=1","Big Horn School District 1","2026-08-04"
2,"Assistant Volleyball Coach- Burlington","2026-05-14","Athletics/ Activities/","Burlington Schools","https://www.applitrack.com/bighorn1/onlineapp/JobPostings/view.asp?all=1","Big Horn School District 1","2026-08-04"
3,"Middle School Assistant Football Coach-Burlington","2026-06-03","Athletics/ Activities/","Burlington Schools","https://www.applitrack.com/bighorn1/onlineapp/JobPostings/view.asp?all=1","Big Horn School District 1","2026-08-04"
4,"Assistant Middle School Track Coach-Burlington","2026-06-03","Athletics/ Activities/","Burlington Schools","https://www.applitrack.com/bighorn1/onlineapp/JobPostings/view.asp?all=1","Big Horn School District 1","2026-08-04"
5,"High School Head Track Coach-Rocky","2026-06-08","Athletics/ Activities/","Rocky Mountain Middle/High School","https://www.applitrack.com/bighorn1/onlineapp/JobPostings/view.asp?all=1","Big Horn School District 1","2026-08-04"
6,"Assistant HS Track Coach-Burlington","2026-07-01","Athletics/ Activities/","Burlington Schools","https://www.applitrack.com/bighorn1/onlineapp/JobPostings/view.asp?all=1","Big Horn School District 1","2026-08-04"
7,"MS/HS Success Coordinator Paraprofessional-Burlington","2026-07-08","Paraprofessional/","Burlington Schools","https://www.applitrack.com/bighorn1/onlineapp/JobPostings/view.asp?all=1","Big Horn School District 1","2026-08-04"
8,"Sub Nurse","2020-09-23","Student Support Services/","Big Horn Co School District 1","https://www.applitrack.com/bighorn1/onlineapp/JobPostings/view.asp?all=1","Big Horn School District 1","2026-08-04"
9,"Sub - Teacher","2020-09-23","Substitute/","Big Horn Co School District 1","https://www.applitrack.com/bighorn1/onlineapp/JobPostings/view.asp?all=1","Big Horn School District 1","2026-08-04"
10,"Sub- Custodial/Cook/Secretary","2020-09-23","Support Staff/","Big Horn Co School District 1","https://www.applitrack.com/bighorn1/onlineapp/JobPostings/view.asp?all=1","Big Horn School District 1","2026-08-04"
11,"Sub - Paraprofessional","2020-09-23","Support Staff/","Big Horn Co School District 1","https://www.applitrack.com/bighorn1/onlineapp/JobPostings/view.asp?all=1","Big Horn School District 1","2026-08-04"
12,"Sub- Route Bus Driver - Burlington","2020-09-23","Support Staff/","Transportation","https://www.applitrack.com/bighorn1/onlineapp/JobPostings/view.asp?all=1","Big Horn School District 1","2026-08-04"
13,"Sub- Route Bus Driver - Cowley","2020-09-23","Support Staff/","Transportation","https://www.applitrack.com/bighorn1/onlineapp/JobPostings/view.asp?all=1","Big Horn School District 1","2026-08-04"
14,"Full-Time Custodian","2026-08-04","Maintenance/Custodial/","Big Horn County School District #2","https://www.applitrack.com/bgh2/onlineapp/default.aspx?all=1","Big Horn School District 2","2026-08-04"
15,"Substitute Teacher","2022-03-30","Substitute/","Big Horn County School District #2","https://www.applitrack.com/bgh2/onlineapp/default.aspx?all=1","Big Horn School District 2","2026-08-04"
16,"Special Education Paraprofessional","2026-07-16","Support Staff/","Big Horn County School District #2","https://www.applitrack.com/bgh2/onlineapp/default.aspx?all=1","Big Horn School District 2","2026-08-04"
17,"Substitute Route and Activity Bus Drivers",NA,"Transportation",NA,"https://www.applitrack.com/bgh2/onlineapp/default.aspx?all=1","Big Horn School District 2","2026-08-04"
18,"Route Bus Driver","2025-05-27","Transportation/","Big Horn County School District #2","https://www.applitrack.com/bgh2/onlineapp/default.aspx?all=1","Big Horn School District 2","2026-08-04"
19,"Life Skills Paraprofessional - Middle/High School","2026-08-02","Support Staff/","Greybull High School
(High-Needs School)","https://www.applitrack.com/bighorn/onlineapp/default.aspx?all=1","Big Horn School District 3","2026-08-04"
20,"Paraprofessional- Elementary School","2026-08-04","Support Staff/","Greybull Elementary School
(High-Needs School)","https://www.applitrack.com/bighorn/onlineapp/default.aspx?all=1","Big Horn School District 3","2026-08-04"
21,"Substitute Teacher","2017-07-05","Substitute/","District Wide","https://www.applitrack.com/bighorn/onlineapp/default.aspx?all=1","Big Horn School District 3","2026-08-04"
22,"Substitute Bus Driver / Activity Driver","2024-12-17","Transportation/","Transportation","https://www.applitrack.com/bighorn/onlineapp/default.aspx?all=1","Big Horn School District 3","2026-08-04"
23,"High School Assistant Volleyball Coach",NA,"Athletics/Activities","08/17/2026","https://www.applitrack.com/bgh4/onlineapp/default.aspx?all=1","Big Horn School District 4","2026-08-04"
24,"21 CCLC After School Program Activity Leaders",NA,"Student Support Services","as soon as possible","https://www.applitrack.com/bgh4/onlineapp/default.aspx?all=1","Big Horn School District 4","2026-08-04"
25,"Bus Driver",NA,"Support Staff","1/07/2022","https://www.applitrack.com/bgh4/onlineapp/default.aspx?all=1","Big Horn School District 4","2026-08-04"
26,"Substitute",NA,"Support Staff","as soon as possible","https://www.applitrack.com/bgh4/onlineapp/default.aspx?all=1","Big Horn School District 4","2026-08-04"
27,"Lifeguard","2026-06-11","Aquatics/","Rawlins Aquatics Center","https://www.applitrack.com/crb1/onlineapp/jobpostings/view.asp?all=1","Carbon County School District 1","2026-08-04"
28,"2nd Asst. Track Coach","2026-06-01","Athletics/Activities/","Rawlins Middle School","https://www.applitrack.com/crb1/onlineapp/jobpostings/view.asp?all=1","Carbon County School District 1","2026-08-04"
29,"2nd Asst Throwing Track Coach","2026-06-10","Athletics/Activities/","Rawlins Middle School","https://www.applitrack.com/crb1/onlineapp/jobpostings/view.asp?all=1","Carbon County School District 1","2026-08-04"
30,"Head Boys Soccer Coach","2026-07-06","Athletics/Activities/","Rawlins High School","https://www.applitrack.com/crb1/onlineapp/jobpostings/view.asp?all=1","Carbon County School District 1","2026-08-04"
31,"2nd Asst. Boys Wrestling Coach","2026-07-09","Athletics/Activities/","Rawlins Middle School","https://www.applitrack.com/crb1/onlineapp/jobpostings/view.asp?all=1","Carbon County School District 1","2026-08-04"
32,"Music Teacher",NA,"Elementary School Teaching",NA,"https://www.applitrack.com/crb1/onlineapp/jobpostings/view.asp?all=1","Carbon County School District 1","2026-08-04"
33,"Daycare Para Professional","2026-07-21","Elementary School Teaching/","District","https://www.applitrack.com/crb1/onlineapp/jobpostings/view.asp?all=1","Carbon County School District 1","2026-08-04"
34,"Substitute Food Service","2026-06-11","Food Service/","District","https://www.applitrack.com/crb1/onlineapp/jobpostings/view.asp?all=1","Carbon County School District 1","2026-08-04"
35,"Custodian",NA,"Maintenance/Custodial",NA,"https://www.applitrack.com/crb1/onlineapp/jobpostings/view.asp?all=1","Carbon County School District 1","2026-08-04"
36,"Substitute Custodian","2026-06-11","Maintenance/Custodial/","Little Snake River Valley School","https://www.applitrack.com/crb1/onlineapp/jobpostings/view.asp?all=1","Carbon County School District 1","2026-08-04"
37,"Substitute Custodian","2026-06-11","Maintenance/Custodial/","District","https://www.applitrack.com/crb1/onlineapp/jobpostings/view.asp?all=1","Carbon County School District 1","2026-08-04"
38,"Special Education Para Professional","2026-07-23","Special Education/","Rawlins Middle School","https://www.applitrack.com/crb1/onlineapp/jobpostings/view.asp?all=1","Carbon County School District 1","2026-08-04"
39,"Special Education Para Professional","2026-08-03","Special Education/","Rawlins Elementary School","https://www.applitrack.com/crb1/onlineapp/jobpostings/view.asp?all=1","Carbon County School District 1","2026-08-04"
40,"Substitute Teacher/ Para Professional","2026-06-11","Substitute/","District","https://www.applitrack.com/crb1/onlineapp/jobpostings/view.asp?all=1","Carbon County School District 1","2026-08-04"
41,"Building Para Professinal","2026-07-27","Support Staff/","Rawlins Elementary School","https://www.applitrack.com/crb1/onlineapp/jobpostings/view.asp?all=1","Carbon County School District 1","2026-08-04"
42,"Building (Office) Para Professional","2026-07-21","Support Staff/","Rawlins High School","https://www.applitrack.com/crb1/onlineapp/jobpostings/view.asp?all=1","Carbon County School District 1","2026-08-04"
43,"Substitute Bus Driver",NA,"Transportation","8/18/26","https://www.applitrack.com/crb1/onlineapp/jobpostings/view.asp?all=1","Carbon County School District 1","2026-08-04"
44,"Bus Driver","2023-09-22","Transportation/","District","https://www.applitrack.com/crb1/onlineapp/jobpostings/view.asp?all=1","Carbon County School District 1","2026-08-04"
45,"High School Assistant Boys Basketball Coach","2025-03-12","Athletics/Activities/","H-E-M Junior/Senior High School","https://www.applitrack.com/crb2/onlineapp/default.aspx?all=1","Carbon County School District 2","2026-08-04"
46,"First Assistant (Head) Middle School Boys Basketball Coach","2026-02-25","Athletics/Activities/","Encampment K-12","https://www.applitrack.com/crb2/onlineapp/default.aspx?all=1","Carbon County School District 2","2026-08-04"
47,"Other Assistant Middle School Boys Basketball Coach","2026-02-25","Athletics/Activities/","Encampment K-12","https://www.applitrack.com/crb2/onlineapp/default.aspx?all=1","Carbon County School District 2","2026-08-04"
48,"Assistant High School Volleyball Coach","2026-03-03","Athletics/Activities/","H-E-M Junior/Senior High School","https://www.applitrack.com/crb2/onlineapp/default.aspx?all=1","Carbon County School District 2","2026-08-04"
49,"Other Assistant Middle School Volleyball Coach","2026-03-06","Athletics/Activities/","H-E-M Junior/Senior High School","https://www.applitrack.com/crb2/onlineapp/default.aspx?all=1","Carbon County School District 2","2026-08-04"
50,"Other Assistant Middle School Football Coach","2026-03-10","Athletics/Activities/","Saratoga Middle High School","https://www.applitrack.com/crb2/onlineapp/default.aspx?all=1","Carbon County School District 2","2026-08-04"
51,"2nd Assistant High School Football Coach","2026-05-29","Athletics/Activities/","Saratoga Middle High School","https://www.applitrack.com/crb2/onlineapp/default.aspx?all=1","Carbon County School District 2","2026-08-04"
52,"First Assistant Middle School Football Coach","2026-06-04","Athletics/Activities/","Saratoga Middle High School","https://www.applitrack.com/crb2/onlineapp/default.aspx?all=1","Carbon County School District 2","2026-08-04"
53,"Other Assistant Middle School Boys Wrestling Coach","2026-06-04","Athletics/Activities/","Saratoga Middle High School","https://www.applitrack.com/crb2/onlineapp/default.aspx?all=1","Carbon County School District 2","2026-08-04"
54,"Assistant High School Wrestling Coach","2026-06-04","Athletics/Activities/","Saratoga Middle High School","https://www.applitrack.com/crb2/onlineapp/default.aspx?all=1","Carbon County School District 2","2026-08-04"
55,"Other Assistant Middle School Football Coach","2026-07-06","Athletics/Activities/","Encampment K-12","https://www.applitrack.com/crb2/onlineapp/default.aspx?all=1","Carbon County School District 2","2026-08-04"
56,"Other Assistant Middle School Girls Basketball Coach","2026-07-06","Athletics/Activities/","Saratoga Middle High School","https://www.applitrack.com/crb2/onlineapp/default.aspx?all=1","Carbon County School District 2","2026-08-04"
57,"District Mechanic","2026-04-23","Other/","CCSD#2","https://www.applitrack.com/crb2/onlineapp/default.aspx?all=1","Carbon County School District 2","2026-08-04"
58,"Elementary School Counselor","2026-01-28","Student Support Services/","Hanna Elementary School","https://www.applitrack.com/crb2/onlineapp/default.aspx?all=1","Carbon County School District 2","2026-08-04"
59,"Occupational Therapist(s)","2023-12-22","Student Support Services/","CCSD#2","https://www.applitrack.com/crb2/onlineapp/default.aspx?all=1","Carbon County School District 2","2026-08-04"
60,"School Psychologist","2026-05-22","Student Support Services/","CCSD#2","https://www.applitrack.com/crb2/onlineapp/default.aspx?all=1","Carbon County School District 2","2026-08-04"
61,"Substitute Bus Driver 2026/2027 School Year","2026-06-30","Substitute/","CCSD#2","https://www.applitrack.com/crb2/onlineapp/default.aspx?all=1","Carbon County School District 2","2026-08-04"
62,"Substitute Classroom/Special Education Aide 2026/2027 School Year","2026-06-30","Substitute/","CCSD#2","https://www.applitrack.com/crb2/onlineapp/default.aspx?all=1","Carbon County School District 2","2026-08-04"
63,"Substitute Cook Helpers 2026/2027 School Year","2026-06-30","Substitute/","CCSD#2","https://www.applitrack.com/crb2/onlineapp/default.aspx?all=1","Carbon County School District 2","2026-08-04"
64,"Substitute Custodian 2026/2027 School Year","2026-06-30","Substitute/","CCSD#2","https://www.applitrack.com/crb2/onlineapp/default.aspx?all=1","Carbon County School District 2","2026-08-04"
65,"Substitute Teacher 2026/2027 School Year","2026-06-30","Substitute/","CCSD#2","https://www.applitrack.com/crb2/onlineapp/default.aspx?all=1","Carbon County School District 2","2026-08-04"
66,"Route Bus Driver","2025-12-02","Support Staff/","Encampment K-12","https://www.applitrack.com/crb2/onlineapp/default.aspx?all=1","Carbon County School District 2","2026-08-04"
67,"JH Assistant Girls Basketball Coach","2026-04-02","Athletics/Activities/","Glenrock Jr/Sr High School","https://www.applitrack.com/converse2/onlineapp/default.aspx?all=1","Converse County School Distrcit 2","2026-08-04"
68,"High School Assistant Football Coach","2026-04-13","Athletics/Activities/","Glenrock Jr/Sr High School","https://www.applitrack.com/converse2/onlineapp/default.aspx?all=1","Converse County School Distrcit 2","2026-08-04"
69,"Food Service Worker - Cook (Part -Time)","2026-07-14","Food Service/","Converse County School District #2","https://www.applitrack.com/converse2/onlineapp/default.aspx?all=1","Converse County School Distrcit 2","2026-08-04"
70,"Food Service Van Driver - (Part -Time)","2026-07-14","Food Service/","Converse County School District #2","https://www.applitrack.com/converse2/onlineapp/default.aspx?all=1","Converse County School Distrcit 2","2026-08-04"
71,"Occupational Therapist","2026-04-22","Student Support Services Certified/","Converse County School District #2","https://www.applitrack.com/converse2/onlineapp/default.aspx?all=1","Converse County School Distrcit 2","2026-08-04"
72,"Daycare Assistant","2026-07-14","Student Support Services Classified/","Grant Elementary School","https://www.applitrack.com/converse2/onlineapp/default.aspx?all=1","Converse County School Distrcit 2","2026-08-04"
73,"Special Education Paraprofessional","2026-04-30","Student Support Services Classified/","Converse County School District #2","https://www.applitrack.com/converse2/onlineapp/default.aspx?all=1","Converse County School Distrcit 2","2026-08-04"
74,"Substitute Teacher/Aid/Cook/Custodian/Bus Driver/Summer Help","2019-03-26","Substitute/","Converse County School District #2","https://www.applitrack.com/converse2/onlineapp/default.aspx?all=1","Converse County School Distrcit 2","2026-08-04"
75,"DMS Custodian","2026-05-26","Maintenance/Custodial/","Maintenance","https://www.applitrack.com/ccsd1/onlineapp/default.aspx?all=1","Converse County School District 1","2026-08-04"
76,"DRC Lifeguard","2026-06-01","Student/","Douglas Recreation Center","https://www.applitrack.com/ccsd1/onlineapp/default.aspx?all=1","Converse County School District 1","2026-08-04"
77,"Occupational Therapist",NA,"Student Support Services","Immediately","https://www.applitrack.com/ccsd1/onlineapp/default.aspx?all=1","Converse County School District 1","2026-08-04"
78,"Elementary SPED Teacher",NA,"Student Support Services","08/03/2026","https://www.applitrack.com/ccsd1/onlineapp/default.aspx?all=1","Converse County School District 1","2026-08-04"
79,"Secondary SPED Teacher",NA,"Student Support Services","08/03/2026","https://www.applitrack.com/ccsd1/onlineapp/default.aspx?all=1","Converse County School District 1","2026-08-04"
80,"Certified Occupational Therapy Assistant (COTA)",NA,"Student Support Services","08/03/2026","https://www.applitrack.com/ccsd1/onlineapp/default.aspx?all=1","Converse County School District 1","2026-08-04"
81,"CCSD#1 Paraprofessionals","2026-07-09","Support Staff/","Converse County School District #1","https://www.applitrack.com/ccsd1/onlineapp/default.aspx?all=1","Converse County School District 1","2026-08-04"
82,"Crossing Guard","2026-06-23","Transportation/","Transportation","https://www.applitrack.com/ccsd1/onlineapp/default.aspx?all=1","Converse County School District 1","2026-08-04"
83,"Substitute Crossing Guard","2026-06-23","Transportation/","Transportation","https://www.applitrack.com/ccsd1/onlineapp/default.aspx?all=1","Converse County School District 1","2026-08-04"
84,"Head 7th Volleyball Coach","2025-12-16","Athletics/Activities/","Lander Middle School","https://www.applitrack.com/fremontwy/onlineapp/jobpostings/view.asp?all=1","Fremont County School District 1","2026-08-04"
85,"Math Teacher","2026-07-21","Certified Teaching/","Pathfinder High School","https://www.applitrack.com/fremontwy/onlineapp/jobpostings/view.asp?all=1","Fremont County School District 1","2026-08-04"
86,"Special Education Life Skills Paraprofessional (Multiple Positions Available)","2026-07-29","Paraprofessional/","Baldwin Creek Elementary","https://www.applitrack.com/fremontwy/onlineapp/jobpostings/view.asp?all=1","Fremont County School District 1","2026-08-04"
87,"SPED Behavior Paraprofessional (Multiple Positions)","2026-07-07","Paraprofessional/","Lander Middle School","https://www.applitrack.com/fremontwy/onlineapp/jobpostings/view.asp?all=1","Fremont County School District 1","2026-08-04"
88,"Substitute Custodian","2026-08-04","Substitute/","District-wide","https://www.applitrack.com/fremontwy/onlineapp/jobpostings/view.asp?all=1","Fremont County School District 1","2026-08-04"
89,"Substitute - Classroom (At-will)","2026-07-06","Substitute/","District-wide","https://www.applitrack.com/fremontwy/onlineapp/jobpostings/view.asp?all=1","Fremont County School District 1","2026-08-04"
90,"Substitute Bus/Activity Driver (at-will)","2025-06-11","Substitute/","Central Services","https://www.applitrack.com/fremontwy/onlineapp/jobpostings/view.asp?all=1","Fremont County School District 1","2026-08-04"
91,"Substitute Bus/ Activity Driver (At-Will)","2026-07-06","Substitute/","Central Services","https://www.applitrack.com/fremontwy/onlineapp/jobpostings/view.asp?all=1","Fremont County School District 1","2026-08-04"
92,"Non-CDL Route Driver","2026-07-06","Transportation / Warehouse/","District-wide","https://www.applitrack.com/fremontwy/onlineapp/jobpostings/view.asp?all=1","Fremont County School District 1","2026-08-04"
93,"Bus Monitor","2026-07-31","Transportation / Warehouse/","Central Services","https://www.applitrack.com/fremontwy/onlineapp/jobpostings/view.asp?all=1","Fremont County School District 1","2026-08-04"
94,"Special Education Director - Open Until Filled","2026-05-29","Administration/","Fremont County School District 21","https://www.applitrack.com/fortwashakieschool/onlineapp/default.aspx?all=1","Fremont County School District 21","2026-08-04"
95,"Northern Arapaho Language Teachers - Open Until Filled","2026-05-08","Elementary School Teaching/","Fremont County School District 21","https://www.applitrack.com/fortwashakieschool/onlineapp/default.aspx?all=1","Fremont County School District 21","2026-08-04"
96,"Substitute Cooks","2025-10-06","Student Support Services/","Fort Washakie Elementary","https://www.applitrack.com/fortwashakieschool/onlineapp/default.aspx?all=1","Fremont County School District 21","2026-08-04"
97,"Special Education Teachers - Open Until Filled.","2026-03-24","Student Support Services/","Fort Washakie Elementary","https://www.applitrack.com/fortwashakieschool/onlineapp/default.aspx?all=1","Fremont County School District 21","2026-08-04"
98,"Substitute Teacher","2023-09-12","Substitute/","Fort Washakie Elementary","https://www.applitrack.com/fortwashakieschool/onlineapp/default.aspx?all=1","Fremont County School District 21","2026-08-04"
99,"Paraprofessional (Special Education)","2026-03-24","Support Staff/","Fremont County School District 21","https://www.applitrack.com/fortwashakieschool/onlineapp/default.aspx?all=1","Fremont County School District 21","2026-08-04"
102,"High School Assistant Volleyball Coach",NA,"Athletics/Activities","07/01/2025","https://www.applitrack.com/fre6/onlineapp/default.aspx?all=1","Fremont County School District 6","2026-08-04"
103,"HS Boys Basketball Coach HEAD",NA,"Athletics/Activities","11/20/2026","https://www.applitrack.com/fre6/onlineapp/default.aspx?all=1","Fremont County School District 6","2026-08-04"
104,"Assistant HS Girls Basketball Coach",NA,"Athletics/Activities",NA,"https://www.applitrack.com/fre6/onlineapp/default.aspx?all=1","Fremont County School District 6","2026-08-04"
105,"Assistant High School Boys Basketball Coach",NA,"Athletics/Activities",NA,"https://www.applitrack.com/fre6/onlineapp/default.aspx?all=1","Fremont County School District 6","2026-08-04"
106,"Assistant HS Football Coach",NA,"Athletics/Activities",NA,"https://www.applitrack.com/fre6/onlineapp/default.aspx?all=1","Fremont County School District 6","2026-08-04"
107,"Head HS Girls Basketball Coach",NA,"Athletics/Activities",NA,"https://www.applitrack.com/fre6/onlineapp/default.aspx?all=1","Fremont County School District 6","2026-08-04"
108,"Head HS Wrestling Coach",NA,"Athletics/Activities",NA,"https://www.applitrack.com/fre6/onlineapp/default.aspx?all=1","Fremont County School District 6","2026-08-04"
109,"Youth Volleyball Coach",NA,"Athletics/Activities",NA,"https://www.applitrack.com/fre6/onlineapp/default.aspx?all=1","Fremont County School District 6","2026-08-04"
110,"Grounds Keeper/Custodian","2026-04-23","Maintenance/Custodial/","Wind River Schools","https://www.applitrack.com/fre6/onlineapp/default.aspx?all=1","Fremont County School District 6","2026-08-04"
111,"Custodian","2026-05-12","Maintenance/Custodial/","Wind River Schools","https://www.applitrack.com/fre6/onlineapp/default.aspx?all=1","Fremont County School District 6","2026-08-04"
112,"Title 1 Paraprofessional","2026-06-23","Paraprofessional/","Wind River Elementary","https://www.applitrack.com/fre6/onlineapp/default.aspx?all=1","Fremont County School District 6","2026-08-04"
113,"Substitute Teacher","2024-08-20","Substitute/","Wind River Schools","https://www.applitrack.com/fre6/onlineapp/default.aspx?all=1","Fremont County School District 6","2026-08-04"
114,"Substitute Para/Custodian/Food Service","2024-11-14","Substitute/","Wind River Schools","https://www.applitrack.com/fre6/onlineapp/default.aspx?all=1","Fremont County School District 6","2026-08-04"
115,"Bus Driver",NA,"Support Staff",NA,"https://www.applitrack.com/fre6/onlineapp/default.aspx?all=1","Fremont County School District 6","2026-08-04"
116,"Assistant High School Girls Basketball Coach","2026-05-15","Athletics/Activities/","Wyoming Indian High School","https://www.applitrack.com/fremont14/onlineapp/default.aspx?all=1","Fremont County School District 14","2026-08-04"
117,"High School Assistant Volleyball Coach","2026-05-15","Athletics/Activities/","Wyoming Indian High School","https://www.applitrack.com/fremont14/onlineapp/default.aspx?all=1","Fremont County School District 14","2026-08-04"
118,"High School Head Robotics Coach","2026-06-16","Athletics/Activities/","Wyoming Indian High School","https://www.applitrack.com/fremont14/onlineapp/default.aspx?all=1","Fremont County School District 14","2026-08-04"
119,"High School Assistant Robotics Coach","2026-06-16","Athletics/Activities/","Wyoming Indian High School","https://www.applitrack.com/fremont14/onlineapp/default.aspx?all=1","Fremont County School District 14","2026-08-04"
120,"Substitute School Nurse","2020-07-23","Student Health Services/","District Wide","https://www.applitrack.com/fremont14/onlineapp/default.aspx?all=1","Fremont County School District 14","2026-08-04"
121,"Substitute Teacher - Classroom","2018-10-09","Substitute Certified/","District Wide","https://www.applitrack.com/fremont14/onlineapp/default.aspx?all=1","Fremont County School District 14","2026-08-04"
122,"Substitute School Secretary",NA,"Substitute Non Certified",NA,"https://www.applitrack.com/fremont14/onlineapp/default.aspx?all=1","Fremont County School District 14","2026-08-04"
123,"Substitute Cook","2018-10-10","Substitute Non Certified/","District Wide","https://www.applitrack.com/fremont14/onlineapp/default.aspx?all=1","Fremont County School District 14","2026-08-04"
124,"Substitute Custodian","2019-09-09","Substitute Non Certified/","District Wide","https://www.applitrack.com/fremont14/onlineapp/default.aspx?all=1","Fremont County School District 14","2026-08-04"
125,"Bus Driver","2023-09-18","Transportation/","District Wide","https://www.applitrack.com/fremont14/onlineapp/default.aspx?all=1","Fremont County School District 14","2026-08-04"
126,"Substitute Bus Driver","2021-07-09","Transportation/","District Wide","https://www.applitrack.com/fremont14/onlineapp/default.aspx?all=1","Fremont County School District 14","2026-08-04"
128,"Freshman Football Coach","2026-06-01","Athletics/Activities/","Powell High School","https://www.applitrack.com/park1/onlineapp/default.aspx?all=1","Park County School District 1","2026-08-04"
129,"Paraeducator/Associate Custodian",NA,"Dual Position Support","08/20/2026","https://www.applitrack.com/park1/onlineapp/default.aspx?all=1","Park County School District 1","2026-08-04"
130,"Associate Custodian - Night Shift","2026-06-18","Maintenance/Custodial/","Powell Middle School","https://www.applitrack.com/park1/onlineapp/default.aspx?all=1","Park County School District 1","2026-08-04"
131,"Bus Paraeducator",NA,"Para-Educator","08/20/2026","https://www.applitrack.com/park1/onlineapp/default.aspx?all=1","Park County School District 1","2026-08-04"
132,"Job Coach Paraeducator","2026-06-25","Para-Educator/","Powell High School","https://www.applitrack.com/park1/onlineapp/default.aspx?all=1","Park County School District 1","2026-08-04"
133,"IMC Clerk","2026-07-20","Para-Educator/","Powell High School","https://www.applitrack.com/park1/onlineapp/default.aspx?all=1","Park County School District 1","2026-08-04"
134,"Elementary Paraeducators","2026-06-17","Para-Educator/","Parkside Elementary School","https://www.applitrack.com/park1/onlineapp/default.aspx?all=1","Park County School District 1","2026-08-04"
135,"Elementary Paraeducators","2026-06-17","Para-Educator/","Southside Elementary School","https://www.applitrack.com/park1/onlineapp/default.aspx?all=1","Park County School District 1","2026-08-04"
136,"Elementary Paraeducator","2026-06-17","Para-Educator/","Westside Elementary School","https://www.applitrack.com/park1/onlineapp/default.aspx?all=1","Park County School District 1","2026-08-04"
137,"Substitute School Nurse","2025-09-18","Student Support Services/","District-Wide K-12","https://www.applitrack.com/park1/onlineapp/default.aspx?all=1","Park County School District 1","2026-08-04"
138,"Substitute Teacher","2024-07-03","Substitute/","District-Wide K-12","https://www.applitrack.com/park1/onlineapp/default.aspx?all=1","Park County School District 1","2026-08-04"
139,"Substitute Custodian","2024-07-03","Substitute Support Services/","District-Wide K-12","https://www.applitrack.com/park1/onlineapp/default.aspx?all=1","Park County School District 1","2026-08-04"
140,"Substitute Para-Educator","2024-07-03","Substitute Support Services/","District-Wide K-12","https://www.applitrack.com/park1/onlineapp/default.aspx?all=1","Park County School District 1","2026-08-04"
141,"Substitute Bus Driver","2021-09-27","Transportation/","Transportation Department","https://www.applitrack.com/park1/onlineapp/default.aspx?all=1","Park County School District 1","2026-08-04"
142,"Bus Route Driver - Clark Elementary School - Clark, WY","2026-06-17","Transportation/","Transportation Department","https://www.applitrack.com/park1/onlineapp/default.aspx?all=1","Park County School District 1","2026-08-04"
143,"Route Bus Driver","2026-06-17","Transportation/","Transportation Department","https://www.applitrack.com/park1/onlineapp/default.aspx?all=1","Park County School District 1","2026-08-04"
144,"Assistant Girls Volleyball Coach (6) Positions","2026-06-01","Athletics/Activities/","Cody High School","https://www.applitrack.com/park6/onlineapp/default.aspx?all=1","Park County School District 6","2026-08-04"
145,"Middle School Volleyball Coach","2026-07-28","Athletics/Activities/","Cody Middle School","https://www.applitrack.com/park6/onlineapp/default.aspx?all=1","Park County School District 6","2026-08-04"
146,"High School Assistant Football Coach","2026-07-28","Athletics/Activities/","Cody High School","https://www.applitrack.com/park6/onlineapp/default.aspx?all=1","Park County School District 6","2026-08-04"
147,"Middle School Assistant Football Coach","2026-07-28","Athletics/Activities/","Cody Middle School","https://www.applitrack.com/park6/onlineapp/default.aspx?all=1","Park County School District 6","2026-08-04"
148,"School Nutrition Assistant (Part Time)","2026-07-21","Food Services/","Sunset Elementary School","https://www.applitrack.com/park6/onlineapp/default.aspx?all=1","Park County School District 6","2026-08-04"
149,"Custodian","2026-04-10","Maintenance/Custodial/","Cody High School","https://www.applitrack.com/park6/onlineapp/default.aspx?all=1","Park County School District 6","2026-08-04"
150,"ASD Special Education Teacher","2026-05-27","Student Support Services/","Livingston Elementary School","https://www.applitrack.com/park6/onlineapp/default.aspx?all=1","Park County School District 6","2026-08-04"
151,"ASD Special Education Teacher","2026-03-27","Student Support Services/","Cody Middle School","https://www.applitrack.com/park6/onlineapp/default.aspx?all=1","Park County School District 6","2026-08-04"
152,"Elementary Special Education Resource Teacher","2026-02-06","Student Support Services/","Eastside Elementary School","https://www.applitrack.com/park6/onlineapp/default.aspx?all=1","Park County School District 6","2026-08-04"
153,"Substitute Custodian 2026-2027 School Year","2026-07-08","Substitute/","All Schools","https://www.applitrack.com/park6/onlineapp/default.aspx?all=1","Park County School District 6","2026-08-04"
154,"Substitute Paraeducator (Aide) 2026-2027 School Year","2026-07-13","Substitute/","All Schools","https://www.applitrack.com/park6/onlineapp/default.aspx?all=1","Park County School District 6","2026-08-04"
155,"Substitute Nurse 2026-2027 School Year","2026-07-13","Substitute/","All Schools","https://www.applitrack.com/park6/onlineapp/default.aspx?all=1","Park County School District 6","2026-08-04"
156,"Substitute Teacher 2026-2027 School Year","2026-07-13","Substitute/","All Schools","https://www.applitrack.com/park6/onlineapp/default.aspx?all=1","Park County School District 6","2026-08-04"
157,"Special Education Behavior Paraeducator","2026-07-16","Support Staff/","All Schools","https://www.applitrack.com/park6/onlineapp/default.aspx?all=1","Park County School District 6","2026-08-04"
158,"Special Education Life Skills Paraeducator","2026-07-16","Support Staff/","All Schools","https://www.applitrack.com/park6/onlineapp/default.aspx?all=1","Park County School District 6","2026-08-04"
159,"Special Education Resource Paraeducator","2026-07-16","Support Staff/","All Schools","https://www.applitrack.com/park6/onlineapp/default.aspx?all=1","Park County School District 6","2026-08-04"
160,"ELL Para Educator - Part Time","2026-07-16","Support Staff/","All Schools","https://www.applitrack.com/park6/onlineapp/default.aspx?all=1","Park County School District 6","2026-08-04"
161,"Rural School Paraeducator","2026-06-17","Support Staff/","Valley Elementary School","https://www.applitrack.com/park6/onlineapp/default.aspx?all=1","Park County School District 6","2026-08-04"
162,"Kinderboost Elementary Para Educator (Part Time)","2026-07-28","Support Staff/","District Office","https://www.applitrack.com/park6/onlineapp/default.aspx?all=1","Park County School District 6","2026-08-04"
163,"Permanent Support Specialist - Special Education","2026-07-28","Support Staff/","District Wide","https://www.applitrack.com/park6/onlineapp/default.aspx?all=1","Park County School District 6","2026-08-04"
164,"Bus Aide",NA,"Transportation","08/17/2026","https://www.applitrack.com/park6/onlineapp/default.aspx?all=1","Park County School District 6","2026-08-04"
165,"Route Driver",NA,"Transportation","08/17/2026","https://www.applitrack.com/park6/onlineapp/default.aspx?all=1","Park County School District 6","2026-08-04"
166,"Crossing Guard","2026-07-16","Transportation/","All Schools","https://www.applitrack.com/park6/onlineapp/default.aspx?all=1","Park County School District 6","2026-08-04"
167,"TRE Cook","2026-06-08","Food Service/","Tongue River Elementary","https://www.applitrack.com/sheridanwy/onlineapp/default.aspx?all=1","Sheridan County School District 1","2026-08-04"
168,"Tongue River Custodian","2026-07-23","Maintenance/Custodial/","TR Schools","https://www.applitrack.com/sheridanwy/onlineapp/default.aspx?all=1","Sheridan County School District 1","2026-08-04"
169,"TRE Paraprofessional","2026-07-22","Support Staff/","Tongue River Elementary","https://www.applitrack.com/sheridanwy/onlineapp/default.aspx?all=1","Sheridan County School District 1","2026-08-04"
170,"BHE Special Education Paraprofessional","2026-08-04","Support Staff/","Big Horn Elementary","https://www.applitrack.com/sheridanwy/onlineapp/default.aspx?all=1","Sheridan County School District 1","2026-08-04"
171,"TRMS Assistant Wrestling Coach","2026-06-29","Athletics/Activities/","Tongue River Middle School","https://www.applitrack.com/sheridanwy/onlineapp/default.aspx?all=1","Sheridan County School District 1","2026-08-04"
172,"TRMS Assistant Cross-Country Coach","2026-02-04","Athletics/Activities/","Tongue River Middle School","https://www.applitrack.com/sheridanwy/onlineapp/default.aspx?all=1","Sheridan County School District 1","2026-08-04"
173,"TRMS Assistant Volleyball Coach","2026-02-04","Athletics/Activities/","Tongue River Middle School","https://www.applitrack.com/sheridanwy/onlineapp/default.aspx?all=1","Sheridan County School District 1","2026-08-04"
174,"TRHS Assistant Boys Basketball Coach","2026-05-05","Athletics/Activities/","Tongue River High School","https://www.applitrack.com/sheridanwy/onlineapp/default.aspx?all=1","Sheridan County School District 1","2026-08-04"
175,"Big Horn Custodian","2025-12-08","Maintenance/Custodial/","Big Horn High School","https://www.applitrack.com/sheridanwy/onlineapp/default.aspx?all=1","Sheridan County School District 1","2026-08-04"
176,"Bus Driver","2025-04-01","Transportation/","District-Wide","https://www.applitrack.com/sheridanwy/onlineapp/default.aspx?all=1","Sheridan County School District 1","2026-08-04"
177,"TRMS Assistant Girls Basketball Coach","2025-05-20","Athletics/Activities/","Tongue River Middle School","https://www.applitrack.com/sheridanwy/onlineapp/default.aspx?all=1","Sheridan County School District 1","2026-08-04"
178,"TRHS Assistant Track Coach","2025-06-03","Athletics/Activities/","Tongue River High School","https://www.applitrack.com/sheridanwy/onlineapp/default.aspx?all=1","Sheridan County School District 1","2026-08-04"
179,"TRMS Assistant Robotics Coach","2025-08-12","Athletics/Activities/","Tongue River Middle School","https://www.applitrack.com/sheridanwy/onlineapp/default.aspx?all=1","Sheridan County School District 1","2026-08-04"
180,"Substitute - Support Staff","2018-07-03","Substitute/","District-Wide","https://www.applitrack.com/sheridanwy/onlineapp/default.aspx?all=1","Sheridan County School District 1","2026-08-04"
181,"Substitute - Teacher","2018-07-09","Substitute/","District-Wide","https://www.applitrack.com/sheridanwy/onlineapp/default.aspx?all=1","Sheridan County School District 1","2026-08-04"
182,"Spring Musical Director - Sheridan High School",NA,"Activities",NA,"https://www.applitrack.com/scsd2/OnlineApp/default.aspx?all=1","Sheridan County School District 2","2026-08-04"
183,"After School Program Site Coordinator - Highland Park Elementary","2026-05-12","After School Program/","Highland Park","https://www.applitrack.com/scsd2/OnlineApp/default.aspx?all=1","Sheridan County School District 2","2026-08-04"
184,"Assistant Volleyball Coach - 8th Grade Girls - Sheridan Junior High School",NA,"Athletic Coaches",NA,"https://www.applitrack.com/scsd2/OnlineApp/default.aspx?all=1","Sheridan County School District 2","2026-08-04"
185,"Assistant Football Coach 8th Grade - Sheridan Junior High School",NA,"Athletic Coaches",NA,"https://www.applitrack.com/scsd2/OnlineApp/default.aspx?all=1","Sheridan County School District 2","2026-08-04"
186,"Assistant Basketball Coach - 9th Grade B Team - Sheridan High School",NA,"Athletic Coaches",NA,"https://www.applitrack.com/scsd2/OnlineApp/default.aspx?all=1","Sheridan County School District 2","2026-08-04"
187,"Assistant Wrestling Coach - Sheridan Junior High School",NA,"Athletic Coaches",NA,"https://www.applitrack.com/scsd2/OnlineApp/default.aspx?all=1","Sheridan County School District 2","2026-08-04"
188,"Girls Assistant Volleyball Coach - 7th Grade B Team - Sheridan Junior High School",NA,"Athletic Coaches",NA,"https://www.applitrack.com/scsd2/OnlineApp/default.aspx?all=1","Sheridan County School District 2","2026-08-04"
189,"Girls Basketball Coach - 7th Grade C Team - Sheridan Junior High School",NA,"Athletic Coaches",NA,"https://www.applitrack.com/scsd2/OnlineApp/default.aspx?all=1","Sheridan County School District 2","2026-08-04"
190,"Sheridan High School Assistant Girls Soccer Coach",NA,"Athletic Coaches",NA,"https://www.applitrack.com/scsd2/OnlineApp/default.aspx?all=1","Sheridan County School District 2","2026-08-04"
191,"SHS Assistant Softball Coach",NA,"Athletic Coaches",NA,"https://www.applitrack.com/scsd2/OnlineApp/default.aspx?all=1","Sheridan County School District 2","2026-08-04"
192,"Assistant Indoor/Outdoor Track- Throws Coach",NA,"Athletic Coaches",NA,"https://www.applitrack.com/scsd2/OnlineApp/default.aspx?all=1","Sheridan County School District 2","2026-08-04"
193,"Head Football Coach - 7th Grade Boys - Sheridan Junior High School","2026-01-29","Athletic Coaches/","Sheridan Junior High School","https://www.applitrack.com/scsd2/OnlineApp/default.aspx?all=1","Sheridan County School District 2","2026-08-04"
194,"Head Basketball Coach - Boys 7th Grade - Sheridan Junior High School","2026-04-21","Athletic Coaches/","Sheridan Junior High School","https://www.applitrack.com/scsd2/OnlineApp/default.aspx?all=1","Sheridan County School District 2","2026-08-04"
195,"Head 8th Grade Football Coach - Sheridan Junior High School","2026-05-06","Athletic Coaches/","Sheridan Junior High School","https://www.applitrack.com/scsd2/OnlineApp/default.aspx?all=1","Sheridan County School District 2","2026-08-04"
196,"Kitchen Supervisor - Henry A. Coffeen Elementary","2026-06-10","Food Services Staff/","Henry A. Coffeen","https://www.applitrack.com/scsd2/OnlineApp/default.aspx?all=1","Sheridan County School District 2","2026-08-04"
197,"Second Cook - Sheridan Junior High School","2026-06-10","Food Services Staff/","Sheridan Junior High School","https://www.applitrack.com/scsd2/OnlineApp/default.aspx?all=1","Sheridan County School District 2","2026-08-04"
198,"High School English Classroom Teacher","2026-08-03","High School Teaching/","Sheridan High School","https://www.applitrack.com/scsd2/OnlineApp/default.aspx?all=1","Sheridan County School District 2","2026-08-04"
199,"Special Education Paraprofessional Position - Highland Park Elementary",NA,"Paraprofessionals",NA,"https://www.applitrack.com/scsd2/OnlineApp/default.aspx?all=1","Sheridan County School District 2","2026-08-04"
200,"Title 1 Paraprofessional - Henry A. Coffeen Elementary",NA,"Paraprofessionals",NA,"https://www.applitrack.com/scsd2/OnlineApp/default.aspx?all=1","Sheridan County School District 2","2026-08-04"
201,"Special Education Paraprofessional - Henry A. Coffeen Elementary",NA,"Paraprofessionals",NA,"https://www.applitrack.com/scsd2/OnlineApp/default.aspx?all=1","Sheridan County School District 2","2026-08-04"
202,"English Language /Special Education Paraprofessional - Highland Park Elementary",NA,"Paraprofessionals",NA,"https://www.applitrack.com/scsd2/OnlineApp/default.aspx?all=1","Sheridan County School District 2","2026-08-04"
203,"Substitute Teacher (for prior SCSD2 Teachers only)","2026-07-17","Prior Employee/","District Wide","https://www.applitrack.com/scsd2/OnlineApp/default.aspx?all=1","Sheridan County School District 2","2026-08-04"
204,"Seasonal Bus Mechanic",NA,"Seasonal Staff",NA,"https://www.applitrack.com/scsd2/OnlineApp/default.aspx?all=1","Sheridan County School District 2","2026-08-04"
205,"Substitute Custodian - Districtwide",NA,"Substitutes",NA,"https://www.applitrack.com/scsd2/OnlineApp/default.aspx?all=1","Sheridan County School District 2","2026-08-04"
206,"Substitute Bus Paraprofessional - Districtwide",NA,"Substitutes",NA,"https://www.applitrack.com/scsd2/OnlineApp/default.aspx?all=1","Sheridan County School District 2","2026-08-04"
207,"Substitute Paraprofessional - Districtwide",NA,"Substitutes",NA,"https://www.applitrack.com/scsd2/OnlineApp/default.aspx?all=1","Sheridan County School District 2","2026-08-04"
208,"Substitute School Nurse - Districtwide",NA,"Substitutes",NA,"https://www.applitrack.com/scsd2/OnlineApp/default.aspx?all=1","Sheridan County School District 2","2026-08-04"
209,"Substitute Teacher - Districtwide","2026-07-17","Substitutes/","District Wide","https://www.applitrack.com/scsd2/OnlineApp/default.aspx?all=1","Sheridan County School District 2","2026-08-04"
210,"IT Summer Intern","2026-06-04","Technology Staff/","Thore","https://www.applitrack.com/scsd2/OnlineApp/default.aspx?all=1","Sheridan County School District 2","2026-08-04"
211,"Bus Driver - Districtwide",NA,"Transportation Staff",NA,"https://www.applitrack.com/scsd2/OnlineApp/default.aspx?all=1","Sheridan County School District 2","2026-08-04"
212,"Substitute Bus Driver",NA,"Transportation Staff",NA,"https://www.applitrack.com/scsd2/OnlineApp/default.aspx?all=1","Sheridan County School District 2","2026-08-04"
214,"RSHS Head Activity Sponsor - FBLA","2026-07-02","Athletics/Activities/","Rock Springs High School","https://www.applitrack.com/sweetwater/onlineapp/default.aspx?all=1","Sweetwater County School District 1","2026-08-04"
215,"RSHS Assistant Coach - Boys Swim","2026-06-24","Athletics/Activities/","Rock Springs High School","https://www.applitrack.com/sweetwater/onlineapp/default.aspx?all=1","Sweetwater County School District 1","2026-08-04"
216,"RSHS Assistant Coach - Girls Swim","2026-06-24","Athletics/Activities/","Rock Springs High School","https://www.applitrack.com/sweetwater/onlineapp/default.aspx?all=1","Sweetwater County School District 1","2026-08-04"
217,"RSHS Assistant Outdoor Track Coach (2)","2026-05-12","Athletics/Activities/","Rock Springs High School","https://www.applitrack.com/sweetwater/onlineapp/default.aspx?all=1","Sweetwater County School District 1","2026-08-04"
218,"RSJH Assistant Coach - Swim","2026-06-01","Athletics/Activities/","Rock Springs Junior High School","https://www.applitrack.com/sweetwater/onlineapp/default.aspx?all=1","Sweetwater County School District 1","2026-08-04"
219,"RSHS Assistant Girls Basketball Coach - Freshman","2026-07-21","Athletics/Activities/","Rock Springs High School","https://www.applitrack.com/sweetwater/onlineapp/default.aspx?all=1","Sweetwater County School District 1","2026-08-04"
220,"FEMS-FEHS Assistant Coach - Football","2025-03-03","Athletics/Activities/","Farson-Eden High School","https://www.applitrack.com/sweetwater/onlineapp/default.aspx?all=1","Sweetwater County School District 1","2026-08-04"
221,"RSJH Assistant Football Coach - 7th Grade","2026-02-10","Athletics/Activities/","Rock Springs Junior High School","https://www.applitrack.com/sweetwater/onlineapp/default.aspx?all=1","Sweetwater County School District 1","2026-08-04"
222,"RSHS Assistant Indoor Track Coach (3)","2026-03-10","Athletics/Activities/","Rock Springs High School","https://www.applitrack.com/sweetwater/onlineapp/default.aspx?all=1","Sweetwater County School District 1","2026-08-04"
223,"RSHS Assistant Boys Basketball Coach - (2)","2026-03-19","Athletics/Activities/","Rock Springs High School","https://www.applitrack.com/sweetwater/onlineapp/default.aspx?all=1","Sweetwater County School District 1","2026-08-04"
224,"Farson/Eden MS Boys Assistant Basketball Coach","2026-04-21","Athletics/Activities/","Farson-Eden Middle School","https://www.applitrack.com/sweetwater/onlineapp/default.aspx?all=1","Sweetwater County School District 1","2026-08-04"
225,"RSJH Assistant Coach - Track and Field","2026-04-28","Athletics/Activities/","Rock Springs Junior High School","https://www.applitrack.com/sweetwater/onlineapp/default.aspx?all=1","Sweetwater County School District 1","2026-08-04"
226,"In-House General Counsel","2026-07-21","Certified Administrator/","Superintendent Office","https://www.applitrack.com/sweetwater/onlineapp/default.aspx?all=1","Sweetwater County School District 1","2026-08-04"
227,"Instructional Assistant (6)","2026-08-03","Certified Staff/","Central Administration","https://www.applitrack.com/sweetwater/onlineapp/default.aspx?all=1","Sweetwater County School District 1","2026-08-04"
228,"Business Teacher","2026-07-22","Certified Staff/","Rock Springs High School","https://www.applitrack.com/sweetwater/onlineapp/default.aspx?all=1","Sweetwater County School District 1","2026-08-04"
229,"EL Teacher - Desert View / Overland","2026-07-28","Certified Staff/","Desert View Elementary","https://www.applitrack.com/sweetwater/onlineapp/default.aspx?all=1","Sweetwater County School District 1","2026-08-04"
230,"EL Teacher","2026-05-13","Certified Staff/","Eastside Elementary","https://www.applitrack.com/sweetwater/onlineapp/default.aspx?all=1","Sweetwater County School District 1","2026-08-04"
231,"English/Language Arts","2026-04-20","Certified Staff/","Rock Springs Junior High School","https://www.applitrack.com/sweetwater/onlineapp/default.aspx?all=1","Sweetwater County School District 1","2026-08-04"
232,"Family and Consumer Science Teacher","2026-07-08","Certified Staff/","Rock Springs Junior High School","https://www.applitrack.com/sweetwater/onlineapp/default.aspx?all=1","Sweetwater County School District 1","2026-08-04"
233,"Industrial Arts - Welding","2026-05-04","Certified Staff/","Rock Springs High School","https://www.applitrack.com/sweetwater/onlineapp/default.aspx?all=1","Sweetwater County School District 1","2026-08-04"
234,"Literacy Interventionist","2026-07-22","Certified Staff/","Rock Springs High School","https://www.applitrack.com/sweetwater/onlineapp/default.aspx?all=1","Sweetwater County School District 1","2026-08-04"
235,"Library Media Specialist K-3 (Stagecoach and Wamsutter)","2025-11-03","Certified Staff/","District Wide","https://www.applitrack.com/sweetwater/onlineapp/default.aspx?all=1","Sweetwater County School District 1","2026-08-04"
236,"Math Teacher","2026-07-31","Certified Staff/","Rock Springs High School","https://www.applitrack.com/sweetwater/onlineapp/default.aspx?all=1","Sweetwater County School District 1","2026-08-04"
237,"Music Teacher 4-6 (2)","2025-11-06","Certified Staff/","District Wide","https://www.applitrack.com/sweetwater/onlineapp/default.aspx?all=1","Sweetwater County School District 1","2026-08-04"
238,"Music Teacher K-3 (2)","2025-11-06","Certified Staff/","District Wide","https://www.applitrack.com/sweetwater/onlineapp/default.aspx?all=1","Sweetwater County School District 1","2026-08-04"
239,"School Psychologist (5)","2026-03-31","Certified Staff/","District Wide","https://www.applitrack.com/sweetwater/onlineapp/default.aspx?all=1","Sweetwater County School District 1","2026-08-04"
240,"Social Studies Teacher","2026-07-21","Certified Staff/","Rock Springs High School","https://www.applitrack.com/sweetwater/onlineapp/default.aspx?all=1","Sweetwater County School District 1","2026-08-04"
241,"Social Worker","2026-05-20","Certified Staff/","Lowell School","https://www.applitrack.com/sweetwater/onlineapp/default.aspx?all=1","Sweetwater County School District 1","2026-08-04"
242,"At-Risk Coordinator","2026-06-10","Certified Staff/","Rock Springs High School","https://www.applitrack.com/sweetwater/onlineapp/default.aspx?all=1","Sweetwater County School District 1","2026-08-04"
243,"Social Worker","2026-07-31","Certified Staff/","Rock Springs High School","https://www.applitrack.com/sweetwater/onlineapp/default.aspx?all=1","Sweetwater County School District 1","2026-08-04"
244,"Resource Teacher (2)","2026-04-08","Certified Staff/","Rock Springs Junior High School","https://www.applitrack.com/sweetwater/onlineapp/default.aspx?all=1","Sweetwater County School District 1","2026-08-04"
245,"Resource Teacher","2025-11-03","Certified Staff/","Desert Elementary (Wamsutter)","https://www.applitrack.com/sweetwater/onlineapp/default.aspx?all=1","Sweetwater County School District 1","2026-08-04"
246,"Special Education - Resource Teacher (2)","2025-11-04","Certified Staff/","Eastside Elementary","https://www.applitrack.com/sweetwater/onlineapp/default.aspx?all=1","Sweetwater County School District 1","2026-08-04"
247,"Resource Teacher","2025-11-04","Certified Staff/","Overland Elementary","https://www.applitrack.com/sweetwater/onlineapp/default.aspx?all=1","Sweetwater County School District 1","2026-08-04"
248,"Resource Teacher","2025-11-04","Certified Staff/","Pilot Butte Elementary","https://www.applitrack.com/sweetwater/onlineapp/default.aspx?all=1","Sweetwater County School District 1","2026-08-04"
249,"Speech and Language Pathologist (3)","2026-03-31","Certified Staff/","District Wide","https://www.applitrack.com/sweetwater/onlineapp/default.aspx?all=1","Sweetwater County School District 1","2026-08-04"
250,"Full-Time Position: Custodian / Nutrition Services",NA,"Combined Positions","When Filled","https://www.applitrack.com/sweetwater/onlineapp/default.aspx?all=1","Sweetwater County School District 1","2026-08-04"
251,"Full-Time Daycare Assistant and Preschool Teacher Assistant","2026-06-16","Daycare/","Overland Elementary","https://www.applitrack.com/sweetwater/onlineapp/default.aspx?all=1","Sweetwater County School District 1","2026-08-04"
252,"Family Advocate",NA,"Head Start",NA,"https://www.applitrack.com/sweetwater/onlineapp/default.aspx?all=1","Sweetwater County School District 1","2026-08-04"
253,"Substitute - Head Start",NA,"Head Start","When Filled","https://www.applitrack.com/sweetwater/onlineapp/default.aspx?all=1","Sweetwater County School District 1","2026-08-04"
254,"Head Start Part-Time Building Aide","2026-07-14","Head Start/","Overland Elementary","https://www.applitrack.com/sweetwater/onlineapp/default.aspx?all=1","Sweetwater County School District 1","2026-08-04"
255,"Full-Time Custodian","2026-07-21","Maintenance/Custodial/","Rock Springs Junior High School","https://www.applitrack.com/sweetwater/onlineapp/default.aspx?all=1","Sweetwater County School District 1","2026-08-04"
256,"Full-Time Custodian","2026-06-02","Maintenance/Custodial/","Farson Schools","https://www.applitrack.com/sweetwater/onlineapp/default.aspx?all=1","Sweetwater County School District 1","2026-08-04"
257,"Lead Custodian","2026-07-27","Maintenance/Custodial/","Northpark Elementary","https://www.applitrack.com/sweetwater/onlineapp/default.aspx?all=1","Sweetwater County School District 1","2026-08-04"
258,"Accountant I","2026-07-27","Non-Certified Administrator/","Central Administration","https://www.applitrack.com/sweetwater/onlineapp/default.aspx?all=1","Sweetwater County School District 1","2026-08-04"
259,"Nutrition Services Manager","2026-05-19","Nutrition Services/","Rock Springs Junior High School","https://www.applitrack.com/sweetwater/onlineapp/default.aspx?all=1","Sweetwater County School District 1","2026-08-04"
260,"Nutrition Services Substitute","2026-06-09","Nutrition Services/","District Wide","https://www.applitrack.com/sweetwater/onlineapp/default.aspx?all=1","Sweetwater County School District 1","2026-08-04"
261,"Classroom Paraprofessional","2026-05-04","Paraprofessional/","Rock Springs High School","https://www.applitrack.com/sweetwater/onlineapp/default.aspx?all=1","Sweetwater County School District 1","2026-08-04"
262,"ELL Paraprofessional","2026-03-23","Paraprofessional/","Walnut Elementary","https://www.applitrack.com/sweetwater/onlineapp/default.aspx?all=1","Sweetwater County School District 1","2026-08-04"
263,"ELL Paraprofessional","2026-01-29","Paraprofessional/","Desert View Elementary","https://www.applitrack.com/sweetwater/onlineapp/default.aspx?all=1","Sweetwater County School District 1","2026-08-04"
264,"ELL Paraprofessional","2025-12-01","Paraprofessional/","Rock Springs Junior High School","https://www.applitrack.com/sweetwater/onlineapp/default.aspx?all=1","Sweetwater County School District 1","2026-08-04"
265,"Itinerant Paraprofessional/Testing Assistant (4)","2026-05-05","Paraprofessional/","District Wide","https://www.applitrack.com/sweetwater/onlineapp/default.aspx?all=1","Sweetwater County School District 1","2026-08-04"
266,"Resource Room Paraprofessional","2025-08-21","Paraprofessional/","Rock Springs Satellite High School","https://www.applitrack.com/sweetwater/onlineapp/default.aspx?all=1","Sweetwater County School District 1","2026-08-04"
267,"Resource Paraprofessional","2026-07-02","Paraprofessional/","Rock Springs Junior High","https://www.applitrack.com/sweetwater/onlineapp/default.aspx?all=1","Sweetwater County School District 1","2026-08-04"
268,"Resource Room Paraprofessional (3)","2026-06-02","Paraprofessional/","Rock Springs High School","https://www.applitrack.com/sweetwater/onlineapp/default.aspx?all=1","Sweetwater County School District 1","2026-08-04"
269,"Resource Paraprofessional","2026-08-04","Paraprofessional/","Farson Schools","https://www.applitrack.com/sweetwater/onlineapp/default.aspx?all=1","Sweetwater County School District 1","2026-08-04"
270,"Special Programs One-on-One Paraprofessional","2026-05-12","Paraprofessional/","Sage Elementary","https://www.applitrack.com/sweetwater/onlineapp/default.aspx?all=1","Sweetwater County School District 1","2026-08-04"
271,"One-On-One Paraprofessional","2026-05-18","Paraprofessional/","Rock Springs High School","https://www.applitrack.com/sweetwater/onlineapp/default.aspx?all=1","Sweetwater County School District 1","2026-08-04"
272,"Special Programs Paraprofessional (18-21 Program)","2026-06-02","Paraprofessional/","Lowell School","https://www.applitrack.com/sweetwater/onlineapp/default.aspx?all=1","Sweetwater County School District 1","2026-08-04"
273,"Special Programs Paraprofessional (Alternative Communications Program)","2026-07-14","Paraprofessional/","Rock Springs Junior High School","https://www.applitrack.com/sweetwater/onlineapp/default.aspx?all=1","Sweetwater County School District 1","2026-08-04"
274,"Alternate Behavior Paraprofessional","2026-04-16","Paraprofessional/","Sage Elementary","https://www.applitrack.com/sweetwater/onlineapp/default.aspx?all=1","Sweetwater County School District 1","2026-08-04"
275,"Alternate Academic Special Programs One-on-One Paraprofessional","2026-03-16","Paraprofessional/","Eastside Elementary","https://www.applitrack.com/sweetwater/onlineapp/default.aspx?all=1","Sweetwater County School District 1","2026-08-04"
276,"One-On-One Paraprofessional","2026-03-16","Paraprofessional/","Eastside Elementary","https://www.applitrack.com/sweetwater/onlineapp/default.aspx?all=1","Sweetwater County School District 1","2026-08-04"
277,"Special Programs Paraprofessional (Alternative Communications Program)","2026-02-18","Paraprofessional/","Rock Springs Junior High School","https://www.applitrack.com/sweetwater/onlineapp/default.aspx?all=1","Sweetwater County School District 1","2026-08-04"
278,"Certified Substitute School Nurse",NA,"Substitute","When Filled","https://www.applitrack.com/sweetwater/onlineapp/default.aspx?all=1","Sweetwater County School District 1","2026-08-04"
279,"BOCES Part Time Building Substitute Teacher (2) - One Year Only","2025-06-05","Substitute/","Overland Elementary","https://www.applitrack.com/sweetwater/onlineapp/default.aspx?all=1","Sweetwater County School District 1","2026-08-04"
280,"Long Term Substitute Teacher - EL","2026-08-03","Substitute/","Eastside Elementary","https://www.applitrack.com/sweetwater/onlineapp/default.aspx?all=1","Sweetwater County School District 1","2026-08-04"
281,"Long Term Substitute Teacher - Music","2026-08-04","Substitute/","Pilot Butte Elementary","https://www.applitrack.com/sweetwater/onlineapp/default.aspx?all=1","Sweetwater County School District 1","2026-08-04"
282,"Long Term Substitute Teacher - Math","2026-08-04","Substitute/","Rock Springs High School","https://www.applitrack.com/sweetwater/onlineapp/default.aspx?all=1","Sweetwater County School District 1","2026-08-04"
283,"Long Term Substitute Teacher - Literacy Interventionist","2026-08-04","Substitute/","Rock Springs High School","https://www.applitrack.com/sweetwater/onlineapp/default.aspx?all=1","Sweetwater County School District 1","2026-08-04"
284,"Long Term Substitute Teacher - Social Studies","2026-08-04","Substitute/","Rock Springs High School","https://www.applitrack.com/sweetwater/onlineapp/default.aspx?all=1","Sweetwater County School District 1","2026-08-04"
285,"2026-2027 Substitute Teacher - Part-Time","2026-07-06","Substitute/","District Wide","https://www.applitrack.com/sweetwater/onlineapp/default.aspx?all=1","Sweetwater County School District 1","2026-08-04"
286,"Bus Aide","2026-02-04","Transportation/","Transportation","https://www.applitrack.com/sweetwater/onlineapp/default.aspx?all=1","Sweetwater County School District 1","2026-08-04"
287,"Part-Time Bus Driver (26 Hours/Week)","2026-01-19","Transportation/","Transportation","https://www.applitrack.com/sweetwater/onlineapp/default.aspx?all=1","Sweetwater County School District 1","2026-08-04"
288,"Substitute Bus Driver","2026-07-28","Transportation/","Transportation","https://www.applitrack.com/sweetwater/onlineapp/default.aspx?all=1","Sweetwater County School District 1","2026-08-04"
289,"GRHS Assistant Girls Soccer Coach","2025-06-05","Athletics/Activities/","Green River High School","https://www.applitrack.com/swcsd2/onlineapp/default.aspx?all=1","Sweetwater County School District 2","2026-08-04"
290,"GRHS Asst Boys Swimming Diving Coach","2026-04-10","Athletics/Activities/","Green River High School","https://www.applitrack.com/swcsd2/onlineapp/default.aspx?all=1","Sweetwater County School District 2","2026-08-04"
291,"Lincoln Middle School Assistant Boys Swimming Coach","2026-04-10","Athletics/Activities/","Green River High School","https://www.applitrack.com/swcsd2/onlineapp/default.aspx?all=1","Sweetwater County School District 2","2026-08-04"
292,"GRHS Asst Girls Swimming Diving Coach","2026-05-28","Athletics/Activities/","Green River High School","https://www.applitrack.com/swcsd2/onlineapp/default.aspx?all=1","Sweetwater County School District 2","2026-08-04"
293,"GRHS Assistant Boys Basketball Coach","2026-05-29","Athletics/Activities/","Green River High School","https://www.applitrack.com/swcsd2/onlineapp/default.aspx?all=1","Sweetwater County School District 2","2026-08-04"
294,"LMS Assistant Volleyball Coach","2026-07-21","Athletics/Activities/","Lincoln Middle School","https://www.applitrack.com/swcsd2/onlineapp/default.aspx?all=1","Sweetwater County School District 2","2026-08-04"
295,"LMS Head 7th Grade Volleyball Coach","2026-07-22","Athletics/Activities/","Lincoln Middle School","https://www.applitrack.com/swcsd2/onlineapp/default.aspx?all=1","Sweetwater County School District 2","2026-08-04"
296,"LMS Head 7th Grade Football Coach","2026-07-22","Athletics/Activities/","Lincoln Middle School","https://www.applitrack.com/swcsd2/onlineapp/default.aspx?all=1","Sweetwater County School District 2","2026-08-04"
297,"GRHS Assistant Volleyball Coach","2026-08-03","Athletics/Activities/","Green River High School","https://www.applitrack.com/swcsd2/onlineapp/default.aspx?all=1","Sweetwater County School District 2","2026-08-04"
298,"LMS Assistant Girls Wrestling Coach","2026-08-03","Athletics/Activities/","Lincoln Middle School","https://www.applitrack.com/swcsd2/onlineapp/default.aspx?all=1","Sweetwater County School District 2","2026-08-04"
299,"GRHS Head Musical Director",NA,"Extra Duty","2026-2027 School Year","https://www.applitrack.com/swcsd2/onlineapp/default.aspx?all=1","Sweetwater County School District 2","2026-08-04"
300,"GRHS Theater Set Design Builder",NA,"Extra Duty",NA,"https://www.applitrack.com/swcsd2/onlineapp/default.aspx?all=1","Sweetwater County School District 2","2026-08-04"
301,"Industrial Art Work Based Learning GRIP Teacher","2026-07-27","High School Teaching/","Green River High School","https://www.applitrack.com/swcsd2/onlineapp/default.aspx?all=1","Sweetwater County School District 2","2026-08-04"
302,"Substitute Custodian","2026-07-10","Maintenance/Custodial/","Maintenance Department","https://www.applitrack.com/swcsd2/onlineapp/default.aspx?all=1","Sweetwater County School District 2","2026-08-04"
303,"Substitute Nutrition Service Worker","2026-07-10","Nutrition Services/","Nutrition Services Department","https://www.applitrack.com/swcsd2/onlineapp/default.aspx?all=1","Sweetwater County School District 2","2026-08-04"
304,"Substitute School Nurse","2026-05-11","Substitute/","Central Office","https://www.applitrack.com/swcsd2/onlineapp/default.aspx?all=1","Sweetwater County School District 2","2026-08-04"
305,"Substitute Teacher","2026-07-01","Substitute/","Central Office","https://www.applitrack.com/swcsd2/onlineapp/default.aspx?all=1","Sweetwater County School District 2","2026-08-04"
306,"Substitute Teacher Aide","2026-07-01","Substitute/","Central Office","https://www.applitrack.com/swcsd2/onlineapp/default.aspx?all=1","Sweetwater County School District 2","2026-08-04"
307,"Basic Life Skills Paraprofessional","2026-06-04","Support Staff/","Green River High School","https://www.applitrack.com/swcsd2/onlineapp/default.aspx?all=1","Sweetwater County School District 2","2026-08-04"
308,"Special Education Paraprofessionals","2026-06-05","Support Staff/","Green River High School","https://www.applitrack.com/swcsd2/onlineapp/default.aspx?all=1","Sweetwater County School District 2","2026-08-04"
309,"Special Education Paraprofessional","2026-06-10","Support Staff/","Truman Elementary School","https://www.applitrack.com/swcsd2/onlineapp/default.aspx?all=1","Sweetwater County School District 2","2026-08-04"
310,"Basic Life Skills Paraprofessional","2026-07-20","Support Staff/","Harrison Elementary School","https://www.applitrack.com/swcsd2/onlineapp/default.aspx?all=1","Sweetwater County School District 2","2026-08-04"
311,"Bus Aide","2026-07-10","Transportation/","Transportation Department","https://www.applitrack.com/swcsd2/onlineapp/default.aspx?all=1","Sweetwater County School District 2","2026-08-04"
312,"Bus Driver","2026-07-10","Transportation/","Transportation Department","https://www.applitrack.com/swcsd2/onlineapp/default.aspx?all=1","Sweetwater County School District 2","2026-08-04"
313,"Substitute Bus Aide","2026-07-10","Transportation/","Transportation Department","https://www.applitrack.com/swcsd2/onlineapp/default.aspx?all=1","Sweetwater County School District 2","2026-08-04"
314,"Substitute Bus Driver","2026-07-10","Transportation/","Transportation Department","https://www.applitrack.com/swcsd2/onlineapp/default.aspx?all=1","Sweetwater County School District 2","2026-08-04"
315,"Assistant Superintendent of Education","2026-07-22","Administration/","TCSD Schools","https://www.applitrack.com/tcsd/onlineapp/default.aspx?all=1","Teton County School District 1","2026-08-04"
316,"High School Assistant Nordic Skiing Coach","2026-04-15","Athletics/Activities/","TCSD Schools","https://www.applitrack.com/tcsd/onlineapp/default.aspx?all=1","Teton County School District 1","2026-08-04"
317,"Middle School Girls Assistant Basketball Coach","2026-04-24","Athletics/Activities/","TCSD Schools","https://www.applitrack.com/tcsd/onlineapp/default.aspx?all=1","Teton County School District 1","2026-08-04"
318,"High School Assistant Boys Basketball Coach","2026-05-19","Athletics/Activities/","TCSD Schools","https://www.applitrack.com/tcsd/onlineapp/default.aspx?all=1","Teton County School District 1","2026-08-04"
319,"Middle School Assistant Football Coach","2026-05-19","Athletics/Activities/","TCSD Schools","https://www.applitrack.com/tcsd/onlineapp/default.aspx?all=1","Teton County School District 1","2026-08-04"
320,"High School Assistant Speech and Debate Coach","2026-05-27","Athletics/Activities/","TCSD Schools","https://www.applitrack.com/tcsd/onlineapp/default.aspx?all=1","Teton County School District 1","2026-08-04"
321,"Middle School Girls Assistant Wrestling Coach (Anticipated)","2026-06-05","Athletics/Activities/","TCSD Schools","https://www.applitrack.com/tcsd/onlineapp/default.aspx?all=1","Teton County School District 1","2026-08-04"
322,"High School Head Nordic Skiing Coach","2026-06-08","Athletics/Activities/","TCSD Schools","https://www.applitrack.com/tcsd/onlineapp/default.aspx?all=1","Teton County School District 1","2026-08-04"
323,"High School Assistant Track Coach","2026-06-08","Athletics/Activities/","TCSD Schools","https://www.applitrack.com/tcsd/onlineapp/default.aspx?all=1","Teton County School District 1","2026-08-04"
324,"Instructional Paraprofessional","2025-12-18","Paraprofessional/","Kelly Elementary School","https://www.applitrack.com/tcsd/onlineapp/default.aspx?all=1","Teton County School District 1","2026-08-04"
325,"K-12 Special Education Paraprofessional(s)","2026-04-28","Paraprofessional/","TCSD Schools","https://www.applitrack.com/tcsd/onlineapp/default.aspx?all=1","Teton County School District 1","2026-08-04"
326,"Special Education Bus Aide","2026-07-23","Paraprofessional/","Wilson Elementary School","https://www.applitrack.com/tcsd/onlineapp/default.aspx?all=1","Teton County School District 1","2026-08-04"
327,"Special Education Permanent Support Specialist (Permanent Substitute)","2026-04-07","Substitute/","TCSD Schools","https://www.applitrack.com/tcsd/onlineapp/default.aspx?all=1","Teton County School District 1","2026-08-04"
328,"Substitute Teachers/Nurses","2020-02-11","Substitute/","TCSD Schools","https://www.applitrack.com/tcsd/onlineapp/default.aspx?all=1","Teton County School District 1","2026-08-04"
329,"Long Term Sub Elementary Social Worker/School Counselor","2026-06-08","Substitute/","Colter Elementary School","https://www.applitrack.com/tcsd/onlineapp/default.aspx?all=1","Teton County School District 1","2026-08-04"
330,"Substitute Para/Secretary","2020-02-11","Substitute/","TCSD Schools","https://www.applitrack.com/tcsd/onlineapp/default.aspx?all=1","Teton County School District 1","2026-08-04"
331,"Assistant High School Golf Coach","2026-05-05","Athletics/Activities/","Evanston High School","https://www.applitrack.com/uinta/onlineapp/jobpostings/view.asp?all=1","Uinta County School District 1","2026-08-04"
332,"Boys Wrestling Varsity Head Coach","2026-06-22","Athletics/Activities/","Evanston High School","https://www.applitrack.com/uinta/onlineapp/jobpostings/view.asp?all=1","Uinta County School District 1","2026-08-04"
333,"Substitute Custodians","2026-04-13","Maintenance/Custodial/","District Wide","https://www.applitrack.com/uinta/onlineapp/jobpostings/view.asp?all=1","Uinta County School District 1","2026-08-04"
334,"Temporary Part-time School Nurses","2026-07-09","School Nurse/","Aspen Elementary & Uinta Meadows Elementary","https://www.applitrack.com/uinta/onlineapp/jobpostings/view.asp?all=1","Uinta County School District 1","2026-08-04"
335,"Bus Drivers and Substitute Bus Drivers","2026-01-09","Support Staff/","Transportation","https://www.applitrack.com/uinta/onlineapp/jobpostings/view.asp?all=1","Uinta County School District 1","2026-08-04"
336,"Part Time Food Service Specialist","2026-08-03","Support Staff/","Central Kitchen","https://www.applitrack.com/uinta/onlineapp/jobpostings/view.asp?all=1","Uinta County School District 1","2026-08-04"
337,"Full-time and Part-time Aides and Special Education Paraprofessionals","2026-07-08","Support Staff/","District Wide","https://www.applitrack.com/uinta/onlineapp/jobpostings/view.asp?all=1","Uinta County School District 1","2026-08-04"
338,"Full-Time Lifeguard","2026-06-15","Aquatic Center Staff/","Worland Aquatic Center","https://www.applitrack.com/washakie1/onlineapp/default.aspx?all=1","Washakie County School District 1","2026-08-04"
339,"Lifeguard - Student","2024-01-08","Aquatic Center Staff/","Worland Aquatic Center","https://www.applitrack.com/washakie1/onlineapp/default.aspx?all=1","Washakie County School District 1","2026-08-04"
340,"MS Assistant Volleyball Coach",NA,"Athletics/Activities",NA,"https://www.applitrack.com/washakie1/onlineapp/default.aspx?all=1","Washakie County School District 1","2026-08-04"
341,"HS Assistant Forensics (Speech/Debate) Coach",NA,"Athletics/Activities",NA,"https://www.applitrack.com/washakie1/onlineapp/default.aspx?all=1","Washakie County School District 1","2026-08-04"
342,"HS Head Forensics (Speech/Debate) Coach",NA,"Athletics/Activities",NA,"https://www.applitrack.com/washakie1/onlineapp/default.aspx?all=1","Washakie County School District 1","2026-08-04"
343,"Housekeeper, Full-Time","2026-07-23","Maintenance/Custodial/","Worland High School","https://www.applitrack.com/washakie1/onlineapp/default.aspx?all=1","Washakie County School District 1","2026-08-04"
344,"Secondary Reading Specialist","2026-04-15","Middle School Teaching/","Worland Middle School","https://www.applitrack.com/washakie1/onlineapp/default.aspx?all=1","Washakie County School District 1","2026-08-04"
345,"Full-Time Special Education Paraeducator (Life Skills)",NA,"Paraprofessional","08/03/2026","https://www.applitrack.com/washakie1/onlineapp/default.aspx?all=1","Washakie County School District 1","2026-08-04"
346,"Full-Time Special Education Paraeducator (Resource)",NA,"Paraprofessional","08/03/2026","https://www.applitrack.com/washakie1/onlineapp/default.aspx?all=1","Washakie County School District 1","2026-08-04"
347,"Full-Time Special Education Paraeducator (Behavior)",NA,"Paraprofessional","08/03/2026","https://www.applitrack.com/washakie1/onlineapp/default.aspx?all=1","Washakie County School District 1","2026-08-04"
348,"Full-Time Special Education Paraeducator (Life Skills)",NA,"Paraprofessional","08/03/2026","https://www.applitrack.com/washakie1/onlineapp/default.aspx?all=1","Washakie County School District 1","2026-08-04"
349,"Full-Time Special Education Paraeducator (Life Skills)",NA,"Paraprofessional","08/03/2026","https://www.applitrack.com/washakie1/onlineapp/default.aspx?all=1","Washakie County School District 1","2026-08-04"
350,"Part-Time Special Education Paraeducator (Resource)",NA,"Paraprofessional","08/03/2026","https://www.applitrack.com/washakie1/onlineapp/default.aspx?all=1","Washakie County School District 1","2026-08-04"
351,"Part-Time Special Education Paraeducator (Resource)",NA,"Paraprofessional","08/03/2026","https://www.applitrack.com/washakie1/onlineapp/default.aspx?all=1","Washakie County School District 1","2026-08-04"
352,"Full-Time Special Education Paraeducator",NA,"Paraprofessional","08/03/2026","https://www.applitrack.com/washakie1/onlineapp/default.aspx?all=1","Washakie County School District 1","2026-08-04"
353,"Speech Language Pathologist",NA,"Special Education Services","08/04/2025","https://www.applitrack.com/washakie1/onlineapp/default.aspx?all=1","Washakie County School District 1","2026-08-04"
354,"SLP-Assistant",NA,"Special Education Services",NA,"https://www.applitrack.com/washakie1/onlineapp/default.aspx?all=1","Washakie County School District 1","2026-08-04"
355,"Substitute Bus Driver","2021-07-01","Substitute/","Bus Barn","https://www.applitrack.com/washakie1/onlineapp/default.aspx?all=1","Washakie County School District 1","2026-08-04"
356,"Substitute Cook","2020-11-04","Substitute/","District","https://www.applitrack.com/washakie1/onlineapp/default.aspx?all=1","Washakie County School District 1","2026-08-04"
357,"Substitute Housekeeper","2019-01-21","Substitute/",NA,"https://www.applitrack.com/washakie1/onlineapp/default.aspx?all=1","Washakie County School District 1","2026-08-04"
358,"Substitute Paraeducator","2016-03-02","Substitute/",NA,"https://www.applitrack.com/washakie1/onlineapp/default.aspx?all=1","Washakie County School District 1","2026-08-04"
359,"Substitute Teacher","2016-03-02","Substitute/",NA,"https://www.applitrack.com/washakie1/onlineapp/default.aspx?all=1","Washakie County School District 1","2026-08-04"
360,"Student Support Services","2026-07-23","Support Staff/","White Hawk Academy","https://www.applitrack.com/washakie1/onlineapp/default.aspx?all=1","Washakie County School District 1","2026-08-04"
361,"Route Bus Driver","2026-05-07","Transportation/","Bus Barn","https://www.applitrack.com/washakie1/onlineapp/default.aspx?all=1","Washakie County School District 1","2026-08-04"
362,"Full Time Assistant Cook","2026-07-14","Classified","Dubois K-12 School","https://fremont2.tedk12.com/hire/index.aspx","Fremont County School District 2","2026-08-04"
363,"2026-2027 HS Volleyball Assistant Coach","2026-07-13","Coaching","Dubois K-12 School","https://fremont2.tedk12.com/hire/index.aspx","Fremont County School District 2","2026-08-04"
364,"2026-2027 HS Volleyball Head Coach","2026-07-13","Coaching","Dubois K-12 School","https://fremont2.tedk12.com/hire/index.aspx","Fremont County School District 2","2026-08-04"
365,"2026-2027 MS Cross Country Assistant Coach","2026-07-08","Coaching","Dubois K-12 School","https://fremont2.tedk12.com/hire/index.aspx","Fremont County School District 2","2026-08-04"
366,"Route/Activities Bus Driver","2026-07-07","Classified","Bus Barn","https://fremont2.tedk12.com/hire/index.aspx","Fremont County School District 2","2026-08-04"
367,"Special Education Paraprofessional","2026-07-07","Classified","Dubois K-12 School","https://fremont2.tedk12.com/hire/index.aspx","Fremont County School District 2","2026-08-04"
368,"2026-2027 HS Girls Basketball Assistant Coach","2026-04-15","Coaching","Dubois K-12 School","https://fremont2.tedk12.com/hire/index.aspx","Fremont County School District 2","2026-08-04"
369,"Substitute Custodian/Food Service","2025-02-01","Classified","Dubois K-12 School","https://fremont2.tedk12.com/hire/index.aspx","Fremont County School District 2","2026-08-04"
370,"Substitute Bus Driver","2024-04-01","Classified","Bus Barn","https://fremont2.tedk12.com/hire/index.aspx","Fremont County School District 2","2026-08-04"
371,"Substitute - Classified -  Para/Secretary","2024-04-01","Classified","Dubois K-12 School","https://fremont2.tedk12.com/hire/index.aspx","Fremont County School District 2","2026-08-04"
372,"Substitute Teaching","2024-04-01","Substitute","Dubois K-12 School","https://fremont2.tedk12.com/hire/index.aspx","Fremont County School District 2","2026-08-04"
373,"Nurse Clerk (assisting School Nurse) - Torrington Middle & Torrington High Schools","2026-07-31","Support","Torrington Middle and High Schools","https://goshen.tedk12.com/hire/index.aspx#aJobListings","Goshen County School District 1","2026-08-04"
374,"Special Education Paraprofessional - Torrington High School","2026-07-31","Support","Torrington High School","https://goshen.tedk12.com/hire/index.aspx#aJobListings","Goshen County School District 1","2026-08-04"
375,"Substitute Cook","2026-03-04","Food Service","District Food Services","https://goshen.tedk12.com/hire/index.aspx#aJobListings","Goshen County School District 1","2026-08-04"
376,"Speech Language Pathologist - District","2026-03-01","Specialist - Certified","Office of Special Services","https://goshen.tedk12.com/hire/index.aspx#aJobListings","Goshen County School District 1","2026-08-04"
377,"Bus Driver/ Sub Bus Driver","2026-01-01","Bus Driver","Transportation Services","https://goshen.tedk12.com/hire/index.aspx#aJobListings","Goshen County School District 1","2026-08-04"
378,"Future Administrative Positions","2026-01-01","Administrative - building","Central Administration Office","https://goshen.tedk12.com/hire/index.aspx#aJobListings","Goshen County School District 1","2026-08-04"
379,"Future Substitute Teacher Positions","2026-01-01","Substitute","Central Administration Office","https://goshen.tedk12.com/hire/index.aspx#aJobListings","Goshen County School District 1","2026-08-04"
380,"Future Classified Positions","2026-01-01","Support","Central Administration Office","https://goshen.tedk12.com/hire/index.aspx#aJobListings","Goshen County School District 1","2026-08-04"
381,"Future Certified Positions","2026-01-01","K-12","Central Administration Office","https://goshen.tedk12.com/hire/index.aspx#aJobListings","Goshen County School District 1","2026-08-04"
382,"Junior High Girls Basketball Coach - SHS","2026-08-04",NA,"Sundance, Wyoming","https://crook1.schoolspring.com/","Crook County School District 1","2026-08-04"
383,"High Needs SPED Paraprofessional","2026-07-22",NA,"Sundance, Wyoming","https://crook1.schoolspring.com/","Crook County School District 1","2026-08-04"
384,"Substitute Custodian","2026-06-05",NA,"Sundance, Wyoming","https://crook1.schoolspring.com/","Crook County School District 1","2026-08-04"
385,"Substitute Custodian","2026-06-05",NA,"Moorcroft, Wyoming","https://crook1.schoolspring.com/","Crook County School District 1","2026-08-04"
386,"Substitute Custodian","2026-06-05",NA,"Hulett, Wyoming","https://crook1.schoolspring.com/","Crook County School District 1","2026-08-04"
387,"Substitute Teacher","2026-06-05",NA,"Sundance, Wyoming","https://crook1.schoolspring.com/","Crook County School District 1","2026-08-04"
388,"Substitute Teacher","2026-06-05",NA,"Moorcroft, Wyoming","https://crook1.schoolspring.com/","Crook County School District 1","2026-08-04"
389,"Substitute Teacher","2026-06-05",NA,"Hulett, Wyoming","https://crook1.schoolspring.com/","Crook County School District 1","2026-08-04"
390,"Substitute &amp; Activity Bus Drivers","2026-06-05",NA,"Sundance, Wyoming","https://crook1.schoolspring.com/","Crook County School District 1","2026-08-04"
391,"Substitute &amp; Activity Bus Drivers","2026-06-05",NA,"Moorcroft, Wyoming","https://crook1.schoolspring.com/","Crook County School District 1","2026-08-04"
392,"Substitute &amp; Activity Bus Drivers","2026-06-05",NA,"Hulett, Wyoming","https://crook1.schoolspring.com/","Crook County School District 1","2026-08-04"
393,"Part-Time Custodian - HS","2026-05-29",NA,"Hulett, Wyoming","https://crook1.schoolspring.com/","Crook County School District 1","2026-08-04"
394,"Assistant High School Boys Basketball Coach - MS","2026-05-29",NA,"Moorcroft, Wyoming","https://crook1.schoolspring.com/","Crook County School District 1","2026-08-04"
395,"Assistant High School Girls Basketball Coach - Sundance","2026-05-27",NA,"Sundance, Wyoming","https://crook1.schoolspring.com/","Crook County School District 1","2026-08-04"
396,"Assistant High School Football Coach - SS","2026-04-23",NA,"Sundance, Wyoming","https://crook1.schoolspring.com/","Crook County School District 1","2026-08-04"
397,"Junior High Volleyball Coach - Sundance","2026-04-16",NA,"Sundance, Wyoming","https://crook1.schoolspring.com/","Crook County School District 1","2026-08-04"
398,"Junior High Boys Basketball Coach","2026-04-16",NA,"Moorcroft, Wyoming","https://crook1.schoolspring.com/","Crook County School District 1","2026-08-04"
399,"Head High School Track Coach - SS","2026-04-07",NA,"Sundance, Wyoming","https://crook1.schoolspring.com/","Crook County School District 1","2026-08-04"
400,"Junior High Girls Wrestling Coach - SS","2026-04-07",NA,"Sundance, Wyoming","https://crook1.schoolspring.com/","Crook County School District 1","2026-08-04"
401,"Junior High Girls Wrestling Coach - HS","2026-04-07",NA,"Hulett, Wyoming","https://crook1.schoolspring.com/","Crook County School District 1","2026-08-04"
402,"Junior High Boys Wrestling Coach - HS","2026-04-07",NA,"Hulett, Wyoming","https://crook1.schoolspring.com/","Crook County School District 1","2026-08-04"
403,"Assistant High School Football Coach - HS","2026-04-07",NA,"Hulett, Wyoming","https://crook1.schoolspring.com/","Crook County School District 1","2026-08-04"
404,"Route Bus Driver","2026-02-11",NA,"Moorcroft, Wyoming","https://crook1.schoolspring.com/","Crook County School District 1","2026-08-04"
405,"Route Bus Driver - Hulett","2026-02-11",NA,"Hulett, Wyoming","https://crook1.schoolspring.com/","Crook County School District 1","2026-08-04"
406,"Route Bus Driver","2026-01-19",NA,"Sundance, Wyoming","https://crook1.schoolspring.com/","Crook County School District 1","2026-08-04"
407,"Paraeducator Special Education [XP08]","2026-08-04",NA,"Cheyenne, Wyoming","https://laramie1.schoolspring.com/","Laramie County School District 1","2026-08-04"
408,"Paraeducator Special Needs Center Based [XP09]","2026-08-04",NA,"Cheyenne, Wyoming","https://laramie1.schoolspring.com/","Laramie County School District 1","2026-08-04"
409,"Paraeducator General [PA07]","2026-08-04",NA,"Cheyenne, Wyoming","https://laramie1.schoolspring.com/","Laramie County School District 1","2026-08-04"
410,"Nutrition Services Aid [NU02]","2026-08-04",NA,"Cheyenne, Wyoming","https://laramie1.schoolspring.com/","Laramie County School District 1","2026-08-04"
411,"Paraeducator Special Needs Job Coach [XP08]","2026-08-04",NA,"Cheyenne, Wyoming","https://laramie1.schoolspring.com/","Laramie County School District 1","2026-08-04"
412,"Nutrition Services Aid [NU02]","2026-08-04",NA,"Cheyenne, Wyoming","https://laramie1.schoolspring.com/","Laramie County School District 1","2026-08-04"
413,"School Psychologist Intern [XT32]","2026-08-04",NA,"Cheyenne, Wyoming","https://laramie1.schoolspring.com/","Laramie County School District 1","2026-08-04"
414,"Paraeducator Special Education [XP08]","2026-08-04",NA,"Cheyenne, Wyoming","https://laramie1.schoolspring.com/","Laramie County School District 1","2026-08-04"
415,"Applicant Pool - Substitute Teacher [S035]","2026-08-04",NA,"Cheyenne, Wyoming","https://laramie1.schoolspring.com/","Laramie County School District 1","2026-08-04"
416,"Paraeducator Special Needs PALS [XP09]","2026-08-03",NA,"Cheyenne, Wyoming","https://laramie1.schoolspring.com/","Laramie County School District 1","2026-08-04"
417,"Assistant Girls Soccer Coach - Senior High [C120]","2026-08-03",NA,"Cheyenne, Wyoming","https://laramie1.schoolspring.com/","Laramie County School District 1","2026-08-04"
418,"Substitute Transportation Assistant [S051]","2026-08-03",NA,"Cheyenne, Wyoming","https://laramie1.schoolspring.com/","Laramie County School District 1","2026-08-04"
419,"Substitute Transportation Driver [S050]","2026-08-03",NA,"Cheyenne, Wyoming","https://laramie1.schoolspring.com/","Laramie County School District 1","2026-08-04"
420,"Paraeducator Resource Room [XP08]","2026-08-03",NA,"Cheyenne, Wyoming","https://laramie1.schoolspring.com/","Laramie County School District 1","2026-08-04"
421,"Student Support Specialist - 2026/2027 Contract Year Only [T024]","2026-08-03",NA,"Cheyenne, Wyoming","https://laramie1.schoolspring.com/","Laramie County School District 1","2026-08-04"
422,"Life/ASD Paraeducator [XP09]","2026-08-03",NA,"Cheyenne, Wyoming","https://laramie1.schoolspring.com/","Laramie County School District 1","2026-08-04"
423,"Nutrition Services Aid [NU02]","2026-08-03",NA,"Cheyenne, Wyoming","https://laramie1.schoolspring.com/","Laramie County School District 1","2026-08-04"
424,"Custodial - Head Class 4 [CU07]","2026-07-30",NA,"Cheyenne, Wyoming","https://laramie1.schoolspring.com/","Laramie County School District 1","2026-08-04"
425,"Attendance Secretary - Junior High [CE12]","2026-07-30",NA,"Cheyenne, Wyoming","https://laramie1.schoolspring.com/","Laramie County School District 1","2026-08-04"
426,"Paraeducator Special Needs PALS [XP09]","2026-07-29",NA,"Cheyenne, Wyoming","https://laramie1.schoolspring.com/","Laramie County School District 1","2026-08-04"
427,"CAP Academy Teacher [TC58]","2026-07-28",NA,"Cheyenne, Wyoming","https://laramie1.schoolspring.com/","Laramie County School District 1","2026-08-04"
428,"Accounts Receivable Specialist [CS57]","2026-07-27",NA,"Cheyenne, Wyoming","https://laramie1.schoolspring.com/","Laramie County School District 1","2026-08-04"
429,"Paraeducator Special Education [XP08]","2026-07-27",NA,"Cheyenne, Wyoming","https://laramie1.schoolspring.com/","Laramie County School District 1","2026-08-04"
430,"Assistant Golf Coach [C086]","2026-07-27",NA,"Cheyenne, Wyoming","https://laramie1.schoolspring.com/","Laramie County School District 1","2026-08-04"
431,"Paraeducator General [PA07]","2026-07-27",NA,"Cheyenne, Wyoming","https://laramie1.schoolspring.com/","Laramie County School District 1","2026-08-04"
432,"Paraeducator General [PA07]","2026-07-22",NA,"Cheyenne, Wyoming","https://laramie1.schoolspring.com/","Laramie County School District 1","2026-08-04"
433,"Transportation Activity Coordinator [TS59]","2026-07-22",NA,"Cheyenne, Wyoming","https://laramie1.schoolspring.com/","Laramie County School District 1","2026-08-04"
434,"Paraeducator Special Education [XP08]","2026-07-22",NA,"Cheyenne, Wyoming","https://laramie1.schoolspring.com/","Laramie County School District 1","2026-08-04"
435,"Paraeducator Special Education [XP08]","2026-07-22",NA,"Cheyenne, Wyoming","https://laramie1.schoolspring.com/","Laramie County School District 1","2026-08-04"
436,"Paraeducator Nurse&#x27;s Office [PA11]","2026-07-22",NA,"Cheyenne, Wyoming","https://laramie1.schoolspring.com/","Laramie County School District 1","2026-08-04"
437,"Special Education Behavior Lab Paraeducator  [XP08]","2026-07-22",NA,"Cheyenne, Wyoming","https://laramie1.schoolspring.com/","Laramie County School District 1","2026-08-04"
438,"Paraeducator Resource Room [XP08]","2026-07-21",NA,"Cheyenne, Wyoming","https://laramie1.schoolspring.com/","Laramie County School District 1","2026-08-04"
439,"Facility Technician - Painter [TS14]","2026-07-21",NA,"Cheyenne, Wyoming","https://laramie1.schoolspring.com/","Laramie County School District 1","2026-08-04"
440,"Paraeducator Title I Pre-K - 2026/2027 Contract Year Only [PA16]","2026-07-21",NA,"Cheyenne, Wyoming","https://laramie1.schoolspring.com/","Laramie County School District 1","2026-08-04"
441,"Student Sweeper [ST05]","2026-07-20",NA,"Cheyenne, Wyoming","https://laramie1.schoolspring.com/","Laramie County School District 1","2026-08-04"
442,"Nutrition Services Aid [NU02]","2026-07-16",NA,"Cheyenne, Wyoming","https://laramie1.schoolspring.com/","Laramie County School District 1","2026-08-04"
443,"Nutrition- Elementary Head Cashier [NU03]","2026-07-16",NA,"Cheyenne, Wyoming","https://laramie1.schoolspring.com/","Laramie County School District 1","2026-08-04"
444,"Part Time Orchestra Teacher [TB03]","2026-07-14",NA,"Cheyenne, Wyoming","https://laramie1.schoolspring.com/","Laramie County School District 1","2026-08-04"
445,"Elementary Assistant Football Coach [C176]","2026-07-13",NA,"Cheyenne, Wyoming","https://laramie1.schoolspring.com/","Laramie County School District 1","2026-08-04"
446,"Elementary Head Football Coach [C174]","2026-07-13",NA,"Cheyenne, Wyoming","https://laramie1.schoolspring.com/","Laramie County School District 1","2026-08-04"
447,"Elementary Head Football Coach [C174]","2026-07-13",NA,"Cheyenne, Wyoming","https://laramie1.schoolspring.com/","Laramie County School District 1","2026-08-04"
448,"Elementary Assistant Football Coach [C176]","2026-07-13",NA,"Cheyenne, Wyoming","https://laramie1.schoolspring.com/","Laramie County School District 1","2026-08-04"
449,"Elementary Head Football Coach [C174]","2026-07-13",NA,"Cheyenne, Wyoming","https://laramie1.schoolspring.com/","Laramie County School District 1","2026-08-04"
450,"Elementary Assistant Football Coach [C176]","2026-07-13",NA,"Cheyenne, Wyoming","https://laramie1.schoolspring.com/","Laramie County School District 1","2026-08-04"
451,"Elementary Assistant Football Coach [C176]","2026-07-13",NA,"Cheyenne, Wyoming","https://laramie1.schoolspring.com/","Laramie County School District 1","2026-08-04"
452,"Elementary Head Football Coach [C174]","2026-07-13",NA,"Cheyenne, Wyoming","https://laramie1.schoolspring.com/","Laramie County School District 1","2026-08-04"
453,"Elementary Assistant Football Coach [C176]","2026-07-13",NA,"Cheyenne, Wyoming","https://laramie1.schoolspring.com/","Laramie County School District 1","2026-08-04"
454,"Elementary Head Football Coach [C174]","2026-07-13",NA,"Cheyenne, Wyoming","https://laramie1.schoolspring.com/","Laramie County School District 1","2026-08-04"
455,"Elementary Head Football Coach [C174]","2026-07-13",NA,"Cheyenne, Wyoming","https://laramie1.schoolspring.com/","Laramie County School District 1","2026-08-04"
456,"Elementary Assistant Football Coach [C176]","2026-07-13",NA,"Cheyenne, Wyoming","https://laramie1.schoolspring.com/","Laramie County School District 1","2026-08-04"
457,"Elementary Head Football Coach [C174]","2026-07-13",NA,"Cheyenne, Wyoming","https://laramie1.schoolspring.com/","Laramie County School District 1","2026-08-04"
458,"Elementary Assistant Football Coach [C176]","2026-07-13",NA,"Cheyenne, Wyoming","https://laramie1.schoolspring.com/","Laramie County School District 1","2026-08-04"
459,"Elementary Head Football Coach [C174]","2026-07-13",NA,"Cheyenne, Wyoming","https://laramie1.schoolspring.com/","Laramie County School District 1","2026-08-04"
460,"Elementary Assistant Football Coach [C176]","2026-07-13",NA,"Cheyenne, Wyoming","https://laramie1.schoolspring.com/","Laramie County School District 1","2026-08-04"
461,"Elementary Head Football Coach [C174]","2026-07-13",NA,"Cheyenne, Wyoming","https://laramie1.schoolspring.com/","Laramie County School District 1","2026-08-04"
462,"Elementary Assistant Football Coach [C176]","2026-07-13",NA,"Cheyenne, Wyoming","https://laramie1.schoolspring.com/","Laramie County School District 1","2026-08-04"
463,"Elementary Assistant Football Coach [C176]","2026-07-13",NA,"Cheyenne, Wyoming","https://laramie1.schoolspring.com/","Laramie County School District 1","2026-08-04"
464,"Elementary Assistant Football Coach [C176]","2026-07-13",NA,"Cheyenne, Wyoming","https://laramie1.schoolspring.com/","Laramie County School District 1","2026-08-04"
465,"Elementary Head Football Coach [C174]","2026-07-13",NA,"Cheyenne, Wyoming","https://laramie1.schoolspring.com/","Laramie County School District 1","2026-08-04"
466,"Elementary Head Football Coach [C174]","2026-07-09",NA,"Cheyenne, Wyoming","https://laramie1.schoolspring.com/","Laramie County School District 1","2026-08-04"
467,"Elementary Assistant Football Coach [C176]","2026-07-09",NA,"Cheyenne, Wyoming","https://laramie1.schoolspring.com/","Laramie County School District 1","2026-08-04"
468,"Elementary Head Football Coach [C174]","2026-07-09",NA,"Cheyenne, Wyoming","https://laramie1.schoolspring.com/","Laramie County School District 1","2026-08-04"
469,"Elementary Assistant Football Coach [C176]","2026-07-09",NA,"Cheyenne, Wyoming","https://laramie1.schoolspring.com/","Laramie County School District 1","2026-08-04"
470,"Elementary Head Football Coach [C174]","2026-07-09",NA,"Cheyenne, Wyoming","https://laramie1.schoolspring.com/","Laramie County School District 1","2026-08-04"
471,"Elementary Assistant Football Coach [C176]","2026-07-09",NA,"Cheyenne, Wyoming","https://laramie1.schoolspring.com/","Laramie County School District 1","2026-08-04"
472,"Elementary Head Football Coach [C174]","2026-07-09",NA,"Cheyenne, Wyoming","https://laramie1.schoolspring.com/","Laramie County School District 1","2026-08-04"
473,"Elementary Assistant Football Coach [C176]","2026-07-09",NA,"Cheyenne, Wyoming","https://laramie1.schoolspring.com/","Laramie County School District 1","2026-08-04"
474,"Elementary Head Football Coach [C174]","2026-07-09",NA,"Cheyenne, Wyoming","https://laramie1.schoolspring.com/","Laramie County School District 1","2026-08-04"
475,"Elementary Assistant Football Coach [C176]","2026-07-09",NA,"Cheyenne, Wyoming","https://laramie1.schoolspring.com/","Laramie County School District 1","2026-08-04"
476,"Elementary Head Football Coach [C174]","2026-07-09",NA,"Cheyenne, Wyoming","https://laramie1.schoolspring.com/","Laramie County School District 1","2026-08-04"
477,"Elementary Head Football Coach [C174]","2026-07-08",NA,"Cheyenne, Wyoming","https://laramie1.schoolspring.com/","Laramie County School District 1","2026-08-04"
478,"Elementary Assistant Football Coach [C176]","2026-07-08",NA,"Cheyenne, Wyoming","https://laramie1.schoolspring.com/","Laramie County School District 1","2026-08-04"
479,"TEACHER BUS ED KEYBDG/COMP APP [TC06]","2026-07-08",NA,"Cheyenne, Wyoming","https://laramie1.schoolspring.com/","Laramie County School District 1","2026-08-04"
480,"Health Sciences Teacher [TC18]","2026-07-08",NA,"Cheyenne, Wyoming","https://laramie1.schoolspring.com/","Laramie County School District 1","2026-08-04"
481,"Paraeducator Special Education [XP08]","2026-07-07",NA,"Cheyenne, Wyoming","https://laramie1.schoolspring.com/","Laramie County School District 1","2026-08-04"
482,"Paraeducator Title I Pre-K [PA16]","2026-07-07",NA,"Cheyenne, Wyoming","https://laramie1.schoolspring.com/","Laramie County School District 1","2026-08-04"
483,"School Psychologist [XA01]","2026-07-06",NA,"Cheyenne, Wyoming","https://laramie1.schoolspring.com/","Laramie County School District 1","2026-08-04"
484,"Assistant Football Coach [C146]","2026-06-29",NA,"Cheyenne, Wyoming","https://laramie1.schoolspring.com/","Laramie County School District 1","2026-08-04"
485,"Assistant Football Coach [C146]","2026-06-25",NA,"Cheyenne, Wyoming","https://laramie1.schoolspring.com/","Laramie County School District 1","2026-08-04"
486,"Assistant Girls Basketball Coach [C078]","2026-06-24",NA,"Cheyenne, Wyoming","https://laramie1.schoolspring.com/","Laramie County School District 1","2026-08-04"
487,"Custodial - General Class 3 [CU05]","2026-06-22",NA,"Cheyenne, Wyoming","https://laramie1.schoolspring.com/","Laramie County School District 1","2026-08-04"
488,"Nutrition- Elementary Head Cashier [NU03]","2026-06-18",NA,"Cheyenne, Wyoming","https://laramie1.schoolspring.com/","Laramie County School District 1","2026-08-04"
489,"Nutrition Services Aid [NU02]","2026-06-18",NA,"Cheyenne, Wyoming","https://laramie1.schoolspring.com/","Laramie County School District 1","2026-08-04"
490,"Nutrition Services Aid [NU02]","2026-06-18",NA,"Cheyenne, Wyoming","https://laramie1.schoolspring.com/","Laramie County School District 1","2026-08-04"
491,"Substitute On-Call Nutrition Services Aid [S020]","2026-06-17",NA,"Cheyenne, Wyoming","https://laramie1.schoolspring.com/","Laramie County School District 1","2026-08-04"
492,"Nutrition- Elementary Head Cashier [NU03]","2026-06-17",NA,"Cheyenne, Wyoming","https://laramie1.schoolspring.com/","Laramie County School District 1","2026-08-04"
493,"Assistant Cross Country Coach","2026-06-17",NA,"Cheyenne, Wyoming","https://laramie1.schoolspring.com/","Laramie County School District 1","2026-08-04"
494,"Head Cross Country Coach [C144]","2026-06-17",NA,"Cheyenne, Wyoming","https://laramie1.schoolspring.com/","Laramie County School District 1","2026-08-04"
495,"Head Girls Soccer Coach [C122]","2026-06-09",NA,"Cheyenne, Wyoming","https://laramie1.schoolspring.com/","Laramie County School District 1","2026-08-04"
496,"Assistant Cross Country Coach [C142]","2026-06-09",NA,"Cheyenne, Wyoming","https://laramie1.schoolspring.com/","Laramie County School District 1","2026-08-04"
497,"Paraeducator General [PA07]","2026-06-04",NA,"Cheyenne, Wyoming","https://laramie1.schoolspring.com/","Laramie County School District 1","2026-08-04"
498,"Paraeducator General [PA07]","2026-06-04",NA,"Cheyenne, Wyoming","https://laramie1.schoolspring.com/","Laramie County School District 1","2026-08-04"
499,"Resource Teacher [XT21]","2026-06-02",NA,"Cheyenne, Wyoming","https://laramie1.schoolspring.com/","Laramie County School District 1","2026-08-04"
500,"Assistant Girls Wrestling Coach","2026-06-01",NA,"Cheyenne, Wyoming","https://laramie1.schoolspring.com/","Laramie County School District 1","2026-08-04"
501,"Biology/Life Science Teacher [TC26]","2026-06-01",NA,"Cheyenne, Wyoming","https://laramie1.schoolspring.com/","Laramie County School District 1","2026-08-04"
502,"Student Sweeper [ST05]","2026-05-28",NA,"Cheyenne, Wyoming","https://laramie1.schoolspring.com/","Laramie County School District 1","2026-08-04"
503,"Student Sweeper [ST05]","2026-05-22",NA,"Cheyenne, Wyoming","https://laramie1.schoolspring.com/","Laramie County School District 1","2026-08-04"
504,"Educational Sign Language Interpreter [XP05]","2026-05-18",NA,"Cheyenne, Wyoming","https://laramie1.schoolspring.com/","Laramie County School District 1","2026-08-04"
505,"Paraeducator Sign Support [XP05]","2026-05-18",NA,"Cheyenne, Wyoming","https://laramie1.schoolspring.com/","Laramie County School District 1","2026-08-04"
506,"School Psychologist [XA01]","2026-05-18",NA,"Cheyenne, Wyoming","https://laramie1.schoolspring.com/","Laramie County School District 1","2026-08-04"
507,"Head Cheer Coach [C108]","2026-05-18",NA,"Cheyenne, Wyoming","https://laramie1.schoolspring.com/","Laramie County School District 1","2026-08-04"
508,"Paraeducator General [PA07]","2026-05-18",NA,"Cheyenne, Wyoming","https://laramie1.schoolspring.com/","Laramie County School District 1","2026-08-04"
509,"Speech Language Pathologist-4 Positions available [XT14]","2026-05-06",NA,"Cheyenne, Wyoming","https://laramie1.schoolspring.com/","Laramie County School District 1","2026-08-04"
510,"Student Sweeper [ST05]","2026-05-04",NA,"Cheyenne, Wyoming","https://laramie1.schoolspring.com/","Laramie County School District 1","2026-08-04"
511,"Sub-Custodian [S010]","2026-05-01",NA,"Cheyenne, Wyoming","https://laramie1.schoolspring.com/","Laramie County School District 1","2026-08-04"
512,"Physical Therapist [XT07]","2026-04-30",NA,"Cheyenne, Wyoming","https://laramie1.schoolspring.com/","Laramie County School District 1","2026-08-04"
513,"Student Sweeper [ST05]","2026-04-20",NA,"Cheyenne, Wyoming","https://laramie1.schoolspring.com/","Laramie County School District 1","2026-08-04"
514,"Student Sweeper [ST05]","2026-04-20",NA,"Cheyenne, Wyoming","https://laramie1.schoolspring.com/","Laramie County School District 1","2026-08-04"
515,"Assistant Head Custodian - Class 4 [CU01]","2026-04-20",NA,"Cheyenne, Wyoming","https://laramie1.schoolspring.com/","Laramie County School District 1","2026-08-04"
516,"Custodial - Head Class 5 [CU02]","2026-02-17",NA,"Cheyenne, Wyoming","https://laramie1.schoolspring.com/","Laramie County School District 1","2026-08-04"
517,"Custodial - Head Class 5 [CU08]","2026-01-16",NA,"Cheyenne, Wyoming","https://laramie1.schoolspring.com/","Laramie County School District 1","2026-08-04"
518,"Student Sweeper [ST05]","2025-11-07",NA,"Cheyenne, Wyoming","https://laramie1.schoolspring.com/","Laramie County School District 1","2026-08-04"
519,"Student Sweeper [ST05]","2025-11-07",NA,"Cheyenne, Wyoming","https://laramie1.schoolspring.com/","Laramie County School District 1","2026-08-04"
520,"Student Sweeper [ST05]","2025-11-07",NA,"Cheyenne, Wyoming","https://laramie1.schoolspring.com/","Laramie County School District 1","2026-08-04"
521,"Student Sweeper [ST05]","2025-11-07",NA,"Cheyenne, Wyoming","https://laramie1.schoolspring.com/","Laramie County School District 1","2026-08-04"
522,"Student Sweeper [ST05]","2025-11-07",NA,"Cheyenne, Wyoming","https://laramie1.schoolspring.com/","Laramie County School District 1","2026-08-04"
523,"Paraeducator Sign Support [XP05]","2025-06-26",NA,"Cheyenne, Wyoming","https://laramie1.schoolspring.com/","Laramie County School District 1","2026-08-04"
524,"Fort Casper Academy Classroom Teacher for the 2026-27 School Year Only","2026-08-03",NA,"Casper, Wyoming","https://natronaschools.schoolspring.com/","Natrona School District 1","2026-08-04"
525,"KWHS Basketball Coach Aide","2026-08-03",NA,"Casper, Wyoming","https://natronaschools.schoolspring.com/","Natrona School District 1","2026-08-04"
526,"KWHS Assistant Football Coach","2026-08-03",NA,"Casper, Wyoming","https://natronaschools.schoolspring.com/","Natrona School District 1","2026-08-04"
527,"Education Support Specialist @ ABLE w/ Cafeteria Technician","2026-08-03",NA,"Casper, Wyoming","https://natronaschools.schoolspring.com/","Natrona School District 1","2026-08-04"
528,"NCHS Assistant Boys Wrestling Coach","2026-08-03",NA,"Casper, Wyoming","https://natronaschools.schoolspring.com/","Natrona School District 1","2026-08-04"
529,"Roosevelt High School Registrar","2026-08-03",NA,"Casper, Wyoming","https://natronaschools.schoolspring.com/","Natrona School District 1","2026-08-04"
530,"Cottonwood Education Support Personnel","2026-08-03",NA,"Casper, Wyoming","https://natronaschools.schoolspring.com/","Natrona School District 1","2026-08-04"
531,"Journey Part Time Education Support Personnel","2026-08-03",NA,"Casper, Wyoming","https://natronaschools.schoolspring.com/","Natrona School District 1","2026-08-04"
532,"Journey Education Support Personnel","2026-08-03",NA,"Casper, Wyoming","https://natronaschools.schoolspring.com/","Natrona School District 1","2026-08-04"
533,"KWHS Assistant Cross Country Coach","2026-08-03",NA,"Casper, Wyoming","https://natronaschools.schoolspring.com/","Natrona School District 1","2026-08-04"
534,"Southridge Behavior and Substitute Support Personnel","2026-08-03",NA,"Casper, Wyoming","https://natronaschools.schoolspring.com/","Natrona School District 1","2026-08-04"
535,"ABLE Education Support Specialist","2026-08-03",NA,"Casper, Wyoming","https://natronaschools.schoolspring.com/","Natrona School District 1","2026-08-04"
536,"Dean Morgan Cafeteria Specialist/Cafeteria Technician","2026-08-03",NA,"Casper, Wyoming","https://natronaschools.schoolspring.com/","Natrona School District 1","2026-08-04"
537,"Poison Spider Education Support Personnel/ Office and Records","2026-08-03",NA,"Casper, Wyoming","https://natronaschools.schoolspring.com/","Natrona School District 1","2026-08-04"
538,"NCHS Education Support Personnel","2026-07-31",NA,"Casper, Wyoming","https://natronaschools.schoolspring.com/","Natrona School District 1","2026-08-04"
539,"Paradise Valley Education Support Specialist (1 on 1 support in Base Classroom)","2026-07-31",NA,"Casper, Wyoming","https://natronaschools.schoolspring.com/","Natrona School District 1","2026-08-04"
540,"Fort Caspar Academy Education Support Specialist (FLS Classroom)","2026-07-31",NA,"Casper, Wyoming","https://natronaschools.schoolspring.com/","Natrona School District 1","2026-08-04"
541,"CYMS Assistant Cafeteria Manager","2026-07-30",NA,"Casper, Wyoming","https://natronaschools.schoolspring.com/","Natrona School District 1","2026-08-04"
542,"CMS Girls Wrestling Aide","2026-07-30",NA,"Casper, Wyoming","https://natronaschools.schoolspring.com/","Natrona School District 1","2026-08-04"
543,"CMS Girls Wrestling Head Coach","2026-07-30",NA,"Casper, Wyoming","https://natronaschools.schoolspring.com/","Natrona School District 1","2026-08-04"
544,"Oregon Trail Part-time Education Support Personnel","2026-07-30",NA,"Casper, Wyoming","https://natronaschools.schoolspring.com/","Natrona School District 1","2026-08-04"
545,"Paradise Valley Kindergarten Teacher for the 2026-27 School Year Only","2026-07-30",NA,"Casper, Wyoming","https://natronaschools.schoolspring.com/","Natrona School District 1","2026-08-04"
546,"CYMS Part Time Cafeteria Technician","2026-07-29",NA,"Casper, Wyoming","https://natronaschools.schoolspring.com/","Natrona School District 1","2026-08-04"
547,"Casper Mountain Science Program Intern","2026-07-28",NA,"Casper, Wyoming","https://natronaschools.schoolspring.com/","Natrona School District 1","2026-08-04"
548,"Centennial Education Support Personnel","2026-07-28",NA,"Casper, Wyoming","https://natronaschools.schoolspring.com/","Natrona School District 1","2026-08-04"
549,"Business Services Specialist (Finance &amp; Accounting)","2026-07-27",NA,"Casper, Wyoming","https://natronaschools.schoolspring.com/","Natrona School District 1","2026-08-04"
550,"Business Services Technician (Payroll)","2026-07-27",NA,"Casper, Wyoming","https://natronaschools.schoolspring.com/","Natrona School District 1","2026-08-04"
551,"NCHS Custodian","2026-07-27",NA,"Casper, Wyoming","https://natronaschools.schoolspring.com/","Natrona School District 1","2026-08-04"
552,"Information Systems Specialist- Business Department","2026-07-27",NA,"Casper, Wyoming","https://natronaschools.schoolspring.com/","Natrona School District 1","2026-08-04"
553,"KWHS Cafeteria Technician","2026-07-27",NA,"Casper, Wyoming","https://natronaschools.schoolspring.com/","Natrona School District 1","2026-08-04"
554,"Poison Spider Football Coach","2026-07-22",NA,"Casper, Wyoming","https://natronaschools.schoolspring.com/","Natrona School District 1","2026-08-04"
555,"Poison Spider Football Coach Aide","2026-07-22",NA,"Casper, Wyoming","https://natronaschools.schoolspring.com/","Natrona School District 1","2026-08-04"
556,"Cottonwood Tutor for the 2026-2027 School Years Only","2026-07-21",NA,"Casper, Wyoming","https://natronaschools.schoolspring.com/","Natrona School District 1","2026-08-04"
557,"Centennial Cafeteria Technician","2026-07-21",NA,"Casper, Wyoming","https://natronaschools.schoolspring.com/","Natrona School District 1","2026-08-04"
558,"Dean Morgan Basketball Aide","2026-07-20",NA,"Casper, Wyoming","https://natronaschools.schoolspring.com/","Natrona School District 1","2026-08-04"
559,"NCHS Education Support Specialist/Education Support Personnel","2026-07-20",NA,"Casper, Wyoming","https://natronaschools.schoolspring.com/","Natrona School District 1","2026-08-04"
560,"Bus Driver - 260 Day","2026-07-20",NA,"Casper, Wyoming","https://natronaschools.schoolspring.com/","Natrona School District 1","2026-08-04"
561,"Bus Driver -175 Day","2026-07-20",NA,"Casper, Wyoming","https://natronaschools.schoolspring.com/","Natrona School District 1","2026-08-04"
562,"Transportation Support Personnel","2026-07-20",NA,"Casper, Wyoming","https://natronaschools.schoolspring.com/","Natrona School District 1","2026-08-04"
563,"CCA 7th Grade Football Aide","2026-07-17",NA,"Casper, Wyoming","https://natronaschools.schoolspring.com/","Natrona School District 1","2026-08-04"
564,"CCA Middle Level Volleyball Aide","2026-07-17",NA,"Casper, Wyoming","https://natronaschools.schoolspring.com/","Natrona School District 1","2026-08-04"
565,"Dean Morgan Volleyball Aide","2026-07-14",NA,"Casper, Wyoming","https://natronaschools.schoolspring.com/","Natrona School District 1","2026-08-04"
566,"CMS Head Football Coach","2026-07-14",NA,"Casper, Wyoming","https://natronaschools.schoolspring.com/","Natrona School District 1","2026-08-04"
567,"KWHS Girls Assistant Basketball Coach","2026-07-14",NA,"Casper, Wyoming","https://natronaschools.schoolspring.com/","Natrona School District 1","2026-08-04"
568,"Fort Caspar Academy Education Support Specialist (1 on 1)","2026-07-13",NA,"Casper, Wyoming","https://natronaschools.schoolspring.com/","Natrona School District 1","2026-08-04"
569,"Midwest JH Football Aide","2026-06-30",NA,"Midwest, Wyoming","https://natronaschools.schoolspring.com/","Natrona School District 1","2026-08-04"
570,"Journey - Tutor for the 2026-2027 school year only","2026-06-29",NA,"Casper, Wyoming","https://natronaschools.schoolspring.com/","Natrona School District 1","2026-08-04"
571,"Journey Preschool Education Support Specialist beginning for 26-27 school year","2026-06-25",NA,"Casper, Wyoming","https://natronaschools.schoolspring.com/","Natrona School District 1","2026-08-04"
572,"Evansville Tutor for the 2026-2027 School Year Only","2026-06-21",NA,"Evansville, Wyoming","https://natronaschools.schoolspring.com/","Natrona School District 1","2026-08-04"
573,"Student Support Services Education Support Specialist beginning for the 26-27 school year","2026-06-15",NA,"Casper, Wyoming","https://natronaschools.schoolspring.com/","Natrona School District 1","2026-08-04"
574,"Classified Substitute 2026-2027 School Year","2026-06-15",NA,"Casper, Wyoming","https://natronaschools.schoolspring.com/","Natrona School District 1","2026-08-04"
575,"Park Classroom Teacher- Spanish Dual Language Immersion to Begin the 2026-27 School Year","2026-06-01",NA,"Casper, Wyoming","https://natronaschools.schoolspring.com/","Natrona School District 1","2026-08-04"
576,"Substitute Teacher 2026-2027 School Year","2026-06-01",NA,"Casper, Wyoming","https://natronaschools.schoolspring.com/","Natrona School District 1","2026-08-04"
577,"Education Interpreter-American Sign Language","2026-05-30",NA,"Casper, Wyoming","https://natronaschools.schoolspring.com/","Natrona School District 1","2026-08-04"
578,"NCHS Head Softball Coach","2026-05-29",NA,"Casper, Wyoming","https://natronaschools.schoolspring.com/","Natrona School District 1","2026-08-04"
579,"NCHS Assistant Softball Coach","2026-05-29",NA,"Casper, Wyoming","https://natronaschools.schoolspring.com/","Natrona School District 1","2026-08-04"
580,"NCHS Softball Aide","2026-05-29",NA,"Casper, Wyoming","https://natronaschools.schoolspring.com/","Natrona School District 1","2026-08-04"
581,"NCHS Nordic Ski Assistant Coach","2026-05-29",NA,"Casper, Wyoming","https://natronaschools.schoolspring.com/","Natrona School District 1","2026-08-04"
582,"NCHS Tennis Aide","2026-05-29",NA,"Casper, Wyoming","https://natronaschools.schoolspring.com/","Natrona School District 1","2026-08-04"
583,"District Therapeutic Counselor to Begin the 2026-2027 School Year","2026-05-29",NA,"Casper, Wyoming","https://natronaschools.schoolspring.com/","Natrona School District 1","2026-08-04"
584,"Dean Morgan Nordic Ski Aide","2026-05-22",NA,"Casper, Wyoming","https://natronaschools.schoolspring.com/","Natrona School District 1","2026-08-04"
585,"Verda James Part-Time Education Support Personnel to Begin the 2026-27 School Year","2026-05-22",NA,"Casper, Wyoming","https://natronaschools.schoolspring.com/","Natrona School District 1","2026-08-04"
586,"Dean Morgan Football Aide","2026-05-21",NA,"Casper, Wyoming","https://natronaschools.schoolspring.com/","Natrona School District 1","2026-08-04"
587,"CMS ILS Education Support Specialist beginning for the 26-27 school year","2026-05-21",NA,"Casper, Wyoming","https://natronaschools.schoolspring.com/","Natrona School District 1","2026-08-04"
588,"CMS Substitute on Daily Assignment- SPED to begin the 26-27 School Year","2026-05-19",NA,"Casper, Wyoming","https://natronaschools.schoolspring.com/","Natrona School District 1","2026-08-04"
589,"Special Education Teacher Beginning the 2026-27 School Year","2026-05-19",NA,"Casper, Wyoming","https://natronaschools.schoolspring.com/","Natrona School District 1","2026-08-04"
590,"KWHS Cheer Coach Aide","2026-05-18",NA,"Casper, Wyoming","https://natronaschools.schoolspring.com/","Natrona School District 1","2026-08-04"
591,"Occupational Therapist Beginning the 2026-2027 School Year","2026-05-14",NA,"Casper, Wyoming","https://natronaschools.schoolspring.com/","Natrona School District 1","2026-08-04"
592,"Assistive Technologist Special Education to Begin the 2026-27 School Year","2026-05-11",NA,"Casper, Wyoming","https://natronaschools.schoolspring.com/","Natrona School District 1","2026-08-04"
593,"Instructional Facilitator - Behavior Interventionist Beginning the 2026-2027 School Year","2026-05-11",NA,"Casper, Wyoming","https://natronaschools.schoolspring.com/","Natrona School District 1","2026-08-04"
594,"CYMS Part Time Education Support Personnel beginning for the 2026-2027 school year","2026-04-30",NA,"Casper, Wyoming","https://natronaschools.schoolspring.com/","Natrona School District 1","2026-08-04"
595,"Dean Morgan Education Support Personnel Beginning 26-27 School Year","2026-04-30",NA,"Casper, Wyoming","https://natronaschools.schoolspring.com/","Natrona School District 1","2026-08-04"
596,"Sagewood Behavior and Substitute Support Personnel Beginning 26-27 School Year","2026-04-30",NA,"Casper, Wyoming","https://natronaschools.schoolspring.com/","Natrona School District 1","2026-08-04"
597,"CYMS Head Cheer Coach","2026-04-24",NA,"Casper, Wyoming","https://natronaschools.schoolspring.com/","Natrona School District 1","2026-08-04"
598,"Substitute Custodian","2026-04-09",NA,"Casper, Wyoming","https://natronaschools.schoolspring.com/","Natrona School District 1","2026-08-04"
599,"Substitute Nurse","2026-04-09",NA,"Casper, Wyoming","https://natronaschools.schoolspring.com/","Natrona School District 1","2026-08-04"
600,"Seasonal Grounds Worker","2026-04-01",NA,"Casper, Wyoming","https://natronaschools.schoolspring.com/","Natrona School District 1","2026-08-04"
601,"Physical Therapist to begin 2026-2027 School Year","2026-03-18",NA,"Casper, Wyoming","https://natronaschools.schoolspring.com/","Natrona School District 1","2026-08-04"
602,"Substitute Bus Driver","2026-02-13",NA,"Casper, Wyoming","https://natronaschools.schoolspring.com/","Natrona School District 1","2026-08-04"
603,"Centennial Head Girls Soccer Coach","2026-01-16",NA,"Casper, Wyoming","https://natronaschools.schoolspring.com/","Natrona School District 1","2026-08-04"
604,"KWHS - Marine Instructor (MI) OR Senior ROTC Marine Instructor (SMI)","2025-07-10",NA,"Casper, Wyoming","https://natronaschools.schoolspring.com/","Natrona School District 1","2026-08-04"
605,"Cook/Custodian","2026-07-27",NA,"Albin, Wyoming","https://laramie2.schoolspring.com/","Laramie County School District 2","2026-08-04"
606,"Academic Tutor","2026-07-08",NA,"Burns, Wyoming","https://laramie2.schoolspring.com/","Laramie County School District 2","2026-08-04"
607,"Secondary Counselor/Social Worker","2026-07-06",NA,"Burns, Wyoming","https://laramie2.schoolspring.com/","Laramie County School District 2","2026-08-04"
608,"Paraprofessional","2026-04-27",NA,"Pine Bluffs, Wyoming","https://laramie2.schoolspring.com/","Laramie County School District 2","2026-08-04"
609,"Custodian","2026-03-23",NA,"Burns, Wyoming","https://laramie2.schoolspring.com/","Laramie County School District 2","2026-08-04"
610,"Speech-Language Pathologist 2026-27 School Year (Signing Bonus)","2026-03-12",NA,"Pine Bluffs, Wyoming","https://laramie2.schoolspring.com/","Laramie County School District 2","2026-08-04"
611,"Assistant High School Football Coach","2026-02-24",NA,"Burns, Wyoming","https://laramie2.schoolspring.com/","Laramie County School District 2","2026-08-04"
612,"Assistant JH Volleyball Numbers Coach","2025-12-02",NA,"Burns, Wyoming","https://laramie2.schoolspring.com/","Laramie County School District 2","2026-08-04"
613,"Substitute School Nurse","2025-09-15",NA,"Pine Bluffs, Wyoming","https://laramie2.schoolspring.com/","Laramie County School District 2","2026-08-04"
614,"ELL Parent Translator Contactor","2025-09-15",NA,"Pine Bluffs, Wyoming","https://laramie2.schoolspring.com/","Laramie County School District 2","2026-08-04"
615,"Assistant JH Football Coach","2025-08-05",NA,"Burns, Wyoming","https://laramie2.schoolspring.com/","Laramie County School District 2","2026-08-04"
616,"ELL Paraprofessional","2025-06-10",NA,"Pine Bluffs, Wyoming","https://laramie2.schoolspring.com/","Laramie County School District 2","2026-08-04"
617,"Sub Paraprofessional","2025-01-30",NA,"Pine Bluffs, Wyoming","https://laramie2.schoolspring.com/","Laramie County School District 2","2026-08-04"
618,"Sub Custodian","2025-01-30",NA,"Pine Bluffs, Wyoming","https://laramie2.schoolspring.com/","Laramie County School District 2","2026-08-04"
619,"Substitute Cook","2025-01-30",NA,"Pine Bluffs, Wyoming","https://laramie2.schoolspring.com/","Laramie County School District 2","2026-08-04"
620,"Substitute Teacher","2025-01-30",NA,"Pine Bluffs, Wyoming","https://laramie2.schoolspring.com/","Laramie County School District 2","2026-08-04"
621,"Substitute Bus Driver","2025-01-30",NA,"Pine Bluffs, Wyoming","https://laramie2.schoolspring.com/","Laramie County School District 2","2026-08-04"
622,"HIGH SCHOOL ASSISTANT COACH (FOOTBALL)","2026-08-04",NA,"Riverton, Wyoming","https://fremont25.schoolspring.com/","Fremont County School District 25","2026-08-04"
623,"CUSTODIAN FLOATER","2026-07-28",NA,"Riverton, Wyoming","https://fremont25.schoolspring.com/","Fremont County School District 25","2026-08-04"
624,"SUBSTITUTE CUSTODIAN","2026-07-16",NA,"Riverton, Wyoming","https://fremont25.schoolspring.com/","Fremont County School District 25","2026-08-04"
625,"NATIVE AMERICAN STUDENT ADVOCATE","2026-07-07",NA,"Riverton, Wyoming","https://fremont25.schoolspring.com/","Fremont County School District 25","2026-08-04"
626,"LAWN CREW","2026-06-23",NA,"Riverton, Wyoming","https://fremont25.schoolspring.com/","Fremont County School District 25","2026-08-04"
627,"ELEMENTARY TEACHER (SPED BSP/LR)","2026-06-02",NA,"Riverton, Wyoming","https://fremont25.schoolspring.com/","Fremont County School District 25","2026-08-04"
628,"MIDDLE SCHOOL ASSISTANT COACH (WRESTLING)","2026-05-27",NA,"Riverton, Wyoming","https://fremont25.schoolspring.com/","Fremont County School District 25","2026-08-04"
629,"HIGH SCHOOL ASSISTANT COACH (WRESTLING)","2026-05-21",NA,"Riverton, Wyoming","https://fremont25.schoolspring.com/","Fremont County School District 25","2026-08-04"
630,"ELEMENTARY TEACHER (SPED)","2026-05-12",NA,"Riverton, Wyoming","https://fremont25.schoolspring.com/","Fremont County School District 25","2026-08-04"
631,"INSTRUCTIONAL SUPPORT SPECIALIST","2026-04-13",NA,"Riverton, Wyoming","https://fremont25.schoolspring.com/","Fremont County School District 25","2026-08-04"
632,"HOMEBOUND AND DISTRICT PLACEMENT SPECIAL EDUCATION TEACHER (SPED)","2026-04-08",NA,"Riverton, Wyoming","https://fremont25.schoolspring.com/","Fremont County School District 25","2026-08-04"
633,"2026-2027 PARAPROFESSIONAL POOL","2026-03-27",NA,"Riverton, Wyoming","https://fremont25.schoolspring.com/","Fremont County School District 25","2026-08-04"
634,"SUBSTITUTE BUS DRIVER","2026-03-20",NA,"Riverton, Wyoming","https://fremont25.schoolspring.com/","Fremont County School District 25","2026-08-04"
635,"SPEECH LANGUAGE PATHOLOGIST","2026-02-09",NA,"Riverton, Wyoming","https://fremont25.schoolspring.com/","Fremont County School District 25","2026-08-04"
636,"BUS AIDE","2025-10-17",NA,"Riverton, Wyoming","https://fremont25.schoolspring.com/","Fremont County School District 25","2026-08-04"
637,"BUS DRIVER (PART TIME)","2025-10-17",NA,"Riverton, Wyoming","https://fremont25.schoolspring.com/","Fremont County School District 25","2026-08-04"
638,"SUBSTITUTE PARA","2025-09-26",NA,"Riverton, Wyoming","https://fremont25.schoolspring.com/","Fremont County School District 25","2026-08-04"
639,"SUBSTITUTE INTERPRETER FOR DEAF/HARD OF HEARING STUDENTS","2025-01-16",NA,"Riverton, Wyoming","https://fremont25.schoolspring.com/","Fremont County School District 25","2026-08-04"
640,"SUBSTITUTE DAYCARE ASSISTANT","2024-07-22",NA,"Riverton, Wyoming","https://fremont25.schoolspring.com/","Fremont County School District 25","2026-08-04"
641,"SUBSTITUTE TEACHER","2024-07-18",NA,"Riverton, Wyoming","https://fremont25.schoolspring.com/","Fremont County School District 25","2026-08-04"
642,"SUBSTITUTE NURSE","2024-07-18",NA,"Riverton, Wyoming","https://fremont25.schoolspring.com/","Fremont County School District 25","2026-08-04"
643,"LIFEGUARD","2024-03-01",NA,"Riverton, Wyoming","https://fremont25.schoolspring.com/","Fremont County School District 25","2026-08-04"
644,"DESK CLERK","2024-03-01",NA,"Riverton, Wyoming","https://fremont25.schoolspring.com/","Fremont County School District 25","2026-08-04"
645,"Monitor","2026-08-04",NA,"Laramie, Wyoming","https://acsd1.schoolspring.com/","Albany Count School District 1","2026-08-04"
646,"Monitor","2026-07-29",NA,"Laramie, Wyoming","https://acsd1.schoolspring.com/","Albany Count School District 1","2026-08-04"
647,"Monitor","2026-07-29",NA,"Laramie, Wyoming","https://acsd1.schoolspring.com/","Albany Count School District 1","2026-08-04"
648,"Middle School Physical Education Teacher","2026-07-28",NA,"Laramie, Wyoming","https://acsd1.schoolspring.com/","Albany Count School District 1","2026-08-04"
649,"Long Term Substitute School Nurse","2026-07-09",NA,"Laramie, Wyoming","https://acsd1.schoolspring.com/","Albany Count School District 1","2026-08-04"
650,"Substitute Teacher","2026-07-08",NA,"Laramie, Wyoming","https://acsd1.schoolspring.com/","Albany Count School District 1","2026-08-04"
651,"Personalized Learning Services Paraprofessional","2026-07-08",NA,"Laramie, Wyoming","https://acsd1.schoolspring.com/","Albany Count School District 1","2026-08-04"
652,"Special Education Teacher","2026-06-11",NA,"Laramie, Wyoming","https://acsd1.schoolspring.com/","Albany Count School District 1","2026-08-04"
653,"Junior High School Boys&#x27; Assistant Basketball Coach","2026-06-08",NA,"Rock River, Wyoming","https://acsd1.schoolspring.com/","Albany Count School District 1","2026-08-04"
654,"Middle School Assistant Track Coach","2026-06-08",NA,"Laramie, Wyoming","https://acsd1.schoolspring.com/","Albany Count School District 1","2026-08-04"
655,"Educational Sign Language Interpreter","2026-05-29",NA,"Laramie, Wyoming","https://acsd1.schoolspring.com/","Albany Count School District 1","2026-08-04"
656,"Middle School Boys&#x27; Basketball Coach","2026-05-28",NA,"Laramie, Wyoming","https://acsd1.schoolspring.com/","Albany Count School District 1","2026-08-04"
657,"Sports Paraprofessional","2026-05-28",NA,"Laramie, Wyoming","https://acsd1.schoolspring.com/","Albany Count School District 1","2026-08-04"
658,"Middle School Girls&#x27; Basketball Coach","2026-05-18",NA,"Laramie, Wyoming","https://acsd1.schoolspring.com/","Albany Count School District 1","2026-08-04"
659,"Certified Occupational Therapist","2026-04-03",NA,"Laramie, Wyoming","https://acsd1.schoolspring.com/","Albany Count School District 1","2026-08-04"
660,"High School Assistant Golf Coach","2026-03-04",NA,"Laramie, Wyoming","https://acsd1.schoolspring.com/","Albany Count School District 1","2026-08-04"
661,"Substitute Custodian","2025-07-21",NA,"Laramie, Wyoming","https://acsd1.schoolspring.com/","Albany Count School District 1","2026-08-04"
662,"Bus Aide","2025-06-05",NA,"Laramie, Wyoming","https://acsd1.schoolspring.com/","Albany Count School District 1","2026-08-04"
663,"Bus Driver","2025-06-05",NA,"Laramie, Wyoming","https://acsd1.schoolspring.com/","Albany Count School District 1","2026-08-04"
664,"Instructional Assistant - SPEA - ASD","2026-08-03",NA,"Gillette, Wyoming","https://campbell.schoolspring.com/","Campbell County Scholl District 1","2026-08-04"
665,"Instructional Assistant - Jr. Kindergarten SPEA","2026-08-03",NA,"Gillette, Wyoming","https://campbell.schoolspring.com/","Campbell County Scholl District 1","2026-08-04"
666,"Instructional Assistant - SPEA for Students with Visual Impairment","2026-07-31",NA,"Gillette, Wyoming","https://campbell.schoolspring.com/","Campbell County Scholl District 1","2026-08-04"
667,"Nutrition Service Assistant","2026-07-31",NA,"Gillette, Wyoming","https://campbell.schoolspring.com/","Campbell County Scholl District 1","2026-08-04"
668,"Assistant Cook","2026-07-31",NA,"Gillette, Wyoming","https://campbell.schoolspring.com/","Campbell County Scholl District 1","2026-08-04"
669,"Nutrition Services Site Manager","2026-07-31",NA,"Gillette, Wyoming","https://campbell.schoolspring.com/","Campbell County Scholl District 1","2026-08-04"
670,"Instructional Assistant - SPEA","2026-07-31",NA,"Rozet, Wyoming","https://campbell.schoolspring.com/","Campbell County Scholl District 1","2026-08-04"
671,"Nutrition Service Assistant","2026-07-30",NA,"Gillette, Wyoming","https://campbell.schoolspring.com/","Campbell County Scholl District 1","2026-08-04"
672,"Assistant Supervisor of Nutrition Services","2026-07-30",NA,"Gillette, Wyoming","https://campbell.schoolspring.com/","Campbell County Scholl District 1","2026-08-04"
673,"7/8 Football Coach","2026-07-30",NA,"Gillette, Wyoming","https://campbell.schoolspring.com/","Campbell County Scholl District 1","2026-08-04"
674,"Instructional Teacher Assistant","2026-07-29",NA,"Gillette, Wyoming","https://campbell.schoolspring.com/","Campbell County Scholl District 1","2026-08-04"
675,"Instructional Assistant - Special Programs Education Assistant","2026-07-29",NA,"Gillette, Wyoming","https://campbell.schoolspring.com/","Campbell County Scholl District 1","2026-08-04"
676,"Instructional Assistant - Title I Teacher Assistant","2026-07-29",NA,"Gillette, Wyoming","https://campbell.schoolspring.com/","Campbell County Scholl District 1","2026-08-04"
677,"Instructional Assistant - SPEA","2026-07-29",NA,"Gillette, Wyoming","https://campbell.schoolspring.com/","Campbell County Scholl District 1","2026-08-04"
678,"Cheerleading Sponsor - 7/8 Fall","2026-07-29",NA,"Gillette, Wyoming","https://campbell.schoolspring.com/","Campbell County Scholl District 1","2026-08-04"
679,"Special Programs Behavior Specialist","2026-07-24",NA,"Gillette, Wyoming","https://campbell.schoolspring.com/","Campbell County Scholl District 1","2026-08-04"
680,"Instructional Assistant - Emotionally Disabled Special Programs Education Assistant","2026-07-23",NA,"Gillette, Wyoming","https://campbell.schoolspring.com/","Campbell County Scholl District 1","2026-08-04"
681,"Instructional Assistant - Special Programs Education Assistant for Students with High Needs","2026-07-23",NA,"Gillette, Wyoming","https://campbell.schoolspring.com/","Campbell County Scholl District 1","2026-08-04"
682,"Instructional Assistant - SPEA","2026-07-23",NA,"Gillette, Wyoming","https://campbell.schoolspring.com/","Campbell County Scholl District 1","2026-08-04"
683,"Office Clerk","2026-07-23",NA,"Gillette, Wyoming","https://campbell.schoolspring.com/","Campbell County Scholl District 1","2026-08-04"
684,"Instructional Assistant - SPEA","2026-07-22",NA,"Gillette, Wyoming","https://campbell.schoolspring.com/","Campbell County Scholl District 1","2026-08-04"
685,"0.6 Custodian/0.4 Assistant Cook","2026-07-22",NA,"Gillette, Wyoming","https://campbell.schoolspring.com/","Campbell County Scholl District 1","2026-08-04"
686,"Instructional Assistant - SPEA - ED","2026-07-22",NA,"Gillette, Wyoming","https://campbell.schoolspring.com/","Campbell County Scholl District 1","2026-08-04"
687,"Instructional Assistant - Special Programs Education Assistant/ASD","2026-07-22",NA,"Gillette, Wyoming","https://campbell.schoolspring.com/","Campbell County Scholl District 1","2026-08-04"
688,"Instructional Assistant - SPEA","2026-07-22",NA,"Gillette, Wyoming","https://campbell.schoolspring.com/","Campbell County Scholl District 1","2026-08-04"
689,"Instructional Assistant - Behavior Assistant","2026-07-22",NA,"Gillette, Wyoming","https://campbell.schoolspring.com/","Campbell County Scholl District 1","2026-08-04"
690,"Instructional Teacher Assistant","2026-07-22",NA,"Gillette, Wyoming","https://campbell.schoolspring.com/","Campbell County Scholl District 1","2026-08-04"
691,"Instructional Teacher Assistant","2026-07-22",NA,"Gillette, Wyoming","https://campbell.schoolspring.com/","Campbell County Scholl District 1","2026-08-04"
692,"Instructional Assistant - Vocational Job Coach","2026-07-22",NA,"Wright, Wyoming","https://campbell.schoolspring.com/","Campbell County Scholl District 1","2026-08-04"
693,"BUS ASSISTANT - SPECIAL PROGRAMS","2026-07-22",NA,"Gillette, Wyoming","https://campbell.schoolspring.com/","Campbell County Scholl District 1","2026-08-04"
694,"ACTIVITY BUS DRIVER","2026-07-22",NA,"Gillette, Wyoming","https://campbell.schoolspring.com/","Campbell County Scholl District 1","2026-08-04"
695,"Safety Patrol","2026-07-22",NA,"Gillette, Wyoming","https://campbell.schoolspring.com/","Campbell County Scholl District 1","2026-08-04"
696,"Instructional Assistant - Technology Assistant","2026-07-22",NA,"Gillette, Wyoming","https://campbell.schoolspring.com/","Campbell County Scholl District 1","2026-08-04"
697,"Instructional Assistant - Special Programs Education Assistant for Students with High Needs","2026-07-22",NA,"Gillette, Wyoming","https://campbell.schoolspring.com/","Campbell County Scholl District 1","2026-08-04"
698,"Instructional Assistant - Special Programs Education Assistant for Students with High Needs","2026-07-22",NA,"Gillette, Wyoming","https://campbell.schoolspring.com/","Campbell County Scholl District 1","2026-08-04"
699,"Instructional Assistant - Special Programs Education Assistant","2026-07-22",NA,"Gillette, Wyoming","https://campbell.schoolspring.com/","Campbell County Scholl District 1","2026-08-04"
700,"Instructional Assistant - Vocational Job Coach","2026-07-22",NA,"Gillette, Wyoming","https://campbell.schoolspring.com/","Campbell County Scholl District 1","2026-08-04"
701,"Instructional Assistant - ESL (English as a Second Language) Teacher Assistant","2026-07-22",NA,"Gillette, Wyoming","https://campbell.schoolspring.com/","Campbell County Scholl District 1","2026-08-04"
702,"Instructional Assistant - Library Media Teacher Assistant","2026-07-15",NA,"Wright, Wyoming","https://campbell.schoolspring.com/","Campbell County Scholl District 1","2026-08-04"
703,"Instructional Assistant - Special Programs Education Assistant","2026-07-15",NA,"Wright, Wyoming","https://campbell.schoolspring.com/","Campbell County Scholl District 1","2026-08-04"
704,"Instructional Assistant - In-School Discipline Program Assistant","2026-07-15",NA,"Gillette, Wyoming","https://campbell.schoolspring.com/","Campbell County Scholl District 1","2026-08-04"
705,"Hearing Impaired Interpreter","2026-07-15",NA,"Gillette, Wyoming","https://campbell.schoolspring.com/","Campbell County Scholl District 1","2026-08-04"
706,"Events Co-Coordinator - Fall","2026-07-15",NA,"Gillette, Wyoming","https://campbell.schoolspring.com/","Campbell County Scholl District 1","2026-08-04"
707,"7/8 Football Coach","2026-07-10",NA,"Wright, Wyoming","https://campbell.schoolspring.com/","Campbell County Scholl District 1","2026-08-04"
708,"Instructional Assistant - SPEA","2026-07-08",NA,"Gillette, Wyoming","https://campbell.schoolspring.com/","Campbell County Scholl District 1","2026-08-04"
709,"Skilled Maintenance Crafts - Mechanic","2026-07-07",NA,"Gillette, Wyoming","https://campbell.schoolspring.com/","Campbell County Scholl District 1","2026-08-04"
710,"Substitute Teacher","2026-07-01",NA,"Gillette, Wyoming","https://campbell.schoolspring.com/","Campbell County Scholl District 1","2026-08-04"
711,"BUS DRIVER/BUS DRIVER IN TRAINING","2026-06-10",NA,"Gillette, Wyoming","https://campbell.schoolspring.com/","Campbell County Scholl District 1","2026-08-04"
712,"Speech/Language Pathologist","2026-05-14",NA,"Gillette, Wyoming","https://campbell.schoolspring.com/","Campbell County Scholl District 1","2026-08-04"
713,"Teacher of the Visually Impaired","2026-03-05",NA,"Gillette, Wyoming","https://campbell.schoolspring.com/","Campbell County Scholl District 1","2026-08-04"
714,"Instructional Assistant - SPEA - High Needs","2025-12-19",NA,"Gillette, Wyoming","https://campbell.schoolspring.com/","Campbell County Scholl District 1","2026-08-04"
715,"Orientation and Mobility Specialist","2025-12-19",NA,"Gillette, Wyoming","https://campbell.schoolspring.com/","Campbell County Scholl District 1","2026-08-04"
716,"Substitute School Nurse","2025-06-11",NA,"Gillette, Wyoming","https://campbell.schoolspring.com/","Campbell County Scholl District 1","2026-08-04"
717,"SCHOOL PSYCHOLOGIST INTERN","2025-01-31",NA,"Gillette, Wyoming","https://campbell.schoolspring.com/","Campbell County Scholl District 1","2026-08-04"
718,"Sample Classified Position","2010-02-16",NA,"Gillette, Wyoming","https://campbell.schoolspring.com/","Campbell County Scholl District 1","2026-08-04"
719,"Sample Certified Position","2010-02-16",NA,"Gillette, Wyoming","https://campbell.schoolspring.com/","Campbell County Scholl District 1","2026-08-04"
720,"Part-time Custodian","2026-07-27",NA,"Kaycee K-12 School","https://jobs.redroverk12.com/org/jcsd1","Johnson County School District 1","2026-08-04"
721,"Assistant Girls Basketball Coach","2026-07-27",NA,"Buffalo High School","https://jobs.redroverk12.com/org/jcsd1","Johnson County School District 1","2026-08-04"
722,"Special Education High Needs ParaProfessional","2026-07-23",NA,"JCSD#1","https://jobs.redroverk12.com/org/jcsd1","Johnson County School District 1","2026-08-04"
723,"Food Service Kitchen Lead","2026-06-09",NA,"Food Service","https://jobs.redroverk12.com/org/jcsd1","Johnson County School District 1","2026-08-04"
724,"Head Middle School Boys Basketball Coach","2026-06-09",NA,"Clear Creek Middle School","https://jobs.redroverk12.com/org/jcsd1","Johnson County School District 1","2026-08-04"
725,"FBLA Sponsor","2026-06-09",NA,"Buffalo High School","https://jobs.redroverk12.com/org/jcsd1","Johnson County School District 1","2026-08-04"
726,"Assistant Middle School Boys Basketball Coach","2026-04-23",NA,"Clear Creek Middle School","https://jobs.redroverk12.com/org/jcsd1","Johnson County School District 1","2026-08-04"
727,"Food Service Warehouse Transport","2026-03-02",NA,"Meadowlark Elementary School","https://jobs.redroverk12.com/org/jcsd1","Johnson County School District 1","2026-08-04"
728,"Sign Language Interpreter","2026-01-28",NA,"Buffalo High School","https://jobs.redroverk12.com/org/jcsd1","Johnson County School District 1","2026-08-04"
729,"Food Prep Tech","2025-12-08",NA,"JCSD#1","https://jobs.redroverk12.com/org/jcsd1","Johnson County School District 1","2026-08-04"
730,"Paraprofessional Substitute","2025-10-24",NA,"JCSD#1","https://jobs.redroverk12.com/org/jcsd1","Johnson County School District 1","2026-08-04"
731,"Custodian Staff Substitute","2025-09-05",NA,"JCSD#1","https://jobs.redroverk12.com/org/jcsd1","Johnson County School District 1","2026-08-04"
732,"Food Service Staff Substitute","2025-08-11",NA,"JCSD#1","https://jobs.redroverk12.com/org/jcsd1","Johnson County School District 1","2026-08-04"
733,"Substitute Teacher","2025-07-24",NA,"JCSD#1","https://jobs.redroverk12.com/org/jcsd1","Johnson County School District 1","2026-08-04"
734,"Substitute Buffalo Bus Route Driver","2025-07-16",NA,"JCSD#1","https://jobs.redroverk12.com/org/jcsd1","Johnson County School District 1","2026-08-04"
735,"Substitute Kaycee Bus Route Driver","2025-07-16",NA,"Kaycee K-12 School","https://jobs.redroverk12.com/org/jcsd1","Johnson County School District 1","2026-08-04"
736,"Assistant Middle School Boys Basketball Coach","2026-06-08",NA,"Thermopolis Middle School","https://jobs.redroverk12.com/org/hotsprings1","Hot Springs County School District 1","2026-08-04"
737,"Title I Paraprofessional","2026-06-03",NA,"Ralph Witters Elementary","https://jobs.redroverk12.com/org/hotsprings1","Hot Springs County School District 1","2026-08-04"
738,"Special Education Paraprofessional","2026-05-28",NA,NA,"https://jobs.redroverk12.com/org/hotsprings1","Hot Springs County School District 1","2026-08-04"
739,"Assistant High School Speech & Debate Sponsor","2026-04-30",NA,"Hot Springs County High School","https://jobs.redroverk12.com/org/hotsprings1","Hot Springs County School District 1","2026-08-04"
740,"Part-time Custodian","2026-04-21",NA,"Facilities","https://jobs.redroverk12.com/org/hotsprings1","Hot Springs County School District 1","2026-08-04"
741,"Transportation Assistant","2026-04-08",NA,"Transportation","https://jobs.redroverk12.com/org/hotsprings1","Hot Springs County School District 1","2026-08-04"
742,"Bus Driver","2026-04-08",NA,NA,"https://jobs.redroverk12.com/org/hotsprings1","Hot Springs County School District 1","2026-08-04"
743,"Crossing Guard","2026-04-08",NA,NA,"https://jobs.redroverk12.com/org/hotsprings1","Hot Springs County School District 1","2026-08-04"
744,"Substitute Paraprofessional","2026-02-02",NA,NA,"https://jobs.redroverk12.com/org/hotsprings1","Hot Springs County School District 1","2026-08-04"
745,"Child Nutrition Cook","2026-01-29",NA,NA,"https://jobs.redroverk12.com/org/hotsprings1","Hot Springs County School District 1","2026-08-04"
746,"Substitute Teacher","2025-06-26",NA,NA,"https://jobs.redroverk12.com/org/hotsprings1","Hot Springs County School District 1","2026-08-04"
747,"Activity Bus Driver- Star Valley",NA,NA,NA,"https://lcsd2.org/employment-opportunities/","Lincoln County School District 2","2026-08-04"
748,"Aide Pool- Star Valley",NA,NA,NA,"https://lcsd2.org/employment-opportunities/","Lincoln County School District 2","2026-08-04"
749,"Food Service Worker- Afton Elementary- 2 hours per day",NA,NA,NA,"https://lcsd2.org/employment-opportunities/","Lincoln County School District 2","2026-08-04"
750,"Food Service Worker- Cokeville- 2 1/4 hours per day",NA,NA,NA,"https://lcsd2.org/employment-opportunities/","Lincoln County School District 2","2026-08-04"
751,"Food Service Worker- Star Valley Middle School- 3 hours per day",NA,NA,NA,"https://lcsd2.org/employment-opportunities/","Lincoln County School District 2","2026-08-04"
752,"Musical Costumer- Star Valley High School",NA,NA,NA,"https://lcsd2.org/employment-opportunities/","Lincoln County School District 2","2026-08-04"
753,"Permanent Substitute Bus Driver- Star Valley",NA,NA,NA,"https://lcsd2.org/employment-opportunities/","Lincoln County School District 2","2026-08-04"
754,"Educational Sign Language Interpreter- District Wide",NA,NA,NA,"https://lcsd2.org/employment-opportunities/","Lincoln County School District 2","2026-08-04"
755,"Certified Substitute Teacher Pool- Cokeville",NA,NA,NA,"https://lcsd2.org/employment-opportunities/","Lincoln County School District 2","2026-08-04"
756,"Certified Substitute Teacher Pool- Star Valley",NA,NA,NA,"https://lcsd2.org/employment-opportunities/","Lincoln County School District 2","2026-08-04"
757,"Substitute Bus Aides- Star Valley",NA,NA,NA,"https://lcsd2.org/employment-opportunities/","Lincoln County School District 2","2026-08-04"
758,"Substitute Bus Drivers- Cokeville",NA,NA,NA,"https://lcsd2.org/employment-opportunities/","Lincoln County School District 2","2026-08-04"
759,"Substitute Bus Drivers- Star Valley",NA,NA,NA,"https://lcsd2.org/employment-opportunities/","Lincoln County School District 2","2026-08-04"
760,"Substitute Food Service (Cooks)",NA,NA,NA,"https://lcsd2.org/employment-opportunities/","Lincoln County School District 2","2026-08-04"
761,"Substitute School Nurse- Star Valley",NA,NA,NA,"https://lcsd2.org/employment-opportunities/","Lincoln County School District 2","2026-08-04"
762,"Color Guard Advisor- Star Valley High School",NA,NA,NA,"https://lcsd2.org/employment-opportunities/","Lincoln County School District 2","2026-08-04"
763,"Volunteer Coach/Advisor",NA,NA,NA,"https://lcsd2.org/employment-opportunities/","Lincoln County School District 2","2026-08-04"
764,"K-6 Elementary Teacher","2026-05-18",NA,NA,NA,"Niobrara County School District 1","2026-08-04"
765,"K-12 Band Teacher","2026-05-11",NA,NA,NA,"Niobrara County School District 1","2026-08-04"
766,"Elementary Teacher",NA,NA,NA,"https://www.growingluskleaders.org/page/human-resources","Niobrara County School District 1","2026-08-04"
767,"Music/Band Teacher",NA,NA,NA,"https://www.growingluskleaders.org/page/human-resources","Niobrara County School District 1","2026-08-04"
768,"Central Office Administrative Assistant",NA,NA,NA,"https://www.growingluskleaders.org/page/human-resources","Niobrara County School District 1","2026-08-04"
769,"Technology Support Staff",NA,NA,NA,"https://www.growingluskleaders.org/page/human-resources","Niobrara County School District 1","2026-08-04"
770,"SPED Paraprofessional",NA,NA,NA,"https://www.growingluskleaders.org/page/human-resources","Niobrara County School District 1","2026-08-04"
771,"Library/Media Support Staff",NA,NA,NA,"https://www.growingluskleaders.org/page/human-resources","Niobrara County School District 1","2026-08-04"
772,"BUS DRIVER SUBSTITUTES",NA,NA,NA,"https://www.growingluskleaders.org/page/human-resources","Niobrara County School District 1","2026-08-04"
773,"CUSTODIAL SUBSTITUTE",NA,NA,NA,"https://www.growingluskleaders.org/page/human-resources","Niobrara County School District 1","2026-08-04"
774,"K-12 School Guidance Counselor","2026-05-07",NA,NA,NA,"Park County School District 16","2026-08-04"
775,"Head Middle School Track Coach","2026-04-28",NA,NA,NA,"Park County School District 16","2026-08-04"
776,"HS Head Track Coach","2026-04-28",NA,NA,"https://pcsd16.com/271372_2","Park County School District 16","2026-08-04"
777,"MS Head Track Coach","2026-04-28",NA,NA,"https://pcsd16.com/271372_2","Park County School District 16","2026-08-04"
778,"School Guidance Counselor","2026-05-07",NA,NA,"https://pcsd16.com/271372_2","Park County School District 16","2026-08-04"
779,"Substitute Teachers (All Positions)","2026-06-17",NA,NA,NA,"Platte County School District 1","2026-08-04"
780,"Substitute Teachers (All Positions)","2026-06-17",NA,NA,NA,"Platte County School District 1","2026-08-04"
781,"Substitute Custodians","2026-04-21",NA,NA,NA,"Platte County School District 1","2026-08-04"
782,"Substitute Custodians","2026-04-21",NA,NA,NA,"Platte County School District 1","2026-08-04"
783,"High School Volleyball Aide","2026-06-11",NA,NA,NA,"Platte County School District 1","2026-08-04"
784,"Seeking Substitutes",NA,NA,NA,"https://www.platte1.org/89574_1","Platte County School District 1","2026-08-04"
785,"Hiring Subs",NA,NA,NA,"https://www.platte1.org/89574_1","Platte County School District 1","2026-08-04"
786,"Custodian Subs",NA,NA,NA,"https://www.platte1.org/89574_1","Platte County School District 1","2026-08-04"
787,"Wheatland Custodian",NA,NA,NA,"https://www.platte1.org/89574_1","Platte County School District 1","2026-08-04"
788,"Glendo Custodian",NA,NA,NA,"https://www.platte1.org/89574_1","Platte County School District 1","2026-08-04"
789,"VB Aide",NA,NA,NA,"https://www.platte1.org/89574_1","Platte County School District 1","2026-08-04"
790,"Bus Driver",NA,NA,NA,"https://www.platte1.org/89574_1","Platte County School District 1","2026-08-04"
791,"Maintenance Worker",NA,NA,NA,"https://www.platte1.org/89574_1","Platte County School District 1","2026-08-04"
792,"WHS Assist Girls BBall Coach 2",NA,NA,NA,"https://www.platte1.org/89574_1","Platte County School District 1","2026-08-04"
793,"SS Teacher",NA,NA,NA,"https://www.platte1.org/89574_1","Platte County School District 1","2026-08-04"
794,"WMS Assistant VB Coach",NA,NA,NA,"https://www.platte1.org/89574_1","Platte County School District 1","2026-08-04"
795,"WHS SPED Para",NA,NA,NA,"https://www.platte1.org/89574_1","Platte County School District 1","2026-08-04"
796,"WMS Glendo AD",NA,NA,NA,"https://www.platte1.org/89574_1","Platte County School District 1","2026-08-04"
797,"logo",NA,NA,NA,"https://www.platte1.org/89574_1","Platte County School District 1","2026-08-04"
798,"logo",NA,NA,NA,"https://www.platte1.org/89574_1","Platte County School District 1","2026-08-04"
799,"Accounts Payable Specialist","2026-07-07",NA,NA,NA,"Platte County School District 2","2026-08-04"
800,"Secondary Social Studies Teacher","2026-08-04",NA,NA,NA,"Platte County School District 2","2026-08-04"
801,"Substitute Certified Teachers",NA,NA,NA,"https://www.guernseysunrise.org/page/employment","Platte County School District 2","2026-08-04"
802,"Substitute Paraeducator",NA,NA,NA,"https://www.guernseysunrise.org/page/employment","Platte County School District 2","2026-08-04"
803,"Head Junior High School Boys Basketball Coach","2026-04-13",NA,NA,NA,"Sheridan County School District 3","2026-08-04"
804,"Middle School Special Education Paraprofessional","2026-08-04",NA,NA,NA,"Sublette County School District 1","2026-08-04"
805,"Elementary Special Education Paraprofessional","2026-07-14",NA,NA,NA,"Sublette County School District 1","2026-08-04"
806,"Speech-Language Pathologist Assistant","2026-04-13",NA,NA,NA,"Sublette County School District 1","2026-08-04"
807,"Assistant High School Girls Wrestling Coach","2026-04-27",NA,NA,NA,"Sublette County School District 1","2026-08-04"
808,"Elementary Special Education Paraprofessional 7/14/2026","2026-07-14",NA,NA,"https://www.sub1.org/en-US/employment-and-human-resources-f26202d3","Sublette County School District 1","2026-08-04"
809,"HS Girls Assistant Wrestling Coach - 26-27","2026-04-27",NA,NA,"https://www.sub1.org/en-US/employment-and-human-resources-f26202d3","Sublette County School District 1","2026-08-04"
810,"Middle School  Special Education Paraprofessional 08/04/2026","2026-08-04",NA,NA,"https://www.sub1.org/en-US/employment-and-human-resources-f26202d3","Sublette County School District 1","2026-08-04"
811,"Route Bus Drivers (2) 7-22-2026.docx","2026-07-22",NA,NA,"https://www.sub1.org/en-US/employment-and-human-resources-f26202d3","Sublette County School District 1","2026-08-04"
812,"Speech Language Pathologist Assistant (SLPA) 26-27.docx","2026-04-13",NA,NA,"https://www.sub1.org/en-US/employment-and-human-resources-f26202d3","Sublette County School District 1","2026-08-04"
813,"Substitute Bus Driver","2024-10-22",NA,NA,"https://www.sub1.org/en-US/employment-and-human-resources-f26202d3","Sublette County School District 1","2026-08-04"
814,"Substitute School Nurse","2024-10-22",NA,NA,"https://www.sub1.org/en-US/employment-and-human-resources-f26202d3","Sublette County School District 1","2026-08-04"
815,"Substitutes","2024-10-22",NA,NA,"https://www.sub1.org/en-US/employment-and-human-resources-f26202d3","Sublette County School District 1","2026-08-04"
816,"Secondary Math Teacher","2026-04-23",NA,NA,NA,"Uinta County School District 4","2026-08-04"
817,"Secondary Science Teacher","2026-06-18",NA,NA,NA,"Uinta County School District 4","2026-08-04"
818,"SPED Consultant Case Manager (Part-time)","2026-06-24",NA,NA,NA,"Uinta County School District 4","2026-08-04"
819,"K-12 Special Education Teacher","2026-04-23",NA,NA,NA,"Uinta County School District 4","2026-08-04"
820,"Assistant High School Football Coach","2026-04-23",NA,NA,NA,"Uinta County School District 4","2026-08-04"
821,"Assistant High School Boys Basketball Coach","2026-04-23",NA,NA,NA,"Uinta County School District 4","2026-08-04"
822,"School Bus Route Driver",NA,NA,NA,"https://www.uinta4.com/departments/business_office/job_opportunities/current_openings","Uinta County School District 4","2026-08-04"
823,"SpEd Paraeducator (2 high school positions, 1 K-8 position TBD)",NA,NA,NA,"https://www.uinta4.com/departments/business_office/job_opportunities/current_openings","Uinta County School District 4","2026-08-04"
824,"Musical Director",NA,NA,NA,"https://sites.google.com/lymanschools.org/ucsd6/home/job-openings","Uinta County School District 6","2026-08-04"
825,"K-12 Music Teacher","2026-03-25",NA,NA,NA,"Washakie County School District 2","2026-08-04"
826,"K-12 Music Teacher 2026-27 School Year",NA,NA,NA,"https://www.wsh2.k12.wy.us/apps/pages/index.jsp?uREC_ID=440610&type=d&pREC_ID=1008214","Washakie County School District 2","2026-08-04"
827,"High School Girls Basketball Coach",NA,NA,NA,"https://www.wsh2.k12.wy.us/apps/pages/index.jsp?uREC_ID=440610&type=d&pREC_ID=1008214","Washakie County School District 2","2026-08-04"
828,"Special Education District Case Manager/Secretary","2026-06-01",NA,NA,NA,"Weston County School District 1","2026-08-04"
829,"9-12 Woodworking Teacher","2026-04-21",NA,NA,NA,"Weston County School District 1","2026-08-04"
830,"Speech-Language Pathologist","2026-05-05",NA,NA,NA,"Weston County School District 1","2026-08-04"
831,"Head Boys and Girls Swimming Coach","2026-03-26",NA,NA,NA,"Weston County School District 1","2026-08-04"
832,"Head Middle School Girls Soccer Coach","2026-03-26",NA,NA,NA,"Weston County School District 1","2026-08-04"
833,"Business Manager Position",NA,NA,NA,"https://www.wcsd1.org/apps/pages/Career_Opportunities","Weston County School District 1","2026-08-04"
834,"Speech Language Pathologist Job Description",NA,NA,NA,"https://www.wcsd1.org/apps/pages/Career_Opportunities","Weston County School District 1","2026-08-04"
835,"Job Description - Music Teacher K12",NA,NA,NA,"https://www.wcsd1.org/apps/pages/Career_Opportunities","Weston County School District 1","2026-08-04"
836,"Industrial Arts/Woodworking Teacher (9-12) Description",NA,NA,NA,"https://www.wcsd1.org/apps/pages/Career_Opportunities","Weston County School District 1","2026-08-04"
837,"Special Education Case Manager Job Description",NA,NA,NA,"https://www.wcsd1.org/apps/pages/Career_Opportunities","Weston County School District 1","2026-08-04"
838,"Special Education Paraprofessional Positions",NA,NA,NA,"https://www.wcsd1.org/apps/pages/Career_Opportunities","Weston County School District 1","2026-08-04"
839,"MS HEAD BOYS SOCCER COACH",NA,NA,NA,"https://www.wcsd1.org/apps/pages/Career_Opportunities","Weston County School District 1","2026-08-04"
840,"MS Head Girls Soccer Coach",NA,NA,NA,"https://www.wcsd1.org/apps/pages/Career_Opportunities","Weston County School District 1","2026-08-04"
841,"HS assistant VB coach",NA,NA,NA,"https://www.wcsd1.org/apps/pages/Career_Opportunities","Weston County School District 1","2026-08-04"
842,"HS Assistant Cross Country Coach",NA,NA,NA,"https://www.wcsd1.org/apps/pages/Career_Opportunities","Weston County School District 1","2026-08-04"
843,"AssistantBoysSoccerCoach",NA,NA,NA,"https://www.wcsd1.org/apps/pages/Career_Opportunities","Weston County School District 1","2026-08-04"
844,"Assistant Volleyball Coach Job Opportunity",NA,NA,NA,"https://www.wcsd1.org/apps/pages/Career_Opportunities","Weston County School District 1","2026-08-04"
845,"Route Bus Drivers",NA,NA,NA,"https://www.wcsd1.org/apps/pages/Career_Opportunities","Weston County School District 1","2026-08-04"
846,"Substitutes",NA,NA,NA,"https://www.wcsd1.org/apps/pages/Career_Opportunities","Weston County School District 1","2026-08-04"
847,"Custodial-Kitchensubs",NA,NA,NA,"https://www.wcsd1.org/apps/pages/Career_Opportunities","Weston County School District 1","2026-08-04"
848,"Sub Bus Drivers",NA,NA,NA,"https://www.wcsd1.org/apps/pages/Career_Opportunities","Weston County School District 1","2026-08-04"
849,"Golf Coach","2026-04-21",NA,NA,NA,"Weston County School District 7","2026-08-04"
