"X","title","date_posted","position","location","url","District","Archive_Date"
1,"Assistant Middle School Track Coach-Rocky","2026-05-13","Athletics/ Activities/","Rocky Mountain Middle/High School","https://www.applitrack.com/bighorn1/onlineapp/JobPostings/view.asp?all=1","Big Horn School District 1","2026-08-03"
2,"Assistant Volleyball Coach- Burlington","2026-05-14","Athletics/ Activities/","Burlington Schools","https://www.applitrack.com/bighorn1/onlineapp/JobPostings/view.asp?all=1","Big Horn School District 1","2026-08-03"
3,"Middle School Assistant Football Coach-Burlington","2026-06-03","Athletics/ Activities/","Burlington Schools","https://www.applitrack.com/bighorn1/onlineapp/JobPostings/view.asp?all=1","Big Horn School District 1","2026-08-03"
4,"Assistant Middle School Track Coach-Burlington","2026-06-03","Athletics/ Activities/","Burlington Schools","https://www.applitrack.com/bighorn1/onlineapp/JobPostings/view.asp?all=1","Big Horn School District 1","2026-08-03"
5,"High School Head Track Coach-Rocky","2026-06-08","Athletics/ Activities/","Rocky Mountain Middle/High School","https://www.applitrack.com/bighorn1/onlineapp/JobPostings/view.asp?all=1","Big Horn School District 1","2026-08-03"
6,"Assistant HS Track Coach-Burlington","2026-07-01","Athletics/ Activities/","Burlington Schools","https://www.applitrack.com/bighorn1/onlineapp/JobPostings/view.asp?all=1","Big Horn School District 1","2026-08-03"
7,"MS/HS Success Coordinator Paraprofessional-Burlington","2026-07-08","Paraprofessional/","Burlington Schools","https://www.applitrack.com/bighorn1/onlineapp/JobPostings/view.asp?all=1","Big Horn School District 1","2026-08-03"
8,"Sub Nurse","2020-09-23","Student Support Services/","Big Horn Co School District 1","https://www.applitrack.com/bighorn1/onlineapp/JobPostings/view.asp?all=1","Big Horn School District 1","2026-08-03"
9,"Sub - Teacher","2020-09-23","Substitute/","Big Horn Co School District 1","https://www.applitrack.com/bighorn1/onlineapp/JobPostings/view.asp?all=1","Big Horn School District 1","2026-08-03"
10,"Sub- Custodial/Cook/Secretary","2020-09-23","Support Staff/","Big Horn Co School District 1","https://www.applitrack.com/bighorn1/onlineapp/JobPostings/view.asp?all=1","Big Horn School District 1","2026-08-03"
11,"Sub - Paraprofessional","2020-09-23","Support Staff/","Big Horn Co School District 1","https://www.applitrack.com/bighorn1/onlineapp/JobPostings/view.asp?all=1","Big Horn School District 1","2026-08-03"
12,"Sub- Route Bus Driver - Burlington","2020-09-23","Support Staff/","Transportation","https://www.applitrack.com/bighorn1/onlineapp/JobPostings/view.asp?all=1","Big Horn School District 1","2026-08-03"
13,"Sub- Route Bus Driver - Cowley","2020-09-23","Support Staff/","Transportation","https://www.applitrack.com/bighorn1/onlineapp/JobPostings/view.asp?all=1","Big Horn School District 1","2026-08-03"
14,"Substitute Teacher","2022-03-30","Substitute/","Big Horn County School District #2","https://www.applitrack.com/bgh2/onlineapp/default.aspx?all=1","Big Horn School District 2","2026-08-03"
15,"Special Education Paraprofessional","2026-07-16","Support Staff/","Big Horn County School District #2","https://www.applitrack.com/bgh2/onlineapp/default.aspx?all=1","Big Horn School District 2","2026-08-03"
16,"Substitute Route and Activity Bus Drivers",NA,"Transportation",NA,"https://www.applitrack.com/bgh2/onlineapp/default.aspx?all=1","Big Horn School District 2","2026-08-03"
17,"Route Bus Driver","2025-05-27","Transportation/","Big Horn County School District #2","https://www.applitrack.com/bgh2/onlineapp/default.aspx?all=1","Big Horn School District 2","2026-08-03"
18,"Life Skills Paraprofessional - Middle/High School","2026-08-02","Support Staff/","Greybull High School
(High-Needs School)","https://www.applitrack.com/bighorn/onlineapp/default.aspx?all=1","Big Horn School District 3","2026-08-03"
19,"Substitute Teacher","2017-07-05","Substitute/","District Wide","https://www.applitrack.com/bighorn/onlineapp/default.aspx?all=1","Big Horn School District 3","2026-08-03"
20,"Substitute Bus Driver / Activity Driver","2024-12-17","Transportation/","Transportation","https://www.applitrack.com/bighorn/onlineapp/default.aspx?all=1","Big Horn School District 3","2026-08-03"
21,"High School Assistant Volleyball Coach",NA,"Athletics/Activities","08/17/2026","https://www.applitrack.com/bgh4/onlineapp/default.aspx?all=1","Big Horn School District 4","2026-08-03"
22,"21 CCLC After School Program Activity Leaders",NA,"Student Support Services","as soon as possible","https://www.applitrack.com/bgh4/onlineapp/default.aspx?all=1","Big Horn School District 4","2026-08-03"
23,"Bus Driver",NA,"Support Staff","1/07/2022","https://www.applitrack.com/bgh4/onlineapp/default.aspx?all=1","Big Horn School District 4","2026-08-03"
24,"Substitute",NA,"Support Staff","as soon as possible","https://www.applitrack.com/bgh4/onlineapp/default.aspx?all=1","Big Horn School District 4","2026-08-03"
25,"Lifeguard","2026-06-11","Aquatics/","Rawlins Aquatics Center","https://www.applitrack.com/crb1/onlineapp/jobpostings/view.asp?all=1","Carbon County School District 1","2026-08-03"
26,"2nd Asst. Track Coach","2026-06-01","Athletics/Activities/","Rawlins Middle School","https://www.applitrack.com/crb1/onlineapp/jobpostings/view.asp?all=1","Carbon County School District 1","2026-08-03"
27,"2nd Asst Throwing Track Coach","2026-06-10","Athletics/Activities/","Rawlins Middle School","https://www.applitrack.com/crb1/onlineapp/jobpostings/view.asp?all=1","Carbon County School District 1","2026-08-03"
28,"Head Boys Soccer Coach","2026-07-06","Athletics/Activities/","Rawlins High School","https://www.applitrack.com/crb1/onlineapp/jobpostings/view.asp?all=1","Carbon County School District 1","2026-08-03"
29,"2nd Asst. Boys Wrestling Coach","2026-07-09","Athletics/Activities/","Rawlins Middle School","https://www.applitrack.com/crb1/onlineapp/jobpostings/view.asp?all=1","Carbon County School District 1","2026-08-03"
30,"Music Teacher",NA,"Elementary School Teaching",NA,"https://www.applitrack.com/crb1/onlineapp/jobpostings/view.asp?all=1","Carbon County School District 1","2026-08-03"
31,"Daycare Para Professional","2026-07-21","Elementary School Teaching/","District","https://www.applitrack.com/crb1/onlineapp/jobpostings/view.asp?all=1","Carbon County School District 1","2026-08-03"
32,"Substitute Food Service","2026-06-11","Food Service/","District","https://www.applitrack.com/crb1/onlineapp/jobpostings/view.asp?all=1","Carbon County School District 1","2026-08-03"
33,"Custodian",NA,"Maintenance/Custodial",NA,"https://www.applitrack.com/crb1/onlineapp/jobpostings/view.asp?all=1","Carbon County School District 1","2026-08-03"
34,"Substitute Custodian","2026-06-11","Maintenance/Custodial/","Little Snake River Valley School","https://www.applitrack.com/crb1/onlineapp/jobpostings/view.asp?all=1","Carbon County School District 1","2026-08-03"
35,"Substitute Custodian","2026-06-11","Maintenance/Custodial/","District","https://www.applitrack.com/crb1/onlineapp/jobpostings/view.asp?all=1","Carbon County School District 1","2026-08-03"
36,"Special Education Para Professional","2026-07-23","Special Education/","Rawlins Middle School","https://www.applitrack.com/crb1/onlineapp/jobpostings/view.asp?all=1","Carbon County School District 1","2026-08-03"
37,"Special Education Para Professional","2026-08-03","Special Education/","Rawlins Elementary School","https://www.applitrack.com/crb1/onlineapp/jobpostings/view.asp?all=1","Carbon County School District 1","2026-08-03"
38,"Substitute Teacher/ Para Professional","2026-06-11","Substitute/","District","https://www.applitrack.com/crb1/onlineapp/jobpostings/view.asp?all=1","Carbon County School District 1","2026-08-03"
39,"Building Para Professinal","2026-07-27","Support Staff/","Rawlins Elementary School","https://www.applitrack.com/crb1/onlineapp/jobpostings/view.asp?all=1","Carbon County School District 1","2026-08-03"
40,"Building (Office) Para Professional","2026-07-21","Support Staff/","Rawlins High School","https://www.applitrack.com/crb1/onlineapp/jobpostings/view.asp?all=1","Carbon County School District 1","2026-08-03"
41,"Substitute Bus Driver",NA,"Transportation","8/18/26","https://www.applitrack.com/crb1/onlineapp/jobpostings/view.asp?all=1","Carbon County School District 1","2026-08-03"
42,"Bus Driver","2023-09-22","Transportation/","District","https://www.applitrack.com/crb1/onlineapp/jobpostings/view.asp?all=1","Carbon County School District 1","2026-08-03"
43,"2nd Assistant High School Football Coach","2026-05-29","Athletics/Activities/","Saratoga Middle High School","https://www.applitrack.com/crb2/onlineapp/default.aspx?all=1","Carbon County School District 2","2026-08-03"
44,"First Assistant Middle School Football Coach","2026-06-04","Athletics/Activities/","Saratoga Middle High School","https://www.applitrack.com/crb2/onlineapp/default.aspx?all=1","Carbon County School District 2","2026-08-03"
45,"Other Assistant Middle School Boys Wrestling Coach","2026-06-04","Athletics/Activities/","Saratoga Middle High School","https://www.applitrack.com/crb2/onlineapp/default.aspx?all=1","Carbon County School District 2","2026-08-03"
46,"Assistant High School Wrestling Coach","2026-06-04","Athletics/Activities/","Saratoga Middle High School","https://www.applitrack.com/crb2/onlineapp/default.aspx?all=1","Carbon County School District 2","2026-08-03"
47,"First Assistant (Head) Middle School Boys Basketball Coach","2026-02-25","Athletics/Activities/","Encampment K-12","https://www.applitrack.com/crb2/onlineapp/default.aspx?all=1","Carbon County School District 2","2026-08-03"
48,"Other Assistant Middle School Boys Basketball Coach","2026-02-25","Athletics/Activities/","Encampment K-12","https://www.applitrack.com/crb2/onlineapp/default.aspx?all=1","Carbon County School District 2","2026-08-03"
49,"Assistant High School Volleyball Coach","2026-03-03","Athletics/Activities/","H-E-M Junior/Senior High School","https://www.applitrack.com/crb2/onlineapp/default.aspx?all=1","Carbon County School District 2","2026-08-03"
50,"Other Assistant Middle School Volleyball Coach","2026-03-06","Athletics/Activities/","H-E-M Junior/Senior High School","https://www.applitrack.com/crb2/onlineapp/default.aspx?all=1","Carbon County School District 2","2026-08-03"
51,"Other Assistant Middle School Football Coach","2026-03-10","Athletics/Activities/","Saratoga Middle High School","https://www.applitrack.com/crb2/onlineapp/default.aspx?all=1","Carbon County School District 2","2026-08-03"
52,"High School Assistant Boys Basketball Coach","2025-03-12","Athletics/Activities/","H-E-M Junior/Senior High School","https://www.applitrack.com/crb2/onlineapp/default.aspx?all=1","Carbon County School District 2","2026-08-03"
53,"Other Assistant Middle School Football Coach","2026-07-06","Athletics/Activities/","Encampment K-12","https://www.applitrack.com/crb2/onlineapp/default.aspx?all=1","Carbon County School District 2","2026-08-03"
54,"Other Assistant Middle School Girls Basketball Coach","2026-07-06","Athletics/Activities/","Saratoga Middle High School","https://www.applitrack.com/crb2/onlineapp/default.aspx?all=1","Carbon County School District 2","2026-08-03"
55,"District Mechanic","2026-04-23","Other/","CCSD#2","https://www.applitrack.com/crb2/onlineapp/default.aspx?all=1","Carbon County School District 2","2026-08-03"
56,"Occupational Therapist(s)","2023-12-22","Student Support Services/","CCSD#2","https://www.applitrack.com/crb2/onlineapp/default.aspx?all=1","Carbon County School District 2","2026-08-03"
57,"School Psychologist","2026-05-22","Student Support Services/","CCSD#2","https://www.applitrack.com/crb2/onlineapp/default.aspx?all=1","Carbon County School District 2","2026-08-03"
58,"Substitute Bus Driver 2026/2027 School Year","2026-06-30","Substitute/","CCSD#2","https://www.applitrack.com/crb2/onlineapp/default.aspx?all=1","Carbon County School District 2","2026-08-03"
59,"Substitute Classroom/Special Education Aide 2026/2027 School Year","2026-06-30","Substitute/","CCSD#2","https://www.applitrack.com/crb2/onlineapp/default.aspx?all=1","Carbon County School District 2","2026-08-03"
60,"Substitute Cook Helpers 2026/2027 School Year","2026-06-30","Substitute/","CCSD#2","https://www.applitrack.com/crb2/onlineapp/default.aspx?all=1","Carbon County School District 2","2026-08-03"
61,"Substitute Custodian 2026/2027 School Year","2026-06-30","Substitute/","CCSD#2","https://www.applitrack.com/crb2/onlineapp/default.aspx?all=1","Carbon County School District 2","2026-08-03"
62,"Substitute Teacher 2026/2027 School Year","2026-06-30","Substitute/","CCSD#2","https://www.applitrack.com/crb2/onlineapp/default.aspx?all=1","Carbon County School District 2","2026-08-03"
63,"Route Bus Driver","2025-12-02","Support Staff/","Encampment K-12","https://www.applitrack.com/crb2/onlineapp/default.aspx?all=1","Carbon County School District 2","2026-08-03"
64,"JH Assistant Girls Basketball Coach","2026-04-02","Athletics/Activities/","Glenrock Jr/Sr High School","https://www.applitrack.com/converse2/onlineapp/default.aspx?all=1","Converse County School Distrcit 2","2026-08-03"
65,"High School Assistant Football Coach","2026-04-13","Athletics/Activities/","Glenrock Jr/Sr High School","https://www.applitrack.com/converse2/onlineapp/default.aspx?all=1","Converse County School Distrcit 2","2026-08-03"
66,"Food Service Worker - Cook (Part -Time)","2026-07-14","Food Service/","Converse County School District #2","https://www.applitrack.com/converse2/onlineapp/default.aspx?all=1","Converse County School Distrcit 2","2026-08-03"
67,"Food Service Van Driver - (Part -Time)","2026-07-14","Food Service/","Converse County School District #2","https://www.applitrack.com/converse2/onlineapp/default.aspx?all=1","Converse County School Distrcit 2","2026-08-03"
68,"Occupational Therapist","2026-04-22","Student Support Services Certified/","Converse County School District #2","https://www.applitrack.com/converse2/onlineapp/default.aspx?all=1","Converse County School Distrcit 2","2026-08-03"
69,"Daycare Assistant","2026-07-14","Student Support Services Classified/","Grant Elementary School","https://www.applitrack.com/converse2/onlineapp/default.aspx?all=1","Converse County School Distrcit 2","2026-08-03"
70,"Special Education Paraprofessional","2026-04-30","Student Support Services Classified/","Converse County School District #2","https://www.applitrack.com/converse2/onlineapp/default.aspx?all=1","Converse County School Distrcit 2","2026-08-03"
71,"Substitute Teacher/Aid/Cook/Custodian/Bus Driver/Summer Help","2019-03-26","Substitute/","Converse County School District #2","https://www.applitrack.com/converse2/onlineapp/default.aspx?all=1","Converse County School Distrcit 2","2026-08-03"
72,"2026 DHS Volleyball Coach Aide","2026-08-02","Athletics/Activities/Extra Duty/","Activities Department","https://www.applitrack.com/ccsd1/onlineapp/default.aspx?all=1","Converse County School District 1","2026-08-03"
73,"DMS Custodian","2026-05-26","Maintenance/Custodial/","Maintenance","https://www.applitrack.com/ccsd1/onlineapp/default.aspx?all=1","Converse County School District 1","2026-08-03"
74,"DRC Lifeguard","2026-06-01","Student/","Douglas Recreation Center","https://www.applitrack.com/ccsd1/onlineapp/default.aspx?all=1","Converse County School District 1","2026-08-03"
75,"Occupational Therapist",NA,"Student Support Services","Immediately","https://www.applitrack.com/ccsd1/onlineapp/default.aspx?all=1","Converse County School District 1","2026-08-03"
76,"Elementary SPED Teacher",NA,"Student Support Services","08/03/2026","https://www.applitrack.com/ccsd1/onlineapp/default.aspx?all=1","Converse County School District 1","2026-08-03"
77,"Secondary SPED Teacher",NA,"Student Support Services","08/03/2026","https://www.applitrack.com/ccsd1/onlineapp/default.aspx?all=1","Converse County School District 1","2026-08-03"
78,"Certified Occupational Therapy Assistant (COTA)",NA,"Student Support Services","08/03/2026","https://www.applitrack.com/ccsd1/onlineapp/default.aspx?all=1","Converse County School District 1","2026-08-03"
79,"CCSD#1 Paraprofessionals","2026-07-09","Support Staff/","Converse County School District #1","https://www.applitrack.com/ccsd1/onlineapp/default.aspx?all=1","Converse County School District 1","2026-08-03"
80,"Crossing Guard","2026-06-23","Transportation/","Transportation","https://www.applitrack.com/ccsd1/onlineapp/default.aspx?all=1","Converse County School District 1","2026-08-03"
81,"Substitute Crossing Guard","2026-06-23","Transportation/","Transportation","https://www.applitrack.com/ccsd1/onlineapp/default.aspx?all=1","Converse County School District 1","2026-08-03"
82,"Head 7th Volleyball Coach","2025-12-16","Athletics/Activities/","Lander Middle School","https://www.applitrack.com/fremontwy/onlineapp/jobpostings/view.asp?all=1","Fremont County School District 1","2026-08-03"
83,"Math Teacher","2026-07-21","Certified Teaching/","Pathfinder High School","https://www.applitrack.com/fremontwy/onlineapp/jobpostings/view.asp?all=1","Fremont County School District 1","2026-08-03"
84,"Special Education Life Skills Paraprofessional (Multiple Positions Available)","2026-07-29","Paraprofessional/","Baldwin Creek Elementary","https://www.applitrack.com/fremontwy/onlineapp/jobpostings/view.asp?all=1","Fremont County School District 1","2026-08-03"
85,"SPED Behavior Paraprofessional (Multiple Positions)","2026-07-07","Paraprofessional/","Lander Middle School","https://www.applitrack.com/fremontwy/onlineapp/jobpostings/view.asp?all=1","Fremont County School District 1","2026-08-03"
86,"Substitute - Classroom (At-will)","2026-07-06","Substitute/","District-wide","https://www.applitrack.com/fremontwy/onlineapp/jobpostings/view.asp?all=1","Fremont County School District 1","2026-08-03"
87,"Substitute Bus/Activity Driver (at-will)","2025-06-11","Substitute/","Central Services","https://www.applitrack.com/fremontwy/onlineapp/jobpostings/view.asp?all=1","Fremont County School District 1","2026-08-03"
88,"Substitute Bus/ Activity Driver (At-Will)","2026-07-06","Substitute/","Central Services","https://www.applitrack.com/fremontwy/onlineapp/jobpostings/view.asp?all=1","Fremont County School District 1","2026-08-03"
89,"Non-CDL Route Driver","2026-07-06","Transportation / Warehouse/","District-wide","https://www.applitrack.com/fremontwy/onlineapp/jobpostings/view.asp?all=1","Fremont County School District 1","2026-08-03"
90,"Bus Monitor","2026-07-31","Transportation / Warehouse/","Central Services","https://www.applitrack.com/fremontwy/onlineapp/jobpostings/view.asp?all=1","Fremont County School District 1","2026-08-03"
91,"Special Education Director - Open Until Filled","2026-05-29","Administration/","Fremont County School District 21","https://www.applitrack.com/fortwashakieschool/onlineapp/default.aspx?all=1","Fremont County School District 21","2026-08-03"
92,"Northern Arapaho Language Teachers - Open Until Filled","2026-05-08","Elementary School Teaching/","Fremont County School District 21","https://www.applitrack.com/fortwashakieschool/onlineapp/default.aspx?all=1","Fremont County School District 21","2026-08-03"
93,"Substitute Cooks","2025-10-06","Student Support Services/","Fort Washakie Elementary","https://www.applitrack.com/fortwashakieschool/onlineapp/default.aspx?all=1","Fremont County School District 21","2026-08-03"
94,"Special Education Teachers - Open Until Filled.","2026-03-24","Student Support Services/","Fort Washakie Elementary","https://www.applitrack.com/fortwashakieschool/onlineapp/default.aspx?all=1","Fremont County School District 21","2026-08-03"
95,"Substitute Teacher","2023-09-12","Substitute/","Fort Washakie Elementary","https://www.applitrack.com/fortwashakieschool/onlineapp/default.aspx?all=1","Fremont County School District 21","2026-08-03"
96,"Paraprofessional (Special Education)","2026-03-24","Support Staff/","Fremont County School District 21","https://www.applitrack.com/fortwashakieschool/onlineapp/default.aspx?all=1","Fremont County School District 21","2026-08-03"
99,"High School Assistant Volleyball Coach",NA,"Athletics/Activities","07/01/2025","https://www.applitrack.com/fre6/onlineapp/default.aspx?all=1","Fremont County School District 6","2026-08-03"
100,"HS Boys Basketball Coach HEAD",NA,"Athletics/Activities","11/20/2026","https://www.applitrack.com/fre6/onlineapp/default.aspx?all=1","Fremont County School District 6","2026-08-03"
101,"Assistant HS Girls Basketball Coach",NA,"Athletics/Activities",NA,"https://www.applitrack.com/fre6/onlineapp/default.aspx?all=1","Fremont County School District 6","2026-08-03"
102,"Assistant High School Boys Basketball Coach",NA,"Athletics/Activities",NA,"https://www.applitrack.com/fre6/onlineapp/default.aspx?all=1","Fremont County School District 6","2026-08-03"
103,"Assistant HS Football Coach",NA,"Athletics/Activities",NA,"https://www.applitrack.com/fre6/onlineapp/default.aspx?all=1","Fremont County School District 6","2026-08-03"
104,"Head HS Girls Basketball Coach",NA,"Athletics/Activities",NA,"https://www.applitrack.com/fre6/onlineapp/default.aspx?all=1","Fremont County School District 6","2026-08-03"
105,"Head HS Wrestling Coach",NA,"Athletics/Activities",NA,"https://www.applitrack.com/fre6/onlineapp/default.aspx?all=1","Fremont County School District 6","2026-08-03"
106,"Youth Volleyball Coach",NA,"Athletics/Activities",NA,"https://www.applitrack.com/fre6/onlineapp/default.aspx?all=1","Fremont County School District 6","2026-08-03"
107,"Grounds Keeper/Custodian","2026-04-23","Maintenance/Custodial/","Wind River Schools","https://www.applitrack.com/fre6/onlineapp/default.aspx?all=1","Fremont County School District 6","2026-08-03"
108,"Custodian","2026-05-12","Maintenance/Custodial/","Wind River Schools","https://www.applitrack.com/fre6/onlineapp/default.aspx?all=1","Fremont County School District 6","2026-08-03"
109,"Title 1 Paraprofessional","2026-06-23","Paraprofessional/","Wind River Elementary","https://www.applitrack.com/fre6/onlineapp/default.aspx?all=1","Fremont County School District 6","2026-08-03"
110,"Substitute Teacher","2024-08-20","Substitute/","Wind River Schools","https://www.applitrack.com/fre6/onlineapp/default.aspx?all=1","Fremont County School District 6","2026-08-03"
111,"Substitute Para/Custodian/Food Service","2024-11-14","Substitute/","Wind River Schools","https://www.applitrack.com/fre6/onlineapp/default.aspx?all=1","Fremont County School District 6","2026-08-03"
112,"Bus Driver",NA,"Support Staff",NA,"https://www.applitrack.com/fre6/onlineapp/default.aspx?all=1","Fremont County School District 6","2026-08-03"
113,"Assistant High School Girls Basketball Coach","2026-05-15","Athletics/Activities/","Wyoming Indian High School","https://www.applitrack.com/fremont14/onlineapp/default.aspx?all=1","Fremont County School District 14","2026-08-03"
114,"High School Assistant Volleyball Coach","2026-05-15","Athletics/Activities/","Wyoming Indian High School","https://www.applitrack.com/fremont14/onlineapp/default.aspx?all=1","Fremont County School District 14","2026-08-03"
115,"High School Head Robotics Coach","2026-06-16","Athletics/Activities/","Wyoming Indian High School","https://www.applitrack.com/fremont14/onlineapp/default.aspx?all=1","Fremont County School District 14","2026-08-03"
116,"High School Assistant Robotics Coach","2026-06-16","Athletics/Activities/","Wyoming Indian High School","https://www.applitrack.com/fremont14/onlineapp/default.aspx?all=1","Fremont County School District 14","2026-08-03"
117,"Substitute School Nurse","2020-07-23","Student Health Services/","District Wide","https://www.applitrack.com/fremont14/onlineapp/default.aspx?all=1","Fremont County School District 14","2026-08-03"
118,"Substitute Teacher - Classroom","2018-10-09","Substitute Certified/","District Wide","https://www.applitrack.com/fremont14/onlineapp/default.aspx?all=1","Fremont County School District 14","2026-08-03"
119,"Substitute School Secretary",NA,"Substitute Non Certified",NA,"https://www.applitrack.com/fremont14/onlineapp/default.aspx?all=1","Fremont County School District 14","2026-08-03"
120,"Substitute Cook","2018-10-10","Substitute Non Certified/","District Wide","https://www.applitrack.com/fremont14/onlineapp/default.aspx?all=1","Fremont County School District 14","2026-08-03"
121,"Substitute Custodian","2019-09-09","Substitute Non Certified/","District Wide","https://www.applitrack.com/fremont14/onlineapp/default.aspx?all=1","Fremont County School District 14","2026-08-03"
122,"Bus Driver","2023-09-18","Transportation/","District Wide","https://www.applitrack.com/fremont14/onlineapp/default.aspx?all=1","Fremont County School District 14","2026-08-03"
123,"Substitute Bus Driver","2021-07-09","Transportation/","District Wide","https://www.applitrack.com/fremont14/onlineapp/default.aspx?all=1","Fremont County School District 14","2026-08-03"
125,"Freshman Football Coach","2026-06-01","Athletics/Activities/","Powell High School","https://www.applitrack.com/park1/onlineapp/default.aspx?all=1","Park County School District 1","2026-08-03"
126,"Paraeducator/Associate Custodian",NA,"Dual Position Support","08/20/2026","https://www.applitrack.com/park1/onlineapp/default.aspx?all=1","Park County School District 1","2026-08-03"
127,"Associate Custodian - Night Shift","2026-06-18","Maintenance/Custodial/","Powell Middle School","https://www.applitrack.com/park1/onlineapp/default.aspx?all=1","Park County School District 1","2026-08-03"
128,"Bus Paraeducator",NA,"Para-Educator","08/20/2026","https://www.applitrack.com/park1/onlineapp/default.aspx?all=1","Park County School District 1","2026-08-03"
129,"Job Coach Paraeducator","2026-06-25","Para-Educator/","Powell High School","https://www.applitrack.com/park1/onlineapp/default.aspx?all=1","Park County School District 1","2026-08-03"
130,"IMC Clerk","2026-07-20","Para-Educator/","Powell High School","https://www.applitrack.com/park1/onlineapp/default.aspx?all=1","Park County School District 1","2026-08-03"
131,"Elementary Paraeducators","2026-06-17","Para-Educator/","Parkside Elementary School","https://www.applitrack.com/park1/onlineapp/default.aspx?all=1","Park County School District 1","2026-08-03"
132,"Elementary Paraeducators","2026-06-17","Para-Educator/","Southside Elementary School","https://www.applitrack.com/park1/onlineapp/default.aspx?all=1","Park County School District 1","2026-08-03"
133,"Elementary Paraeducator","2026-06-17","Para-Educator/","Westside Elementary School","https://www.applitrack.com/park1/onlineapp/default.aspx?all=1","Park County School District 1","2026-08-03"
134,"Substitute School Nurse","2025-09-18","Student Support Services/","District-Wide K-12","https://www.applitrack.com/park1/onlineapp/default.aspx?all=1","Park County School District 1","2026-08-03"
135,"Substitute Teacher","2024-07-03","Substitute/","District-Wide K-12","https://www.applitrack.com/park1/onlineapp/default.aspx?all=1","Park County School District 1","2026-08-03"
136,"Substitute Custodian","2024-07-03","Substitute Support Services/","District-Wide K-12","https://www.applitrack.com/park1/onlineapp/default.aspx?all=1","Park County School District 1","2026-08-03"
137,"Substitute Para-Educator","2024-07-03","Substitute Support Services/","District-Wide K-12","https://www.applitrack.com/park1/onlineapp/default.aspx?all=1","Park County School District 1","2026-08-03"
138,"Substitute Bus Driver","2021-09-27","Transportation/","Transportation Department","https://www.applitrack.com/park1/onlineapp/default.aspx?all=1","Park County School District 1","2026-08-03"
139,"Bus Route Driver - Clark Elementary School - Clark, WY","2026-06-17","Transportation/","Transportation Department","https://www.applitrack.com/park1/onlineapp/default.aspx?all=1","Park County School District 1","2026-08-03"
140,"Route Bus Driver","2026-06-17","Transportation/","Transportation Department","https://www.applitrack.com/park1/onlineapp/default.aspx?all=1","Park County School District 1","2026-08-03"
141,"Assistant Girls Volleyball Coach (6) Positions","2026-06-01","Athletics/Activities/","Cody High School","https://www.applitrack.com/park6/onlineapp/default.aspx?all=1","Park County School District 6","2026-08-03"
142,"Middle School Volleyball Coach","2026-07-28","Athletics/Activities/","Cody Middle School","https://www.applitrack.com/park6/onlineapp/default.aspx?all=1","Park County School District 6","2026-08-03"
143,"High School Assistant Football Coach","2026-07-28","Athletics/Activities/","Cody High School","https://www.applitrack.com/park6/onlineapp/default.aspx?all=1","Park County School District 6","2026-08-03"
144,"Middle School Assistant Football Coach","2026-07-28","Athletics/Activities/","Cody Middle School","https://www.applitrack.com/park6/onlineapp/default.aspx?all=1","Park County School District 6","2026-08-03"
145,"School Nutrition Assistant (Part Time)","2026-07-21","Food Services/","Sunset Elementary School","https://www.applitrack.com/park6/onlineapp/default.aspx?all=1","Park County School District 6","2026-08-03"
146,"Custodian","2026-04-10","Maintenance/Custodial/","Cody High School","https://www.applitrack.com/park6/onlineapp/default.aspx?all=1","Park County School District 6","2026-08-03"
147,"ASD Special Education Teacher","2026-05-27","Student Support Services/","Livingston Elementary School","https://www.applitrack.com/park6/onlineapp/default.aspx?all=1","Park County School District 6","2026-08-03"
148,"ASD Special Education Teacher","2026-03-27","Student Support Services/","Cody Middle School","https://www.applitrack.com/park6/onlineapp/default.aspx?all=1","Park County School District 6","2026-08-03"
149,"Elementary Special Education Resource Teacher","2026-02-06","Student Support Services/","Eastside Elementary School","https://www.applitrack.com/park6/onlineapp/default.aspx?all=1","Park County School District 6","2026-08-03"
150,"Substitute Custodian 2026-2027 School Year","2026-07-08","Substitute/","All Schools","https://www.applitrack.com/park6/onlineapp/default.aspx?all=1","Park County School District 6","2026-08-03"
151,"Substitute Paraeducator (Aide) 2026-2027 School Year","2026-07-13","Substitute/","All Schools","https://www.applitrack.com/park6/onlineapp/default.aspx?all=1","Park County School District 6","2026-08-03"
152,"Substitute Nurse 2026-2027 School Year","2026-07-13","Substitute/","All Schools","https://www.applitrack.com/park6/onlineapp/default.aspx?all=1","Park County School District 6","2026-08-03"
153,"Substitute Teacher 2026-2027 School Year","2026-07-13","Substitute/","All Schools","https://www.applitrack.com/park6/onlineapp/default.aspx?all=1","Park County School District 6","2026-08-03"
154,"Special Education Behavior Paraeducator","2026-07-16","Support Staff/","All Schools","https://www.applitrack.com/park6/onlineapp/default.aspx?all=1","Park County School District 6","2026-08-03"
155,"Special Education Life Skills Paraeducator","2026-07-16","Support Staff/","All Schools","https://www.applitrack.com/park6/onlineapp/default.aspx?all=1","Park County School District 6","2026-08-03"
156,"Special Education Resource Paraeducator","2026-07-16","Support Staff/","All Schools","https://www.applitrack.com/park6/onlineapp/default.aspx?all=1","Park County School District 6","2026-08-03"
157,"ELL Para Educator - Part Time","2026-07-16","Support Staff/","All Schools","https://www.applitrack.com/park6/onlineapp/default.aspx?all=1","Park County School District 6","2026-08-03"
158,"Rural School Paraeducator","2026-06-17","Support Staff/","Valley Elementary School","https://www.applitrack.com/park6/onlineapp/default.aspx?all=1","Park County School District 6","2026-08-03"
159,"Kinderboost Elementary Para Educator (Part Time)","2026-07-28","Support Staff/","District Office","https://www.applitrack.com/park6/onlineapp/default.aspx?all=1","Park County School District 6","2026-08-03"
160,"Permanent Support Specialist - Special Education","2026-07-28","Support Staff/","District Wide","https://www.applitrack.com/park6/onlineapp/default.aspx?all=1","Park County School District 6","2026-08-03"
161,"Bus Aide",NA,"Transportation","08/17/2026","https://www.applitrack.com/park6/onlineapp/default.aspx?all=1","Park County School District 6","2026-08-03"
162,"Route Driver",NA,"Transportation","08/17/2026","https://www.applitrack.com/park6/onlineapp/default.aspx?all=1","Park County School District 6","2026-08-03"
163,"Crossing Guard","2026-07-16","Transportation/","All Schools","https://www.applitrack.com/park6/onlineapp/default.aspx?all=1","Park County School District 6","2026-08-03"
164,"TRE Cook","2026-06-08","Food Service/","Tongue River Elementary","https://www.applitrack.com/sheridanwy/onlineapp/default.aspx?all=1","Sheridan County School District 1","2026-08-03"
165,"Tongue River Custodian","2026-07-23","Maintenance/Custodial/","TR Schools","https://www.applitrack.com/sheridanwy/onlineapp/default.aspx?all=1","Sheridan County School District 1","2026-08-03"
166,"TRE Paraprofessional","2026-07-22","Support Staff/","Tongue River Elementary","https://www.applitrack.com/sheridanwy/onlineapp/default.aspx?all=1","Sheridan County School District 1","2026-08-03"
167,"TRMS Assistant Wrestling Coach","2026-06-29","Athletics/Activities/","Tongue River Middle School","https://www.applitrack.com/sheridanwy/onlineapp/default.aspx?all=1","Sheridan County School District 1","2026-08-03"
168,"TRMS Assistant Cross-Country Coach","2026-02-04","Athletics/Activities/","Tongue River Middle School","https://www.applitrack.com/sheridanwy/onlineapp/default.aspx?all=1","Sheridan County School District 1","2026-08-03"
169,"TRMS Assistant Volleyball Coach","2026-02-04","Athletics/Activities/","Tongue River Middle School","https://www.applitrack.com/sheridanwy/onlineapp/default.aspx?all=1","Sheridan County School District 1","2026-08-03"
170,"TRHS Assistant Boys Basketball Coach","2026-05-05","Athletics/Activities/","Tongue River High School","https://www.applitrack.com/sheridanwy/onlineapp/default.aspx?all=1","Sheridan County School District 1","2026-08-03"
171,"Big Horn Custodian","2025-12-08","Maintenance/Custodial/","Big Horn High School","https://www.applitrack.com/sheridanwy/onlineapp/default.aspx?all=1","Sheridan County School District 1","2026-08-03"
172,"Bus Driver","2025-04-01","Transportation/","District-Wide","https://www.applitrack.com/sheridanwy/onlineapp/default.aspx?all=1","Sheridan County School District 1","2026-08-03"
173,"TRMS Assistant Girls Basketball Coach","2025-05-20","Athletics/Activities/","Tongue River Middle School","https://www.applitrack.com/sheridanwy/onlineapp/default.aspx?all=1","Sheridan County School District 1","2026-08-03"
174,"TRHS Assistant Track Coach","2025-06-03","Athletics/Activities/","Tongue River High School","https://www.applitrack.com/sheridanwy/onlineapp/default.aspx?all=1","Sheridan County School District 1","2026-08-03"
175,"TRMS Assistant Robotics Coach","2025-08-12","Athletics/Activities/","Tongue River Middle School","https://www.applitrack.com/sheridanwy/onlineapp/default.aspx?all=1","Sheridan County School District 1","2026-08-03"
176,"Substitute - Support Staff","2018-07-03","Substitute/","District-Wide","https://www.applitrack.com/sheridanwy/onlineapp/default.aspx?all=1","Sheridan County School District 1","2026-08-03"
177,"Substitute - Teacher","2018-07-09","Substitute/","District-Wide","https://www.applitrack.com/sheridanwy/onlineapp/default.aspx?all=1","Sheridan County School District 1","2026-08-03"
178,"Spring Musical Director - Sheridan High School",NA,"Activities",NA,"https://www.applitrack.com/scsd2/OnlineApp/default.aspx?all=1","Sheridan County School District 2","2026-08-03"
179,"After School Program Site Coordinator - Highland Park Elementary","2026-05-12","After School Program/","Highland Park","https://www.applitrack.com/scsd2/OnlineApp/default.aspx?all=1","Sheridan County School District 2","2026-08-03"
180,"Assistant Volleyball Coach - 8th Grade Girls - Sheridan Junior High School",NA,"Athletic Coaches",NA,"https://www.applitrack.com/scsd2/OnlineApp/default.aspx?all=1","Sheridan County School District 2","2026-08-03"
181,"Assistant Football Coach 8th Grade - Sheridan Junior High School",NA,"Athletic Coaches",NA,"https://www.applitrack.com/scsd2/OnlineApp/default.aspx?all=1","Sheridan County School District 2","2026-08-03"
182,"Assistant Basketball Coach - 9th Grade B Team - Sheridan High School",NA,"Athletic Coaches",NA,"https://www.applitrack.com/scsd2/OnlineApp/default.aspx?all=1","Sheridan County School District 2","2026-08-03"
183,"Assistant Wrestling Coach - Sheridan Junior High School",NA,"Athletic Coaches",NA,"https://www.applitrack.com/scsd2/OnlineApp/default.aspx?all=1","Sheridan County School District 2","2026-08-03"
184,"Girls Assistant Volleyball Coach - 7th Grade B Team - Sheridan Junior High School",NA,"Athletic Coaches",NA,"https://www.applitrack.com/scsd2/OnlineApp/default.aspx?all=1","Sheridan County School District 2","2026-08-03"
185,"Girls Basketball Coach - 7th Grade C Team - Sheridan Junior High School",NA,"Athletic Coaches",NA,"https://www.applitrack.com/scsd2/OnlineApp/default.aspx?all=1","Sheridan County School District 2","2026-08-03"
186,"Sheridan High School Assistant Girls Soccer Coach",NA,"Athletic Coaches",NA,"https://www.applitrack.com/scsd2/OnlineApp/default.aspx?all=1","Sheridan County School District 2","2026-08-03"
187,"SHS Assistant Softball Coach",NA,"Athletic Coaches",NA,"https://www.applitrack.com/scsd2/OnlineApp/default.aspx?all=1","Sheridan County School District 2","2026-08-03"
188,"Assistant Indoor/Outdoor Track- Throws Coach",NA,"Athletic Coaches",NA,"https://www.applitrack.com/scsd2/OnlineApp/default.aspx?all=1","Sheridan County School District 2","2026-08-03"
189,"Head Football Coach - 7th Grade Boys - Sheridan Junior High School","2026-01-29","Athletic Coaches/","Sheridan Junior High School","https://www.applitrack.com/scsd2/OnlineApp/default.aspx?all=1","Sheridan County School District 2","2026-08-03"
190,"Head Basketball Coach - Boys 7th Grade - Sheridan Junior High School","2026-04-21","Athletic Coaches/","Sheridan Junior High School","https://www.applitrack.com/scsd2/OnlineApp/default.aspx?all=1","Sheridan County School District 2","2026-08-03"
191,"Head 8th Grade Football Coach - Sheridan Junior High School","2026-05-06","Athletic Coaches/","Sheridan Junior High School","https://www.applitrack.com/scsd2/OnlineApp/default.aspx?all=1","Sheridan County School District 2","2026-08-03"
192,"Kitchen Supervisor - Henry A. Coffeen Elementary","2026-06-10","Food Services Staff/","Henry A. Coffeen","https://www.applitrack.com/scsd2/OnlineApp/default.aspx?all=1","Sheridan County School District 2","2026-08-03"
193,"Second Cook - Sheridan Junior High School","2026-06-10","Food Services Staff/","Sheridan Junior High School","https://www.applitrack.com/scsd2/OnlineApp/default.aspx?all=1","Sheridan County School District 2","2026-08-03"
194,"High School English Classroom Teacher","2026-08-03","High School Teaching/","Sheridan High School","https://www.applitrack.com/scsd2/OnlineApp/default.aspx?all=1","Sheridan County School District 2","2026-08-03"
195,"Special Education Paraprofessional Position - Highland Park Elementary",NA,"Paraprofessionals",NA,"https://www.applitrack.com/scsd2/OnlineApp/default.aspx?all=1","Sheridan County School District 2","2026-08-03"
196,"Title 1 Paraprofessional - Henry A. Coffeen Elementary",NA,"Paraprofessionals",NA,"https://www.applitrack.com/scsd2/OnlineApp/default.aspx?all=1","Sheridan County School District 2","2026-08-03"
197,"Special Education Paraprofessional - Henry A. Coffeen Elementary",NA,"Paraprofessionals",NA,"https://www.applitrack.com/scsd2/OnlineApp/default.aspx?all=1","Sheridan County School District 2","2026-08-03"
198,"English Language /Special Education Paraprofessional - Highland Park Elementary",NA,"Paraprofessionals",NA,"https://www.applitrack.com/scsd2/OnlineApp/default.aspx?all=1","Sheridan County School District 2","2026-08-03"
199,"Substitute Teacher (for prior SCSD2 Teachers only)","2026-07-17","Prior Employee/","District Wide","https://www.applitrack.com/scsd2/OnlineApp/default.aspx?all=1","Sheridan County School District 2","2026-08-03"
200,"Seasonal Bus Mechanic",NA,"Seasonal Staff",NA,"https://www.applitrack.com/scsd2/OnlineApp/default.aspx?all=1","Sheridan County School District 2","2026-08-03"
201,"Substitute Custodian - Districtwide",NA,"Substitutes",NA,"https://www.applitrack.com/scsd2/OnlineApp/default.aspx?all=1","Sheridan County School District 2","2026-08-03"
202,"Substitute Bus Paraprofessional - Districtwide",NA,"Substitutes",NA,"https://www.applitrack.com/scsd2/OnlineApp/default.aspx?all=1","Sheridan County School District 2","2026-08-03"
203,"Substitute Paraprofessional - Districtwide",NA,"Substitutes",NA,"https://www.applitrack.com/scsd2/OnlineApp/default.aspx?all=1","Sheridan County School District 2","2026-08-03"
204,"Substitute School Nurse - Districtwide",NA,"Substitutes",NA,"https://www.applitrack.com/scsd2/OnlineApp/default.aspx?all=1","Sheridan County School District 2","2026-08-03"
205,"Substitute Teacher - Districtwide","2026-07-17","Substitutes/","District Wide","https://www.applitrack.com/scsd2/OnlineApp/default.aspx?all=1","Sheridan County School District 2","2026-08-03"
206,"IT Summer Intern","2026-06-04","Technology Staff/","Thore","https://www.applitrack.com/scsd2/OnlineApp/default.aspx?all=1","Sheridan County School District 2","2026-08-03"
207,"Bus Driver - Districtwide",NA,"Transportation Staff",NA,"https://www.applitrack.com/scsd2/OnlineApp/default.aspx?all=1","Sheridan County School District 2","2026-08-03"
208,"Substitute Bus Driver",NA,"Transportation Staff",NA,"https://www.applitrack.com/scsd2/OnlineApp/default.aspx?all=1","Sheridan County School District 2","2026-08-03"
210,"RSHS Head Activity Sponsor - FBLA","2026-07-02","Athletics/Activities/","Rock Springs High School","https://www.applitrack.com/sweetwater/onlineapp/default.aspx?all=1","Sweetwater County School District 1","2026-08-03"
211,"RSHS Assistant Coach - Boys Swim","2026-06-24","Athletics/Activities/","Rock Springs High School","https://www.applitrack.com/sweetwater/onlineapp/default.aspx?all=1","Sweetwater County School District 1","2026-08-03"
212,"RSHS Assistant Coach - Girls Swim","2026-06-24","Athletics/Activities/","Rock Springs High School","https://www.applitrack.com/sweetwater/onlineapp/default.aspx?all=1","Sweetwater County School District 1","2026-08-03"
213,"RSHS Assistant Outdoor Track Coach (2)","2026-05-12","Athletics/Activities/","Rock Springs High School","https://www.applitrack.com/sweetwater/onlineapp/default.aspx?all=1","Sweetwater County School District 1","2026-08-03"
214,"RSJH Assistant Coach - Swim","2026-06-01","Athletics/Activities/","Rock Springs Junior High School","https://www.applitrack.com/sweetwater/onlineapp/default.aspx?all=1","Sweetwater County School District 1","2026-08-03"
215,"RSHS Assistant Girls Basketball Coach - Freshman","2026-07-21","Athletics/Activities/","Rock Springs High School","https://www.applitrack.com/sweetwater/onlineapp/default.aspx?all=1","Sweetwater County School District 1","2026-08-03"
216,"FEMS-FEHS Assistant Coach - Football","2025-03-03","Athletics/Activities/","Farson-Eden High School","https://www.applitrack.com/sweetwater/onlineapp/default.aspx?all=1","Sweetwater County School District 1","2026-08-03"
217,"RSJH Assistant Football Coach - 7th Grade","2026-02-10","Athletics/Activities/","Rock Springs Junior High School","https://www.applitrack.com/sweetwater/onlineapp/default.aspx?all=1","Sweetwater County School District 1","2026-08-03"
218,"RSHS Assistant Indoor Track Coach (3)","2026-03-10","Athletics/Activities/","Rock Springs High School","https://www.applitrack.com/sweetwater/onlineapp/default.aspx?all=1","Sweetwater County School District 1","2026-08-03"
219,"RSHS Assistant Boys Basketball Coach - (2)","2026-03-19","Athletics/Activities/","Rock Springs High School","https://www.applitrack.com/sweetwater/onlineapp/default.aspx?all=1","Sweetwater County School District 1","2026-08-03"
220,"Farson/Eden MS Boys Assistant Basketball Coach","2026-04-21","Athletics/Activities/","Farson-Eden Middle School","https://www.applitrack.com/sweetwater/onlineapp/default.aspx?all=1","Sweetwater County School District 1","2026-08-03"
221,"RSJH Assistant Coach - Track and Field","2026-04-28","Athletics/Activities/","Rock Springs Junior High School","https://www.applitrack.com/sweetwater/onlineapp/default.aspx?all=1","Sweetwater County School District 1","2026-08-03"
222,"In-House General Counsel","2026-07-21","Certified Administrator/","Superintendent Office","https://www.applitrack.com/sweetwater/onlineapp/default.aspx?all=1","Sweetwater County School District 1","2026-08-03"
223,"Instructional Assistant (6)","2026-08-03","Certified Staff/","Central Administration","https://www.applitrack.com/sweetwater/onlineapp/default.aspx?all=1","Sweetwater County School District 1","2026-08-03"
224,"Business Teacher","2026-07-22","Certified Staff/","Rock Springs High School","https://www.applitrack.com/sweetwater/onlineapp/default.aspx?all=1","Sweetwater County School District 1","2026-08-03"
225,"EL Teacher - Desert View / Overland","2026-07-28","Certified Staff/","Desert View Elementary","https://www.applitrack.com/sweetwater/onlineapp/default.aspx?all=1","Sweetwater County School District 1","2026-08-03"
226,"EL Teacher","2026-05-13","Certified Staff/","Eastside Elementary","https://www.applitrack.com/sweetwater/onlineapp/default.aspx?all=1","Sweetwater County School District 1","2026-08-03"
227,"English/Language Arts","2026-04-20","Certified Staff/","Rock Springs Junior High School","https://www.applitrack.com/sweetwater/onlineapp/default.aspx?all=1","Sweetwater County School District 1","2026-08-03"
228,"Family and Consumer Science Teacher","2026-07-08","Certified Staff/","Rock Springs Junior High School","https://www.applitrack.com/sweetwater/onlineapp/default.aspx?all=1","Sweetwater County School District 1","2026-08-03"
229,"Industrial Arts - Welding","2026-05-04","Certified Staff/","Rock Springs High School","https://www.applitrack.com/sweetwater/onlineapp/default.aspx?all=1","Sweetwater County School District 1","2026-08-03"
230,"Literacy Interventionist","2026-07-22","Certified Staff/","Rock Springs High School","https://www.applitrack.com/sweetwater/onlineapp/default.aspx?all=1","Sweetwater County School District 1","2026-08-03"
231,"Library Media Specialist K-3 (Stagecoach and Wamsutter)","2025-11-03","Certified Staff/","District Wide","https://www.applitrack.com/sweetwater/onlineapp/default.aspx?all=1","Sweetwater County School District 1","2026-08-03"
232,"Math Teacher","2026-07-31","Certified Staff/","Rock Springs High School","https://www.applitrack.com/sweetwater/onlineapp/default.aspx?all=1","Sweetwater County School District 1","2026-08-03"
233,"Music Teacher 4-6 (2)","2025-11-06","Certified Staff/","District Wide","https://www.applitrack.com/sweetwater/onlineapp/default.aspx?all=1","Sweetwater County School District 1","2026-08-03"
234,"Music Teacher K-3 (2)","2025-11-06","Certified Staff/","District Wide","https://www.applitrack.com/sweetwater/onlineapp/default.aspx?all=1","Sweetwater County School District 1","2026-08-03"
235,"School Psychologist (5)","2026-03-31","Certified Staff/","District Wide","https://www.applitrack.com/sweetwater/onlineapp/default.aspx?all=1","Sweetwater County School District 1","2026-08-03"
236,"Social Studies Teacher","2026-07-21","Certified Staff/","Rock Springs High School","https://www.applitrack.com/sweetwater/onlineapp/default.aspx?all=1","Sweetwater County School District 1","2026-08-03"
237,"Social Worker","2026-07-31","Certified Staff/","Rock Springs High School","https://www.applitrack.com/sweetwater/onlineapp/default.aspx?all=1","Sweetwater County School District 1","2026-08-03"
238,"Social Worker","2026-05-20","Certified Staff/","Lowell School","https://www.applitrack.com/sweetwater/onlineapp/default.aspx?all=1","Sweetwater County School District 1","2026-08-03"
239,"At-Risk Coordinator","2026-06-10","Certified Staff/","Rock Springs High School","https://www.applitrack.com/sweetwater/onlineapp/default.aspx?all=1","Sweetwater County School District 1","2026-08-03"
240,"Resource Teacher (2)","2026-04-08","Certified Staff/","Rock Springs Junior High School","https://www.applitrack.com/sweetwater/onlineapp/default.aspx?all=1","Sweetwater County School District 1","2026-08-03"
241,"Resource Teacher","2025-11-03","Certified Staff/","Desert Elementary (Wamsutter)","https://www.applitrack.com/sweetwater/onlineapp/default.aspx?all=1","Sweetwater County School District 1","2026-08-03"
242,"Special Education - Resource Teacher (2)","2025-11-04","Certified Staff/","Eastside Elementary","https://www.applitrack.com/sweetwater/onlineapp/default.aspx?all=1","Sweetwater County School District 1","2026-08-03"
243,"Resource Teacher","2025-11-04","Certified Staff/","Overland Elementary","https://www.applitrack.com/sweetwater/onlineapp/default.aspx?all=1","Sweetwater County School District 1","2026-08-03"
244,"Resource Teacher","2025-11-04","Certified Staff/","Pilot Butte Elementary","https://www.applitrack.com/sweetwater/onlineapp/default.aspx?all=1","Sweetwater County School District 1","2026-08-03"
245,"Speech and Language Pathologist (3)","2026-03-31","Certified Staff/","District Wide","https://www.applitrack.com/sweetwater/onlineapp/default.aspx?all=1","Sweetwater County School District 1","2026-08-03"
246,"Full-Time Position: Custodian / Nutrition Services",NA,"Combined Positions","When Filled","https://www.applitrack.com/sweetwater/onlineapp/default.aspx?all=1","Sweetwater County School District 1","2026-08-03"
247,"Full-Time Daycare Assistant and Preschool Teacher Assistant","2026-06-16","Daycare/","Overland Elementary","https://www.applitrack.com/sweetwater/onlineapp/default.aspx?all=1","Sweetwater County School District 1","2026-08-03"
248,"Family Advocate",NA,"Head Start",NA,"https://www.applitrack.com/sweetwater/onlineapp/default.aspx?all=1","Sweetwater County School District 1","2026-08-03"
249,"Substitute - Head Start",NA,"Head Start","When Filled","https://www.applitrack.com/sweetwater/onlineapp/default.aspx?all=1","Sweetwater County School District 1","2026-08-03"
250,"Head Start Part-Time Building Aide","2026-07-14","Head Start/","Overland Elementary","https://www.applitrack.com/sweetwater/onlineapp/default.aspx?all=1","Sweetwater County School District 1","2026-08-03"
251,"Full-Time Custodian","2026-07-21","Maintenance/Custodial/","Rock Springs Junior High School","https://www.applitrack.com/sweetwater/onlineapp/default.aspx?all=1","Sweetwater County School District 1","2026-08-03"
252,"Full-Time Custodian","2026-06-02","Maintenance/Custodial/","Farson Schools","https://www.applitrack.com/sweetwater/onlineapp/default.aspx?all=1","Sweetwater County School District 1","2026-08-03"
253,"Lead Custodian","2026-07-27","Maintenance/Custodial/","Northpark Elementary","https://www.applitrack.com/sweetwater/onlineapp/default.aspx?all=1","Sweetwater County School District 1","2026-08-03"
254,"Accountant I","2026-07-27","Non-Certified Administrator/","Central Administration","https://www.applitrack.com/sweetwater/onlineapp/default.aspx?all=1","Sweetwater County School District 1","2026-08-03"
255,"Nutrition Services Manager","2026-05-19","Nutrition Services/","Rock Springs Junior High School","https://www.applitrack.com/sweetwater/onlineapp/default.aspx?all=1","Sweetwater County School District 1","2026-08-03"
256,"Nutrition Services Substitute","2026-06-09","Nutrition Services/","District Wide","https://www.applitrack.com/sweetwater/onlineapp/default.aspx?all=1","Sweetwater County School District 1","2026-08-03"
257,"Classroom Paraprofessional","2026-05-04","Paraprofessional/","Rock Springs High School","https://www.applitrack.com/sweetwater/onlineapp/default.aspx?all=1","Sweetwater County School District 1","2026-08-03"
258,"ELL Paraprofessional","2026-03-23","Paraprofessional/","Walnut Elementary","https://www.applitrack.com/sweetwater/onlineapp/default.aspx?all=1","Sweetwater County School District 1","2026-08-03"
259,"ELL Paraprofessional","2026-01-29","Paraprofessional/","Desert View Elementary","https://www.applitrack.com/sweetwater/onlineapp/default.aspx?all=1","Sweetwater County School District 1","2026-08-03"
260,"ELL Paraprofessional","2025-12-01","Paraprofessional/","Rock Springs Junior High School","https://www.applitrack.com/sweetwater/onlineapp/default.aspx?all=1","Sweetwater County School District 1","2026-08-03"
261,"Itinerant Paraprofessional/Testing Assistant (4)","2026-05-05","Paraprofessional/","District Wide","https://www.applitrack.com/sweetwater/onlineapp/default.aspx?all=1","Sweetwater County School District 1","2026-08-03"
262,"Resource Room Paraprofessional","2025-08-21","Paraprofessional/","Rock Springs Satellite High School","https://www.applitrack.com/sweetwater/onlineapp/default.aspx?all=1","Sweetwater County School District 1","2026-08-03"
263,"Resource Paraprofessional","2026-07-02","Paraprofessional/","Rock Springs Junior High","https://www.applitrack.com/sweetwater/onlineapp/default.aspx?all=1","Sweetwater County School District 1","2026-08-03"
264,"Resource Room Paraprofessional (3)","2026-06-02","Paraprofessional/","Rock Springs High School","https://www.applitrack.com/sweetwater/onlineapp/default.aspx?all=1","Sweetwater County School District 1","2026-08-03"
265,"Special Programs One-on-One Paraprofessional","2026-05-12","Paraprofessional/","Sage Elementary","https://www.applitrack.com/sweetwater/onlineapp/default.aspx?all=1","Sweetwater County School District 1","2026-08-03"
266,"One-On-One Paraprofessional","2026-05-18","Paraprofessional/","Rock Springs High School","https://www.applitrack.com/sweetwater/onlineapp/default.aspx?all=1","Sweetwater County School District 1","2026-08-03"
267,"Special Programs Paraprofessional (18-21 Program)","2026-06-02","Paraprofessional/","Lowell School","https://www.applitrack.com/sweetwater/onlineapp/default.aspx?all=1","Sweetwater County School District 1","2026-08-03"
268,"Special Programs Paraprofessional (Alternative Communications Program)","2026-07-14","Paraprofessional/","Rock Springs Junior High School","https://www.applitrack.com/sweetwater/onlineapp/default.aspx?all=1","Sweetwater County School District 1","2026-08-03"
269,"Alternate Behavior Paraprofessional","2026-04-16","Paraprofessional/","Sage Elementary","https://www.applitrack.com/sweetwater/onlineapp/default.aspx?all=1","Sweetwater County School District 1","2026-08-03"
270,"Alternate Academic Special Programs One-on-One Paraprofessional","2026-03-16","Paraprofessional/","Eastside Elementary","https://www.applitrack.com/sweetwater/onlineapp/default.aspx?all=1","Sweetwater County School District 1","2026-08-03"
271,"One-On-One Paraprofessional","2026-03-16","Paraprofessional/","Eastside Elementary","https://www.applitrack.com/sweetwater/onlineapp/default.aspx?all=1","Sweetwater County School District 1","2026-08-03"
272,"Special Programs Paraprofessional (Alternative Communications Program)","2026-02-18","Paraprofessional/","Rock Springs Junior High School","https://www.applitrack.com/sweetwater/onlineapp/default.aspx?all=1","Sweetwater County School District 1","2026-08-03"
273,"Certified Substitute School Nurse",NA,"Substitute","When Filled","https://www.applitrack.com/sweetwater/onlineapp/default.aspx?all=1","Sweetwater County School District 1","2026-08-03"
274,"BOCES Part Time Building Substitute Teacher (2) - One Year Only","2025-06-05","Substitute/","Overland Elementary","https://www.applitrack.com/sweetwater/onlineapp/default.aspx?all=1","Sweetwater County School District 1","2026-08-03"
275,"2026-2027 Substitute Teacher - Part-Time","2026-07-06","Substitute/","District Wide","https://www.applitrack.com/sweetwater/onlineapp/default.aspx?all=1","Sweetwater County School District 1","2026-08-03"
276,"Bus Aide","2026-02-04","Transportation/","Transportation","https://www.applitrack.com/sweetwater/onlineapp/default.aspx?all=1","Sweetwater County School District 1","2026-08-03"
277,"Part-Time Bus Driver (26 Hours/Week)","2026-01-19","Transportation/","Transportation","https://www.applitrack.com/sweetwater/onlineapp/default.aspx?all=1","Sweetwater County School District 1","2026-08-03"
278,"Substitute Bus Driver","2026-07-28","Transportation/","Transportation","https://www.applitrack.com/sweetwater/onlineapp/default.aspx?all=1","Sweetwater County School District 1","2026-08-03"
279,"GRHS Assistant Girls Soccer Coach","2025-06-05","Athletics/Activities/","Green River High School","https://www.applitrack.com/swcsd2/onlineapp/default.aspx?all=1","Sweetwater County School District 2","2026-08-03"
280,"GRHS Asst Boys Swimming Diving Coach","2026-04-10","Athletics/Activities/","Green River High School","https://www.applitrack.com/swcsd2/onlineapp/default.aspx?all=1","Sweetwater County School District 2","2026-08-03"
281,"GRHS Assistant Girls Wrestling Coach","2026-04-10","Athletics/Activities/","Green River High School","https://www.applitrack.com/swcsd2/onlineapp/default.aspx?all=1","Sweetwater County School District 2","2026-08-03"
282,"Lincoln Middle School Assistant Boys Swimming Coach","2026-04-10","Athletics/Activities/","Green River High School","https://www.applitrack.com/swcsd2/onlineapp/default.aspx?all=1","Sweetwater County School District 2","2026-08-03"
283,"GRHS Asst Girls Swimming Diving Coach","2026-05-28","Athletics/Activities/","Green River High School","https://www.applitrack.com/swcsd2/onlineapp/default.aspx?all=1","Sweetwater County School District 2","2026-08-03"
284,"GRHS Assistant Boys Basketball Coach","2026-05-29","Athletics/Activities/","Green River High School","https://www.applitrack.com/swcsd2/onlineapp/default.aspx?all=1","Sweetwater County School District 2","2026-08-03"
285,"LMS Assistant Volleyball Coach","2026-07-21","Athletics/Activities/","Lincoln Middle School","https://www.applitrack.com/swcsd2/onlineapp/default.aspx?all=1","Sweetwater County School District 2","2026-08-03"
286,"LMS Head 7th Grade Volleyball Coach","2026-07-22","Athletics/Activities/","Lincoln Middle School","https://www.applitrack.com/swcsd2/onlineapp/default.aspx?all=1","Sweetwater County School District 2","2026-08-03"
287,"LMS Head 7th Grade Football Coach","2026-07-22","Athletics/Activities/","Lincoln Middle School","https://www.applitrack.com/swcsd2/onlineapp/default.aspx?all=1","Sweetwater County School District 2","2026-08-03"
288,"GRHS Assistant Volleyball Coach","2026-08-03","Athletics/Activities/","Green River High School","https://www.applitrack.com/swcsd2/onlineapp/default.aspx?all=1","Sweetwater County School District 2","2026-08-03"
289,"LMS Assistant Girls Wrestling Coach","2026-08-03","Athletics/Activities/","Lincoln Middle School","https://www.applitrack.com/swcsd2/onlineapp/default.aspx?all=1","Sweetwater County School District 2","2026-08-03"
290,"GRHS Head Musical Director",NA,"Extra Duty","2026-2027 School Year","https://www.applitrack.com/swcsd2/onlineapp/default.aspx?all=1","Sweetwater County School District 2","2026-08-03"
291,"GRHS Theater Set Design Builder",NA,"Extra Duty",NA,"https://www.applitrack.com/swcsd2/onlineapp/default.aspx?all=1","Sweetwater County School District 2","2026-08-03"
292,"Industrial Art Work Based Learning GRIP Teacher","2026-07-27","High School Teaching/","Green River High School","https://www.applitrack.com/swcsd2/onlineapp/default.aspx?all=1","Sweetwater County School District 2","2026-08-03"
293,"Substitute Custodian","2026-07-10","Maintenance/Custodial/","Maintenance Department","https://www.applitrack.com/swcsd2/onlineapp/default.aspx?all=1","Sweetwater County School District 2","2026-08-03"
294,"Substitute Nutrition Service Worker","2026-07-10","Nutrition Services/","Nutrition Services Department","https://www.applitrack.com/swcsd2/onlineapp/default.aspx?all=1","Sweetwater County School District 2","2026-08-03"
295,"Substitute School Nurse","2026-05-11","Substitute/","Central Office","https://www.applitrack.com/swcsd2/onlineapp/default.aspx?all=1","Sweetwater County School District 2","2026-08-03"
296,"Substitute Teacher","2026-07-01","Substitute/","Central Office","https://www.applitrack.com/swcsd2/onlineapp/default.aspx?all=1","Sweetwater County School District 2","2026-08-03"
297,"Substitute Teacher Aide","2026-07-01","Substitute/","Central Office","https://www.applitrack.com/swcsd2/onlineapp/default.aspx?all=1","Sweetwater County School District 2","2026-08-03"
298,"Basic Life Skills Paraprofessional","2026-06-04","Support Staff/","Green River High School","https://www.applitrack.com/swcsd2/onlineapp/default.aspx?all=1","Sweetwater County School District 2","2026-08-03"
299,"Special Education Paraprofessionals","2026-06-05","Support Staff/","Green River High School","https://www.applitrack.com/swcsd2/onlineapp/default.aspx?all=1","Sweetwater County School District 2","2026-08-03"
300,"Special Education Paraprofessional","2026-06-10","Support Staff/","Truman Elementary School","https://www.applitrack.com/swcsd2/onlineapp/default.aspx?all=1","Sweetwater County School District 2","2026-08-03"
301,"Basic Life Skills Paraprofessional","2026-07-20","Support Staff/","Harrison Elementary School","https://www.applitrack.com/swcsd2/onlineapp/default.aspx?all=1","Sweetwater County School District 2","2026-08-03"
302,"Bus Aide","2026-07-10","Transportation/","Transportation Department","https://www.applitrack.com/swcsd2/onlineapp/default.aspx?all=1","Sweetwater County School District 2","2026-08-03"
303,"Bus Driver","2026-07-10","Transportation/","Transportation Department","https://www.applitrack.com/swcsd2/onlineapp/default.aspx?all=1","Sweetwater County School District 2","2026-08-03"
304,"Substitute Bus Aide","2026-07-10","Transportation/","Transportation Department","https://www.applitrack.com/swcsd2/onlineapp/default.aspx?all=1","Sweetwater County School District 2","2026-08-03"
305,"Substitute Bus Driver","2026-07-10","Transportation/","Transportation Department","https://www.applitrack.com/swcsd2/onlineapp/default.aspx?all=1","Sweetwater County School District 2","2026-08-03"
306,"Assistant Superintendent of Education","2026-07-22","Administration/","TCSD Schools","https://www.applitrack.com/tcsd/onlineapp/default.aspx?all=1","Teton County School District 1","2026-08-03"
307,"High School Assistant Nordic Skiing Coach","2026-04-15","Athletics/Activities/","TCSD Schools","https://www.applitrack.com/tcsd/onlineapp/default.aspx?all=1","Teton County School District 1","2026-08-03"
308,"Middle School Girls Assistant Basketball Coach","2026-04-24","Athletics/Activities/","TCSD Schools","https://www.applitrack.com/tcsd/onlineapp/default.aspx?all=1","Teton County School District 1","2026-08-03"
309,"High School Assistant Boys Basketball Coach","2026-05-19","Athletics/Activities/","TCSD Schools","https://www.applitrack.com/tcsd/onlineapp/default.aspx?all=1","Teton County School District 1","2026-08-03"
310,"Middle School Assistant Football Coach","2026-05-19","Athletics/Activities/","TCSD Schools","https://www.applitrack.com/tcsd/onlineapp/default.aspx?all=1","Teton County School District 1","2026-08-03"
311,"High School Assistant Speech and Debate Coach","2026-05-27","Athletics/Activities/","TCSD Schools","https://www.applitrack.com/tcsd/onlineapp/default.aspx?all=1","Teton County School District 1","2026-08-03"
312,"Middle School Girls Assistant Wrestling Coach (Anticipated)","2026-06-05","Athletics/Activities/","TCSD Schools","https://www.applitrack.com/tcsd/onlineapp/default.aspx?all=1","Teton County School District 1","2026-08-03"
313,"High School Head Nordic Skiing Coach","2026-06-08","Athletics/Activities/","TCSD Schools","https://www.applitrack.com/tcsd/onlineapp/default.aspx?all=1","Teton County School District 1","2026-08-03"
314,"High School Assistant Track Coach","2026-06-08","Athletics/Activities/","TCSD Schools","https://www.applitrack.com/tcsd/onlineapp/default.aspx?all=1","Teton County School District 1","2026-08-03"
315,"Instructional Paraprofessional","2025-12-18","Paraprofessional/","Kelly Elementary School","https://www.applitrack.com/tcsd/onlineapp/default.aspx?all=1","Teton County School District 1","2026-08-03"
316,"K-12 Special Education Paraprofessional(s)","2026-04-28","Paraprofessional/","TCSD Schools","https://www.applitrack.com/tcsd/onlineapp/default.aspx?all=1","Teton County School District 1","2026-08-03"
317,"Special Education Bus Aide","2026-07-23","Paraprofessional/","Wilson Elementary School","https://www.applitrack.com/tcsd/onlineapp/default.aspx?all=1","Teton County School District 1","2026-08-03"
318,"Special Education Permanent Support Specialist (Permanent Substitute)","2026-04-07","Substitute/","TCSD Schools","https://www.applitrack.com/tcsd/onlineapp/default.aspx?all=1","Teton County School District 1","2026-08-03"
319,"Substitute Teachers/Nurses","2020-02-11","Substitute/","TCSD Schools","https://www.applitrack.com/tcsd/onlineapp/default.aspx?all=1","Teton County School District 1","2026-08-03"
320,"Long Term Sub Elementary Social Worker/School Counselor","2026-06-08","Substitute/","Colter Elementary School","https://www.applitrack.com/tcsd/onlineapp/default.aspx?all=1","Teton County School District 1","2026-08-03"
321,"Substitute Para/Secretary","2020-02-11","Substitute/","TCSD Schools","https://www.applitrack.com/tcsd/onlineapp/default.aspx?all=1","Teton County School District 1","2026-08-03"
322,"Assistant High School Golf Coach","2026-05-05","Athletics/Activities/","Evanston High School","https://www.applitrack.com/uinta/onlineapp/jobpostings/view.asp?all=1","Uinta County School District 1","2026-08-03"
323,"Boys Wrestling Varsity Head Coach","2026-06-22","Athletics/Activities/","Evanston High School","https://www.applitrack.com/uinta/onlineapp/jobpostings/view.asp?all=1","Uinta County School District 1","2026-08-03"
324,"Substitute Custodians","2026-04-13","Maintenance/Custodial/","District Wide","https://www.applitrack.com/uinta/onlineapp/jobpostings/view.asp?all=1","Uinta County School District 1","2026-08-03"
325,"Temporary Part-time School Nurses","2026-07-09","School Nurse/","Aspen Elementary & Uinta Meadows Elementary","https://www.applitrack.com/uinta/onlineapp/jobpostings/view.asp?all=1","Uinta County School District 1","2026-08-03"
326,"Bus Drivers and Substitute Bus Drivers","2026-01-09","Support Staff/","Transportation","https://www.applitrack.com/uinta/onlineapp/jobpostings/view.asp?all=1","Uinta County School District 1","2026-08-03"
327,"Full-time and Part-time Aides and Special Education Paraprofessionals","2026-07-08","Support Staff/","District Wide","https://www.applitrack.com/uinta/onlineapp/jobpostings/view.asp?all=1","Uinta County School District 1","2026-08-03"
328,"Full-Time Lifeguard","2026-06-15","Aquatic Center Staff/","Worland Aquatic Center","https://www.applitrack.com/washakie1/onlineapp/default.aspx?all=1","Washakie County School District 1","2026-08-03"
329,"Lifeguard - Student","2024-01-08","Aquatic Center Staff/","Worland Aquatic Center","https://www.applitrack.com/washakie1/onlineapp/default.aspx?all=1","Washakie County School District 1","2026-08-03"
330,"MS Assistant Volleyball Coach",NA,"Athletics/Activities",NA,"https://www.applitrack.com/washakie1/onlineapp/default.aspx?all=1","Washakie County School District 1","2026-08-03"
331,"HS Assistant Forensics (Speech/Debate) Coach",NA,"Athletics/Activities",NA,"https://www.applitrack.com/washakie1/onlineapp/default.aspx?all=1","Washakie County School District 1","2026-08-03"
332,"HS Head Forensics (Speech/Debate) Coach",NA,"Athletics/Activities",NA,"https://www.applitrack.com/washakie1/onlineapp/default.aspx?all=1","Washakie County School District 1","2026-08-03"
333,"Housekeeper, Full-Time","2026-07-23","Maintenance/Custodial/","Worland High School","https://www.applitrack.com/washakie1/onlineapp/default.aspx?all=1","Washakie County School District 1","2026-08-03"
334,"Secondary Reading Specialist","2026-04-15","Middle School Teaching/","Worland Middle School","https://www.applitrack.com/washakie1/onlineapp/default.aspx?all=1","Washakie County School District 1","2026-08-03"
335,"Full-Time Special Education Paraeducator (Life Skills)",NA,"Paraprofessional","08/03/2026","https://www.applitrack.com/washakie1/onlineapp/default.aspx?all=1","Washakie County School District 1","2026-08-03"
336,"Full-Time Special Education Paraeducator (Resource)",NA,"Paraprofessional","08/03/2026","https://www.applitrack.com/washakie1/onlineapp/default.aspx?all=1","Washakie County School District 1","2026-08-03"
337,"Full-Time Special Education Paraeducator (Behavior)",NA,"Paraprofessional","08/03/2026","https://www.applitrack.com/washakie1/onlineapp/default.aspx?all=1","Washakie County School District 1","2026-08-03"
338,"Full-Time Special Education Paraeducator (Life Skills)",NA,"Paraprofessional","08/03/2026","https://www.applitrack.com/washakie1/onlineapp/default.aspx?all=1","Washakie County School District 1","2026-08-03"
339,"Full-Time Special Education Paraeducator (Life Skills)",NA,"Paraprofessional","08/03/2026","https://www.applitrack.com/washakie1/onlineapp/default.aspx?all=1","Washakie County School District 1","2026-08-03"
340,"Part-Time Special Education Paraeducator (Resource)",NA,"Paraprofessional","08/03/2026","https://www.applitrack.com/washakie1/onlineapp/default.aspx?all=1","Washakie County School District 1","2026-08-03"
341,"Part-Time Special Education Paraeducator (Resource)",NA,"Paraprofessional","08/03/2026","https://www.applitrack.com/washakie1/onlineapp/default.aspx?all=1","Washakie County School District 1","2026-08-03"
342,"Full-Time Special Education Paraeducator",NA,"Paraprofessional","08/03/2026","https://www.applitrack.com/washakie1/onlineapp/default.aspx?all=1","Washakie County School District 1","2026-08-03"
343,"Speech Language Pathologist",NA,"Special Education Services","08/04/2025","https://www.applitrack.com/washakie1/onlineapp/default.aspx?all=1","Washakie County School District 1","2026-08-03"
344,"SLP-Assistant",NA,"Special Education Services",NA,"https://www.applitrack.com/washakie1/onlineapp/default.aspx?all=1","Washakie County School District 1","2026-08-03"
345,"Substitute Bus Driver","2021-07-01","Substitute/","Bus Barn","https://www.applitrack.com/washakie1/onlineapp/default.aspx?all=1","Washakie County School District 1","2026-08-03"
346,"Substitute Cook","2020-11-04","Substitute/","District","https://www.applitrack.com/washakie1/onlineapp/default.aspx?all=1","Washakie County School District 1","2026-08-03"
347,"Substitute Housekeeper","2019-01-21","Substitute/",NA,"https://www.applitrack.com/washakie1/onlineapp/default.aspx?all=1","Washakie County School District 1","2026-08-03"
348,"Substitute Paraeducator","2016-03-02","Substitute/",NA,"https://www.applitrack.com/washakie1/onlineapp/default.aspx?all=1","Washakie County School District 1","2026-08-03"
349,"Substitute Teacher","2016-03-02","Substitute/",NA,"https://www.applitrack.com/washakie1/onlineapp/default.aspx?all=1","Washakie County School District 1","2026-08-03"
350,"Student Support Services","2026-07-23","Support Staff/","White Hawk Academy","https://www.applitrack.com/washakie1/onlineapp/default.aspx?all=1","Washakie County School District 1","2026-08-03"
351,"Route Bus Driver","2026-05-07","Transportation/","Bus Barn","https://www.applitrack.com/washakie1/onlineapp/default.aspx?all=1","Washakie County School District 1","2026-08-03"
352,"Full Time Assistant Cook","2026-07-14","Classified","Dubois K-12 School","https://fremont2.tedk12.com/hire/index.aspx","Fremont County School District 2","2026-08-03"
353,"2026-2027 HS Volleyball Assistant Coach","2026-07-13","Coaching","Dubois K-12 School","https://fremont2.tedk12.com/hire/index.aspx","Fremont County School District 2","2026-08-03"
354,"2026-2027 HS Volleyball Head Coach","2026-07-13","Coaching","Dubois K-12 School","https://fremont2.tedk12.com/hire/index.aspx","Fremont County School District 2","2026-08-03"
355,"2026-2027 MS Cross Country Assistant Coach","2026-07-08","Coaching","Dubois K-12 School","https://fremont2.tedk12.com/hire/index.aspx","Fremont County School District 2","2026-08-03"
356,"Route/Activities Bus Driver","2026-07-07","Classified","Bus Barn","https://fremont2.tedk12.com/hire/index.aspx","Fremont County School District 2","2026-08-03"
357,"Special Education Paraprofessional","2026-07-07","Classified","Dubois K-12 School","https://fremont2.tedk12.com/hire/index.aspx","Fremont County School District 2","2026-08-03"
358,"2026-2027 HS Girls Basketball Assistant Coach","2026-04-15","Coaching","Dubois K-12 School","https://fremont2.tedk12.com/hire/index.aspx","Fremont County School District 2","2026-08-03"
359,"Substitute Custodian/Food Service","2025-02-01","Classified","Dubois K-12 School","https://fremont2.tedk12.com/hire/index.aspx","Fremont County School District 2","2026-08-03"
360,"Substitute Bus Driver","2024-04-01","Classified","Bus Barn","https://fremont2.tedk12.com/hire/index.aspx","Fremont County School District 2","2026-08-03"
361,"Substitute - Classified -  Para/Secretary","2024-04-01","Classified","Dubois K-12 School","https://fremont2.tedk12.com/hire/index.aspx","Fremont County School District 2","2026-08-03"
362,"Substitute Teaching","2024-04-01","Substitute","Dubois K-12 School","https://fremont2.tedk12.com/hire/index.aspx","Fremont County School District 2","2026-08-03"
363,"Nurse Clerk (assisting School Nurse) - Torrington Middle & Torrington High Schools","2026-07-31","Support","Torrington Middle and High Schools","https://goshen.tedk12.com/hire/index.aspx#aJobListings","Goshen County School District 1","2026-08-03"
364,"Special Education Paraprofessional - Torrington High School","2026-07-31","Support","Torrington High School","https://goshen.tedk12.com/hire/index.aspx#aJobListings","Goshen County School District 1","2026-08-03"
365,"Substitute Cook","2026-03-04","Food Service","District Food Services","https://goshen.tedk12.com/hire/index.aspx#aJobListings","Goshen County School District 1","2026-08-03"
366,"Speech Language Pathologist - District","2026-03-01","Specialist - Certified","Office of Special Services","https://goshen.tedk12.com/hire/index.aspx#aJobListings","Goshen County School District 1","2026-08-03"
367,"Bus Driver/ Sub Bus Driver","2026-01-01","Bus Driver","Transportation Services","https://goshen.tedk12.com/hire/index.aspx#aJobListings","Goshen County School District 1","2026-08-03"
368,"Future Administrative Positions","2026-01-01","Administrative - building","Central Administration Office","https://goshen.tedk12.com/hire/index.aspx#aJobListings","Goshen County School District 1","2026-08-03"
369,"Future Substitute Teacher Positions","2026-01-01","Substitute","Central Administration Office","https://goshen.tedk12.com/hire/index.aspx#aJobListings","Goshen County School District 1","2026-08-03"
370,"Future Classified Positions","2026-01-01","Support","Central Administration Office","https://goshen.tedk12.com/hire/index.aspx#aJobListings","Goshen County School District 1","2026-08-03"
371,"Future Certified Positions","2026-01-01","K-12","Central Administration Office","https://goshen.tedk12.com/hire/index.aspx#aJobListings","Goshen County School District 1","2026-08-03"
372,"High Needs SPED Paraprofessional","2026-07-22",NA,"Sundance, Wyoming","https://crook1.schoolspring.com/","Crook County School District 1","2026-08-03"
373,"Substitute Custodian","2026-06-05",NA,"Sundance, Wyoming","https://crook1.schoolspring.com/","Crook County School District 1","2026-08-03"
374,"Substitute Custodian","2026-06-05",NA,"Moorcroft, Wyoming","https://crook1.schoolspring.com/","Crook County School District 1","2026-08-03"
375,"Substitute Custodian","2026-06-05",NA,"Hulett, Wyoming","https://crook1.schoolspring.com/","Crook County School District 1","2026-08-03"
376,"Substitute Teacher","2026-06-05",NA,"Sundance, Wyoming","https://crook1.schoolspring.com/","Crook County School District 1","2026-08-03"
377,"Substitute Teacher","2026-06-05",NA,"Moorcroft, Wyoming","https://crook1.schoolspring.com/","Crook County School District 1","2026-08-03"
378,"Substitute Teacher","2026-06-05",NA,"Hulett, Wyoming","https://crook1.schoolspring.com/","Crook County School District 1","2026-08-03"
379,"Substitute &amp; Activity Bus Drivers","2026-06-05",NA,"Sundance, Wyoming","https://crook1.schoolspring.com/","Crook County School District 1","2026-08-03"
380,"Substitute &amp; Activity Bus Drivers","2026-06-05",NA,"Moorcroft, Wyoming","https://crook1.schoolspring.com/","Crook County School District 1","2026-08-03"
381,"Substitute &amp; Activity Bus Drivers","2026-06-05",NA,"Hulett, Wyoming","https://crook1.schoolspring.com/","Crook County School District 1","2026-08-03"
382,"Part-Time Custodian - HS","2026-05-29",NA,"Hulett, Wyoming","https://crook1.schoolspring.com/","Crook County School District 1","2026-08-03"
383,"Assistant High School Boys Basketball Coach - MS","2026-05-29",NA,"Moorcroft, Wyoming","https://crook1.schoolspring.com/","Crook County School District 1","2026-08-03"
384,"Assistant High School Girls Basketball Coach - Sundance","2026-05-27",NA,"Sundance, Wyoming","https://crook1.schoolspring.com/","Crook County School District 1","2026-08-03"
385,"Assistant High School Football Coach - SS","2026-04-23",NA,"Sundance, Wyoming","https://crook1.schoolspring.com/","Crook County School District 1","2026-08-03"
386,"Junior High Volleyball Coach - Sundance","2026-04-16",NA,"Sundance, Wyoming","https://crook1.schoolspring.com/","Crook County School District 1","2026-08-03"
387,"Junior High Boys Basketball Coach","2026-04-16",NA,"Moorcroft, Wyoming","https://crook1.schoolspring.com/","Crook County School District 1","2026-08-03"
388,"Head High School Track Coach - SS","2026-04-07",NA,"Sundance, Wyoming","https://crook1.schoolspring.com/","Crook County School District 1","2026-08-03"
389,"Junior High Girls Wrestling Coach - SS","2026-04-07",NA,"Sundance, Wyoming","https://crook1.schoolspring.com/","Crook County School District 1","2026-08-03"
390,"Junior High Girls Wrestling Coach - HS","2026-04-07",NA,"Hulett, Wyoming","https://crook1.schoolspring.com/","Crook County School District 1","2026-08-03"
391,"Junior High Boys Wrestling Coach - HS","2026-04-07",NA,"Hulett, Wyoming","https://crook1.schoolspring.com/","Crook County School District 1","2026-08-03"
392,"Assistant High School Football Coach - HS","2026-04-07",NA,"Hulett, Wyoming","https://crook1.schoolspring.com/","Crook County School District 1","2026-08-03"
393,"Route Bus Driver","2026-02-11",NA,"Moorcroft, Wyoming","https://crook1.schoolspring.com/","Crook County School District 1","2026-08-03"
394,"Route Bus Driver - Hulett","2026-02-11",NA,"Hulett, Wyoming","https://crook1.schoolspring.com/","Crook County School District 1","2026-08-03"
395,"Route Bus Driver","2026-01-19",NA,"Sundance, Wyoming","https://crook1.schoolspring.com/","Crook County School District 1","2026-08-03"
396,"Life/ASD Paraeducator [XP09]","2026-08-03",NA,"Cheyenne, Wyoming","https://laramie1.schoolspring.com/","Laramie County School District 1","2026-08-03"
397,"Nutrition Services Aid [NU02]","2026-08-03",NA,"Cheyenne, Wyoming","https://laramie1.schoolspring.com/","Laramie County School District 1","2026-08-03"
398,"Custodial - Head Class 4 [CU07]","2026-07-30",NA,"Cheyenne, Wyoming","https://laramie1.schoolspring.com/","Laramie County School District 1","2026-08-03"
399,"Attendance Secretary - Junior High [CE12]","2026-07-30",NA,"Cheyenne, Wyoming","https://laramie1.schoolspring.com/","Laramie County School District 1","2026-08-03"
400,"Paraeducator Special Needs PALS [XP09]","2026-07-29",NA,"Cheyenne, Wyoming","https://laramie1.schoolspring.com/","Laramie County School District 1","2026-08-03"
401,"CAP Academy Teacher [TC58]","2026-07-28",NA,"Cheyenne, Wyoming","https://laramie1.schoolspring.com/","Laramie County School District 1","2026-08-03"
402,"Accounts Receivable Specialist [CS57]","2026-07-27",NA,"Cheyenne, Wyoming","https://laramie1.schoolspring.com/","Laramie County School District 1","2026-08-03"
403,"Paraeducator Special Education [XP08]","2026-07-27",NA,"Cheyenne, Wyoming","https://laramie1.schoolspring.com/","Laramie County School District 1","2026-08-03"
404,"Paraeducator Title I - 2026/2027 Contract Year Only[PA14]","2026-07-27",NA,"Cheyenne, Wyoming","https://laramie1.schoolspring.com/","Laramie County School District 1","2026-08-03"
405,"Paraeducator Resource Room [XP08]","2026-07-27",NA,"Cheyenne, Wyoming","https://laramie1.schoolspring.com/","Laramie County School District 1","2026-08-03"
406,"Assistant Golf Coach [C086]","2026-07-27",NA,"Cheyenne, Wyoming","https://laramie1.schoolspring.com/","Laramie County School District 1","2026-08-03"
407,"Paraeducator General [PA07]","2026-07-27",NA,"Cheyenne, Wyoming","https://laramie1.schoolspring.com/","Laramie County School District 1","2026-08-03"
408,"Paraeducator General [PA07]","2026-07-22",NA,"Cheyenne, Wyoming","https://laramie1.schoolspring.com/","Laramie County School District 1","2026-08-03"
409,"Transportation Activity Coordinator [TS59]","2026-07-22",NA,"Cheyenne, Wyoming","https://laramie1.schoolspring.com/","Laramie County School District 1","2026-08-03"
410,"Paraeducator Special Education [XP08]","2026-07-22",NA,"Cheyenne, Wyoming","https://laramie1.schoolspring.com/","Laramie County School District 1","2026-08-03"
411,"Paraeducator Special Education [XP08]","2026-07-22",NA,"Cheyenne, Wyoming","https://laramie1.schoolspring.com/","Laramie County School District 1","2026-08-03"
412,"Paraeducator General [PA07]","2026-07-22",NA,"Cheyenne, Wyoming","https://laramie1.schoolspring.com/","Laramie County School District 1","2026-08-03"
413,"Paraeducator Special Education [XP08]","2026-07-22",NA,"Cheyenne, Wyoming","https://laramie1.schoolspring.com/","Laramie County School District 1","2026-08-03"
414,"Paraeducator Nurse&#x27;s Office [PA11]","2026-07-22",NA,"Cheyenne, Wyoming","https://laramie1.schoolspring.com/","Laramie County School District 1","2026-08-03"
415,"Special Education Behavior Lab Paraeducator  [XP08]","2026-07-22",NA,"Cheyenne, Wyoming","https://laramie1.schoolspring.com/","Laramie County School District 1","2026-08-03"
416,"Paraeducator Resource Room [XP08]","2026-07-21",NA,"Cheyenne, Wyoming","https://laramie1.schoolspring.com/","Laramie County School District 1","2026-08-03"
417,"Facility Technician - Painter [TS14]","2026-07-21",NA,"Cheyenne, Wyoming","https://laramie1.schoolspring.com/","Laramie County School District 1","2026-08-03"
418,"Paraeducator Title I Pre-K - 2026/2027 Contract Year Only [PA16]","2026-07-21",NA,"Cheyenne, Wyoming","https://laramie1.schoolspring.com/","Laramie County School District 1","2026-08-03"
419,"Resource Teacher [XT21]","2026-07-21",NA,"Cheyenne, Wyoming","https://laramie1.schoolspring.com/","Laramie County School District 1","2026-08-03"
420,"Student Sweeper [ST05]","2026-07-20",NA,"Cheyenne, Wyoming","https://laramie1.schoolspring.com/","Laramie County School District 1","2026-08-03"
421,"Nutrition Services Aid [NU02]","2026-07-16",NA,"Cheyenne, Wyoming","https://laramie1.schoolspring.com/","Laramie County School District 1","2026-08-03"
422,"Nutrition- Elementary Head Cashier [NU03]","2026-07-16",NA,"Cheyenne, Wyoming","https://laramie1.schoolspring.com/","Laramie County School District 1","2026-08-03"
423,"Part Time Orchestra Teacher [TB03]","2026-07-14",NA,"Cheyenne, Wyoming","https://laramie1.schoolspring.com/","Laramie County School District 1","2026-08-03"
424,"Elementary Assistant Football Coach [C176]","2026-07-13",NA,"Cheyenne, Wyoming","https://laramie1.schoolspring.com/","Laramie County School District 1","2026-08-03"
425,"Elementary Head Football Coach [C174]","2026-07-13",NA,"Cheyenne, Wyoming","https://laramie1.schoolspring.com/","Laramie County School District 1","2026-08-03"
426,"Elementary Head Football Coach [C174]","2026-07-13",NA,"Cheyenne, Wyoming","https://laramie1.schoolspring.com/","Laramie County School District 1","2026-08-03"
427,"Elementary Assistant Football Coach [C176]","2026-07-13",NA,"Cheyenne, Wyoming","https://laramie1.schoolspring.com/","Laramie County School District 1","2026-08-03"
428,"Elementary Head Football Coach [C174]","2026-07-13",NA,"Cheyenne, Wyoming","https://laramie1.schoolspring.com/","Laramie County School District 1","2026-08-03"
429,"Elementary Assistant Football Coach [C176]","2026-07-13",NA,"Cheyenne, Wyoming","https://laramie1.schoolspring.com/","Laramie County School District 1","2026-08-03"
430,"Elementary Assistant Football Coach [C176]","2026-07-13",NA,"Cheyenne, Wyoming","https://laramie1.schoolspring.com/","Laramie County School District 1","2026-08-03"
431,"Elementary Head Football Coach [C174]","2026-07-13",NA,"Cheyenne, Wyoming","https://laramie1.schoolspring.com/","Laramie County School District 1","2026-08-03"
432,"Elementary Assistant Football Coach [C176]","2026-07-13",NA,"Cheyenne, Wyoming","https://laramie1.schoolspring.com/","Laramie County School District 1","2026-08-03"
433,"Elementary Head Football Coach [C174]","2026-07-13",NA,"Cheyenne, Wyoming","https://laramie1.schoolspring.com/","Laramie County School District 1","2026-08-03"
434,"Elementary Head Football Coach [C174]","2026-07-13",NA,"Cheyenne, Wyoming","https://laramie1.schoolspring.com/","Laramie County School District 1","2026-08-03"
435,"Elementary Assistant Football Coach [C176]","2026-07-13",NA,"Cheyenne, Wyoming","https://laramie1.schoolspring.com/","Laramie County School District 1","2026-08-03"
436,"Elementary Head Football Coach [C174]","2026-07-13",NA,"Cheyenne, Wyoming","https://laramie1.schoolspring.com/","Laramie County School District 1","2026-08-03"
437,"Elementary Assistant Football Coach [C176]","2026-07-13",NA,"Cheyenne, Wyoming","https://laramie1.schoolspring.com/","Laramie County School District 1","2026-08-03"
438,"Elementary Head Football Coach [C174]","2026-07-13",NA,"Cheyenne, Wyoming","https://laramie1.schoolspring.com/","Laramie County School District 1","2026-08-03"
439,"Elementary Assistant Football Coach [C176]","2026-07-13",NA,"Cheyenne, Wyoming","https://laramie1.schoolspring.com/","Laramie County School District 1","2026-08-03"
440,"Elementary Head Football Coach [C174]","2026-07-13",NA,"Cheyenne, Wyoming","https://laramie1.schoolspring.com/","Laramie County School District 1","2026-08-03"
441,"Elementary Assistant Football Coach [C176]","2026-07-13",NA,"Cheyenne, Wyoming","https://laramie1.schoolspring.com/","Laramie County School District 1","2026-08-03"
442,"Elementary Assistant Football Coach [C176]","2026-07-13",NA,"Cheyenne, Wyoming","https://laramie1.schoolspring.com/","Laramie County School District 1","2026-08-03"
443,"Elementary Assistant Football Coach [C176]","2026-07-13",NA,"Cheyenne, Wyoming","https://laramie1.schoolspring.com/","Laramie County School District 1","2026-08-03"
444,"Elementary Head Football Coach [C174]","2026-07-13",NA,"Cheyenne, Wyoming","https://laramie1.schoolspring.com/","Laramie County School District 1","2026-08-03"
445,"Elementary Head Football Coach [C174]","2026-07-09",NA,"Cheyenne, Wyoming","https://laramie1.schoolspring.com/","Laramie County School District 1","2026-08-03"
446,"Elementary Assistant Football Coach [C176]","2026-07-09",NA,"Cheyenne, Wyoming","https://laramie1.schoolspring.com/","Laramie County School District 1","2026-08-03"
447,"Elementary Head Football Coach [C174]","2026-07-09",NA,"Cheyenne, Wyoming","https://laramie1.schoolspring.com/","Laramie County School District 1","2026-08-03"
448,"Elementary Assistant Football Coach [C176]","2026-07-09",NA,"Cheyenne, Wyoming","https://laramie1.schoolspring.com/","Laramie County School District 1","2026-08-03"
449,"Elementary Head Football Coach [C174]","2026-07-09",NA,"Cheyenne, Wyoming","https://laramie1.schoolspring.com/","Laramie County School District 1","2026-08-03"
450,"Elementary Assistant Football Coach [C176]","2026-07-09",NA,"Cheyenne, Wyoming","https://laramie1.schoolspring.com/","Laramie County School District 1","2026-08-03"
451,"Elementary Head Football Coach [C174]","2026-07-09",NA,"Cheyenne, Wyoming","https://laramie1.schoolspring.com/","Laramie County School District 1","2026-08-03"
452,"Elementary Assistant Football Coach [C176]","2026-07-09",NA,"Cheyenne, Wyoming","https://laramie1.schoolspring.com/","Laramie County School District 1","2026-08-03"
453,"Elementary Head Football Coach [C174]","2026-07-09",NA,"Cheyenne, Wyoming","https://laramie1.schoolspring.com/","Laramie County School District 1","2026-08-03"
454,"Elementary Assistant Football Coach [C176]","2026-07-09",NA,"Cheyenne, Wyoming","https://laramie1.schoolspring.com/","Laramie County School District 1","2026-08-03"
455,"Elementary Head Football Coach [C174]","2026-07-09",NA,"Cheyenne, Wyoming","https://laramie1.schoolspring.com/","Laramie County School District 1","2026-08-03"
456,"Elementary Head Football Coach [C174]","2026-07-08",NA,"Cheyenne, Wyoming","https://laramie1.schoolspring.com/","Laramie County School District 1","2026-08-03"
457,"Elementary Assistant Football Coach [C176]","2026-07-08",NA,"Cheyenne, Wyoming","https://laramie1.schoolspring.com/","Laramie County School District 1","2026-08-03"
458,"TEACHER BUS ED KEYBDG/COMP APP [TC06]","2026-07-08",NA,"Cheyenne, Wyoming","https://laramie1.schoolspring.com/","Laramie County School District 1","2026-08-03"
459,"Health Sciences Teacher [TC18]","2026-07-08",NA,"Cheyenne, Wyoming","https://laramie1.schoolspring.com/","Laramie County School District 1","2026-08-03"
460,"Paraeducator Special Education [XP08]","2026-07-07",NA,"Cheyenne, Wyoming","https://laramie1.schoolspring.com/","Laramie County School District 1","2026-08-03"
461,"Paraeducator Title I Pre-K [PA16]","2026-07-07",NA,"Cheyenne, Wyoming","https://laramie1.schoolspring.com/","Laramie County School District 1","2026-08-03"
462,"School Psychologist [XA01]","2026-07-06",NA,"Cheyenne, Wyoming","https://laramie1.schoolspring.com/","Laramie County School District 1","2026-08-03"
463,"Assistant Football Coach [C146]","2026-06-29",NA,"Cheyenne, Wyoming","https://laramie1.schoolspring.com/","Laramie County School District 1","2026-08-03"
464,"Assistant Football Coach [C146]","2026-06-25",NA,"Cheyenne, Wyoming","https://laramie1.schoolspring.com/","Laramie County School District 1","2026-08-03"
465,"Assistant Girls Basketball Coach [C078]","2026-06-24",NA,"Cheyenne, Wyoming","https://laramie1.schoolspring.com/","Laramie County School District 1","2026-08-03"
466,"Custodial - General Class 3 [CU05]","2026-06-22",NA,"Cheyenne, Wyoming","https://laramie1.schoolspring.com/","Laramie County School District 1","2026-08-03"
467,"Nutrition- Elementary Head Cashier [NU03]","2026-06-18",NA,"Cheyenne, Wyoming","https://laramie1.schoolspring.com/","Laramie County School District 1","2026-08-03"
468,"Nutrition Services Aid [NU02]","2026-06-18",NA,"Cheyenne, Wyoming","https://laramie1.schoolspring.com/","Laramie County School District 1","2026-08-03"
469,"Nutrition Services Aid [NU02]","2026-06-18",NA,"Cheyenne, Wyoming","https://laramie1.schoolspring.com/","Laramie County School District 1","2026-08-03"
470,"Substitute On-Call Nutrition Services Aid [S020]","2026-06-17",NA,"Cheyenne, Wyoming","https://laramie1.schoolspring.com/","Laramie County School District 1","2026-08-03"
471,"Nutrition- Elementary Head Cashier [NU03]","2026-06-17",NA,"Cheyenne, Wyoming","https://laramie1.schoolspring.com/","Laramie County School District 1","2026-08-03"
472,"Assistant Cross Country Coach","2026-06-17",NA,"Cheyenne, Wyoming","https://laramie1.schoolspring.com/","Laramie County School District 1","2026-08-03"
473,"Head Cross Country Coach [C144]","2026-06-17",NA,"Cheyenne, Wyoming","https://laramie1.schoolspring.com/","Laramie County School District 1","2026-08-03"
474,"Head Girls Soccer Coach [C122]","2026-06-09",NA,"Cheyenne, Wyoming","https://laramie1.schoolspring.com/","Laramie County School District 1","2026-08-03"
475,"Assistant Cross Country Coach [C142]","2026-06-09",NA,"Cheyenne, Wyoming","https://laramie1.schoolspring.com/","Laramie County School District 1","2026-08-03"
476,"Paraeducator General [PA07]","2026-06-04",NA,"Cheyenne, Wyoming","https://laramie1.schoolspring.com/","Laramie County School District 1","2026-08-03"
477,"Paraeducator General [PA07]","2026-06-04",NA,"Cheyenne, Wyoming","https://laramie1.schoolspring.com/","Laramie County School District 1","2026-08-03"
478,"Resource Teacher [XT21]","2026-06-02",NA,"Cheyenne, Wyoming","https://laramie1.schoolspring.com/","Laramie County School District 1","2026-08-03"
479,"Assistant Girls Wrestling Coach","2026-06-01",NA,"Cheyenne, Wyoming","https://laramie1.schoolspring.com/","Laramie County School District 1","2026-08-03"
480,"Biology/Life Science Teacher [TC26]","2026-06-01",NA,"Cheyenne, Wyoming","https://laramie1.schoolspring.com/","Laramie County School District 1","2026-08-03"
481,"Student Sweeper [ST05]","2026-05-28",NA,"Cheyenne, Wyoming","https://laramie1.schoolspring.com/","Laramie County School District 1","2026-08-03"
482,"Student Sweeper [ST05]","2026-05-22",NA,"Cheyenne, Wyoming","https://laramie1.schoolspring.com/","Laramie County School District 1","2026-08-03"
483,"Educational Sign Language Interpreter [XP05]","2026-05-18",NA,"Cheyenne, Wyoming","https://laramie1.schoolspring.com/","Laramie County School District 1","2026-08-03"
484,"Paraeducator Sign Support [XP05]","2026-05-18",NA,"Cheyenne, Wyoming","https://laramie1.schoolspring.com/","Laramie County School District 1","2026-08-03"
485,"School Psychologist [XA01]","2026-05-18",NA,"Cheyenne, Wyoming","https://laramie1.schoolspring.com/","Laramie County School District 1","2026-08-03"
486,"Head Cheer Coach [C108]","2026-05-18",NA,"Cheyenne, Wyoming","https://laramie1.schoolspring.com/","Laramie County School District 1","2026-08-03"
487,"Paraeducator General [PA07]","2026-05-18",NA,"Cheyenne, Wyoming","https://laramie1.schoolspring.com/","Laramie County School District 1","2026-08-03"
488,"Speech Language Pathologist-4 Positions available [XT14]","2026-05-06",NA,"Cheyenne, Wyoming","https://laramie1.schoolspring.com/","Laramie County School District 1","2026-08-03"
489,"Paraeducator Special Needs PALS [XP09]","2026-05-05",NA,"Cheyenne, Wyoming","https://laramie1.schoolspring.com/","Laramie County School District 1","2026-08-03"
490,"Student Sweeper [ST05]","2026-05-04",NA,"Cheyenne, Wyoming","https://laramie1.schoolspring.com/","Laramie County School District 1","2026-08-03"
491,"Sub-Custodian [S010]","2026-05-01",NA,"Cheyenne, Wyoming","https://laramie1.schoolspring.com/","Laramie County School District 1","2026-08-03"
492,"Physical Therapist [XT07]","2026-04-30",NA,"Cheyenne, Wyoming","https://laramie1.schoolspring.com/","Laramie County School District 1","2026-08-03"
493,"Student Sweeper [ST05]","2026-04-20",NA,"Cheyenne, Wyoming","https://laramie1.schoolspring.com/","Laramie County School District 1","2026-08-03"
494,"Student Sweeper [ST05]","2026-04-20",NA,"Cheyenne, Wyoming","https://laramie1.schoolspring.com/","Laramie County School District 1","2026-08-03"
495,"Assistant Head Custodian - Class 4 [CU01]","2026-04-20",NA,"Cheyenne, Wyoming","https://laramie1.schoolspring.com/","Laramie County School District 1","2026-08-03"
496,"Custodial - Head Class 5 [CU02]","2026-02-17",NA,"Cheyenne, Wyoming","https://laramie1.schoolspring.com/","Laramie County School District 1","2026-08-03"
497,"Custodial - Head Class 5 [CU08]","2026-01-16",NA,"Cheyenne, Wyoming","https://laramie1.schoolspring.com/","Laramie County School District 1","2026-08-03"
498,"Student Sweeper [ST05]","2025-11-07",NA,"Cheyenne, Wyoming","https://laramie1.schoolspring.com/","Laramie County School District 1","2026-08-03"
499,"Student Sweeper [ST05]","2025-11-07",NA,"Cheyenne, Wyoming","https://laramie1.schoolspring.com/","Laramie County School District 1","2026-08-03"
500,"Student Sweeper [ST05]","2025-11-07",NA,"Cheyenne, Wyoming","https://laramie1.schoolspring.com/","Laramie County School District 1","2026-08-03"
501,"Student Sweeper [ST05]","2025-11-07",NA,"Cheyenne, Wyoming","https://laramie1.schoolspring.com/","Laramie County School District 1","2026-08-03"
502,"Student Sweeper [ST05]","2025-11-07",NA,"Cheyenne, Wyoming","https://laramie1.schoolspring.com/","Laramie County School District 1","2026-08-03"
503,"Paraeducator Sign Support [XP05]","2025-06-26",NA,"Cheyenne, Wyoming","https://laramie1.schoolspring.com/","Laramie County School District 1","2026-08-03"
504,"KWHS Assistant Football Coach","2026-08-03",NA,"Casper, Wyoming","https://natronaschools.schoolspring.com/","Natrona School District 1","2026-08-03"
505,"Education Support Specialist @ ABLE w/ Cafeteria Technician","2026-08-03",NA,"Casper, Wyoming","https://natronaschools.schoolspring.com/","Natrona School District 1","2026-08-03"
506,"NCHS Assistant Boys Wrestling Coach","2026-08-03",NA,"Casper, Wyoming","https://natronaschools.schoolspring.com/","Natrona School District 1","2026-08-03"
507,"Roosevelt High School Registrar","2026-08-03",NA,"Casper, Wyoming","https://natronaschools.schoolspring.com/","Natrona School District 1","2026-08-03"
508,"Cottonwood Education Support Personnel","2026-08-03",NA,"Casper, Wyoming","https://natronaschools.schoolspring.com/","Natrona School District 1","2026-08-03"
509,"Journey Part Time Education Support Personnel","2026-08-03",NA,"Casper, Wyoming","https://natronaschools.schoolspring.com/","Natrona School District 1","2026-08-03"
510,"Journey Education Support Personnel","2026-08-03",NA,"Casper, Wyoming","https://natronaschools.schoolspring.com/","Natrona School District 1","2026-08-03"
511,"KWHS Assistant Cross Country Coach","2026-08-03",NA,"Casper, Wyoming","https://natronaschools.schoolspring.com/","Natrona School District 1","2026-08-03"
512,"Southridge Behavior and Substitute Support Personnel","2026-08-03",NA,"Casper, Wyoming","https://natronaschools.schoolspring.com/","Natrona School District 1","2026-08-03"
513,"ABLE Education Support Specialist","2026-08-03",NA,"Casper, Wyoming","https://natronaschools.schoolspring.com/","Natrona School District 1","2026-08-03"
514,"Dean Morgan Cafeteria Specialist/Cafeteria Technician","2026-08-03",NA,"Casper, Wyoming","https://natronaschools.schoolspring.com/","Natrona School District 1","2026-08-03"
515,"Poison Spider Education Support Personnel/ Office and Records","2026-08-03",NA,"Casper, Wyoming","https://natronaschools.schoolspring.com/","Natrona School District 1","2026-08-03"
516,"NCHS Education Support Personnel","2026-07-31",NA,"Casper, Wyoming","https://natronaschools.schoolspring.com/","Natrona School District 1","2026-08-03"
517,"Paradise Valley Education Support Specialist (1 on 1 support in Base Classroom)","2026-07-31",NA,"Casper, Wyoming","https://natronaschools.schoolspring.com/","Natrona School District 1","2026-08-03"
518,"Fort Caspar Academy Education Support Specialist (FLS Classroom)","2026-07-31",NA,"Casper, Wyoming","https://natronaschools.schoolspring.com/","Natrona School District 1","2026-08-03"
519,"CYMS Assistant Cafeteria Manager","2026-07-30",NA,"Casper, Wyoming","https://natronaschools.schoolspring.com/","Natrona School District 1","2026-08-03"
520,"CMS Girls Wrestling Aide","2026-07-30",NA,"Casper, Wyoming","https://natronaschools.schoolspring.com/","Natrona School District 1","2026-08-03"
521,"CMS Girls Wrestling Head Coach","2026-07-30",NA,"Casper, Wyoming","https://natronaschools.schoolspring.com/","Natrona School District 1","2026-08-03"
522,"Oregon Trail Part-time Education Support Personnel","2026-07-30",NA,"Casper, Wyoming","https://natronaschools.schoolspring.com/","Natrona School District 1","2026-08-03"
523,"Paradise Valley Kindergarten Teacher for the 2026-27 School Year Only","2026-07-30",NA,"Casper, Wyoming","https://natronaschools.schoolspring.com/","Natrona School District 1","2026-08-03"
524,"CYMS Part Time Cafeteria Technician","2026-07-29",NA,"Casper, Wyoming","https://natronaschools.schoolspring.com/","Natrona School District 1","2026-08-03"
525,"Casper Mountain Science Program Intern","2026-07-28",NA,"Casper, Wyoming","https://natronaschools.schoolspring.com/","Natrona School District 1","2026-08-03"
526,"Centennial Education Support Personnel","2026-07-28",NA,"Casper, Wyoming","https://natronaschools.schoolspring.com/","Natrona School District 1","2026-08-03"
527,"CCA Cafeteria Specialist","2026-07-27",NA,"Casper, Wyoming","https://natronaschools.schoolspring.com/","Natrona School District 1","2026-08-03"
528,"Business Services Specialist (Finance &amp; Accounting)","2026-07-27",NA,"Casper, Wyoming","https://natronaschools.schoolspring.com/","Natrona School District 1","2026-08-03"
529,"Business Services Technician (Payroll)","2026-07-27",NA,"Casper, Wyoming","https://natronaschools.schoolspring.com/","Natrona School District 1","2026-08-03"
530,"NCHS Custodian","2026-07-27",NA,"Casper, Wyoming","https://natronaschools.schoolspring.com/","Natrona School District 1","2026-08-03"
531,"Information Systems Specialist- Business Department","2026-07-27",NA,"Casper, Wyoming","https://natronaschools.schoolspring.com/","Natrona School District 1","2026-08-03"
532,"KWHS Cafeteria Technician","2026-07-27",NA,"Casper, Wyoming","https://natronaschools.schoolspring.com/","Natrona School District 1","2026-08-03"
533,"KWHS Behavior and Substitute Support Personnel","2026-07-27",NA,"Casper, Wyoming","https://natronaschools.schoolspring.com/","Natrona School District 1","2026-08-03"
534,"Poison Spider Football Coach","2026-07-22",NA,"Casper, Wyoming","https://natronaschools.schoolspring.com/","Natrona School District 1","2026-08-03"
535,"Poison Spider Football Coach Aide","2026-07-22",NA,"Casper, Wyoming","https://natronaschools.schoolspring.com/","Natrona School District 1","2026-08-03"
536,"Cottonwood Tutor for the 2026-2027 School Years Only","2026-07-21",NA,"Casper, Wyoming","https://natronaschools.schoolspring.com/","Natrona School District 1","2026-08-03"
537,"Dean Morgan Basketball Aide","2026-07-20",NA,"Casper, Wyoming","https://natronaschools.schoolspring.com/","Natrona School District 1","2026-08-03"
538,"NCHS Education Support Specialist/Education Support Personnel","2026-07-20",NA,"Casper, Wyoming","https://natronaschools.schoolspring.com/","Natrona School District 1","2026-08-03"
539,"Bus Driver - 260 Day","2026-07-20",NA,"Casper, Wyoming","https://natronaschools.schoolspring.com/","Natrona School District 1","2026-08-03"
540,"Bus Driver -175 Day","2026-07-20",NA,"Casper, Wyoming","https://natronaschools.schoolspring.com/","Natrona School District 1","2026-08-03"
541,"Transportation Support Personnel","2026-07-20",NA,"Casper, Wyoming","https://natronaschools.schoolspring.com/","Natrona School District 1","2026-08-03"
542,"CCA 7th Grade Football Aide","2026-07-17",NA,"Casper, Wyoming","https://natronaschools.schoolspring.com/","Natrona School District 1","2026-08-03"
543,"CCA 7th Grade Volleyball Aide","2026-07-17",NA,"Casper, Wyoming","https://natronaschools.schoolspring.com/","Natrona School District 1","2026-08-03"
544,"Dean Morgan Volleyball Aide","2026-07-14",NA,"Casper, Wyoming","https://natronaschools.schoolspring.com/","Natrona School District 1","2026-08-03"
545,"CMS Head Football Coach","2026-07-14",NA,"Casper, Wyoming","https://natronaschools.schoolspring.com/","Natrona School District 1","2026-08-03"
546,"KWHS Girls Assistant Basketball Coach","2026-07-14",NA,"Casper, Wyoming","https://natronaschools.schoolspring.com/","Natrona School District 1","2026-08-03"
547,"Fort Caspar Academy Education Support Specialist (1 on 1)","2026-07-13",NA,"Casper, Wyoming","https://natronaschools.schoolspring.com/","Natrona School District 1","2026-08-03"
548,"Midwest JH Football Aide","2026-06-30",NA,"Midwest, Wyoming","https://natronaschools.schoolspring.com/","Natrona School District 1","2026-08-03"
549,"Journey - Tutor for the 2026-2027 school year only","2026-06-29",NA,"Casper, Wyoming","https://natronaschools.schoolspring.com/","Natrona School District 1","2026-08-03"
550,"Journey Preschool Education Support Specialist beginning for 26-27 school year","2026-06-25",NA,"Casper, Wyoming","https://natronaschools.schoolspring.com/","Natrona School District 1","2026-08-03"
551,"Evansville Tutor for the 2026-2027 School Year Only","2026-06-21",NA,"Evansville, Wyoming","https://natronaschools.schoolspring.com/","Natrona School District 1","2026-08-03"
552,"Student Support Services Education Support Specialist beginning for the 26-27 school year","2026-06-15",NA,"Casper, Wyoming","https://natronaschools.schoolspring.com/","Natrona School District 1","2026-08-03"
553,"Classified Substitute 2026-2027 School Year","2026-06-15",NA,"Casper, Wyoming","https://natronaschools.schoolspring.com/","Natrona School District 1","2026-08-03"
554,"Park Classroom Teacher- Spanish Dual Language Immersion to Begin the 2026-27 School Year","2026-06-01",NA,"Casper, Wyoming","https://natronaschools.schoolspring.com/","Natrona School District 1","2026-08-03"
555,"Substitute Teacher 2026-2027 School Year","2026-06-01",NA,"Casper, Wyoming","https://natronaschools.schoolspring.com/","Natrona School District 1","2026-08-03"
556,"Education Interpreter-American Sign Language","2026-05-30",NA,"Casper, Wyoming","https://natronaschools.schoolspring.com/","Natrona School District 1","2026-08-03"
557,"NCHS Head Softball Coach","2026-05-29",NA,"Casper, Wyoming","https://natronaschools.schoolspring.com/","Natrona School District 1","2026-08-03"
558,"NCHS Assistant Softball Coach","2026-05-29",NA,"Casper, Wyoming","https://natronaschools.schoolspring.com/","Natrona School District 1","2026-08-03"
559,"NCHS Softball Aide","2026-05-29",NA,"Casper, Wyoming","https://natronaschools.schoolspring.com/","Natrona School District 1","2026-08-03"
560,"NCHS Nordic Ski Assistant Coach","2026-05-29",NA,"Casper, Wyoming","https://natronaschools.schoolspring.com/","Natrona School District 1","2026-08-03"
561,"NCHS Tennis Aide","2026-05-29",NA,"Casper, Wyoming","https://natronaschools.schoolspring.com/","Natrona School District 1","2026-08-03"
562,"District Therapeutic Counselor to Begin the 2026-2027 School Year","2026-05-29",NA,"Casper, Wyoming","https://natronaschools.schoolspring.com/","Natrona School District 1","2026-08-03"
563,"Dean Morgan Nordic Ski Aide","2026-05-22",NA,"Casper, Wyoming","https://natronaschools.schoolspring.com/","Natrona School District 1","2026-08-03"
564,"Verda James Part-Time Education Support Personnel to Begin the 2026-27 School Year","2026-05-22",NA,"Casper, Wyoming","https://natronaschools.schoolspring.com/","Natrona School District 1","2026-08-03"
565,"Dean Morgan Football Aide","2026-05-21",NA,"Casper, Wyoming","https://natronaschools.schoolspring.com/","Natrona School District 1","2026-08-03"
566,"CMS ILS Education Support Specialist beginning for the 26-27 school year","2026-05-21",NA,"Casper, Wyoming","https://natronaschools.schoolspring.com/","Natrona School District 1","2026-08-03"
567,"CMS Substitute on Daily Assignment- SPED to begin the 26-27 School Year","2026-05-19",NA,"Casper, Wyoming","https://natronaschools.schoolspring.com/","Natrona School District 1","2026-08-03"
568,"Special Education Teacher Beginning the 2026-27 School Year","2026-05-19",NA,"Casper, Wyoming","https://natronaschools.schoolspring.com/","Natrona School District 1","2026-08-03"
569,"KWHS Cheer Coach Aide","2026-05-18",NA,"Casper, Wyoming","https://natronaschools.schoolspring.com/","Natrona School District 1","2026-08-03"
570,"Occupational Therapist Beginning the 2026-2027 School Year","2026-05-14",NA,"Casper, Wyoming","https://natronaschools.schoolspring.com/","Natrona School District 1","2026-08-03"
571,"CCA BASE Education Support Specialist","2026-05-13",NA,"Casper, Wyoming","https://natronaschools.schoolspring.com/","Natrona School District 1","2026-08-03"
572,"Assistive Technologist Special Education to Begin the 2026-27 School Year","2026-05-11",NA,"Casper, Wyoming","https://natronaschools.schoolspring.com/","Natrona School District 1","2026-08-03"
573,"Instructional Facilitator - Behavior Interventionist Beginning the 2026-2027 School Year","2026-05-11",NA,"Casper, Wyoming","https://natronaschools.schoolspring.com/","Natrona School District 1","2026-08-03"
574,"CYMS Part Time Education Support Personnel beginning for the 2026-2027 school year","2026-04-30",NA,"Casper, Wyoming","https://natronaschools.schoolspring.com/","Natrona School District 1","2026-08-03"
575,"Dean Morgan Education Support Personnel Beginning 26-27 School Year","2026-04-30",NA,"Casper, Wyoming","https://natronaschools.schoolspring.com/","Natrona School District 1","2026-08-03"
576,"Sagewood Behavior and Substitute Support Personnel Beginning 26-27 School Year","2026-04-30",NA,"Casper, Wyoming","https://natronaschools.schoolspring.com/","Natrona School District 1","2026-08-03"
577,"CYMS Head Cheer Coach","2026-04-24",NA,"Casper, Wyoming","https://natronaschools.schoolspring.com/","Natrona School District 1","2026-08-03"
578,"Substitute Custodian","2026-04-09",NA,"Casper, Wyoming","https://natronaschools.schoolspring.com/","Natrona School District 1","2026-08-03"
579,"Substitute Nurse","2026-04-09",NA,"Casper, Wyoming","https://natronaschools.schoolspring.com/","Natrona School District 1","2026-08-03"
580,"Seasonal Grounds Worker","2026-04-01",NA,"Casper, Wyoming","https://natronaschools.schoolspring.com/","Natrona School District 1","2026-08-03"
581,"Physical Therapist to begin 2026-2027 School Year","2026-03-18",NA,"Casper, Wyoming","https://natronaschools.schoolspring.com/","Natrona School District 1","2026-08-03"
582,"Substitute Bus Driver","2026-02-13",NA,"Casper, Wyoming","https://natronaschools.schoolspring.com/","Natrona School District 1","2026-08-03"
583,"Centennial Head Girls Soccer Coach","2026-01-16",NA,"Casper, Wyoming","https://natronaschools.schoolspring.com/","Natrona School District 1","2026-08-03"
584,"KWHS - Marine Instructor (MI) OR Senior ROTC Marine Instructor (SMI)","2025-07-10",NA,"Casper, Wyoming","https://natronaschools.schoolspring.com/","Natrona School District 1","2026-08-03"
585,"Cook/Custodian","2026-07-27",NA,"Carpenter, Wyoming","https://laramie2.schoolspring.com/","Laramie County School District 2","2026-08-03"
586,"Academic Tutor","2026-07-08",NA,"Burns, Wyoming","https://laramie2.schoolspring.com/","Laramie County School District 2","2026-08-03"
587,"Secondary Counselor/Social Worker","2026-07-06",NA,"Burns, Wyoming","https://laramie2.schoolspring.com/","Laramie County School District 2","2026-08-03"
588,"Paraprofessional","2026-04-27",NA,"Pine Bluffs, Wyoming","https://laramie2.schoolspring.com/","Laramie County School District 2","2026-08-03"
589,"Custodian","2026-03-23",NA,"Burns, Wyoming","https://laramie2.schoolspring.com/","Laramie County School District 2","2026-08-03"
590,"Speech-Language Pathologist 2026-27 School Year (Signing Bonus)","2026-03-12",NA,"Pine Bluffs, Wyoming","https://laramie2.schoolspring.com/","Laramie County School District 2","2026-08-03"
591,"Assistant High School Football Coach","2026-02-24",NA,"Burns, Wyoming","https://laramie2.schoolspring.com/","Laramie County School District 2","2026-08-03"
592,"Assistant JH Volleyball Numbers Coach","2025-12-02",NA,"Burns, Wyoming","https://laramie2.schoolspring.com/","Laramie County School District 2","2026-08-03"
593,"Substitute School Nurse","2025-09-15",NA,"Pine Bluffs, Wyoming","https://laramie2.schoolspring.com/","Laramie County School District 2","2026-08-03"
594,"ELL Parent Translator Contactor","2025-09-15",NA,"Pine Bluffs, Wyoming","https://laramie2.schoolspring.com/","Laramie County School District 2","2026-08-03"
595,"Assistant JH Football Coach","2025-08-05",NA,"Burns, Wyoming","https://laramie2.schoolspring.com/","Laramie County School District 2","2026-08-03"
596,"ELL Paraprofessional","2025-06-10",NA,"Pine Bluffs, Wyoming","https://laramie2.schoolspring.com/","Laramie County School District 2","2026-08-03"
597,"Sub Paraprofessional","2025-01-30",NA,"Pine Bluffs, Wyoming","https://laramie2.schoolspring.com/","Laramie County School District 2","2026-08-03"
598,"Sub Custodian","2025-01-30",NA,"Pine Bluffs, Wyoming","https://laramie2.schoolspring.com/","Laramie County School District 2","2026-08-03"
599,"Substitute Cook","2025-01-30",NA,"Pine Bluffs, Wyoming","https://laramie2.schoolspring.com/","Laramie County School District 2","2026-08-03"
600,"Substitute Teacher","2025-01-30",NA,"Pine Bluffs, Wyoming","https://laramie2.schoolspring.com/","Laramie County School District 2","2026-08-03"
601,"Substitute Bus Driver","2025-01-30",NA,"Pine Bluffs, Wyoming","https://laramie2.schoolspring.com/","Laramie County School District 2","2026-08-03"
602,"CUSTODIAN FLOATER","2026-07-28",NA,"Riverton, Wyoming","https://fremont25.schoolspring.com/","Fremont County School District 25","2026-08-03"
603,"SUBSTITUTE CUSTODIAN","2026-07-16",NA,"Riverton, Wyoming","https://fremont25.schoolspring.com/","Fremont County School District 25","2026-08-03"
604,"NATIVE AMERICAN STUDENT ADVOCATE","2026-07-07",NA,"Riverton, Wyoming","https://fremont25.schoolspring.com/","Fremont County School District 25","2026-08-03"
605,"LAWN CREW","2026-06-23",NA,"Riverton, Wyoming","https://fremont25.schoolspring.com/","Fremont County School District 25","2026-08-03"
606,"ELEMENTARY TEACHER (SPED BSP/LR)","2026-06-02",NA,"Riverton, Wyoming","https://fremont25.schoolspring.com/","Fremont County School District 25","2026-08-03"
607,"MIDDLE SCHOOL ASSISTANT COACH (WRESTLING)","2026-05-27",NA,"Riverton, Wyoming","https://fremont25.schoolspring.com/","Fremont County School District 25","2026-08-03"
608,"HIGH SCHOOL ASSISTANT COACH (WRESTLING)","2026-05-21",NA,"Riverton, Wyoming","https://fremont25.schoolspring.com/","Fremont County School District 25","2026-08-03"
609,"ELEMENTARY TEACHER (SPED)","2026-05-12",NA,"Riverton, Wyoming","https://fremont25.schoolspring.com/","Fremont County School District 25","2026-08-03"
610,"INSTRUCTIONAL SUPPORT SPECIALIST","2026-04-13",NA,"Riverton, Wyoming","https://fremont25.schoolspring.com/","Fremont County School District 25","2026-08-03"
611,"HOMEBOUND AND DISTRICT PLACEMENT SPECIAL EDUCATION TEACHER (SPED)","2026-04-08",NA,"Riverton, Wyoming","https://fremont25.schoolspring.com/","Fremont County School District 25","2026-08-03"
612,"2026-2027 PARAPROFESSIONAL POOL","2026-03-27",NA,"Riverton, Wyoming","https://fremont25.schoolspring.com/","Fremont County School District 25","2026-08-03"
613,"SUBSTITUTE BUS DRIVER","2026-03-20",NA,"Riverton, Wyoming","https://fremont25.schoolspring.com/","Fremont County School District 25","2026-08-03"
614,"SPEECH LANGUAGE PATHOLOGIST","2026-02-09",NA,"Riverton, Wyoming","https://fremont25.schoolspring.com/","Fremont County School District 25","2026-08-03"
615,"BUS AIDE","2025-10-17",NA,"Riverton, Wyoming","https://fremont25.schoolspring.com/","Fremont County School District 25","2026-08-03"
616,"BUS DRIVER (PART TIME)","2025-10-17",NA,"Riverton, Wyoming","https://fremont25.schoolspring.com/","Fremont County School District 25","2026-08-03"
617,"SUBSTITUTE PARA","2025-09-26",NA,"Riverton, Wyoming","https://fremont25.schoolspring.com/","Fremont County School District 25","2026-08-03"
618,"SUBSTITUTE INTERPRETER FOR DEAF/HARD OF HEARING STUDENTS","2025-01-16",NA,"Riverton, Wyoming","https://fremont25.schoolspring.com/","Fremont County School District 25","2026-08-03"
619,"SUBSTITUTE DAYCARE ASSISTANT","2024-07-22",NA,"Riverton, Wyoming","https://fremont25.schoolspring.com/","Fremont County School District 25","2026-08-03"
620,"SUBSTITUTE TEACHER","2024-07-18",NA,"Riverton, Wyoming","https://fremont25.schoolspring.com/","Fremont County School District 25","2026-08-03"
621,"SUBSTITUTE NURSE","2024-07-18",NA,"Riverton, Wyoming","https://fremont25.schoolspring.com/","Fremont County School District 25","2026-08-03"
622,"LIFEGUARD","2024-03-01",NA,"Riverton, Wyoming","https://fremont25.schoolspring.com/","Fremont County School District 25","2026-08-03"
623,"DESK CLERK","2024-03-01",NA,"Riverton, Wyoming","https://fremont25.schoolspring.com/","Fremont County School District 25","2026-08-03"
624,"Monitor","2026-07-29",NA,"Laramie, Wyoming","https://acsd1.schoolspring.com/","Albany Count School District 1","2026-08-03"
625,"Monitor","2026-07-29",NA,"Laramie, Wyoming","https://acsd1.schoolspring.com/","Albany Count School District 1","2026-08-03"
626,"Transportation Specialist","2026-07-28",NA,"Laramie, Wyoming","https://acsd1.schoolspring.com/","Albany Count School District 1","2026-08-03"
627,"Middle School Physical Education Teacher","2026-07-28",NA,"Laramie, Wyoming","https://acsd1.schoolspring.com/","Albany Count School District 1","2026-08-03"
628,"Long Term Substitute School Nurse","2026-07-09",NA,"Laramie, Wyoming","https://acsd1.schoolspring.com/","Albany Count School District 1","2026-08-03"
629,"Substitute Teacher","2026-07-08",NA,"Laramie, Wyoming","https://acsd1.schoolspring.com/","Albany Count School District 1","2026-08-03"
630,"Personalized Learning Services Paraprofessional","2026-07-08",NA,"Laramie, Wyoming","https://acsd1.schoolspring.com/","Albany Count School District 1","2026-08-03"
631,"Special Education Teacher","2026-06-11",NA,"Laramie, Wyoming","https://acsd1.schoolspring.com/","Albany Count School District 1","2026-08-03"
632,"Junior High School Boys&#x27; Assistant Basketball Coach","2026-06-08",NA,"Rock River, Wyoming","https://acsd1.schoolspring.com/","Albany Count School District 1","2026-08-03"
633,"Middle School Assistant Track Coach","2026-06-08",NA,"Laramie, Wyoming","https://acsd1.schoolspring.com/","Albany Count School District 1","2026-08-03"
634,"Educational Sign Language Interpreter","2026-05-29",NA,"Laramie, Wyoming","https://acsd1.schoolspring.com/","Albany Count School District 1","2026-08-03"
635,"Middle School Boys&#x27; Basketball Coach","2026-05-28",NA,"Laramie, Wyoming","https://acsd1.schoolspring.com/","Albany Count School District 1","2026-08-03"
636,"Sports Paraprofessional","2026-05-28",NA,"Laramie, Wyoming","https://acsd1.schoolspring.com/","Albany Count School District 1","2026-08-03"
637,"Middle School Girls&#x27; Basketball Coach","2026-05-18",NA,"Laramie, Wyoming","https://acsd1.schoolspring.com/","Albany Count School District 1","2026-08-03"
638,"Certified Occupational Therapist","2026-04-03",NA,"Laramie, Wyoming","https://acsd1.schoolspring.com/","Albany Count School District 1","2026-08-03"
639,"High School Assistant Golf Coach","2026-03-04",NA,"Laramie, Wyoming","https://acsd1.schoolspring.com/","Albany Count School District 1","2026-08-03"
640,"Substitute Custodian","2025-07-21",NA,"Laramie, Wyoming","https://acsd1.schoolspring.com/","Albany Count School District 1","2026-08-03"
641,"Bus Aide","2025-06-05",NA,"Laramie, Wyoming","https://acsd1.schoolspring.com/","Albany Count School District 1","2026-08-03"
642,"Bus Driver","2025-06-05",NA,"Laramie, Wyoming","https://acsd1.schoolspring.com/","Albany Count School District 1","2026-08-03"
643,"Instructional Assistant - SPEA - ASD","2026-08-03",NA,"Gillette, Wyoming","https://campbell.schoolspring.com/","Campbell County Scholl District 1","2026-08-03"
644,"Instructional Assistant - Jr. Kindergarten SPEA","2026-08-03",NA,"Gillette, Wyoming","https://campbell.schoolspring.com/","Campbell County Scholl District 1","2026-08-03"
645,"Instructional Assistant - SPEA for Students with Visual Impairment","2026-07-31",NA,"Gillette, Wyoming","https://campbell.schoolspring.com/","Campbell County Scholl District 1","2026-08-03"
646,"Math Teacher","2026-07-31",NA,"Wright, Wyoming","https://campbell.schoolspring.com/","Campbell County Scholl District 1","2026-08-03"
647,"Nutrition Service Assistant","2026-07-31",NA,"Gillette, Wyoming","https://campbell.schoolspring.com/","Campbell County Scholl District 1","2026-08-03"
648,"Assistant Cook","2026-07-31",NA,"Gillette, Wyoming","https://campbell.schoolspring.com/","Campbell County Scholl District 1","2026-08-03"
649,"Nutrition Services Site Manager","2026-07-31",NA,"Gillette, Wyoming","https://campbell.schoolspring.com/","Campbell County Scholl District 1","2026-08-03"
650,"Instructional Assistant - SPEA","2026-07-31",NA,"Rozet, Wyoming","https://campbell.schoolspring.com/","Campbell County Scholl District 1","2026-08-03"
651,"Nutrition Service Assistant","2026-07-30",NA,"Gillette, Wyoming","https://campbell.schoolspring.com/","Campbell County Scholl District 1","2026-08-03"
652,"Assistant Supervisor of Nutrition Services","2026-07-30",NA,"Gillette, Wyoming","https://campbell.schoolspring.com/","Campbell County Scholl District 1","2026-08-03"
653,"7/8 Football Coach","2026-07-30",NA,"Gillette, Wyoming","https://campbell.schoolspring.com/","Campbell County Scholl District 1","2026-08-03"
654,"Instructional Teacher Assistant","2026-07-29",NA,"Gillette, Wyoming","https://campbell.schoolspring.com/","Campbell County Scholl District 1","2026-08-03"
655,"Instructional Assistant - Special Programs Education Assistant","2026-07-29",NA,"Gillette, Wyoming","https://campbell.schoolspring.com/","Campbell County Scholl District 1","2026-08-03"
656,"Instructional Assistant - Title I Teacher Assistant","2026-07-29",NA,"Gillette, Wyoming","https://campbell.schoolspring.com/","Campbell County Scholl District 1","2026-08-03"
657,"Instructional Assistant - SPEA","2026-07-29",NA,"Gillette, Wyoming","https://campbell.schoolspring.com/","Campbell County Scholl District 1","2026-08-03"
658,"Cheerleading Sponsor - 7/8 Fall","2026-07-29",NA,"Gillette, Wyoming","https://campbell.schoolspring.com/","Campbell County Scholl District 1","2026-08-03"
659,"Special Programs Behavior Specialist","2026-07-24",NA,"Gillette, Wyoming","https://campbell.schoolspring.com/","Campbell County Scholl District 1","2026-08-03"
660,"Instructional Assistant - Emotionally Disabled Special Programs Education Assistant","2026-07-23",NA,"Gillette, Wyoming","https://campbell.schoolspring.com/","Campbell County Scholl District 1","2026-08-03"
661,"Instructional Assistant - Special Programs Education Assistant for Students with High Needs","2026-07-23",NA,"Gillette, Wyoming","https://campbell.schoolspring.com/","Campbell County Scholl District 1","2026-08-03"
662,"Instructional Assistant - SPEA","2026-07-23",NA,"Gillette, Wyoming","https://campbell.schoolspring.com/","Campbell County Scholl District 1","2026-08-03"
663,"Office Clerk","2026-07-23",NA,"Gillette, Wyoming","https://campbell.schoolspring.com/","Campbell County Scholl District 1","2026-08-03"
664,"Instructional Assistant - SPEA","2026-07-22",NA,"Gillette, Wyoming","https://campbell.schoolspring.com/","Campbell County Scholl District 1","2026-08-03"
665,"0.6 Custodian/0.4 Assistant Cook","2026-07-22",NA,"Gillette, Wyoming","https://campbell.schoolspring.com/","Campbell County Scholl District 1","2026-08-03"
666,"Instructional Assistant - SPEA - ED","2026-07-22",NA,"Gillette, Wyoming","https://campbell.schoolspring.com/","Campbell County Scholl District 1","2026-08-03"
667,"Instructional Assistant - Special Programs Education Assistant/ASD","2026-07-22",NA,"Gillette, Wyoming","https://campbell.schoolspring.com/","Campbell County Scholl District 1","2026-08-03"
668,"Instructional Assistant - SPEA","2026-07-22",NA,"Gillette, Wyoming","https://campbell.schoolspring.com/","Campbell County Scholl District 1","2026-08-03"
669,"Instructional Assistant - Behavior Assistant","2026-07-22",NA,"Gillette, Wyoming","https://campbell.schoolspring.com/","Campbell County Scholl District 1","2026-08-03"
670,"Instructional Teacher Assistant","2026-07-22",NA,"Gillette, Wyoming","https://campbell.schoolspring.com/","Campbell County Scholl District 1","2026-08-03"
671,"Instructional Teacher Assistant","2026-07-22",NA,"Gillette, Wyoming","https://campbell.schoolspring.com/","Campbell County Scholl District 1","2026-08-03"
672,"Instructional Assistant - Vocational Job Coach","2026-07-22",NA,"Wright, Wyoming","https://campbell.schoolspring.com/","Campbell County Scholl District 1","2026-08-03"
673,"BUS ASSISTANT - SPECIAL PROGRAMS","2026-07-22",NA,"Gillette, Wyoming","https://campbell.schoolspring.com/","Campbell County Scholl District 1","2026-08-03"
674,"ACTIVITY BUS DRIVER","2026-07-22",NA,"Gillette, Wyoming","https://campbell.schoolspring.com/","Campbell County Scholl District 1","2026-08-03"
675,"Safety Patrol","2026-07-22",NA,"Gillette, Wyoming","https://campbell.schoolspring.com/","Campbell County Scholl District 1","2026-08-03"
676,"Instructional Assistant - Technology Assistant","2026-07-22",NA,"Gillette, Wyoming","https://campbell.schoolspring.com/","Campbell County Scholl District 1","2026-08-03"
677,"Instructional Assistant - Special Programs Education Assistant for Students with High Needs","2026-07-22",NA,"Gillette, Wyoming","https://campbell.schoolspring.com/","Campbell County Scholl District 1","2026-08-03"
678,"Instructional Assistant - Special Programs Education Assistant for Students with High Needs","2026-07-22",NA,"Gillette, Wyoming","https://campbell.schoolspring.com/","Campbell County Scholl District 1","2026-08-03"
679,"Instructional Assistant - Special Programs Education Assistant","2026-07-22",NA,"Gillette, Wyoming","https://campbell.schoolspring.com/","Campbell County Scholl District 1","2026-08-03"
680,"Instructional Assistant - Vocational Job Coach","2026-07-22",NA,"Gillette, Wyoming","https://campbell.schoolspring.com/","Campbell County Scholl District 1","2026-08-03"
681,"Instructional Assistant - ESL (English as a Second Language) Teacher Assistant","2026-07-22",NA,"Gillette, Wyoming","https://campbell.schoolspring.com/","Campbell County Scholl District 1","2026-08-03"
682,"Instructional Assistant - Library Media Teacher Assistant","2026-07-15",NA,"Wright, Wyoming","https://campbell.schoolspring.com/","Campbell County Scholl District 1","2026-08-03"
683,"Instructional Assistant - Special Programs Education Assistant","2026-07-15",NA,"Wright, Wyoming","https://campbell.schoolspring.com/","Campbell County Scholl District 1","2026-08-03"
684,"Instructional Assistant - In-School Discipline Program Assistant","2026-07-15",NA,"Gillette, Wyoming","https://campbell.schoolspring.com/","Campbell County Scholl District 1","2026-08-03"
685,"Hearing Impaired Interpreter","2026-07-15",NA,"Gillette, Wyoming","https://campbell.schoolspring.com/","Campbell County Scholl District 1","2026-08-03"
686,"Events Co-Coordinator - Fall","2026-07-15",NA,"Gillette, Wyoming","https://campbell.schoolspring.com/","Campbell County Scholl District 1","2026-08-03"
687,"7/8 Football Coach","2026-07-10",NA,"Wright, Wyoming","https://campbell.schoolspring.com/","Campbell County Scholl District 1","2026-08-03"
688,"Instructional Assistant - SPEA","2026-07-08",NA,"Gillette, Wyoming","https://campbell.schoolspring.com/","Campbell County Scholl District 1","2026-08-03"
689,"Skilled Maintenance Crafts - Mechanic","2026-07-07",NA,"Gillette, Wyoming","https://campbell.schoolspring.com/","Campbell County Scholl District 1","2026-08-03"
690,"Substitute Teacher","2026-07-01",NA,"Gillette, Wyoming","https://campbell.schoolspring.com/","Campbell County Scholl District 1","2026-08-03"
691,"BUS DRIVER/BUS DRIVER IN TRAINING","2026-06-10",NA,"Gillette, Wyoming","https://campbell.schoolspring.com/","Campbell County Scholl District 1","2026-08-03"
692,"Speech/Language Pathologist","2026-05-14",NA,"Gillette, Wyoming","https://campbell.schoolspring.com/","Campbell County Scholl District 1","2026-08-03"
693,"Teacher of the Visually Impaired","2026-03-05",NA,"Gillette, Wyoming","https://campbell.schoolspring.com/","Campbell County Scholl District 1","2026-08-03"
694,"Instructional Assistant - SPEA - High Needs","2025-12-19",NA,"Gillette, Wyoming","https://campbell.schoolspring.com/","Campbell County Scholl District 1","2026-08-03"
695,"Orientation and Mobility Specialist","2025-12-19",NA,"Gillette, Wyoming","https://campbell.schoolspring.com/","Campbell County Scholl District 1","2026-08-03"
696,"Substitute School Nurse","2025-06-11",NA,"Gillette, Wyoming","https://campbell.schoolspring.com/","Campbell County Scholl District 1","2026-08-03"
697,"SCHOOL PSYCHOLOGIST INTERN","2025-01-31",NA,"Gillette, Wyoming","https://campbell.schoolspring.com/","Campbell County Scholl District 1","2026-08-03"
698,"Sample Classified Position","2010-02-16",NA,"Gillette, Wyoming","https://campbell.schoolspring.com/","Campbell County Scholl District 1","2026-08-03"
699,"Sample Certified Position","2010-02-16",NA,"Gillette, Wyoming","https://campbell.schoolspring.com/","Campbell County Scholl District 1","2026-08-03"
700,"Part-time Custodian","2026-07-27",NA,"Kaycee K-12 School","https://jobs.redroverk12.com/org/jcsd1","Johnson County School District 1","2026-08-03"
701,"Assistant Girls Basketball Coach","2026-07-27",NA,"Buffalo High School","https://jobs.redroverk12.com/org/jcsd1","Johnson County School District 1","2026-08-03"
702,"Special Education High Needs ParaProfessional","2026-07-23",NA,"JCSD#1","https://jobs.redroverk12.com/org/jcsd1","Johnson County School District 1","2026-08-03"
703,"Food Service Kitchen Lead","2026-06-09",NA,"Food Service","https://jobs.redroverk12.com/org/jcsd1","Johnson County School District 1","2026-08-03"
704,"Head Middle School Boys Basketball Coach","2026-06-09",NA,"Clear Creek Middle School","https://jobs.redroverk12.com/org/jcsd1","Johnson County School District 1","2026-08-03"
705,"FBLA Sponsor","2026-06-09",NA,"Buffalo High School","https://jobs.redroverk12.com/org/jcsd1","Johnson County School District 1","2026-08-03"
706,"Assistant Middle School Boys Basketball Coach","2026-04-23",NA,"Clear Creek Middle School","https://jobs.redroverk12.com/org/jcsd1","Johnson County School District 1","2026-08-03"
707,"Food Service Warehouse Transport","2026-03-02",NA,"Meadowlark Elementary School","https://jobs.redroverk12.com/org/jcsd1","Johnson County School District 1","2026-08-03"
708,"Sign Language Interpreter","2026-01-28",NA,"Buffalo High School","https://jobs.redroverk12.com/org/jcsd1","Johnson County School District 1","2026-08-03"
709,"Food Prep Tech","2025-12-08",NA,"JCSD#1","https://jobs.redroverk12.com/org/jcsd1","Johnson County School District 1","2026-08-03"
710,"Paraprofessional Substitute","2025-10-24",NA,"JCSD#1","https://jobs.redroverk12.com/org/jcsd1","Johnson County School District 1","2026-08-03"
711,"Custodian Staff Substitute","2025-09-05",NA,"JCSD#1","https://jobs.redroverk12.com/org/jcsd1","Johnson County School District 1","2026-08-03"
712,"Food Service Staff Substitute","2025-08-11",NA,"JCSD#1","https://jobs.redroverk12.com/org/jcsd1","Johnson County School District 1","2026-08-03"
713,"Substitute Teacher","2025-07-24",NA,"JCSD#1","https://jobs.redroverk12.com/org/jcsd1","Johnson County School District 1","2026-08-03"
714,"Substitute Buffalo Bus Route Driver","2025-07-16",NA,"JCSD#1","https://jobs.redroverk12.com/org/jcsd1","Johnson County School District 1","2026-08-03"
715,"Substitute Kaycee Bus Route Driver","2025-07-16",NA,"Kaycee K-12 School","https://jobs.redroverk12.com/org/jcsd1","Johnson County School District 1","2026-08-03"
716,"Assistant Middle School Boys Basketball Coach","2026-06-08",NA,"Thermopolis Middle School","https://jobs.redroverk12.com/org/hotsprings1","Hot Springs County School District 1","2026-08-03"
717,"Title I Paraprofessional","2026-06-03",NA,"Ralph Witters Elementary","https://jobs.redroverk12.com/org/hotsprings1","Hot Springs County School District 1","2026-08-03"
718,"Special Education Paraprofessional","2026-05-28",NA,NA,"https://jobs.redroverk12.com/org/hotsprings1","Hot Springs County School District 1","2026-08-03"
719,"Assistant High School Speech & Debate Sponsor","2026-04-30",NA,"Hot Springs County High School","https://jobs.redroverk12.com/org/hotsprings1","Hot Springs County School District 1","2026-08-03"
720,"Part-time Custodian","2026-04-21",NA,"Facilities","https://jobs.redroverk12.com/org/hotsprings1","Hot Springs County School District 1","2026-08-03"
721,"Transportation Assistant","2026-04-08",NA,"Transportation","https://jobs.redroverk12.com/org/hotsprings1","Hot Springs County School District 1","2026-08-03"
722,"Bus Driver","2026-04-08",NA,NA,"https://jobs.redroverk12.com/org/hotsprings1","Hot Springs County School District 1","2026-08-03"
723,"Crossing Guard","2026-04-08",NA,NA,"https://jobs.redroverk12.com/org/hotsprings1","Hot Springs County School District 1","2026-08-03"
724,"Substitute Paraprofessional","2026-02-02",NA,NA,"https://jobs.redroverk12.com/org/hotsprings1","Hot Springs County School District 1","2026-08-03"
725,"Child Nutrition Cook","2026-01-29",NA,NA,"https://jobs.redroverk12.com/org/hotsprings1","Hot Springs County School District 1","2026-08-03"
726,"Substitute Teacher","2025-06-26",NA,NA,"https://jobs.redroverk12.com/org/hotsprings1","Hot Springs County School District 1","2026-08-03"
727,"Activity Bus Driver- Star Valley",NA,NA,NA,"https://lcsd2.org/employment-opportunities/","Lincoln County School District 2","2026-08-03"
728,"Aide Pool- Star Valley",NA,NA,NA,"https://lcsd2.org/employment-opportunities/","Lincoln County School District 2","2026-08-03"
729,"Food Service Worker- Afton Elementary- 2 hours per day",NA,NA,NA,"https://lcsd2.org/employment-opportunities/","Lincoln County School District 2","2026-08-03"
730,"Food Service Worker- Cokeville- 2 1/4 hours per day",NA,NA,NA,"https://lcsd2.org/employment-opportunities/","Lincoln County School District 2","2026-08-03"
731,"Food Service Worker- Star Valley Middle School- 3 hours per day",NA,NA,NA,"https://lcsd2.org/employment-opportunities/","Lincoln County School District 2","2026-08-03"
732,"Musical Costumer- Star Valley High School",NA,NA,NA,"https://lcsd2.org/employment-opportunities/","Lincoln County School District 2","2026-08-03"
733,"Permanent Substitute Bus Driver- Star Valley",NA,NA,NA,"https://lcsd2.org/employment-opportunities/","Lincoln County School District 2","2026-08-03"
734,"Educational Sign Language Interpreter- District Wide",NA,NA,NA,"https://lcsd2.org/employment-opportunities/","Lincoln County School District 2","2026-08-03"
735,"Certified Substitute Teacher Pool- Cokeville",NA,NA,NA,"https://lcsd2.org/employment-opportunities/","Lincoln County School District 2","2026-08-03"
736,"Certified Substitute Teacher Pool- Star Valley",NA,NA,NA,"https://lcsd2.org/employment-opportunities/","Lincoln County School District 2","2026-08-03"
737,"Substitute Bus Aides- Star Valley",NA,NA,NA,"https://lcsd2.org/employment-opportunities/","Lincoln County School District 2","2026-08-03"
738,"Substitute Bus Drivers- Cokeville",NA,NA,NA,"https://lcsd2.org/employment-opportunities/","Lincoln County School District 2","2026-08-03"
739,"Substitute Bus Drivers- Star Valley",NA,NA,NA,"https://lcsd2.org/employment-opportunities/","Lincoln County School District 2","2026-08-03"
740,"Substitute Food Service (Cooks)",NA,NA,NA,"https://lcsd2.org/employment-opportunities/","Lincoln County School District 2","2026-08-03"
741,"Substitute School Nurse- Star Valley",NA,NA,NA,"https://lcsd2.org/employment-opportunities/","Lincoln County School District 2","2026-08-03"
742,"Color Guard Advisor- Star Valley High School",NA,NA,NA,"https://lcsd2.org/employment-opportunities/","Lincoln County School District 2","2026-08-03"
743,"Volunteer Coach/Advisor",NA,NA,NA,"https://lcsd2.org/employment-opportunities/","Lincoln County School District 2","2026-08-03"
744,"K-6 Elementary Teacher","2026-05-18",NA,NA,NA,"Niobrara County School District 1","2026-08-03"
745,"K-12 Band Teacher","2026-05-11",NA,NA,NA,"Niobrara County School District 1","2026-08-03"
746,"Elementary Teacher",NA,NA,NA,"https://www.growingluskleaders.org/page/human-resources","Niobrara County School District 1","2026-08-03"
747,"Music/Band Teacher",NA,NA,NA,"https://www.growingluskleaders.org/page/human-resources","Niobrara County School District 1","2026-08-03"
748,"Central Office Administrative Assistant",NA,NA,NA,"https://www.growingluskleaders.org/page/human-resources","Niobrara County School District 1","2026-08-03"
749,"Technology Support Staff",NA,NA,NA,"https://www.growingluskleaders.org/page/human-resources","Niobrara County School District 1","2026-08-03"
750,"SPED Paraprofessional",NA,NA,NA,"https://www.growingluskleaders.org/page/human-resources","Niobrara County School District 1","2026-08-03"
751,"Library/Media Support Staff",NA,NA,NA,"https://www.growingluskleaders.org/page/human-resources","Niobrara County School District 1","2026-08-03"
752,"BUS DRIVER SUBSTITUTES",NA,NA,NA,"https://www.growingluskleaders.org/page/human-resources","Niobrara County School District 1","2026-08-03"
753,"CUSTODIAL SUBSTITUTE",NA,NA,NA,"https://www.growingluskleaders.org/page/human-resources","Niobrara County School District 1","2026-08-03"
754,"K-12 School Guidance Counselor","2026-05-07",NA,NA,NA,"Park County School District 16","2026-08-03"
755,"Head Middle School Track Coach","2026-04-28",NA,NA,NA,"Park County School District 16","2026-08-03"
756,"HS Head Track Coach","2026-04-28",NA,NA,"https://pcsd16.com/271372_2","Park County School District 16","2026-08-03"
757,"MS Head Track Coach","2026-04-28",NA,NA,"https://pcsd16.com/271372_2","Park County School District 16","2026-08-03"
758,"School Guidance Counselor","2026-05-07",NA,NA,"https://pcsd16.com/271372_2","Park County School District 16","2026-08-03"
759,"Substitute Teachers (All Positions)","2026-06-17",NA,NA,NA,"Platte County School District 1","2026-08-03"
760,"Substitute Teachers (All Positions)","2026-06-17",NA,NA,NA,"Platte County School District 1","2026-08-03"
761,"Substitute Custodians","2026-04-21",NA,NA,NA,"Platte County School District 1","2026-08-03"
762,"Substitute Custodians","2026-04-21",NA,NA,NA,"Platte County School District 1","2026-08-03"
763,"High School Volleyball Aide","2026-06-11",NA,NA,NA,"Platte County School District 1","2026-08-03"
764,"Seeking Substitutes",NA,NA,NA,"https://www.platte1.org/89574_1","Platte County School District 1","2026-08-03"
765,"Hiring Subs",NA,NA,NA,"https://www.platte1.org/89574_1","Platte County School District 1","2026-08-03"
766,"Custodian Subs",NA,NA,NA,"https://www.platte1.org/89574_1","Platte County School District 1","2026-08-03"
767,"Wheatland Custodian",NA,NA,NA,"https://www.platte1.org/89574_1","Platte County School District 1","2026-08-03"
768,"Glendo Custodian",NA,NA,NA,"https://www.platte1.org/89574_1","Platte County School District 1","2026-08-03"
769,"VB Aide",NA,NA,NA,"https://www.platte1.org/89574_1","Platte County School District 1","2026-08-03"
770,"Bus Driver",NA,NA,NA,"https://www.platte1.org/89574_1","Platte County School District 1","2026-08-03"
771,"Maintenance Worker",NA,NA,NA,"https://www.platte1.org/89574_1","Platte County School District 1","2026-08-03"
772,"WHS Assist Girls BBall Coach 2",NA,NA,NA,"https://www.platte1.org/89574_1","Platte County School District 1","2026-08-03"
773,"SS Teacher",NA,NA,NA,"https://www.platte1.org/89574_1","Platte County School District 1","2026-08-03"
774,"WMS Assistant VB Coach",NA,NA,NA,"https://www.platte1.org/89574_1","Platte County School District 1","2026-08-03"
775,"WHS SPED Para",NA,NA,NA,"https://www.platte1.org/89574_1","Platte County School District 1","2026-08-03"
776,"WMS Glendo AD",NA,NA,NA,"https://www.platte1.org/89574_1","Platte County School District 1","2026-08-03"
777,"logo",NA,NA,NA,"https://www.platte1.org/89574_1","Platte County School District 1","2026-08-03"
778,"logo",NA,NA,NA,"https://www.platte1.org/89574_1","Platte County School District 1","2026-08-03"
779,"Accounts Payable Specialist","2026-07-07",NA,NA,NA,"Platte County School District 2","2026-08-03"
780,"K-12 PE Teacher","2026-07-17",NA,NA,NA,"Platte County School District 2","2026-08-03"
781,"Substitute Certified Teachers",NA,NA,NA,"https://www.guernseysunrise.org/page/employment","Platte County School District 2","2026-08-03"
782,"Substitute Paraeducator",NA,NA,NA,"https://www.guernseysunrise.org/page/employment","Platte County School District 2","2026-08-03"
783,"Head Junior High School Boys Basketball Coach","2026-04-13",NA,NA,NA,"Sheridan County School District 3","2026-08-03"
784,"Elementary Special Education Paraprofessional","2026-07-14",NA,NA,NA,"Sublette County School District 1","2026-08-03"
785,"High School Special Education Paraprofessional","2026-07-14",NA,NA,NA,"Sublette County School District 1","2026-08-03"
786,"Speech-Language Pathologist Assistant","2026-04-13",NA,NA,NA,"Sublette County School District 1","2026-08-03"
787,"Assistant High School Girls Wrestling Coach","2026-04-27",NA,NA,NA,"Sublette County School District 1","2026-08-03"
788,"Elementary Special Education Paraprofessional 7/14/2026","2026-07-14",NA,NA,"https://www.sub1.org/en-US/employment-and-human-resources-f26202d3","Sublette County School District 1","2026-08-03"
789,"HS Girls Assistant Wrestling Coach - 26-27","2026-04-27",NA,NA,"https://www.sub1.org/en-US/employment-and-human-resources-f26202d3","Sublette County School District 1","2026-08-03"
790,"High School Special Education Paraprofessional 7/14/2026","2026-07-14",NA,NA,"https://www.sub1.org/en-US/employment-and-human-resources-f26202d3","Sublette County School District 1","2026-08-03"
791,"Route Bus Drivers (2) 7-22-2026.docx","2026-07-22",NA,NA,"https://www.sub1.org/en-US/employment-and-human-resources-f26202d3","Sublette County School District 1","2026-08-03"
792,"Speech Language Pathologist Assistant (SLPA) 26-27.docx","2026-04-13",NA,NA,"https://www.sub1.org/en-US/employment-and-human-resources-f26202d3","Sublette County School District 1","2026-08-03"
793,"Substitute Bus Driver","2024-10-22",NA,NA,"https://www.sub1.org/en-US/employment-and-human-resources-f26202d3","Sublette County School District 1","2026-08-03"
794,"Substitute School Nurse","2024-10-22",NA,NA,"https://www.sub1.org/en-US/employment-and-human-resources-f26202d3","Sublette County School District 1","2026-08-03"
795,"Substitutes","2024-10-22",NA,NA,"https://www.sub1.org/en-US/employment-and-human-resources-f26202d3","Sublette County School District 1","2026-08-03"
796,"Secondary Math Teacher","2026-04-23",NA,NA,NA,"Uinta County School District 4","2026-08-03"
797,"Secondary Science Teacher","2026-06-18",NA,NA,NA,"Uinta County School District 4","2026-08-03"
798,"SPED Consultant Case Manager (Part-time)","2026-06-24",NA,NA,NA,"Uinta County School District 4","2026-08-03"
799,"K-12 Special Education Teacher","2026-04-23",NA,NA,NA,"Uinta County School District 4","2026-08-03"
800,"Assistant High School Football Coach","2026-04-23",NA,NA,NA,"Uinta County School District 4","2026-08-03"
801,"Assistant High School Boys Basketball Coach","2026-04-23",NA,NA,NA,"Uinta County School District 4","2026-08-03"
802,"School Bus Route Driver",NA,NA,NA,"https://www.uinta4.com/departments/business_office/job_opportunities/current_openings","Uinta County School District 4","2026-08-03"
803,"SpEd Paraeducator (2 high school positions, 1 K-8 position TBD)",NA,NA,NA,"https://www.uinta4.com/departments/business_office/job_opportunities/current_openings","Uinta County School District 4","2026-08-03"
804,"Musical Director",NA,NA,NA,"https://sites.google.com/lymanschools.org/ucsd6/home/job-openings","Uinta County School District 6","2026-08-03"
805,"K-12 Music Teacher","2026-03-25",NA,NA,NA,"Washakie County School District 2","2026-08-03"
806,"K-12 Music Teacher 2026-27 School Year",NA,NA,NA,"https://www.wsh2.k12.wy.us/apps/pages/index.jsp?uREC_ID=440610&type=d&pREC_ID=1008214","Washakie County School District 2","2026-08-03"
807,"High School Girls Basketball Coach",NA,NA,NA,"https://www.wsh2.k12.wy.us/apps/pages/index.jsp?uREC_ID=440610&type=d&pREC_ID=1008214","Washakie County School District 2","2026-08-03"
808,"Special Education District Case Manager/Secretary","2026-06-01",NA,NA,NA,"Weston County School District 1","2026-08-03"
809,"9-12 Woodworking Teacher","2026-04-21",NA,NA,NA,"Weston County School District 1","2026-08-03"
810,"Speech-Language Pathologist","2026-05-05",NA,NA,NA,"Weston County School District 1","2026-08-03"
811,"Head Boys and Girls Swimming Coach","2026-03-26",NA,NA,NA,"Weston County School District 1","2026-08-03"
812,"Head Middle School Girls Soccer Coach","2026-03-26",NA,NA,NA,"Weston County School District 1","2026-08-03"
813,"Business Manager Position",NA,NA,NA,"https://www.wcsd1.org/apps/pages/Career_Opportunities","Weston County School District 1","2026-08-03"
814,"Speech Language Pathologist Job Description",NA,NA,NA,"https://www.wcsd1.org/apps/pages/Career_Opportunities","Weston County School District 1","2026-08-03"
815,"Job Description - Music Teacher K12",NA,NA,NA,"https://www.wcsd1.org/apps/pages/Career_Opportunities","Weston County School District 1","2026-08-03"
816,"Industrial Arts/Woodworking Teacher (9-12) Description",NA,NA,NA,"https://www.wcsd1.org/apps/pages/Career_Opportunities","Weston County School District 1","2026-08-03"
817,"Special Education Case Manager Job Description",NA,NA,NA,"https://www.wcsd1.org/apps/pages/Career_Opportunities","Weston County School District 1","2026-08-03"
818,"Special Education Paraprofessional Positions",NA,NA,NA,"https://www.wcsd1.org/apps/pages/Career_Opportunities","Weston County School District 1","2026-08-03"
819,"MS HEAD BOYS SOCCER COACH",NA,NA,NA,"https://www.wcsd1.org/apps/pages/Career_Opportunities","Weston County School District 1","2026-08-03"
820,"MS Head Girls Soccer Coach",NA,NA,NA,"https://www.wcsd1.org/apps/pages/Career_Opportunities","Weston County School District 1","2026-08-03"
821,"HS assistant VB coach",NA,NA,NA,"https://www.wcsd1.org/apps/pages/Career_Opportunities","Weston County School District 1","2026-08-03"
822,"HS Assistant Cross Country Coach",NA,NA,NA,"https://www.wcsd1.org/apps/pages/Career_Opportunities","Weston County School District 1","2026-08-03"
823,"AssistantBoysSoccerCoach",NA,NA,NA,"https://www.wcsd1.org/apps/pages/Career_Opportunities","Weston County School District 1","2026-08-03"
824,"Route Bus Drivers",NA,NA,NA,"https://www.wcsd1.org/apps/pages/Career_Opportunities","Weston County School District 1","2026-08-03"
825,"Substitutes",NA,NA,NA,"https://www.wcsd1.org/apps/pages/Career_Opportunities","Weston County School District 1","2026-08-03"
826,"Custodial-Kitchensubs",NA,NA,NA,"https://www.wcsd1.org/apps/pages/Career_Opportunities","Weston County School District 1","2026-08-03"
827,"Sub Bus Drivers",NA,NA,NA,"https://www.wcsd1.org/apps/pages/Career_Opportunities","Weston County School District 1","2026-08-03"
828,"Golf Coach","2026-04-21",NA,NA,NA,"Weston County School District 7","2026-08-03"
