"X","title","date_posted","position","location","url","District","Archive_Date"
1,"Head Coach High School Volleyball-Burlington","2025-12-16","Athletics/ Activities/","Burlington Schools","https://www.applitrack.com/bighorn1/onlineapp/JobPostings/view.asp?all=1","Big Horn School District 1","2026-05-07"
2,"Assistant Middle School Football Coach RMMS","2026-03-04","Athletics/ Activities/","Rocky Mountain Middle/High School","https://www.applitrack.com/bighorn1/onlineapp/JobPostings/view.asp?all=1","Big Horn School District 1","2026-05-07"
3,"Head Middle School Cross Country Coach-RMMS","2026-03-17","Athletics/ Activities/","Rocky Mountain Middle/High School","https://www.applitrack.com/bighorn1/onlineapp/JobPostings/view.asp?all=1","Big Horn School District 1","2026-05-07"
4,"High School Assistant Boys Basketball Coach-Burlington","2026-04-07","Athletics/ Activities/","Burlington Schools","https://www.applitrack.com/bighorn1/onlineapp/JobPostings/view.asp?all=1","Big Horn School District 1","2026-05-07"
5,"High School Girls Head Basketball Coach-Rocky","2026-04-17","Athletics/ Activities/","Rocky Mountain Middle/High School","https://www.applitrack.com/bighorn1/onlineapp/JobPostings/view.asp?all=1","Big Horn School District 1","2026-05-07"
6,"Assistant High School Girls Basketball Coach x2-Rocky","2026-04-17","Athletics/ Activities/","Rocky Mountain Middle/High School","https://www.applitrack.com/bighorn1/onlineapp/JobPostings/view.asp?all=1","Big Horn School District 1","2026-05-07"
7,"Assistant Middle School Wrestling Coach-Rocky","2026-04-17","Athletics/ Activities/","Rocky Mountain Middle/High School","https://www.applitrack.com/bighorn1/onlineapp/JobPostings/view.asp?all=1","Big Horn School District 1","2026-05-07"
8,"Assistant Wrestling Coach-Girls/Boys RMHS","2026-05-04","Athletics/ Activities/","Rocky Mountain Middle/High School","https://www.applitrack.com/bighorn1/onlineapp/JobPostings/view.asp?all=1","Big Horn School District 1","2026-05-07"
9,"Assistant Cook 20 hrs per week/Burlington","2026-04-20","Food Service/","Burlington Schools","https://www.applitrack.com/bighorn1/onlineapp/JobPostings/view.asp?all=1","Big Horn School District 1","2026-05-07"
10,"Summer Food Program Cook x2 High School Students 16 and older","2026-03-13","Food Service/","Burlington Schools","https://www.applitrack.com/bighorn1/onlineapp/JobPostings/view.asp?all=1","Big Horn School District 1","2026-05-07"
11,"Middle/High School Agriculture or CTE Industrial Arts-Burlington","2026-03-17","Middle / High School/","Burlington Schools","https://www.applitrack.com/bighorn1/onlineapp/JobPostings/view.asp?all=1","Big Horn School District 1","2026-05-07"
12,"Paraprofessional for Special Education 35.75 hours/week RMES","2026-04-21","Paraprofessional/","Rocky Mountain Elementary","https://www.applitrack.com/bighorn1/onlineapp/JobPostings/view.asp?all=1","Big Horn School District 1","2026-05-07"
13,"Paraprofessional Special Education 32.25 hrs/week RMES","2026-04-21","Paraprofessional/","Rocky Mountain Elementary","https://www.applitrack.com/bighorn1/onlineapp/JobPostings/view.asp?all=1","Big Horn School District 1","2026-05-07"
14,"Special Education Classroom Teacher (9-12) 185 days","2026-03-13","Special Education Teaching/","Burlington Schools","https://www.applitrack.com/bighorn1/onlineapp/JobPostings/view.asp?all=1","Big Horn School District 1","2026-05-07"
15,"Sub Nurse","2020-09-23","Student Support Services/","Big Horn Co School District 1","https://www.applitrack.com/bighorn1/onlineapp/JobPostings/view.asp?all=1","Big Horn School District 1","2026-05-07"
16,"Sub - Teacher","2020-09-23","Substitute/","Big Horn Co School District 1","https://www.applitrack.com/bighorn1/onlineapp/JobPostings/view.asp?all=1","Big Horn School District 1","2026-05-07"
17,"Sub- Custodial/Cook/Secretary","2020-09-23","Support Staff/","Big Horn Co School District 1","https://www.applitrack.com/bighorn1/onlineapp/JobPostings/view.asp?all=1","Big Horn School District 1","2026-05-07"
18,"Sub - Paraprofessional","2020-09-23","Support Staff/","Big Horn Co School District 1","https://www.applitrack.com/bighorn1/onlineapp/JobPostings/view.asp?all=1","Big Horn School District 1","2026-05-07"
19,"Sub- Route Bus Driver - Burlington","2020-09-23","Support Staff/","Bus Barn - South","https://www.applitrack.com/bighorn1/onlineapp/JobPostings/view.asp?all=1","Big Horn School District 1","2026-05-07"
20,"Sub- Route Bus Driver - Cowley","2020-09-23","Support Staff/","Bus Barn - North","https://www.applitrack.com/bighorn1/onlineapp/JobPostings/view.asp?all=1","Big Horn School District 1","2026-05-07"
21,"Substitute Teacher","2022-03-30","Substitute/","Big Horn County School District #2","https://www.applitrack.com/bgh2/onlineapp/default.aspx?all=1","Big Horn School District 2","2026-05-07"
22,"Special Education Paraprofessional","2026-05-04","Support Staff/","Big Horn County School District #2","https://www.applitrack.com/bgh2/onlineapp/default.aspx?all=1","Big Horn School District 2","2026-05-07"
23,"Substitute Route and Activity Bus Drivers","2022-03-29","Transportation","Big Horn County School District #2","https://www.applitrack.com/bgh2/onlineapp/default.aspx?all=1","Big Horn School District 2","2026-05-07"
24,"Route Bus Driver","2025-05-27","Transportation/","Big Horn County School District #2","https://www.applitrack.com/bgh2/onlineapp/default.aspx?all=1","Big Horn School District 2","2026-05-07"
25,"Paraprofessional- Elementary School","2026-03-25","Support Staff/","Greybull Elementary School(High-Needs School)","https://www.applitrack.com/bighorn/onlineapp/default.aspx?all=1","Big Horn School District 3","2026-05-07"
26,"Substitute Teacher","2017-07-05","Substitute/","District Wide","https://www.applitrack.com/bighorn/onlineapp/default.aspx?all=1","Big Horn School District 3","2026-05-07"
27,"Substitute Bus Driver / Activity Driver","2024-12-17","Transportation/","Transportation","https://www.applitrack.com/bighorn/onlineapp/default.aspx?all=1","Big Horn School District 3","2026-05-07"
28,"Kindergarten Teacher","2026-04-20","Elementary School Teaching","Laura Irwin Elementary","https://www.applitrack.com/bgh4/onlineapp/default.aspx?all=1","Big Horn School District 4","2026-05-07"
29,"CTE, Drones, Computer Science and CAD Teacher","2026-04-21","High School Teaching","Riverside High School","https://www.applitrack.com/bgh4/onlineapp/default.aspx?all=1","Big Horn School District 4","2026-05-07"
30,"Middle School Special Education Teacher","2026-04-13","Middle School Teaching","RMS/RHS","https://www.applitrack.com/bgh4/onlineapp/default.aspx?all=1","Big Horn School District 4","2026-05-07"
31,"21 CCLC After School Program Activity Leaders","2020-01-21","Student Support Services","Laura Irwin Elementary","https://www.applitrack.com/bgh4/onlineapp/default.aspx?all=1","Big Horn School District 4","2026-05-07"
32,"Bus Driver","2022-01-07","Support Staff","District","https://www.applitrack.com/bgh4/onlineapp/default.aspx?all=1","Big Horn School District 4","2026-05-07"
33,"Substitute","2025-07-21","Support Staff","District","https://www.applitrack.com/bgh4/onlineapp/default.aspx?all=1","Big Horn School District 4","2026-05-07"
34,"Lifeguard","2025-08-12","Aquatics/","Rawlins Pool","https://www.applitrack.com/crb1/onlineapp/jobpostings/view.asp?all=1","Carbon County School District 1","2026-05-07"
35,"Fall Play/State Drama Co-Sponsor","2026-04-27","Athletics/Activities/","Rawlins High School","https://www.applitrack.com/crb1/onlineapp/jobpostings/view.asp?all=1","Carbon County School District 1","2026-05-07"
36,"Spring Play Co-Sponsor","2026-04-27","Athletics/Activities/","Rawlins High School","https://www.applitrack.com/crb1/onlineapp/jobpostings/view.asp?all=1","Carbon County School District 1","2026-05-07"
37,"Asst. Girls Basketball Coach","2026-04-30","Athletics/Activities/","Rawlins High School","https://www.applitrack.com/crb1/onlineapp/jobpostings/view.asp?all=1","Carbon County School District 1","2026-05-07"
38,"Asst. Volleyball Coach","2026-04-23","Athletics/Activities/","Rawlins High School","https://www.applitrack.com/crb1/onlineapp/jobpostings/view.asp?all=1","Carbon County School District 1","2026-05-07"
39,"Asst. Boys Swim Coach","2026-04-27","Athletics/Activities/","Rawlins High School","https://www.applitrack.com/crb1/onlineapp/jobpostings/view.asp?all=1","Carbon County School District 1","2026-05-07"
40,"2nd Asst Swim Coach","2026-04-27","Athletics/Activities/","Rawlins Middle School","https://www.applitrack.com/crb1/onlineapp/jobpostings/view.asp?all=1","Carbon County School District 1","2026-05-07"
41,"Asst. Football Coach","2025-11-11","Athletics/Activities/","Rawlins Middle School","https://www.applitrack.com/crb1/onlineapp/jobpostings/view.asp?all=1","Carbon County School District 1","2026-05-07"
42,"Head Boys Wrestling Coach - Rawlins High School","2026-04-07","Athletics/Activities/","Rawlins High School","https://www.applitrack.com/crb1/onlineapp/jobpostings/view.asp?all=1","Carbon County School District 1","2026-05-07"
43,"Asst. High School Football Coach","2026-04-17","Athletics/Activities/","Little Snake River Valley School","https://www.applitrack.com/crb1/onlineapp/jobpostings/view.asp?all=1","Carbon County School District 1","2026-05-07"
44,"Music Teacher","2026-04-15","Elementary School Teaching","Rawlins Elementary School","https://www.applitrack.com/crb1/onlineapp/jobpostings/view.asp?all=1","Carbon County School District 1","2026-05-07"
45,"STEM Teacher","2026-02-10","Elementary School Teaching","Rawlins Elementary School","https://www.applitrack.com/crb1/onlineapp/jobpostings/view.asp?all=1","Carbon County School District 1","2026-05-07"
46,"Elementary Teacher Grades 2-5","2026-03-31","Elementary School Teaching","Rawlins Elementary School","https://www.applitrack.com/crb1/onlineapp/jobpostings/view.asp?all=1","Carbon County School District 1","2026-05-07"
47,"Substitute Food Service","2025-10-09","Food Service/","Food Service","https://www.applitrack.com/crb1/onlineapp/jobpostings/view.asp?all=1","Carbon County School District 1","2026-05-07"
48,"Summer Food Sevice Worker-Students 16 or Older Only","2026-04-08","Food Service/","District","https://www.applitrack.com/crb1/onlineapp/jobpostings/view.asp?all=1","Carbon County School District 1","2026-05-07"
49,"English Teacher","2026-04-16","High School Teaching","Rawlins High School","https://www.applitrack.com/crb1/onlineapp/jobpostings/view.asp?all=1","Carbon County School District 1","2026-05-07"
50,"Substitute Custodian","2025-07-29","Maintenance/Custodial","District","https://www.applitrack.com/crb1/onlineapp/jobpostings/view.asp?all=1","Carbon County School District 1","2026-05-07"
51,"Custodial - Substitute","2024-02-16","Maintenance/Custodial","Little Snake River Valley School","https://www.applitrack.com/crb1/onlineapp/jobpostings/view.asp?all=1","Carbon County School District 1","2026-05-07"
52,"Building Secretary","2026-04-21","Secretarial/Clerical/","Rawlins Elementary School","https://www.applitrack.com/crb1/onlineapp/jobpostings/view.asp?all=1","Carbon County School District 1","2026-05-07"
53,"Speech Language Pathology Assistant (SLPA)","2026-04-21","Special Education","District","https://www.applitrack.com/crb1/onlineapp/jobpostings/view.asp?all=1","Carbon County School District 1","2026-05-07"
54,"Speech Language Pathologist (SLP)","2026-04-21","Special Education/","District","https://www.applitrack.com/crb1/onlineapp/jobpostings/view.asp?all=1","Carbon County School District 1","2026-05-07"
55,"Substitute Teacher","2025-07-29","Substitute/","District","https://www.applitrack.com/crb1/onlineapp/jobpostings/view.asp?all=1","Carbon County School District 1","2026-05-07"
56,"Substitute Bus Driver","2025-07-29","Transportation","District","https://www.applitrack.com/crb1/onlineapp/jobpostings/view.asp?all=1","Carbon County School District 1","2026-05-07"
57,"Bus Driver","2023-09-22","Transportation/","District","https://www.applitrack.com/crb1/onlineapp/jobpostings/view.asp?all=1","Carbon County School District 1","2026-05-07"
58,"First Assistant (Head) Middle School Boys Basketball Coach","2026-02-25","Athletics/Activities/","Encampment K-12","https://www.applitrack.com/crb2/onlineapp/default.aspx?all=1","Carbon County School District 2","2026-05-07"
59,"Other Assistant Middle School Boys Basketball Coach","2026-02-25","Athletics/Activities/","Encampment K-12","https://www.applitrack.com/crb2/onlineapp/default.aspx?all=1","Carbon County School District 2","2026-05-07"
60,"Assistant High School Volleyball Coach","2026-03-03","Athletics/Activities/","H-E-M Junior/Senior High School","https://www.applitrack.com/crb2/onlineapp/default.aspx?all=1","Carbon County School District 2","2026-05-07"
61,"Other Assistant Middle School Volleyball Coach","2026-03-06","Athletics/Activities/","H-E-M Junior/Senior High School","https://www.applitrack.com/crb2/onlineapp/default.aspx?all=1","Carbon County School District 2","2026-05-07"
62,"Assistant High School Girls Basketball Coach","2026-03-10","Athletics/Activities/","Saratoga Middle High School","https://www.applitrack.com/crb2/onlineapp/default.aspx?all=1","Carbon County School District 2","2026-05-07"
63,"Other Assistant Middle School Girls Basketball Coach","2026-03-10","Athletics/Activities/","Saratoga Middle High School","https://www.applitrack.com/crb2/onlineapp/default.aspx?all=1","Carbon County School District 2","2026-05-07"
64,"Other Assistant Middle School Football Coach","2026-03-10","Athletics/Activities/","Saratoga Middle High School","https://www.applitrack.com/crb2/onlineapp/default.aspx?all=1","Carbon County School District 2","2026-05-07"
65,"First Assistant (Head) Middle School Boys Basketball Coach","2026-03-10","Athletics/Activities/","Saratoga Middle High School","https://www.applitrack.com/crb2/onlineapp/default.aspx?all=1","Carbon County School District 2","2026-05-07"
66,"Other Assistant Middle School Track Coach","2026-03-16","Athletics/Activities/","H-E-M Junior/Senior High School","https://www.applitrack.com/crb2/onlineapp/default.aspx?all=1","Carbon County School District 2","2026-05-07"
67,"High School Assistant Boys Basketball Coach","2025-03-12","Athletics/Activities/","H-E-M Junior/Senior High School","https://www.applitrack.com/crb2/onlineapp/default.aspx?all=1","Carbon County School District 2","2026-05-07"
68,"Assistant MS/HS Cross Country Coach","2026-05-04","Athletics/Activities/","Saratoga Middle High School","https://www.applitrack.com/crb2/onlineapp/default.aspx?all=1","Carbon County School District 2","2026-05-07"
69,"Other Assistant Middle School Girls Wrestling Coach","2026-05-04","Athletics/Activities/","Saratoga Middle High School","https://www.applitrack.com/crb2/onlineapp/default.aspx?all=1","Carbon County School District 2","2026-05-07"
70,"Temporary Summer Help","2026-04-08","Maintenance/Custodial/","Encampment K-12","https://www.applitrack.com/crb2/onlineapp/default.aspx?all=1","Carbon County School District 2","2026-05-07"
71,"Temporary Summer Help","2026-04-09","Maintenance/Custodial/","Saratoga Elementary School","https://www.applitrack.com/crb2/onlineapp/default.aspx?all=1","Carbon County School District 2","2026-05-07"
72,"Temporary Summer Help","2026-04-15","Maintenance/Custodial/","H-E-M Junior/Senior High School","https://www.applitrack.com/crb2/onlineapp/default.aspx?all=1","Carbon County School District 2","2026-05-07"
73,"District Mechanic","2026-04-23","Other/","CCSD#2","https://www.applitrack.com/crb2/onlineapp/default.aspx?all=1","Carbon County School District 2","2026-05-07"
74,"Elementary School Counselor","2026-01-28","Student Support Services/","Hanna Elementary School","https://www.applitrack.com/crb2/onlineapp/default.aspx?all=1","Carbon County School District 2","2026-05-07"
75,"Occupational Therapist(s)","2023-12-22","Student Support Services/","CCSD#2","https://www.applitrack.com/crb2/onlineapp/default.aspx?all=1","Carbon County School District 2","2026-05-07"
76,"Substitute Bus Driver 2025/2026 School Year","2025-07-15","Substitute/","CCSD#2","https://www.applitrack.com/crb2/onlineapp/default.aspx?all=1","Carbon County School District 2","2026-05-07"
77,"Substitute Classroom/Special Education Aide 2025/2026 School Year","2025-07-15","Substitute/","CCSD#2","https://www.applitrack.com/crb2/onlineapp/default.aspx?all=1","Carbon County School District 2","2026-05-07"
78,"Substitute Cook Helpers 2025/2026 School Year","2025-07-15","Substitute/","CCSD#2","https://www.applitrack.com/crb2/onlineapp/default.aspx?all=1","Carbon County School District 2","2026-05-07"
79,"Substitute Custodian 2025/2026 School Year","2025-07-15","Substitute/","CCSD#2","https://www.applitrack.com/crb2/onlineapp/default.aspx?all=1","Carbon County School District 2","2026-05-07"
80,"Substitute Teacher 2025/2026 School Year","2025-07-15","Substitute/","CCSD#2","https://www.applitrack.com/crb2/onlineapp/default.aspx?all=1","Carbon County School District 2","2026-05-07"
81,"Route Bus Driver","2025-12-02","Support Staff/","Encampment K-12","https://www.applitrack.com/crb2/onlineapp/default.aspx?all=1","Carbon County School District 2","2026-05-07"
82,"Music Classroom Aide-Saratoga Schools","2026-02-17","Support Staff/","Saratoga Elementary School","https://www.applitrack.com/crb2/onlineapp/default.aspx?all=1","Carbon County School District 2","2026-05-07"
83,"High School Assistant Principal (7-12)","2026-05-04","Administration/","Glenrock Jr/Sr High School","https://www.applitrack.com/converse2/onlineapp/default.aspx?all=1","Converse County School Distrcit 2","2026-05-07"
84,"High School Assistant Football Coach","2026-04-13","Athletics/Activities/","Glenrock Jr/Sr High School","https://www.applitrack.com/converse2/onlineapp/default.aspx?all=1","Converse County School Distrcit 2","2026-05-07"
85,"HS Assistant Volleyball Coach","2026-02-18","Athletics/Activities/","Glenrock Jr/Sr High School","https://www.applitrack.com/converse2/onlineapp/default.aspx?all=1","Converse County School Distrcit 2","2026-05-07"
86,"Junior High School (7-8) Head Football Coach","2026-04-02","Athletics/Activities/","Glenrock Jr/Sr High School","https://www.applitrack.com/converse2/onlineapp/default.aspx?all=1","Converse County School Distrcit 2","2026-05-07"
87,"JH Assistant Girls Basketball Coach","2026-04-02","Athletics/Activities/","Glenrock Jr/Sr High School","https://www.applitrack.com/converse2/onlineapp/default.aspx?all=1","Converse County School Distrcit 2","2026-05-07"
88,"Elementary Classroom Teacher (6th Grade)","2026-05-01","Elementary School Teaching/","Glenrock Intermediate School","https://www.applitrack.com/converse2/onlineapp/default.aspx?all=1","Converse County School Distrcit 2","2026-05-07"
89,"Food Service Worker - Cook (Part -Time, 14 hrs)","2025-12-02","Food Service/","Converse County School District #2","https://www.applitrack.com/converse2/onlineapp/default.aspx?all=1","Converse County School Distrcit 2","2026-05-07"
90,"Food Service Van Driver - (Part -Time)","2026-03-09","Food Service/","Converse County School District #2","https://www.applitrack.com/converse2/onlineapp/default.aspx?all=1","Converse County School Distrcit 2","2026-05-07"
91,"Secondary Math Teacher (9-12)","2026-03-31","High School Teaching/","Glenrock Jr/Sr High School","https://www.applitrack.com/converse2/onlineapp/default.aspx?all=1","Converse County School Distrcit 2","2026-05-07"
92,"Physical Education/Health Teacher (Grades 7-12)","2026-04-09","High School Teaching/","Glenrock Jr/Sr High School","https://www.applitrack.com/converse2/onlineapp/default.aspx?all=1","Converse County School Distrcit 2","2026-05-07"
93,"Night Custodian","2026-04-23","Maintenance/Custodial/","Converse County School District #2","https://www.applitrack.com/converse2/onlineapp/default.aspx?all=1","Converse County School Distrcit 2","2026-05-07"
94,"School Psychologist Intern","2026-04-22","Student Support Services Certified/","Converse County School District #2","https://www.applitrack.com/converse2/onlineapp/default.aspx?all=1","Converse County School Distrcit 2","2026-05-07"
95,"Occupational Therapist","2026-04-22","Student Support Services Certified/","Converse County School District #2","https://www.applitrack.com/converse2/onlineapp/default.aspx?all=1","Converse County School Distrcit 2","2026-05-07"
96,"Special Education Paraprofessional","2026-04-30","Student Support Services Classified/","Converse County School District #2","https://www.applitrack.com/converse2/onlineapp/default.aspx?all=1","Converse County School Distrcit 2","2026-05-07"
97,"Substitute Teacher/Aid/Cook/Custodian/Bus Driver/Summer Help","2019-03-26","Substitute/","Converse County School District #2","https://www.applitrack.com/converse2/onlineapp/default.aspx?all=1","Converse County School Distrcit 2","2026-05-07"
98,"Technology Director","2026-02-23","Technology/","Converse County School District #2","https://www.applitrack.com/converse2/onlineapp/default.aspx?all=1","Converse County School Distrcit 2","2026-05-07"
99,"Bus Driver (Route, Activity, Sub)","2023-04-13","Transportation/","Converse County School District #2","https://www.applitrack.com/converse2/onlineapp/default.aspx?all=1","Converse County School Distrcit 2","2026-05-07"
100,"DHS Assistant Football Coach","2026-04-30","Athletics/Activities/Extra Duty/","Activities Department","https://www.applitrack.com/ccsd1/onlineapp/default.aspx?all=1","Converse County School District 1","2026-05-07"
101,"DMS Head Volleyball Coach","2026-04-30","Athletics/Activities/Extra Duty/","Activities Department","https://www.applitrack.com/ccsd1/onlineapp/default.aspx?all=1","Converse County School District 1","2026-05-07"
102,"DPS Secretary","2026-04-27","Clerical/Secretarial/","Douglas Primary School","https://www.applitrack.com/ccsd1/onlineapp/default.aspx?all=1","Converse County School District 1","2026-05-07"
103,"Elementary Teachers","2026-04-09","Elementary School Teaching","Douglas Upper Elementary School","https://www.applitrack.com/ccsd1/onlineapp/default.aspx?all=1","Converse County School District 1","2026-05-07"
104,"K-1 / K-8 Rural Music","2026-04-10","Elementary School Teaching","Douglas Primary School","https://www.applitrack.com/ccsd1/onlineapp/default.aspx?all=1","Converse County School District 1","2026-05-07"
105,"K-1 / K-8 Rural Art","2026-04-10","Elementary School Teaching","Douglas Primary School","https://www.applitrack.com/ccsd1/onlineapp/default.aspx?all=1","Converse County School District 1","2026-05-07"
106,"ESY/Summer School Secretary","2026-03-11","ESY/","Student Support Services","https://www.applitrack.com/ccsd1/onlineapp/default.aspx?all=1","Converse County School District 1","2026-05-07"
107,"6th Grade Science Teacher","2026-05-06","Middle School Teaching/","Douglas Middle School","https://www.applitrack.com/ccsd1/onlineapp/default.aspx?all=1","Converse County School District 1","2026-05-07"
108,"DRC Field Crew Workers","2026-01-12","Recreation/","Douglas Recreation Center","https://www.applitrack.com/ccsd1/onlineapp/default.aspx?all=1","Converse County School District 1","2026-05-07"
109,"Summer Tech Workers","2026-05-05","Student/","Technology","https://www.applitrack.com/ccsd1/onlineapp/default.aspx?all=1","Converse County School District 1","2026-05-07"
110,"Speech/Language Pathology Assistant (SLPA)","2026-05-01","Student Support Services","Converse County School District #1","https://www.applitrack.com/ccsd1/onlineapp/default.aspx?all=1","Converse County School District 1","2026-05-07"
111,"Elementary SPED Teacher","2026-01-21","Student Support Services","Elementary Schools","https://www.applitrack.com/ccsd1/onlineapp/default.aspx?all=1","Converse County School District 1","2026-05-07"
112,"Secondary SPED Teacher","2026-01-21","Student Support Services","Douglas Middle/High School","https://www.applitrack.com/ccsd1/onlineapp/default.aspx?all=1","Converse County School District 1","2026-05-07"
113,"Special Education Functional Life Skills Teacher (Grades 6-8)","2026-03-26","Student Support Services/","Douglas Middle School","https://www.applitrack.com/ccsd1/onlineapp/default.aspx?all=1","Converse County School District 1","2026-05-07"
114,"School Psychologist","2026-03-12","Student Support Services/","Converse County School District #1","https://www.applitrack.com/ccsd1/onlineapp/default.aspx?all=1","Converse County School District 1","2026-05-07"
115,"STEAM Camp Coaches","2026-03-27","Student Support Services/","Converse County School District #1","https://www.applitrack.com/ccsd1/onlineapp/default.aspx?all=1","Converse County School District 1","2026-05-07"
116,"DRC Substitute Recreation Monitor","2026-01-12","Substitute","Douglas Recreation Center","https://www.applitrack.com/ccsd1/onlineapp/default.aspx?all=1","Converse County School District 1","2026-05-07"
117,"Classified Substitute Positions","2025-07-29","Substitute","Central Administration","https://www.applitrack.com/ccsd1/onlineapp/default.aspx?all=1","Converse County School District 1","2026-05-07"
118,"Food Service Substitute","2025-12-03","Substitute","Central Administration","https://www.applitrack.com/ccsd1/onlineapp/default.aspx?all=1","Converse County School District 1","2026-05-07"
119,"Substitute Custodian","2025-08-19","Substitute/","Maintenance","https://www.applitrack.com/ccsd1/onlineapp/default.aspx?all=1","Converse County School District 1","2026-05-07"
120,"Certified Substitute","2025-07-29","Substitute/","Central Administration","https://www.applitrack.com/ccsd1/onlineapp/default.aspx?all=1","Converse County School District 1","2026-05-07"
121,"Substitute Bus Monitor/Paraprofessional","2025-07-29","Support Staff/","Transportation","https://www.applitrack.com/ccsd1/onlineapp/default.aspx?all=1","Converse County School District 1","2026-05-07"
122,"Substitute Bus Driver","2025-07-29","Transportation/","Transportation","https://www.applitrack.com/ccsd1/onlineapp/default.aspx?all=1","Converse County School District 1","2026-05-07"
123,"Bus Driver","2025-07-28","Transportation/","Transportation","https://www.applitrack.com/ccsd1/onlineapp/default.aspx?all=1","Converse County School District 1","2026-05-07"
124,"Substitute Crossing Guard","2025-07-29","Transportation/","Transportation","https://www.applitrack.com/ccsd1/onlineapp/default.aspx?all=1","Converse County School District 1","2026-05-07"
125,"Crossing Guard","2026-03-23","Transportation/","Transportation","https://www.applitrack.com/ccsd1/onlineapp/default.aspx?all=1","Converse County School District 1","2026-05-07"
126,"Head 7th Volleyball Coach","2025-12-16","Athletics/Activities/","Lander Middle School","https://www.applitrack.com/fremontwy/onlineapp/jobpostings/view.asp?all=1","Fremont County School District 1","2026-05-07"
127,"Head 8th Volleyball Coach","2025-12-19","Athletics/Activities/","Lander Middle School","https://www.applitrack.com/fremontwy/onlineapp/jobpostings/view.asp?all=1","Fremont County School District 1","2026-05-07"
128,"Special Education Coordinator","2026-02-13","Certified Teaching/","Baldwin Creek Elementary & Pathfinder High School","https://www.applitrack.com/fremontwy/onlineapp/jobpostings/view.asp?all=1","Fremont County School District 1","2026-05-07"
129,"Special Education Life Skills Teacher","2026-04-16","Certified Teaching/","Lander Middle School","https://www.applitrack.com/fremontwy/onlineapp/jobpostings/view.asp?all=1","Fremont County School District 1","2026-05-07"
130,"Special Education Teacher - Resource","2026-03-23","Certified Teaching/","Lander Middle School","https://www.applitrack.com/fremontwy/onlineapp/jobpostings/view.asp?all=1","Fremont County School District 1","2026-05-07"
131,"Special Education Teacher - Behavior","2026-03-24","Certified Teaching/","Lander Valley High School","https://www.applitrack.com/fremontwy/onlineapp/jobpostings/view.asp?all=1","Fremont County School District 1","2026-05-07"
132,"Special Education Teacher - Extended Resource","2026-04-15","Certified Teaching/","Lander Valley High School","https://www.applitrack.com/fremontwy/onlineapp/jobpostings/view.asp?all=1","Fremont County School District 1","2026-05-07"
133,"Speech-Language Pathologist","2026-03-05","Student Support Services/","District-wide","https://www.applitrack.com/fremontwy/onlineapp/jobpostings/view.asp?all=1","Fremont County School District 1","2026-05-07"
134,"Substitute Custodian (at-will)","2025-06-11","Substitute/","District-wide","https://www.applitrack.com/fremontwy/onlineapp/jobpostings/view.asp?all=1","Fremont County School District 1","2026-05-07"
135,"Substitute Nurse (at-will)","2025-06-11","Substitute/","District-wide","https://www.applitrack.com/fremontwy/onlineapp/jobpostings/view.asp?all=1","Fremont County School District 1","2026-05-07"
136,"Substitute Nutritional Service Worker (at-will)","2025-06-11","Substitute/","District-wide","https://www.applitrack.com/fremontwy/onlineapp/jobpostings/view.asp?all=1","Fremont County School District 1","2026-05-07"
137,"Substitute - classrooms (at-will)","2025-06-11","Substitute/","District-wide","https://www.applitrack.com/fremontwy/onlineapp/jobpostings/view.asp?all=1","Fremont County School District 1","2026-05-07"
138,"Substitute Bus/Activity Driver (at-will)","2025-06-11","Substitute/","Central Services","https://www.applitrack.com/fremontwy/onlineapp/jobpostings/view.asp?all=1","Fremont County School District 1","2026-05-07"
139,"Adaptive PE Teacher","2026-03-18","Temporary/","District-wide","https://www.applitrack.com/fremontwy/onlineapp/jobpostings/view.asp?all=1","Fremont County School District 1","2026-05-07"
140,"Lights On Summer Reading Intervention Teacher","2026-05-05","Temporary/","Lights On","https://www.applitrack.com/fremontwy/onlineapp/jobpostings/view.asp?all=1","Fremont County School District 1","2026-05-07"
141,"Bus Route Driver","2026-04-21","Transportation / Warehouse/","District-wide","https://www.applitrack.com/fremontwy/onlineapp/jobpostings/view.asp?all=1","Fremont County School District 1","2026-05-07"
142,"Business Manager (Open until filled)","2026-03-19","Administration/","Fremont County School District 21","https://www.applitrack.com/fortwashakieschool/onlineapp/default.aspx?all=1","Fremont County School District 21","2026-05-07"
143,"High School English Teacher 2026-2027 School Year - Open Until Filled","2026-03-31","High School Teaching/","Fort Washakie High School","https://www.applitrack.com/fortwashakieschool/onlineapp/default.aspx?all=1","Fremont County School District 21","2026-05-07"
144,"Math Interventionist (6th - 8th Grades) Open Until Filled","2026-04-24","Middle School Teaching/","Fort Washakie Middle School","https://www.applitrack.com/fortwashakieschool/onlineapp/default.aspx?all=1","Fremont County School District 21","2026-05-07"
145,"Substitute Cooks","2025-10-06","Student Support Services/","Fort Washakie Elementary","https://www.applitrack.com/fortwashakieschool/onlineapp/default.aspx?all=1","Fremont County School District 21","2026-05-07"
146,"Special Education Teachers - Open Until Filled.","2026-03-24","Student Support Services/","Fort Washakie Elementary","https://www.applitrack.com/fortwashakieschool/onlineapp/default.aspx?all=1","Fremont County School District 21","2026-05-07"
147,"Special Education Teachers - Open Until Filled","2026-03-27","Student Support Services/","Fort Washakie High School","https://www.applitrack.com/fortwashakieschool/onlineapp/default.aspx?all=1","Fremont County School District 21","2026-05-07"
148,"Substitute Teacher","2023-09-12","Substitute/","Fort Washakie Elementary","https://www.applitrack.com/fortwashakieschool/onlineapp/default.aspx?all=1","Fremont County School District 21","2026-05-07"
149,"Paraprofessional (Special Education)","2026-03-24","Support Staff/","Fremont County School District 21","https://www.applitrack.com/fortwashakieschool/onlineapp/default.aspx?all=1","Fremont County School District 21","2026-05-07"
150,"Bus Driver Substitutes 2025-2026","2025-08-08","Substitute/","K-12 Schoolwide","https://www.applitrack.com/fremont24/onlineapp/default.aspx?all=1","Fremont County School District 24","2026-05-07"
151,"Cooks Helper Substitutes 2025-2026","2025-08-08","Substitute/","District Office","https://www.applitrack.com/fremont24/onlineapp/default.aspx?all=1","Fremont County School District 24","2026-05-07"
152,"Custodian Substitutes 2025-2026","2025-08-08","Substitute/","District Wide","https://www.applitrack.com/fremont24/onlineapp/default.aspx?all=1","Fremont County School District 24","2026-05-07"
153,"Substitute School Nurse 2025-2026","2025-08-08","Substitute/","K-12 Schoolwide","https://www.applitrack.com/fremont24/onlineapp/default.aspx?all=1","Fremont County School District 24","2026-05-07"
154,"Substitute Teacher 2025-2026","2025-08-08","Substitute/","K-12 Schoolwide","https://www.applitrack.com/fremont24/onlineapp/default.aspx?all=1","Fremont County School District 24","2026-05-07"
155,"Substitute Daycare Assistant 2025-2026","2025-08-08","Substitute/","K-12 Schoolwide","https://www.applitrack.com/fremont24/onlineapp/default.aspx?all=1","Fremont County School District 24","2026-05-07"
157,"High School Assistant Volleyball Coach","2025-03-24","Athletics/Activities","Wind River High School","https://www.applitrack.com/fre6/onlineapp/default.aspx?all=1","Fremont County School District 6","2026-05-07"
158,"HS Boys Boasketball Coach HEAD","2026-03-11","Athletics/Activities","Wind River Middle/High School","https://www.applitrack.com/fre6/onlineapp/default.aspx?all=1","Fremont County School District 6","2026-05-07"
159,"HS Volleyball Coach ASSISTANT","2026-03-11","Athletics/Activities","Wind River Middle/High School","https://www.applitrack.com/fre6/onlineapp/default.aspx?all=1","Fremont County School District 6","2026-05-07"
160,"Assistant HS Girls Basketball Coach","2026-03-26","Athletics/Activities","Wind River High School","https://www.applitrack.com/fre6/onlineapp/default.aspx?all=1","Fremont County School District 6","2026-05-07"
161,"Assistant High School Boys Basketball Coach","2026-04-22","Athletics/Activities","Wind River Schools","https://www.applitrack.com/fre6/onlineapp/default.aspx?all=1","Fremont County School District 6","2026-05-07"
162,"Assistant HS Football Coach","2026-04-22","Athletics/Activities","Wind River Schools","https://www.applitrack.com/fre6/onlineapp/default.aspx?all=1","Fremont County School District 6","2026-05-07"
163,"Elementary Classroom Teacher","2026-04-27","Elementary School Teaching","Wind River Elementary","https://www.applitrack.com/fre6/onlineapp/default.aspx?all=1","Fremont County School District 6","2026-05-07"
164,"Temp Grounds","2026-04-23","Maintenance/Custodial/","Wind River Schools","https://www.applitrack.com/fre6/onlineapp/default.aspx?all=1","Fremont County School District 6","2026-05-07"
165,"Substitute Teacher","2024-08-20","Substitute/","Wind River Schools","https://www.applitrack.com/fre6/onlineapp/default.aspx?all=1","Fremont County School District 6","2026-05-07"
166,"Substitute Para/Custodian/Food Service","2024-11-14","Substitute/","Wind River Schools","https://www.applitrack.com/fre6/onlineapp/default.aspx?all=1","Fremont County School District 6","2026-05-07"
167,"Arapaho Language Teacher","2026-04-09","Elementary School Teaching","Wyoming Indian Elementary School","https://www.applitrack.com/fremont14/onlineapp/default.aspx?all=1","Fremont County School District 14","2026-05-07"
168,"Secondary Art Teacher","2026-04-09","High School Teaching/","Wyoming Indian High School","https://www.applitrack.com/fremont14/onlineapp/default.aspx?all=1","Fremont County School District 14","2026-05-07"
169,"Middle School ELA Teacher","2026-03-25","Middle School Teaching/","Wyoming Indian Middle School","https://www.applitrack.com/fremont14/onlineapp/default.aspx?all=1","Fremont County School District 14","2026-05-07"
170,"Middle School Mathematics","2026-04-14","Middle School Teaching/","Wyoming Indian Middle School","https://www.applitrack.com/fremont14/onlineapp/default.aspx?all=1","Fremont County School District 14","2026-05-07"
171,"Substitute School Nurse","2020-07-23","Student Health Services/","District Wide","https://www.applitrack.com/fremont14/onlineapp/default.aspx?all=1","Fremont County School District 14","2026-05-07"
172,"Substitute Teacher - Classroom","2018-10-09","Substitute Certified/","District Wide","https://www.applitrack.com/fremont14/onlineapp/default.aspx?all=1","Fremont County School District 14","2026-05-07"
173,"Substitute School Secretary","2026-02-06","Substitute Non Certified","District Wide","https://www.applitrack.com/fremont14/onlineapp/default.aspx?all=1","Fremont County School District 14","2026-05-07"
174,"Substitute Cook","2018-10-10","Substitute Non Certified/","District Wide","https://www.applitrack.com/fremont14/onlineapp/default.aspx?all=1","Fremont County School District 14","2026-05-07"
175,"Substitute Custodian","2019-09-09","Substitute Non Certified/","District Wide","https://www.applitrack.com/fremont14/onlineapp/default.aspx?all=1","Fremont County School District 14","2026-05-07"
176,"Language and Culture Paraprofessional","2026-04-11","Support Staff/","District Wide","https://www.applitrack.com/fremont14/onlineapp/default.aspx?all=1","Fremont County School District 14","2026-05-07"
177,"Special Education Paraprofessional","2026-03-12","Support Staff/","Wyoming Indian Elementary School","https://www.applitrack.com/fremont14/onlineapp/default.aspx?all=1","Fremont County School District 14","2026-05-07"
178,"Technology Director","2026-03-12","Technology/","District Wide","https://www.applitrack.com/fremont14/onlineapp/default.aspx?all=1","Fremont County School District 14","2026-05-07"
179,"Bus Driver","2023-09-18","Transportation/","District Wide","https://www.applitrack.com/fremont14/onlineapp/default.aspx?all=1","Fremont County School District 14","2026-05-07"
180,"Substitute Bus Driver","2021-07-09","Transportation/","District Wide","https://www.applitrack.com/fremont14/onlineapp/default.aspx?all=1","Fremont County School District 14","2026-05-07"
182,"Physical Education Teacher","2026-05-05","Elementary School Teaching/","Southside Elementary School","https://www.applitrack.com/park1/onlineapp/default.aspx?all=1","Park County School District 1","2026-05-07"
183,"Spanish Teacher","2026-04-20","Middle School Teaching/","Powell Middle School","https://www.applitrack.com/park1/onlineapp/default.aspx?all=1","Park County School District 1","2026-05-07"
184,"Substitute School Nurse","2025-09-18","Student Support Services/","District-Wide K-12","https://www.applitrack.com/park1/onlineapp/default.aspx?all=1","Park County School District 1","2026-05-07"
185,"Substitute Teacher","2024-07-03","Substitute/","District-Wide K-12","https://www.applitrack.com/park1/onlineapp/default.aspx?all=1","Park County School District 1","2026-05-07"
186,"Substitute Custodian","2024-07-03","Substitute Support Services/","District-Wide K-12","https://www.applitrack.com/park1/onlineapp/default.aspx?all=1","Park County School District 1","2026-05-07"
187,"Substitute Para-Educator","2024-07-03","Substitute Support Services/","District-Wide K-12","https://www.applitrack.com/park1/onlineapp/default.aspx?all=1","Park County School District 1","2026-05-07"
188,"Substitute Bus Driver","2021-09-27","Transportation/","Transportation Department","https://www.applitrack.com/park1/onlineapp/default.aspx?all=1","Park County School District 1","2026-05-07"
189,"Secondary Literacy Teacher","2026-04-10","Instructional Facilitators/","Cody High School","https://www.applitrack.com/park6/onlineapp/default.aspx?all=1","Park County School District 6","2026-05-07"
190,"Secondary Literacy Teacher","2026-04-10","Instructional Facilitators/","Cody Middle School","https://www.applitrack.com/park6/onlineapp/default.aspx?all=1","Park County School District 6","2026-05-07"
191,"Custodian","2026-04-10","Maintenance/Custodial/","Cody High School","https://www.applitrack.com/park6/onlineapp/default.aspx?all=1","Park County School District 6","2026-05-07"
192,"Custodian","2026-04-10","Maintenance/Custodial/","Livingston Elementary School","https://www.applitrack.com/park6/onlineapp/default.aspx?all=1","Park County School District 6","2026-05-07"
193,"District Administrative Assistant - Student Support Services","2026-04-27","Secretarial/Clerical/","District Office","https://www.applitrack.com/park6/onlineapp/default.aspx?all=1","Park County School District 6","2026-05-07"
194,"Life Skills Teacher","2026-03-27","Student Support Services/","Cody High School","https://www.applitrack.com/park6/onlineapp/default.aspx?all=1","Park County School District 6","2026-05-07"
195,"ASD Special Education Teacher","2026-03-27","Student Support Services/","Cody Middle School","https://www.applitrack.com/park6/onlineapp/default.aspx?all=1","Park County School District 6","2026-05-07"
196,"Elementary Special Education Resource Teacher","2026-02-06","Student Support Services/","Eastside Elementary School","https://www.applitrack.com/park6/onlineapp/default.aspx?all=1","Park County School District 6","2026-05-07"
197,"Substitute Paraeducator (Aide) 2025-2026 School Year","2025-07-16","Substitute/","All Schools","https://www.applitrack.com/park6/onlineapp/default.aspx?all=1","Park County School District 6","2026-05-07"
198,"Substitute Custodian 2025-2026 School Year","2025-07-16","Substitute/","All Schools","https://www.applitrack.com/park6/onlineapp/default.aspx?all=1","Park County School District 6","2026-05-07"
199,"Substitute Nurse 2025-2026 School Year","2025-07-16","Substitute/","All Schools","https://www.applitrack.com/park6/onlineapp/default.aspx?all=1","Park County School District 6","2026-05-07"
200,"Substitute Teacher 2025-2026 School Year","2025-07-16","Substitute/","All Schools","https://www.applitrack.com/park6/onlineapp/default.aspx?all=1","Park County School District 6","2026-05-07"
201,"Special Education Life Skills Paraeducator","2026-01-27","Support Staff/","Cody High School","https://www.applitrack.com/park6/onlineapp/default.aspx?all=1","Park County School District 6","2026-05-07"
202,"Special Education Resource Paraeducator","2026-04-10","Support Staff/","Cody Middle School","https://www.applitrack.com/park6/onlineapp/default.aspx?all=1","Park County School District 6","2026-05-07"
203,"Route Driver","2025-07-16","Transportation","All Schools","https://www.applitrack.com/park6/onlineapp/default.aspx?all=1","Park County School District 6","2026-05-07"
204,"Bus Aide","2025-07-16","Transportation","All Schools","https://www.applitrack.com/park6/onlineapp/default.aspx?all=1","Park County School District 6","2026-05-07"
205,"Vocational Agriculture Teacher and FFA Sponsor","2026-04-02","High School Teaching/","Big Horn High School and Middle School","https://www.applitrack.com/sheridanwy/onlineapp/default.aspx?all=1","Sheridan County School District 1","2026-05-07"
206,"TRHS Head Boys Basketball Coach","2026-05-05","Athletics/Activities/","Tongue River High School","https://www.applitrack.com/sheridanwy/onlineapp/default.aspx?all=1","Sheridan County School District 1","2026-05-07"
207,"TRHS Assistant Boys Basketball Coach","2026-05-05","Athletics/Activities/","Tongue River High School","https://www.applitrack.com/sheridanwy/onlineapp/default.aspx?all=1","Sheridan County School District 1","2026-05-07"
208,"TRMS Assistant Cross-Country Coach","2026-02-04","Athletics/Activities/","Tongue River Middle School","https://www.applitrack.com/sheridanwy/onlineapp/default.aspx?all=1","Sheridan County School District 1","2026-05-07"
209,"TRMS Assistant Volleyball Coach","2026-02-04","Athletics/Activities/","Tongue River Middle School","https://www.applitrack.com/sheridanwy/onlineapp/default.aspx?all=1","Sheridan County School District 1","2026-05-07"
210,"Big Horn Custodian","2025-12-08","Maintenance/Custodial/","Big Horn High School","https://www.applitrack.com/sheridanwy/onlineapp/default.aspx?all=1","Sheridan County School District 1","2026-05-07"
211,"Tongue River Custodian","2026-04-21","Maintenance/Custodial/","TR Schools","https://www.applitrack.com/sheridanwy/onlineapp/default.aspx?all=1","Sheridan County School District 1","2026-05-07"
212,"Bus Driver","2025-04-01","Transportation/","District-Wide","https://www.applitrack.com/sheridanwy/onlineapp/default.aspx?all=1","Sheridan County School District 1","2026-05-07"
213,"TRMS Assistant Girls Basketball Coach","2025-05-20","Athletics/Activities/","Tongue River Middle School","https://www.applitrack.com/sheridanwy/onlineapp/default.aspx?all=1","Sheridan County School District 1","2026-05-07"
214,"TRHS Assistant Volleyball Coach","2025-05-28","Athletics/Activities/","Tongue River High School","https://www.applitrack.com/sheridanwy/onlineapp/default.aspx?all=1","Sheridan County School District 1","2026-05-07"
215,"TRHS Assistant Track Coach","2025-06-03","Athletics/Activities/","Tongue River High School","https://www.applitrack.com/sheridanwy/onlineapp/default.aspx?all=1","Sheridan County School District 1","2026-05-07"
216,"BHMS Assistant Football Coach","2025-07-28","Athletics/Activities/","Big Horn Middle School","https://www.applitrack.com/sheridanwy/onlineapp/default.aspx?all=1","Sheridan County School District 1","2026-05-07"
217,"TRMS Assistant Robotics Coach","2025-08-12","Athletics/Activities/","Tongue River Middle School","https://www.applitrack.com/sheridanwy/onlineapp/default.aspx?all=1","Sheridan County School District 1","2026-05-07"
218,"BHMS Assistant Boys Wrestling Coach","2025-09-08","Athletics/Activities/","Big Horn Middle School","https://www.applitrack.com/sheridanwy/onlineapp/default.aspx?all=1","Sheridan County School District 1","2026-05-07"
219,"TRHS Head Cross-Country Coach","2025-11-18","Athletics/Activities/","Tongue River High School","https://www.applitrack.com/sheridanwy/onlineapp/default.aspx?all=1","Sheridan County School District 1","2026-05-07"
220,"TRMS Assistant Boys Basketball Coach","2024-08-14","Athletics/Activities/","Tongue River Middle School","https://www.applitrack.com/sheridanwy/onlineapp/default.aspx?all=1","Sheridan County School District 1","2026-05-07"
221,"Substitute - Support Staff","2018-07-03","Substitute/","District-Wide","https://www.applitrack.com/sheridanwy/onlineapp/default.aspx?all=1","Sheridan County School District 1","2026-05-07"
222,"Substitute - Nurse","2025-09-04","Substitute/","TR Schools","https://www.applitrack.com/sheridanwy/onlineapp/default.aspx?all=1","Sheridan County School District 1","2026-05-07"
223,"Substitute - Teacher","2018-07-09","Substitute/","District-Wide","https://www.applitrack.com/sheridanwy/onlineapp/default.aspx?all=1","Sheridan County School District 1","2026-05-07"
224,"Principals Administrative Assistant - Sheridan High School","2026-04-24","Administrative/Clerical","Sheridan High School","https://www.applitrack.com/scsd2/OnlineApp/default.aspx?all=1","Sheridan County School District 2","2026-05-07"
225,"Office Paraprofessional - Sheridan High School","2026-05-06","Administrative/Clerical","Sheridan High School","https://www.applitrack.com/scsd2/OnlineApp/default.aspx?all=1","Sheridan County School District 2","2026-05-07"
226,"Assistant Football Coach - Sheridan High School","2026-05-05","Athletic Coaches","Sheridan High School","https://www.applitrack.com/scsd2/OnlineApp/default.aspx?all=1","Sheridan County School District 2","2026-05-07"
227,"Assistant Volleyball Coach - Sheridan High School","2026-04-30","Athletic Coaches","Sheridan High School","https://www.applitrack.com/scsd2/OnlineApp/default.aspx?all=1","Sheridan County School District 2","2026-05-07"
228,"Assistant Volleyball Coach - 8th Grade Girls - Sheridan Junior High School","2026-03-30","Athletic Coaches","Sheridan Junior High School","https://www.applitrack.com/scsd2/OnlineApp/default.aspx?all=1","Sheridan County School District 2","2026-05-07"
229,"Assistant Golf Coach - Sheridan High School","2026-04-16","Athletic Coaches","Sheridan High School","https://www.applitrack.com/scsd2/OnlineApp/default.aspx?all=1","Sheridan County School District 2","2026-05-07"
230,"Assistant Football Coach 8th Grade - Sheridan Junior High School","2026-04-21","Athletic Coaches","Sheridan Junior High School","https://www.applitrack.com/scsd2/OnlineApp/default.aspx?all=1","Sheridan County School District 2","2026-05-07"
231,"Assistant Basketball Coach - 9th Grade B Team - Sheridan High School","2026-02-10","Athletic Coaches","Sheridan High School","https://www.applitrack.com/scsd2/OnlineApp/default.aspx?all=1","Sheridan County School District 2","2026-05-07"
232,"Assistant Wrestling Coach - Sheridan Junior High School","2026-01-14","Athletic Coaches","Sheridan Junior High School","https://www.applitrack.com/scsd2/OnlineApp/default.aspx?all=1","Sheridan County School District 2","2026-05-07"
233,"Assistant Cross Country Coach - Sheridan Junior High School","2026-03-11","Athletic Coaches","Sheridan Junior High School","https://www.applitrack.com/scsd2/OnlineApp/default.aspx?all=1","Sheridan County School District 2","2026-05-07"
234,"Girls Assistant Volleyball Coach - 7th Grade B Team - Sheridan Junior High School","2026-03-12","Athletic Coaches","Sheridan Junior High School","https://www.applitrack.com/scsd2/OnlineApp/default.aspx?all=1","Sheridan County School District 2","2026-05-07"
235,"Girls Basketball Coach - 7th Grade C Team - Sheridan Junior High School","2026-03-12","Athletic Coaches","Sheridan Junior High School","https://www.applitrack.com/scsd2/OnlineApp/default.aspx?all=1","Sheridan County School District 2","2026-05-07"
236,"Head Football Coach - 7th Grade Boys - Sheridan Junior High School","2026-01-29","Athletic Coaches/","Sheridan Junior High School","https://www.applitrack.com/scsd2/OnlineApp/default.aspx?all=1","Sheridan County School District 2","2026-05-07"
237,"Head Basketball Coach - Boys 7th Grade - Sheridan Junior High School","2026-04-21","Athletic Coaches/","Sheridan Junior High School","https://www.applitrack.com/scsd2/OnlineApp/default.aspx?all=1","Sheridan County School District 2","2026-05-07"
238,"Head 8th Grade Football Coach - Sheridan Junior High School","2026-05-06","Athletic Coaches/","Sheridan Junior High School","https://www.applitrack.com/scsd2/OnlineApp/default.aspx?all=1","Sheridan County School District 2","2026-05-07"
239,"2nd Grade Classroom Teacher - Sagebrush Elementary","2026-04-24","Elementary School Teaching","Sagebrush","https://www.applitrack.com/scsd2/OnlineApp/default.aspx?all=1","Sheridan County School District 2","2026-05-07"
240,"Elementary Title I Literacy Teacher - Henry A. Coffeen Elementary","2026-04-30","Elementary School Teaching","Henry A. Coffeen","https://www.applitrack.com/scsd2/OnlineApp/default.aspx?all=1","Sheridan County School District 2","2026-05-07"
241,"Agriculture/Industrial Tech Classroom Teacher - Sheridan High School","2026-05-06","High School Teaching","Sheridan High School","https://www.applitrack.com/scsd2/OnlineApp/default.aspx?all=1","Sheridan County School District 2","2026-05-07"
242,"School Nurse - Sheridan Junior High School","2026-03-02","Nurses/","Sheridan Junior High School","https://www.applitrack.com/scsd2/OnlineApp/default.aspx?all=1","Sheridan County School District 2","2026-05-07"
243,"Pre-K Paraprofessional - Highland Park Elementary","2026-03-09","Paraprofessionals","Highland Park","https://www.applitrack.com/scsd2/OnlineApp/default.aspx?all=1","Sheridan County School District 2","2026-05-07"
244,"Special Education Paraprofessional - Sheridan High School","2026-05-03","Paraprofessionals","Sheridan High School","https://www.applitrack.com/scsd2/OnlineApp/default.aspx?all=1","Sheridan County School District 2","2026-05-07"
245,"Substitute Teacher (for prior SCSD2 Teachers only)","2025-07-01","Prior Employee/","District Wide","https://www.applitrack.com/scsd2/OnlineApp/default.aspx?all=1","Sheridan County School District 2","2026-05-07"
246,"Rotating Teacher - Districtwide","2026-04-28","Rotating Teacher","Central Office","https://www.applitrack.com/scsd2/OnlineApp/default.aspx?all=1","Sheridan County School District 2","2026-05-07"
247,"Seasonal Grounds Worker - Districtwide","2026-01-16","Seasonal Staff","District Wide","https://www.applitrack.com/scsd2/OnlineApp/default.aspx?all=1","Sheridan County School District 2","2026-05-07"
248,"Seasonal Bus Mechanic","2026-03-27","Seasonal Staff","Bus Barn","https://www.applitrack.com/scsd2/OnlineApp/default.aspx?all=1","Sheridan County School District 2","2026-05-07"
249,"Seasonal Inventory Lead","2026-03-27","Seasonal Staff","Bus Barn","https://www.applitrack.com/scsd2/OnlineApp/default.aspx?all=1","Sheridan County School District 2","2026-05-07"
250,"Speech Language Pathologist - Districtwide","2026-02-23","Special Services Staff/",NA,"https://www.applitrack.com/scsd2/OnlineApp/default.aspx?all=1","Sheridan County School District 2","2026-05-07"
251,"Substitute Custodian - Districtwide","2024-08-29","Substitutes","District Wide","https://www.applitrack.com/scsd2/OnlineApp/default.aspx?all=1","Sheridan County School District 2","2026-05-07"
252,"Substitute Bus Paraprofessional - Districtwide","2025-04-28","Substitutes","Bus Barn","https://www.applitrack.com/scsd2/OnlineApp/default.aspx?all=1","Sheridan County School District 2","2026-05-07"
253,"Substitute Paraprofessional","2024-07-10","Substitutes","District Wide","https://www.applitrack.com/scsd2/OnlineApp/default.aspx?all=1","Sheridan County School District 2","2026-05-07"
254,"Substitute School Nurse","2024-07-10","Substitutes","District Wide","https://www.applitrack.com/scsd2/OnlineApp/default.aspx?all=1","Sheridan County School District 2","2026-05-07"
255,"Substitute Teacher","2025-07-01","Substitutes/","District Wide","https://www.applitrack.com/scsd2/OnlineApp/default.aspx?all=1","Sheridan County School District 2","2026-05-07"
256,"Substitute Bus Driver","2025-10-07","Transportation Staff","Bus Barn","https://www.applitrack.com/scsd2/OnlineApp/default.aspx?all=1","Sheridan County School District 2","2026-05-07"
257,"FEMS-FEHS Assistant Coach - Football","2025-03-03","Athletics/Activities/","Farson-Eden High School","https://www.applitrack.com/sweetwater/onlineapp/default.aspx?all=1","Sweetwater County School District 1","2026-05-07"
258,"RSHS Assistant Coach - Volleyball - Freshman","2026-01-13","Athletics/Activities/","Rock Springs High School","https://www.applitrack.com/sweetwater/onlineapp/default.aspx?all=1","Sweetwater County School District 1","2026-05-07"
259,"RSHS Assistant Coach - Football (3)","2026-02-10","Athletics/Activities/","Rock Springs High School","https://www.applitrack.com/sweetwater/onlineapp/default.aspx?all=1","Sweetwater County School District 1","2026-05-07"
260,"RSJH Assistant Football Coach - 7th Grade","2026-02-10","Athletics/Activities/","Rock Springs Junior High School","https://www.applitrack.com/sweetwater/onlineapp/default.aspx?all=1","Sweetwater County School District 1","2026-05-07"
261,"Farson MS Head Track Coach","2026-02-18","Athletics/Activities/","Farson-Eden Middle School","https://www.applitrack.com/sweetwater/onlineapp/default.aspx?all=1","Sweetwater County School District 1","2026-05-07"
262,"RSHS Assistant Girls Basketball Coach - Freshman","2026-03-11","Athletics/Activities/","Rock Springs High School","https://www.applitrack.com/sweetwater/onlineapp/default.aspx?all=1","Sweetwater County School District 1","2026-05-07"
263,"RSHS Assistant Indoor Track Coach","2026-03-10","Athletics/Activities/","Rock Springs High School","https://www.applitrack.com/sweetwater/onlineapp/default.aspx?all=1","Sweetwater County School District 1","2026-05-07"
264,"RSHS Assistant Boys Basketball Coach - (2)","2026-03-19","Athletics/Activities/","Rock Springs High School","https://www.applitrack.com/sweetwater/onlineapp/default.aspx?all=1","Sweetwater County School District 1","2026-05-07"
265,"Farson/Eden MS Boys Assistant Basketball Coach","2026-04-21","Athletics/Activities/","Farson-Eden Middle School","https://www.applitrack.com/sweetwater/onlineapp/default.aspx?all=1","Sweetwater County School District 1","2026-05-07"
266,"Farson Assistant HS Volleyball Coach","2026-04-21","Athletics/Activities/","Farson-Eden High School","https://www.applitrack.com/sweetwater/onlineapp/default.aspx?all=1","Sweetwater County School District 1","2026-05-07"
267,"RSJH Assistant Coach - Track and Field","2026-04-28","Athletics/Activities/","Rock Springs Junior High School","https://www.applitrack.com/sweetwater/onlineapp/default.aspx?all=1","Sweetwater County School District 1","2026-05-07"
268,"RSJH 7th Grade Volleyball Coach","2026-04-28","Athletics/Activities/","Rock Springs Junior High","https://www.applitrack.com/sweetwater/onlineapp/default.aspx?all=1","Sweetwater County School District 1","2026-05-07"
269,"RSHS Head Coach - Tennis","2026-04-14","Athletics/Activities/","Rock Springs High School","https://www.applitrack.com/sweetwater/onlineapp/default.aspx?all=1","Sweetwater County School District 1","2026-05-07"
270,"RSJH 8th Grade Head Coach - Volleyball","2026-02-09","Athletics/Activities/","Rock Springs Junior High School","https://www.applitrack.com/sweetwater/onlineapp/default.aspx?all=1","Sweetwater County School District 1","2026-05-07"
271,"Elementary Teacher 2nd Grade","2026-04-16","Certified Staff/","Desert View Elementary","https://www.applitrack.com/sweetwater/onlineapp/default.aspx?all=1","Sweetwater County School District 1","2026-05-07"
272,"Elementary Teacher 1st Grade","2026-04-30","Certified Staff/","Walnut Elementary","https://www.applitrack.com/sweetwater/onlineapp/default.aspx?all=1","Sweetwater County School District 1","2026-05-07"
273,"EL Teacher","2025-11-04","Certified Staff/","Rock Springs High School","https://www.applitrack.com/sweetwater/onlineapp/default.aspx?all=1","Sweetwater County School District 1","2026-05-07"
274,"English/Language Arts","2026-04-20","Certified Staff/","Rock Springs Junior High School","https://www.applitrack.com/sweetwater/onlineapp/default.aspx?all=1","Sweetwater County School District 1","2026-05-07"
275,"English/Language Arts","2026-04-24","Certified Staff/","Rock Springs High School","https://www.applitrack.com/sweetwater/onlineapp/default.aspx?all=1","Sweetwater County School District 1","2026-05-07"
276,"English/Language Arts","2026-04-24","Certified Staff/","Black Butte High School","https://www.applitrack.com/sweetwater/onlineapp/default.aspx?all=1","Sweetwater County School District 1","2026-05-07"
277,"School Counselor","2026-04-13","Certified Staff/","Farson Schools","https://www.applitrack.com/sweetwater/onlineapp/default.aspx?all=1","Sweetwater County School District 1","2026-05-07"
278,"Industrial Arts - Welding","2026-05-04","Certified Staff/","Rock Springs High School","https://www.applitrack.com/sweetwater/onlineapp/default.aspx?all=1","Sweetwater County School District 1","2026-05-07"
279,"Library Media Specialist K-3 (Stagecoach and Wamsutter)","2025-11-03","Certified Staff/","District Wide","https://www.applitrack.com/sweetwater/onlineapp/default.aspx?all=1","Sweetwater County School District 1","2026-05-07"
280,"Math Teacher","2025-11-05","Certified Staff/","Rock Springs High School","https://www.applitrack.com/sweetwater/onlineapp/default.aspx?all=1","Sweetwater County School District 1","2026-05-07"
281,"Music Teacher 4-6 (3)","2025-11-06","Certified Staff/","District Wide","https://www.applitrack.com/sweetwater/onlineapp/default.aspx?all=1","Sweetwater County School District 1","2026-05-07"
282,"Music Teacher K-3 (2)","2025-11-06","Certified Staff/","District Wide","https://www.applitrack.com/sweetwater/onlineapp/default.aspx?all=1","Sweetwater County School District 1","2026-05-07"
283,"PE/Health Teacher","2026-04-16","Certified Staff/","Black Butte High School","https://www.applitrack.com/sweetwater/onlineapp/default.aspx?all=1","Sweetwater County School District 1","2026-05-07"
284,"PE/ Health Teacher","2026-04-21","Certified Staff/","Eastside Elementary","https://www.applitrack.com/sweetwater/onlineapp/default.aspx?all=1","Sweetwater County School District 1","2026-05-07"
285,"School Nurse","2026-02-24","Certified Staff/","District Wide","https://www.applitrack.com/sweetwater/onlineapp/default.aspx?all=1","Sweetwater County School District 1","2026-05-07"
286,"School Psychologist (5)","2026-03-31","Certified Staff/","District Wide","https://www.applitrack.com/sweetwater/onlineapp/default.aspx?all=1","Sweetwater County School District 1","2026-05-07"
287,"Social Worker","2026-03-31","Certified Staff/","Stagecoach Elementary","https://www.applitrack.com/sweetwater/onlineapp/default.aspx?all=1","Sweetwater County School District 1","2026-05-07"
288,"Social Worker","2025-11-06","Certified Staff/","Rock Springs High School","https://www.applitrack.com/sweetwater/onlineapp/default.aspx?all=1","Sweetwater County School District 1","2026-05-07"
289,"Resource Teacher","2025-11-03","Certified Staff/","Desert Elementary (Wamsutter)","https://www.applitrack.com/sweetwater/onlineapp/default.aspx?all=1","Sweetwater County School District 1","2026-05-07"
290,"Resource Teacher (4)","2025-11-05","Certified Staff/","Rock Springs High School","https://www.applitrack.com/sweetwater/onlineapp/default.aspx?all=1","Sweetwater County School District 1","2026-05-07"
291,"Special Education - Resource Teacher (2)","2025-11-04","Certified Staff/","Eastside Elementary","https://www.applitrack.com/sweetwater/onlineapp/default.aspx?all=1","Sweetwater County School District 1","2026-05-07"
292,"Resource Teacher","2025-11-04","Certified Staff/","Overland Elementary","https://www.applitrack.com/sweetwater/onlineapp/default.aspx?all=1","Sweetwater County School District 1","2026-05-07"
293,"Resource Teacher","2025-11-04","Certified Staff/","Pilot Butte Elementary","https://www.applitrack.com/sweetwater/onlineapp/default.aspx?all=1","Sweetwater County School District 1","2026-05-07"
294,"Resource Teacher (2)","2026-04-08","Certified Staff/","Rock Springs Junior High School","https://www.applitrack.com/sweetwater/onlineapp/default.aspx?all=1","Sweetwater County School District 1","2026-05-07"
295,"Alternative Communications Program (ACP) Teacher","2026-03-10","Certified Staff/","Rock Springs Junior High School","https://www.applitrack.com/sweetwater/onlineapp/default.aspx?all=1","Sweetwater County School District 1","2026-05-07"
296,"Alternative Behavior Program (ABP) Teacher","2026-03-12","Certified Staff/","Stagecoach Elementary","https://www.applitrack.com/sweetwater/onlineapp/default.aspx?all=1","Sweetwater County School District 1","2026-05-07"
297,"Alternative Behavior Program Teacher","2025-11-04","Certified Staff/","Rock Springs High School","https://www.applitrack.com/sweetwater/onlineapp/default.aspx?all=1","Sweetwater County School District 1","2026-05-07"
298,"Alternative Communication Program (ACP) Teacher","2025-11-04","Certified Staff/","Rock Springs High School","https://www.applitrack.com/sweetwater/onlineapp/default.aspx?all=1","Sweetwater County School District 1","2026-05-07"
299,"Alternative Behavior Program (ABP)","2025-11-05","Certified Staff/","Sage Elementary","https://www.applitrack.com/sweetwater/onlineapp/default.aspx?all=1","Sweetwater County School District 1","2026-05-07"
300,"Alternative Academic-Daily Living Skills Program Teacher","2025-10-22","Certified Staff/","Rock Springs High School","https://www.applitrack.com/sweetwater/onlineapp/default.aspx?all=1","Sweetwater County School District 1","2026-05-07"
301,"Alternative Communications Program","2026-02-11","Certified Staff/","Stagecoach Elementary","https://www.applitrack.com/sweetwater/onlineapp/default.aspx?all=1","Sweetwater County School District 1","2026-05-07"
302,"Speech and Language Pathologist (3)","2026-03-31","Certified Staff/","District Wide","https://www.applitrack.com/sweetwater/onlineapp/default.aspx?all=1","Sweetwater County School District 1","2026-05-07"
303,"Title One Teacher","2026-02-17","Certified Staff/","Eastside Elementary","https://www.applitrack.com/sweetwater/onlineapp/default.aspx?all=1","Sweetwater County School District 1","2026-05-07"
304,"Bus Driver/Classroom Paraprofessional","2025-08-11","Combined Positions/","Desert Elementary (Wamsutter)","https://www.applitrack.com/sweetwater/onlineapp/default.aspx?all=1","Sweetwater County School District 1","2026-05-07"
305,"Substitute - Head Start","2018-06-12","Head Start","Overland Elementary","https://www.applitrack.com/sweetwater/onlineapp/default.aspx?all=1","Sweetwater County School District 1","2026-05-07"
306,"Maintenance Technician","2026-04-15","Maintenance/Custodial","Maintenance","https://www.applitrack.com/sweetwater/onlineapp/default.aspx?all=1","Sweetwater County School District 1","2026-05-07"
307,"Activities Lead/ Full Time Custodian","2026-03-03","Maintenance/Custodial/","District Wide","https://www.applitrack.com/sweetwater/onlineapp/default.aspx?all=1","Sweetwater County School District 1","2026-05-07"
308,"Nutrition Services Assistant","2026-01-27","Nutrition Services/","Rock Springs High School","https://www.applitrack.com/sweetwater/onlineapp/default.aspx?all=1","Sweetwater County School District 1","2026-05-07"
309,"Nutrition Services Assistant","2026-05-05","Nutrition Services/","Rock Springs Junior High","https://www.applitrack.com/sweetwater/onlineapp/default.aspx?all=1","Sweetwater County School District 1","2026-05-07"
310,"Nutrition Services Substitute","2024-07-18","Nutrition Services/","District Wide","https://www.applitrack.com/sweetwater/onlineapp/default.aspx?all=1","Sweetwater County School District 1","2026-05-07"
311,"Classroom Paraprofessional","2026-04-08","Paraprofessional/","Walnut Elementary","https://www.applitrack.com/sweetwater/onlineapp/default.aspx?all=1","Sweetwater County School District 1","2026-05-07"
312,"Classroom Paraprofessional","2026-04-21","Paraprofessional/","Pilot Butte Elementary","https://www.applitrack.com/sweetwater/onlineapp/default.aspx?all=1","Sweetwater County School District 1","2026-05-07"
313,"Classroom Paraprofessional","2026-05-04","Paraprofessional/","Rock Springs High School","https://www.applitrack.com/sweetwater/onlineapp/default.aspx?all=1","Sweetwater County School District 1","2026-05-07"
314,"ELL Paraprofessional","2026-03-23","Paraprofessional/","Walnut Elementary","https://www.applitrack.com/sweetwater/onlineapp/default.aspx?all=1","Sweetwater County School District 1","2026-05-07"
315,"ELL Paraprofessional","2026-01-29","Paraprofessional/","Desert View Elementary","https://www.applitrack.com/sweetwater/onlineapp/default.aspx?all=1","Sweetwater County School District 1","2026-05-07"
316,"ELL Paraprofessional","2025-12-01","Paraprofessional/","Rock Springs Junior High School","https://www.applitrack.com/sweetwater/onlineapp/default.aspx?all=1","Sweetwater County School District 1","2026-05-07"
317,"Itinerant Paraprofessional/Testing Assistant","2026-05-05","Paraprofessional/","District Wide","https://www.applitrack.com/sweetwater/onlineapp/default.aspx?all=1","Sweetwater County School District 1","2026-05-07"
318,"Resource Room Paraprofessional","2025-08-21","Paraprofessional/","Rock Springs Satellite High School","https://www.applitrack.com/sweetwater/onlineapp/default.aspx?all=1","Sweetwater County School District 1","2026-05-07"
319,"Resource Room Paraprofessional (2)","2025-09-10","Paraprofessional/","Rock Springs High School","https://www.applitrack.com/sweetwater/onlineapp/default.aspx?all=1","Sweetwater County School District 1","2026-05-07"
320,"Alternative Behavior Special Programs One-on-One Paraprofessional","2026-03-05","Paraprofessional/","Eastside Elementary","https://www.applitrack.com/sweetwater/onlineapp/default.aspx?all=1","Sweetwater County School District 1","2026-05-07"
321,"Special Programs Paraprofessional (Alternative Communications Program)","2026-02-18","Paraprofessional/","Rock Springs Junior High School","https://www.applitrack.com/sweetwater/onlineapp/default.aspx?all=1","Sweetwater County School District 1","2026-05-07"
322,"One-On-One Paraprofessional","2026-03-30","Paraprofessional/","Pilot Butte Elementary","https://www.applitrack.com/sweetwater/onlineapp/default.aspx?all=1","Sweetwater County School District 1","2026-05-07"
323,"High School Special Education Paraprofessional and Daycare Assistant - Overland/RSHS","2026-04-07","Paraprofessional/","Overland/RSHS","https://www.applitrack.com/sweetwater/onlineapp/default.aspx?all=1","Sweetwater County School District 1","2026-05-07"
324,"High School Special Education Paraprofessional and Daycare Assistant - Overland/RSHS","2026-04-07","Paraprofessional/","Overland/RSHS","https://www.applitrack.com/sweetwater/onlineapp/default.aspx?all=1","Sweetwater County School District 1","2026-05-07"
325,"Alternate Academic Special Programs One-on-One Paraprofessional","2026-03-16","Paraprofessional/","Eastside Elementary","https://www.applitrack.com/sweetwater/onlineapp/default.aspx?all=1","Sweetwater County School District 1","2026-05-07"
326,"One-On-One Paraprofessional","2026-03-16","Paraprofessional/","Eastside Elementary","https://www.applitrack.com/sweetwater/onlineapp/default.aspx?all=1","Sweetwater County School District 1","2026-05-07"
327,"Special Programs (Alternative Academics Program) Paraprofessional (2)","2026-03-23","Paraprofessional/","Rock Springs High School","https://www.applitrack.com/sweetwater/onlineapp/default.aspx?all=1","Sweetwater County School District 1","2026-05-07"
328,"Alternative Behavior Special Programs One-on-One Paraprofessional","2026-04-15","Paraprofessional/","Sage Elementary","https://www.applitrack.com/sweetwater/onlineapp/default.aspx?all=1","Sweetwater County School District 1","2026-05-07"
329,"Special Programs One-on-One Paraprofessional","2026-04-16","Paraprofessional/","Sage Elementary","https://www.applitrack.com/sweetwater/onlineapp/default.aspx?all=1","Sweetwater County School District 1","2026-05-07"
330,"Special Programs Paraprofessional (Alternative Behavior Program)","2026-05-04","Paraprofessional/","Rock Springs High School","https://www.applitrack.com/sweetwater/onlineapp/default.aspx?all=1","Sweetwater County School District 1","2026-05-07"
331,"Certified Substitute School Nurse","2019-10-03","Substitute","District Wide","https://www.applitrack.com/sweetwater/onlineapp/default.aspx?all=1","Sweetwater County School District 1","2026-05-07"
332,"BOCES Part Time Building Substitute Teacher (2) - One Year Only","2025-06-05","Substitute/","Overland Elementary","https://www.applitrack.com/sweetwater/onlineapp/default.aspx?all=1","Sweetwater County School District 1","2026-05-07"
333,"2025-2026 Substitute Teacher - Part-Time","2025-07-07","Substitute/","District Wide","https://www.applitrack.com/sweetwater/onlineapp/default.aspx?all=1","Sweetwater County School District 1","2026-05-07"
334,"Summer Custodian (2)","2026-04-21","Summer Employees/","Multiple Schools","https://www.applitrack.com/sweetwater/onlineapp/default.aspx?all=1","Sweetwater County School District 1","2026-05-07"
335,"Summer Maintenance Laborer (2)","2026-04-21","Summer Employees/","Maintenance","https://www.applitrack.com/sweetwater/onlineapp/default.aspx?all=1","Sweetwater County School District 1","2026-05-07"
336,"Summer Technology Job Shadower (3)","2026-04-13","Summer Employees/","Central Administration","https://www.applitrack.com/sweetwater/onlineapp/default.aspx?all=1","Sweetwater County School District 1","2026-05-07"
337,"Summer Technology Intern (3)","2026-04-13","Summer Employees/","Central Administration","https://www.applitrack.com/sweetwater/onlineapp/default.aspx?all=1","Sweetwater County School District 1","2026-05-07"
338,"Bus Aide","2026-02-04","Transportation/","Transportation","https://www.applitrack.com/sweetwater/onlineapp/default.aspx?all=1","Sweetwater County School District 1","2026-05-07"
339,"Part-Time Bus Driver (26 Hours/Week)","2026-01-19","Transportation/","Transportation","https://www.applitrack.com/sweetwater/onlineapp/default.aspx?all=1","Sweetwater County School District 1","2026-05-07"
340,"GRHS Assistant Girls Soccer Coach","2025-06-05","Athletics/Activities/","Green River High School","https://www.applitrack.com/swcsd2/onlineapp/default.aspx?all=1","Sweetwater County School District 2","2026-05-07"
341,"GRHS Asst Boys Swimming Diving Coach","2026-04-10","Athletics/Activities/","Green River High School","https://www.applitrack.com/swcsd2/onlineapp/default.aspx?all=1","Sweetwater County School District 2","2026-05-07"
342,"GRHS Assistant Girls Wrestling Coach","2026-04-10","Athletics/Activities/","Green River High School","https://www.applitrack.com/swcsd2/onlineapp/default.aspx?all=1","Sweetwater County School District 2","2026-05-07"
343,"GRHS Assistant Summer Weight Room Supervisor","2026-04-10","Athletics/Activities/","Green River High School","https://www.applitrack.com/swcsd2/onlineapp/default.aspx?all=1","Sweetwater County School District 2","2026-05-07"
344,"Lincoln Middle School Assistant Boys Swimming Coach","2026-04-10","Athletics/Activities/","Green River High School","https://www.applitrack.com/swcsd2/onlineapp/default.aspx?all=1","Sweetwater County School District 2","2026-05-07"
345,"GRHS Head Boys Basketball Coach","2026-04-16","Athletics/Activities/","Green River High School","https://www.applitrack.com/swcsd2/onlineapp/default.aspx?all=1","Sweetwater County School District 2","2026-05-07"
346,"GRHS Head Dance Coach","2026-04-16","Athletics/Activities/","Green River High School","https://www.applitrack.com/swcsd2/onlineapp/default.aspx?all=1","Sweetwater County School District 2","2026-05-07"
347,"GRHS Assistant Football Coach","2026-04-30","Athletics/Activities/","Green River High School","https://www.applitrack.com/swcsd2/onlineapp/default.aspx?all=1","Sweetwater County School District 2","2026-05-07"
348,"GRHS Assistant Cheer Coach","2026-04-30","Athletics/Activities/","Green River High School","https://www.applitrack.com/swcsd2/onlineapp/default.aspx?all=1","Sweetwater County School District 2","2026-05-07"
349,"English Language Arts Teacher","2026-04-30","High School Teaching/","Green River High School","https://www.applitrack.com/swcsd2/onlineapp/default.aspx?all=1","Sweetwater County School District 2","2026-05-07"
350,"Mathematics Teacher (Grades 9-12)","2026-04-23","High School Teaching/","Green River High School","https://www.applitrack.com/swcsd2/onlineapp/default.aspx?all=1","Sweetwater County School District 2","2026-05-07"
351,"Substitute Custodian","2025-07-10","Maintenance/Custodial/","Maintenance Department","https://www.applitrack.com/swcsd2/onlineapp/default.aspx?all=1","Sweetwater County School District 2","2026-05-07"
352,"Substitute Nutrition Services","2025-07-10","Nutrition Services/","Nutrition Services Department","https://www.applitrack.com/swcsd2/onlineapp/default.aspx?all=1","Sweetwater County School District 2","2026-05-07"
353,"English Language Learning Paraprofessional","2025-10-13","Paraprofessional/","Monroe Elementary School","https://www.applitrack.com/swcsd2/onlineapp/default.aspx?all=1","Sweetwater County School District 2","2026-05-07"
354,"Substitute Teacher","2025-07-10","Substitute/","Central Office","https://www.applitrack.com/swcsd2/onlineapp/default.aspx?all=1","Sweetwater County School District 2","2026-05-07"
355,"Substitute Teacher Aide","2025-07-10","Substitute/","Central Office","https://www.applitrack.com/swcsd2/onlineapp/default.aspx?all=1","Sweetwater County School District 2","2026-05-07"
356,"Reading Intervention Paraprofessional","2026-04-23","Support Staff/","Harrison Elementary School","https://www.applitrack.com/swcsd2/onlineapp/default.aspx?all=1","Sweetwater County School District 2","2026-05-07"
357,"Bus Aide","2026-04-01","Transportation/","Transportation Department","https://www.applitrack.com/swcsd2/onlineapp/default.aspx?all=1","Sweetwater County School District 2","2026-05-07"
358,"Bus Driver","2026-04-01","Transportation/","Transportation Department","https://www.applitrack.com/swcsd2/onlineapp/default.aspx?all=1","Sweetwater County School District 2","2026-05-07"
359,"Substitute Bus Driver","2025-07-10","Transportation/","Transportation Department","https://www.applitrack.com/swcsd2/onlineapp/default.aspx?all=1","Sweetwater County School District 2","2026-05-07"
360,"High School Head Boys Basketball Coach","2026-03-18","Athletics/Activities/","TCSD Schools","https://www.applitrack.com/tcsd/onlineapp/default.aspx?all=1","Teton County School District 1","2026-05-07"
361,"High School Assistant Nordic Skiing Coach","2026-04-15","Athletics/Activities/","TCSD Schools","https://www.applitrack.com/tcsd/onlineapp/default.aspx?all=1","Teton County School District 1","2026-05-07"
362,"Middle School Assistant Volleyball Coach","2026-04-24","Athletics/Activities/","TCSD Schools","https://www.applitrack.com/tcsd/onlineapp/default.aspx?all=1","Teton County School District 1","2026-05-07"
363,"Middle School Girls Assistant Basketball Coach","2026-04-24","Athletics/Activities/","TCSD Schools","https://www.applitrack.com/tcsd/onlineapp/default.aspx?all=1","Teton County School District 1","2026-05-07"
364,".2 Elementary Spanish Teacher","2026-04-14","Elementary School Teaching","Kelly Elementary School","https://www.applitrack.com/tcsd/onlineapp/default.aspx?all=1","Teton County School District 1","2026-05-07"
365,"ELL Teacher","2026-05-05","Elementary School Teaching/","Colter Elementary School","https://www.applitrack.com/tcsd/onlineapp/default.aspx?all=1","Teton County School District 1","2026-05-07"
366,"Elementary Teacher, Kindergarten","2026-05-06","Elementary School Teaching/","Wilson Elementary School","https://www.applitrack.com/tcsd/onlineapp/default.aspx?all=1","Teton County School District 1","2026-05-07"
367,"Elementary Teacher, 5th Grade","2026-05-06","Elementary School Teaching/","Wilson Elementary School","https://www.applitrack.com/tcsd/onlineapp/default.aspx?all=1","Teton County School District 1","2026-05-07"
368,"High School English Language Arts Teacher","2026-04-13","High School Teaching/","Jackson Hole High School","https://www.applitrack.com/tcsd/onlineapp/default.aspx?all=1","Teton County School District 1","2026-05-07"
369,"CTE Teacher, FABLAB","2026-04-27","High School Teaching/","Jackson Hole High School","https://www.applitrack.com/tcsd/onlineapp/default.aspx?all=1","Teton County School District 1","2026-05-07"
370,"High School Math Teacher","2026-05-05","High School Teaching/","Jackson Hole High School","https://www.applitrack.com/tcsd/onlineapp/default.aspx?all=1","Teton County School District 1","2026-05-07"
371,"Middle School Music Teacher","2026-04-16","Middle School Teaching/","Jackson Hole Middle School","https://www.applitrack.com/tcsd/onlineapp/default.aspx?all=1","Teton County School District 1","2026-05-07"
372,"Middle School STEM Teacher","2026-03-13","Middle School Teaching/","Jackson Hole Middle School","https://www.applitrack.com/tcsd/onlineapp/default.aspx?all=1","Teton County School District 1","2026-05-07"
373,"Instructional Paraprofessional","2025-12-18","Paraprofessional/","Kelly Elementary School","https://www.applitrack.com/tcsd/onlineapp/default.aspx?all=1","Teton County School District 1","2026-05-07"
374,"Credit Recovery Para","2026-04-08","Paraprofessional/","Summit High School","https://www.applitrack.com/tcsd/onlineapp/default.aspx?all=1","Teton County School District 1","2026-05-07"
375,"Instructional Paraprofessional","2026-04-29","Paraprofessional/","Colter Elementary School","https://www.applitrack.com/tcsd/onlineapp/default.aspx?all=1","Teton County School District 1","2026-05-07"
376,"Instructional Paraprofessional","2026-04-29","Paraprofessional/","Wilson Elementary School","https://www.applitrack.com/tcsd/onlineapp/default.aspx?all=1","Teton County School District 1","2026-05-07"
377,"K-12 Special Education Paraprofessional(s)","2026-04-28","Paraprofessional/","TCSD Schools","https://www.applitrack.com/tcsd/onlineapp/default.aspx?all=1","Teton County School District 1","2026-05-07"
378,"K-12 School Psychologist","2026-04-16","Student Support Services/","TCSD Schools","https://www.applitrack.com/tcsd/onlineapp/default.aspx?all=1","Teton County School District 1","2026-05-07"
379,"Special Education TVI Student Certified Aide","2026-04-09","Student Support Services/","TCSD Schools","https://www.applitrack.com/tcsd/onlineapp/default.aspx?all=1","Teton County School District 1","2026-05-07"
380,"Special Education Permanent Support Specialist (Permanent Substitute)","2026-04-07","Substitute/","TCSD Schools","https://www.applitrack.com/tcsd/onlineapp/default.aspx?all=1","Teton County School District 1","2026-05-07"
381,"Substitute Teachers/Nurses","2020-02-11","Substitute/","TCSD Schools","https://www.applitrack.com/tcsd/onlineapp/default.aspx?all=1","Teton County School District 1","2026-05-07"
382,"Long Term Sub 2nd Grade Teacher","2026-04-17","Substitute/","Wilson Elementary School","https://www.applitrack.com/tcsd/onlineapp/default.aspx?all=1","Teton County School District 1","2026-05-07"
383,"Substitute Para/Secretary","2020-02-11","Substitute/","TCSD Schools","https://www.applitrack.com/tcsd/onlineapp/default.aspx?all=1","Teton County School District 1","2026-05-07"
384,"Girls High School Assistant Swim Coach","2026-05-04","Athletics/Activities/","Evanston High School","https://www.applitrack.com/uinta/onlineapp/jobpostings/view.asp?all=1","Uinta County School District 1","2026-05-07"
385,"Assistant High School Golf Coach","2026-05-05","Athletics/Activities/","Evanston High School","https://www.applitrack.com/uinta/onlineapp/jobpostings/view.asp?all=1","Uinta County School District 1","2026-05-07"
386,"Elementary Teacher","2026-03-09","Elementary School Teaching/","District Wide","https://www.applitrack.com/uinta/onlineapp/jobpostings/view.asp?all=1","Uinta County School District 1","2026-05-07"
387,"Secondary English Language Arts Teacher","2026-04-24","High School / Secondary Teaching/","Horizon Alternative School","https://www.applitrack.com/uinta/onlineapp/jobpostings/view.asp?all=1","Uinta County School District 1","2026-05-07"
388,"Secondary Math Teacher","2026-02-12","High School / Secondary Teaching/","Evanston High School & Davis Middle School","https://www.applitrack.com/uinta/onlineapp/jobpostings/view.asp?all=1","Uinta County School District 1","2026-05-07"
389,"Substitute Custodians","2026-04-13","Maintenance/Custodial/","District Wide","https://www.applitrack.com/uinta/onlineapp/jobpostings/view.asp?all=1","Uinta County School District 1","2026-05-07"
390,"Administrative Assistant - Activities","2026-05-04","Secretarial/Clerical/","Education Service Center","https://www.applitrack.com/uinta/onlineapp/jobpostings/view.asp?all=1","Uinta County School District 1","2026-05-07"
391,"Administrative Assistant - Instructional Services and Federal Programs","2026-04-27","Secretarial/Clerical/","Education Service Center","https://www.applitrack.com/uinta/onlineapp/jobpostings/view.asp?all=1","Uinta County School District 1","2026-05-07"
392,"School Psychologist","2026-04-24","Student Support Services/","District Wide","https://www.applitrack.com/uinta/onlineapp/jobpostings/view.asp?all=1","Uinta County School District 1","2026-05-07"
393,"Speech-Language Pathologist","2026-01-30","Student Support Services/","District Wide","https://www.applitrack.com/uinta/onlineapp/jobpostings/view.asp?all=1","Uinta County School District 1","2026-05-07"
394,"Bus Drivers and Substitute Bus Drivers","2026-01-09","Support Staff/","Transportation","https://www.applitrack.com/uinta/onlineapp/jobpostings/view.asp?all=1","Uinta County School District 1","2026-05-07"
395,"Certified Occupational Therapist Assistant (COTA)","2026-04-28","Support Staff/","District Wide","https://www.applitrack.com/uinta/onlineapp/jobpostings/view.asp?all=1","Uinta County School District 1","2026-05-07"
396,"Full-time and Part-time Classroom Aides and SPED Paraprofessionals","2025-07-16","Support Staff/","District Wide","https://www.applitrack.com/uinta/onlineapp/jobpostings/view.asp?all=1","Uinta County School District 1","2026-05-07"
397,"Full-Time Lifeguard","2025-12-09","Aquatic Center Staff/","Worland Aquatic Center","https://www.applitrack.com/washakie1/onlineapp/default.aspx?all=1","Washakie County School District 1","2026-05-07"
398,"Part-Time Lifeguard","2026-04-22","Aquatic Center Staff/","Worland Aquatic Center","https://www.applitrack.com/washakie1/onlineapp/default.aspx?all=1","Washakie County School District 1","2026-05-07"
399,"Lifeguard - Student","2024-01-08","Aquatic Center Staff/","Worland Aquatic Center","https://www.applitrack.com/washakie1/onlineapp/default.aspx?all=1","Washakie County School District 1","2026-05-07"
400,"HS Assistant Cheer Coach","2025-04-29","Athletics/Activities","Worland High School","https://www.applitrack.com/washakie1/onlineapp/default.aspx?all=1","Washakie County School District 1","2026-05-07"
401,"HS Assistant Volleyball Coach","2026-03-26","Athletics/Activities","Worland High School","https://www.applitrack.com/washakie1/onlineapp/default.aspx?all=1","Washakie County School District 1","2026-05-07"
402,"HS Assistant Indoor Track Coach","2026-03-26","Athletics/Activities","Worland High School","https://www.applitrack.com/washakie1/onlineapp/default.aspx?all=1","Washakie County School District 1","2026-05-07"
403,"HS Assistant Boys Basketball Coach","2026-03-26","Athletics/Activities","Worland High School","https://www.applitrack.com/washakie1/onlineapp/default.aspx?all=1","Washakie County School District 1","2026-05-07"
404,"HS Head Girls Wrestling Coach","2026-03-26","Athletics/Activities","Worland High School","https://www.applitrack.com/washakie1/onlineapp/default.aspx?all=1","Washakie County School District 1","2026-05-07"
405,"MS Assistant Volleyball Coach","2026-03-26","Athletics/Activities","Worland Middle School","https://www.applitrack.com/washakie1/onlineapp/default.aspx?all=1","Washakie County School District 1","2026-05-07"
406,"MS Assistant Football Coach","2026-03-26","Athletics/Activities","Worland Middle School","https://www.applitrack.com/washakie1/onlineapp/default.aspx?all=1","Washakie County School District 1","2026-05-07"
407,"MS Assistant Wrestling Coach","2026-03-26","Athletics/Activities","Worland Middle School","https://www.applitrack.com/washakie1/onlineapp/default.aspx?all=1","Washakie County School District 1","2026-05-07"
408,"MS Head Cross Country Coach","2026-03-26","Athletics/Activities","Worland Middle School","https://www.applitrack.com/washakie1/onlineapp/default.aspx?all=1","Washakie County School District 1","2026-05-07"
409,"MS Head Volleyball Coach","2026-03-26","Athletics/Activities","Worland Middle School","https://www.applitrack.com/washakie1/onlineapp/default.aspx?all=1","Washakie County School District 1","2026-05-07"
410,"HS Assistant Girls Basketball Coach","2026-03-27","Athletics/Activities","Worland High School","https://www.applitrack.com/washakie1/onlineapp/default.aspx?all=1","Washakie County School District 1","2026-05-07"
411,"6-12 Chorus Teacher","2026-04-07","High School Teaching/","Worland High School","https://www.applitrack.com/washakie1/onlineapp/default.aspx?all=1","Washakie County School District 1","2026-05-07"
412,"Secondary Reading Specialist","2026-04-15","Middle School Teaching/","Worland Middle School","https://www.applitrack.com/washakie1/onlineapp/default.aspx?all=1","Washakie County School District 1","2026-05-07"
413,"Full-Time Special Education Paraeducator (Life Skills)","2026-05-01","Paraprofessional","East Side Elementary","https://www.applitrack.com/washakie1/onlineapp/default.aspx?all=1","Washakie County School District 1","2026-05-07"
414,"Full-Time Special Education Paraeducator (Resource)","2026-05-01","Paraprofessional","East Side Elementary","https://www.applitrack.com/washakie1/onlineapp/default.aspx?all=1","Washakie County School District 1","2026-05-07"
415,"Full-Time Special Education Paraeducator (Behavior)","2026-05-01","Paraprofessional","South Side Elementary","https://www.applitrack.com/washakie1/onlineapp/default.aspx?all=1","Washakie County School District 1","2026-05-07"
416,"Full-Time Special Education Paraeducator (Life Skills)","2026-05-01","Paraprofessional","West Side Elementary","https://www.applitrack.com/washakie1/onlineapp/default.aspx?all=1","Washakie County School District 1","2026-05-07"
417,"Full-Time Special Education Paraeducator (Life Skills)","2026-05-05","Paraprofessional","South Side Elementary","https://www.applitrack.com/washakie1/onlineapp/default.aspx?all=1","Washakie County School District 1","2026-05-07"
418,"Media Paraprofessional, Full-Time","2026-05-01","Paraprofessional/","Worland Middle School","https://www.applitrack.com/washakie1/onlineapp/default.aspx?all=1","Washakie County School District 1","2026-05-07"
419,"SLP-Assistant","2025-05-14","Special Education Services","Education Resource Center","https://www.applitrack.com/washakie1/onlineapp/default.aspx?all=1","Washakie County School District 1","2026-05-07"
420,"Speech Language Pathologist","2024-12-18","Special Education Services","Education Resource Center","https://www.applitrack.com/washakie1/onlineapp/default.aspx?all=1","Washakie County School District 1","2026-05-07"
421,"Substitute Bus Driver","2021-07-01","Substitute/","Bus Barn","https://www.applitrack.com/washakie1/onlineapp/default.aspx?all=1","Washakie County School District 1","2026-05-07"
422,"Substitute Cook","2020-11-04","Substitute/","District","https://www.applitrack.com/washakie1/onlineapp/default.aspx?all=1","Washakie County School District 1","2026-05-07"
423,"Substitute Housekeeper","2019-01-21","Substitute/",NA,"https://www.applitrack.com/washakie1/onlineapp/default.aspx?all=1","Washakie County School District 1","2026-05-07"
424,"Substitute Paraeducator","2016-03-02","Substitute/",NA,"https://www.applitrack.com/washakie1/onlineapp/default.aspx?all=1","Washakie County School District 1","2026-05-07"
425,"Substitute Teacher","2016-03-02","Substitute/",NA,"https://www.applitrack.com/washakie1/onlineapp/default.aspx?all=1","Washakie County School District 1","2026-05-07"
426,"2026-2027 High School Math Teacher","2026-04-16","Certified","Dubois K-12 School","https://fremont2.tedk12.com/hire/index.aspx","Fremont County School District 2","2026-05-07"
427,"2026-2027 MS Girls Basketball Head Coach","2026-04-15","Coaching","Dubois K-12 School","https://fremont2.tedk12.com/hire/index.aspx","Fremont County School District 2","2026-05-07"
428,"2026-2027 MS Girls Basketball Assistant Coach","2026-04-15","Coaching","Dubois K-12 School","https://fremont2.tedk12.com/hire/index.aspx","Fremont County School District 2","2026-05-07"
429,"2026-2027 HS Girls Basketball Assistant Coach","2026-04-15","Coaching","Dubois K-12 School","https://fremont2.tedk12.com/hire/index.aspx","Fremont County School District 2","2026-05-07"
430,"Special Education Teacher","2026-03-18","Certified","Dubois K-12 School","https://fremont2.tedk12.com/hire/index.aspx","Fremont County School District 2","2026-05-07"
431,"Substitute Custodian/Food Service","2025-02-01","Classified","Dubois K-12 School","https://fremont2.tedk12.com/hire/index.aspx","Fremont County School District 2","2026-05-07"
432,"Substitute Bus Driver","2024-04-01","Classified","Bus Barn","https://fremont2.tedk12.com/hire/index.aspx","Fremont County School District 2","2026-05-07"
433,"Substitute - Classified -  Para/Secretary","2024-04-01","Classified","Dubois K-12 School","https://fremont2.tedk12.com/hire/index.aspx","Fremont County School District 2","2026-05-07"
434,"Substitute Teaching","2024-04-01","Substitute","Dubois K-12 School","https://fremont2.tedk12.com/hire/index.aspx","Fremont County School District 2","2026-05-07"
435,"Teacher - Special Education (Torrington Middle School)","2026-05-05","Special Education","Torrington Middle School","https://goshen.tedk12.com/hire/index.aspx#aJobListings","Goshen County School District 1","2026-05-07"
436,"Art Teacher - Trail Elementary - 1/2 Time","2026-04-22","Elementary Certified","Trail Elementary School","https://goshen.tedk12.com/hire/index.aspx#aJobListings","Goshen County School District 1","2026-05-07"
437,"Head Custodian - Southeast Schools","2026-04-08","Maintenance","Southeast Schools","https://goshen.tedk12.com/hire/index.aspx#aJobListings","Goshen County School District 1","2026-05-07"
438,"Substitute Cook","2026-03-04","Food Service","District Food Services","https://goshen.tedk12.com/hire/index.aspx#aJobListings","Goshen County School District 1","2026-05-07"
439,"Speech Language Pathologist - District","2026-03-01","Specialist - Certified","Office of Special Services","https://goshen.tedk12.com/hire/index.aspx#aJobListings","Goshen County School District 1","2026-05-07"
440,"Bus Driver/ Sub Bus Driver","2026-01-01","Bus Driver","Transportation Services","https://goshen.tedk12.com/hire/index.aspx#aJobListings","Goshen County School District 1","2026-05-07"
441,"Future Administrative Positions","2026-01-01","Administrative - building","Central Administration Office","https://goshen.tedk12.com/hire/index.aspx#aJobListings","Goshen County School District 1","2026-05-07"
442,"Future Substitute Teacher Positions","2026-01-01","Substitute","Central Administration Office","https://goshen.tedk12.com/hire/index.aspx#aJobListings","Goshen County School District 1","2026-05-07"
443,"Future Classified Positions","2026-01-01","Support","Central Administration Office","https://goshen.tedk12.com/hire/index.aspx#aJobListings","Goshen County School District 1","2026-05-07"
444,"Future Certified Positions","2026-01-01","K-12","Central Administration Office","https://goshen.tedk12.com/hire/index.aspx#aJobListings","Goshen County School District 1","2026-05-07"
445,"Full-Time Custodian - Hulett","2026-04-30","Hulett K-12","Hulett, Wyoming","https://crook1.schoolspring.com/","Crook County School District 1","2026-05-07"
446,"Head High School Football Coach - Sundance","2026-04-23","Sundance Secondary","Sundance, Wyoming","https://crook1.schoolspring.com/","Crook County School District 1","2026-05-07"
447,"Junior High Volleyball Coach - Sundance","2026-04-16","Sundance Secondary","Sundance, Wyoming","https://crook1.schoolspring.com/","Crook County School District 1","2026-05-07"
448,"Junior High Boys Basketball Coach","2026-04-16","Moorcroft Secondary","Moorcroft, Wyoming","https://crook1.schoolspring.com/","Crook County School District 1","2026-05-07"
449,"SPED Paraprofessional","2026-04-16","Moorcroft Elementary","Moorcroft, Wyoming","https://crook1.schoolspring.com/","Crook County School District 1","2026-05-07"
450,"Agriculture Education Teacher","2026-04-16","Hulett K-12","Hulett, Wyoming","https://crook1.schoolspring.com/","Crook County School District 1","2026-05-07"
451,"Part- Time Summer Custodian - Morocroft","2026-04-09","Moorcroft Secondary","Moorcroft, Wyoming","https://crook1.schoolspring.com/","Crook County School District 1","2026-05-07"
452,"Full-Time Summer Custodian - Moorcroft","2026-04-09","Moorcroft Secondary","Moorcroft, Wyoming","https://crook1.schoolspring.com/","Crook County School District 1","2026-05-07"
453,"Full-Time Summer Custodian - Hulett","2026-04-09","Hulett K-12","Hulett, Wyoming","https://crook1.schoolspring.com/","Crook County School District 1","2026-05-07"
454,"Summer Grounds - Moorcroft","2026-04-09","Moorcroft Secondary","Moorcroft, Wyoming","https://crook1.schoolspring.com/","Crook County School District 1","2026-05-07"
455,"K-12 Music Teacher","2026-04-09","Hulett K-12","Hulett, Wyoming","https://crook1.schoolspring.com/","Crook County School District 1","2026-05-07"
456,"Full-Time Custodian - MES","2026-04-09","Moorcroft Elementary","Moorcroft, Wyoming","https://crook1.schoolspring.com/","Crook County School District 1","2026-05-07"
457,"Head High School Track Coach - SS","2026-04-07","Sundance Secondary","Sundance, Wyoming","https://crook1.schoolspring.com/","Crook County School District 1","2026-05-07"
458,"Junior High Girls Wrestling Coach - SS","2026-04-07","Sundance Secondary","Sundance, Wyoming","https://crook1.schoolspring.com/","Crook County School District 1","2026-05-07"
459,"Junior High Girls Wrestling Coach - HS","2026-04-07","Hulett K-12","Hulett, Wyoming","https://crook1.schoolspring.com/","Crook County School District 1","2026-05-07"
460,"Junior High Boys Wrestling Coach - HS","2026-04-07","Hulett K-12","Hulett, Wyoming","https://crook1.schoolspring.com/","Crook County School District 1","2026-05-07"
461,"Assistant High School Football Coach - HS","2026-04-07","Hulett K-12","Hulett, Wyoming","https://crook1.schoolspring.com/","Crook County School District 1","2026-05-07"
462,"Head High School Girls Basketball Coach - SS","2026-04-07","Sundance Secondary","Sundance, Wyoming","https://crook1.schoolspring.com/","Crook County School District 1","2026-05-07"
463,"Route Bus Driver","2026-03-09","Sundance Secondary","Sundance, Wyoming","https://crook1.schoolspring.com/","Crook County School District 1","2026-05-07"
464,"Activities Director/Supervisor","2026-02-11","Sundance Secondary","Sundance, Wyoming","https://crook1.schoolspring.com/","Crook County School District 1","2026-05-07"
465,"Route Bus Driver","2026-02-11","Moorcroft Secondary","Moorcroft, Wyoming","https://crook1.schoolspring.com/","Crook County School District 1","2026-05-07"
466,"Route Bus Driver","2026-01-19","Sundance Secondary","Sundance, Wyoming","https://crook1.schoolspring.com/","Crook County School District 1","2026-05-07"
467,"Substitute Custodian","2025-08-06","Sundance Secondary","Sundance, Wyoming","https://crook1.schoolspring.com/","Crook County School District 1","2026-05-07"
468,"Substitute Custodian","2025-08-06","Moorcroft Secondary","Moorcroft, Wyoming","https://crook1.schoolspring.com/","Crook County School District 1","2026-05-07"
469,"Substitute Custodian","2025-08-06","Hulett K-12","Hulett, Wyoming","https://crook1.schoolspring.com/","Crook County School District 1","2026-05-07"
470,"Substitute Teacher","2025-08-06","Sundance Elementary","Sundance, Wyoming","https://crook1.schoolspring.com/","Crook County School District 1","2026-05-07"
471,"Substitute Teacher","2025-08-06","Moorcroft Elementary","Moorcroft, Wyoming","https://crook1.schoolspring.com/","Crook County School District 1","2026-05-07"
472,"Substitute Teacher","2025-08-06","Hulett K-12","Hulett, Wyoming","https://crook1.schoolspring.com/","Crook County School District 1","2026-05-07"
473,"Substitute & Activity Bus Drivers","2025-08-06","Sundance Secondary","Sundance, Wyoming","https://crook1.schoolspring.com/","Crook County School District 1","2026-05-07"
474,"Substitute & Activity Bus Drivers","2025-08-06","Moorcroft Secondary","Moorcroft, Wyoming","https://crook1.schoolspring.com/","Crook County School District 1","2026-05-07"
475,"Substitute & Activity Bus Drivers","2025-08-06","Hulett K-12","Hulett, Wyoming","https://crook1.schoolspring.com/","Crook County School District 1","2026-05-07"
476,"4th Grade Teacher [TA09]","2026-05-07","ROSSMAN ELEMENTARY SCHOOL","Cheyenne, Wyoming","https://laramie1.schoolspring.com/","Laramie County School District 1","2026-05-07"
477,"Temp Summer Grounds [S007]","2026-05-06","Laramie County School District 1","Cheyenne, Wyoming","https://laramie1.schoolspring.com/","Laramie County School District 1","2026-05-07"
478,"Facility Technician - Maintenance Specialist [TS12]","2026-05-06","Laramie County School District 1","Cheyenne, Wyoming","https://laramie1.schoolspring.com/","Laramie County School District 1","2026-05-07"
479,"Facility Technician - Integrated Trades [TS20]","2026-05-06","Laramie County School District 1","Cheyenne, Wyoming","https://laramie1.schoolspring.com/","Laramie County School District 1","2026-05-07"
480,"Speech Language Pathologist-4 Positions available [XT14]","2026-05-06","Laramie County School District 1","Cheyenne, Wyoming","https://laramie1.schoolspring.com/","Laramie County School District 1","2026-05-07"
481,"Special Education Teacher [XT20]","2026-05-06","CAREY JUNIOR HIGH SCHOOL","Cheyenne, Wyoming","https://laramie1.schoolspring.com/","Laramie County School District 1","2026-05-07"
482,"Resource Teacher [XT21]","2026-05-06","EDT (Elementary Day Treatment)","Cheyenne, Wyoming","https://laramie1.schoolspring.com/","Laramie County School District 1","2026-05-07"
483,"Paraeducator Affective Needs [XP09]","2026-05-06","GOINS ELEMENTARY SCHOOL","Cheyenne, Wyoming","https://laramie1.schoolspring.com/","Laramie County School District 1","2026-05-07"
484,"Assistant Volleyball Coach - 3 positions [C136]","2026-05-06","CENTRAL HIGH SCHOOL","Cheyenne, Wyoming","https://laramie1.schoolspring.com/","Laramie County School District 1","2026-05-07"
485,"Paraeducator Special Needs PALS [XP09]","2026-05-05","CENTRAL HIGH SCHOOL","Cheyenne, Wyoming","https://laramie1.schoolspring.com/","Laramie County School District 1","2026-05-07"
486,"Paraeducator Affective Needs [XP09]","2026-05-04","EDT (Elementary Day Treatment)","Cheyenne, Wyoming","https://laramie1.schoolspring.com/","Laramie County School District 1","2026-05-07"
487,"Special Education Behavior Lab Paraeducator  [XP08]","2026-05-04","MCCORMICK JUNIOR HIGH SCHOOL","Cheyenne, Wyoming","https://laramie1.schoolspring.com/","Laramie County School District 1","2026-05-07"
488,"Paraeducator Special Needs PALS [XP09]","2026-05-04","MCCORMICK JUNIOR HIGH SCHOOL","Cheyenne, Wyoming","https://laramie1.schoolspring.com/","Laramie County School District 1","2026-05-07"
489,"Student Sweeper [ST05]","2026-05-04","TRIUMPH HIGH SCHOOL","Cheyenne, Wyoming","https://laramie1.schoolspring.com/","Laramie County School District 1","2026-05-07"
490,"Special Education Teacher [XT20]","2026-05-04","ROSSMAN ELEMENTARY SCHOOL","Cheyenne, Wyoming","https://laramie1.schoolspring.com/","Laramie County School District 1","2026-05-07"
491,"Special Education Teacher [XT20]","2026-05-04","ROSSMAN ELEMENTARY SCHOOL","Cheyenne, Wyoming","https://laramie1.schoolspring.com/","Laramie County School District 1","2026-05-07"
492,"8th Grade English Teacher [TC11]","2026-05-04","CAREY JUNIOR HIGH SCHOOL","Cheyenne, Wyoming","https://laramie1.schoolspring.com/","Laramie County School District 1","2026-05-07"
493,"6th Grade Teacher [TA13]","2026-05-04","HEBARD ELEMENTARY SCHOOL","Cheyenne, Wyoming","https://laramie1.schoolspring.com/","Laramie County School District 1","2026-05-07"
494,"Summer School Secondary Math Teacher - 1 position available","2026-05-04","SOUTH HIGH SCHOOL","Cheyenne, Wyoming","https://laramie1.schoolspring.com/","Laramie County School District 1","2026-05-07"
495,"Summer School Secondary English Teacher - 1 position available","2026-05-04","SOUTH HIGH SCHOOL","Cheyenne, Wyoming","https://laramie1.schoolspring.com/","Laramie County School District 1","2026-05-07"
496,"Sub-Custodian [S010]","2026-05-01","Laramie County School District 1","Cheyenne, Wyoming","https://laramie1.schoolspring.com/","Laramie County School District 1","2026-05-07"
497,"Physical Therapist [XT07]","2026-04-30","Laramie County School District 1","Cheyenne, Wyoming","https://laramie1.schoolspring.com/","Laramie County School District 1","2026-05-07"
498,"Middle School Science Teacher (7th and 8th) - 2026/2027 Contract Year","2026-04-29","PODER ACADEMY SECONDARY (PASS)","Cheyenne, Wyoming","https://laramie1.schoolspring.com/","Laramie County School District 1","2026-05-07"
499,"ELS/ELL Teacher (2026-2027 School Year)","2026-04-27","PODER/PASS ACADEMY","Cheyenne, Wyoming","https://laramie1.schoolspring.com/","Laramie County School District 1","2026-05-07"
500,"Safety and Access Control Operations [SS02]","2026-04-27","Laramie County School District 1","Cheyenne, Wyoming","https://laramie1.schoolspring.com/","Laramie County School District 1","2026-05-07"
501,"Secretary - Elementary [CE09]","2026-04-24","DILDINE ELEMENTARY SCHOOL","Cheyenne, Wyoming","https://laramie1.schoolspring.com/","Laramie County School District 1","2026-05-07"
502,"Secretary - Elementary [CE09]","2026-04-24","ROSSMAN ELEMENTARY SCHOOL","Cheyenne, Wyoming","https://laramie1.schoolspring.com/","Laramie County School District 1","2026-05-07"
503,"Science Geologic Systems and Physical Science Teacher [TC29]","2026-04-23","CENTRAL HIGH SCHOOL","Cheyenne, Wyoming","https://laramie1.schoolspring.com/","Laramie County School District 1","2026-05-07"
504,"Physical Education","2026-04-23","PODER ACADEMY ELEMENTARY","Cheyenne, Wyoming","https://laramie1.schoolspring.com/","Laramie County School District 1","2026-05-07"
505,"Special Education Resource Teacher [XT21]","2026-04-22","CENTRAL HIGH SCHOOL","Cheyenne, Wyoming","https://laramie1.schoolspring.com/","Laramie County School District 1","2026-05-07"
506,"Executive Director for All-City Children's Chorus","2026-04-21","Laramie County School District 1","Cheyenne, Wyoming","https://laramie1.schoolspring.com/","Laramie County School District 1","2026-05-07"
507,"Student Sweeper [ST05]","2026-04-20","FAIRVIEW ELEMENTARY SCHOOL","Cheyenne, Wyoming","https://laramie1.schoolspring.com/","Laramie County School District 1","2026-05-07"
508,"Student Sweeper [ST05]","2026-04-20","ALTA VISTA ELEMENTARY SCHOOL","Cheyenne, Wyoming","https://laramie1.schoolspring.com/","Laramie County School District 1","2026-05-07"
509,"Elementary Social Worker [CT10]","2026-04-20","BAGGS ELEMENTARY SCHOOL","Cheyenne, Wyoming","https://laramie1.schoolspring.com/","Laramie County School District 1","2026-05-07"
510,"Assistant Head Custodian - Class 4 [CU01]","2026-04-20","MCCORMICK JUNIOR HIGH SCHOOL","Cheyenne, Wyoming","https://laramie1.schoolspring.com/","Laramie County School District 1","2026-05-07"
511,"Special Education Resource Teacher [XT21]","2026-04-17","CENTRAL HIGH SCHOOL","Cheyenne, Wyoming","https://laramie1.schoolspring.com/","Laramie County School District 1","2026-05-07"
512,"Assistant Volleyball Coach [C136]","2026-04-16","SOUTH HIGH SCHOOL","Cheyenne, Wyoming","https://laramie1.schoolspring.com/","Laramie County School District 1","2026-05-07"
513,"Elementary K-6 Teacher","2026-04-15","PODER ACADEMY ELEMENTARY","Cheyenne, Wyoming","https://laramie1.schoolspring.com/","Laramie County School District 1","2026-05-07"
514,"Assistant Tennis Coach [C132]","2026-04-06","CENTRAL HIGH SCHOOL","Cheyenne, Wyoming","https://laramie1.schoolspring.com/","Laramie County School District 1","2026-05-07"
515,"Building Substitute [TS72]","2026-04-02","SOUTH HIGH SCHOOL","Cheyenne, Wyoming","https://laramie1.schoolspring.com/","Laramie County School District 1","2026-05-07"
516,"Office Manager","2026-03-20","PODER ACADEMY ELEMENTARY","Cheyenne, Wyoming","https://laramie1.schoolspring.com/","Laramie County School District 1","2026-05-07"
517,"Paraeducator Special Education [XP08]","2026-03-04","ROSSMAN ELEMENTARY SCHOOL","Cheyenne, Wyoming","https://laramie1.schoolspring.com/","Laramie County School District 1","2026-05-07"
518,"Secondary Math Teacher - 2026/2027 Contract Year","2026-02-19","PODER ACADEMY SECONDARY (PASS)","Cheyenne, Wyoming","https://laramie1.schoolspring.com/","Laramie County School District 1","2026-05-07"
519,"SPED Teacher","2026-02-17","PODER ACADEMY ELEMENTARY","Cheyenne, Wyoming","https://laramie1.schoolspring.com/","Laramie County School District 1","2026-05-07"
520,"Occupational Therapist [XT06]","2026-02-17","Laramie County School District 1","Cheyenne, Wyoming","https://laramie1.schoolspring.com/","Laramie County School District 1","2026-05-07"
521,"Custodial - Head Class 5 [CU02]","2026-02-17","JOHNSON JUNIOR HIGH SCHOOL","Cheyenne, Wyoming","https://laramie1.schoolspring.com/","Laramie County School District 1","2026-05-07"
522,"Enrollment Marketing and Community Outreach Coordinator","2026-02-09","PODER/PASS ACADEMY","Cheyenne, Wyoming","https://laramie1.schoolspring.com/","Laramie County School District 1","2026-05-07"
523,"Physical Therapy Assistant [XI03]","2026-02-09","Laramie County School District 1","Cheyenne, Wyoming","https://laramie1.schoolspring.com/","Laramie County School District 1","2026-05-07"
524,"Custodial - Head Class 5 [CU08]","2026-01-16","CAREY JUNIOR HIGH SCHOOL","Cheyenne, Wyoming","https://laramie1.schoolspring.com/","Laramie County School District 1","2026-05-07"
525,"We The People Sponsor","2025-11-18","SOUTH HIGH SCHOOL","Cheyenne, Wyoming","https://laramie1.schoolspring.com/","Laramie County School District 1","2026-05-07"
526,"Student Sweeper [ST05]","2025-11-07","AFFLERBACH ELEMENTARY SCHOOL","Cheyenne, Wyoming","https://laramie1.schoolspring.com/","Laramie County School District 1","2026-05-07"
527,"Student Sweeper [ST05]","2025-11-07","ARP ELEMENTARY SCHOOL","Cheyenne, Wyoming","https://laramie1.schoolspring.com/","Laramie County School District 1","2026-05-07"
528,"Student Sweeper [ST05]","2025-11-07","BAGGS ELEMENTARY SCHOOL","Cheyenne, Wyoming","https://laramie1.schoolspring.com/","Laramie County School District 1","2026-05-07"
529,"Student Sweeper [ST05]","2025-11-07","BUFFALO RIDGE ELEMENTARY SCHL","Cheyenne, Wyoming","https://laramie1.schoolspring.com/","Laramie County School District 1","2026-05-07"
530,"Student Sweeper [ST05]","2025-11-07","DILDINE ELEMENTARY SCHOOL","Cheyenne, Wyoming","https://laramie1.schoolspring.com/","Laramie County School District 1","2026-05-07"
531,"Student Sweeper [ST05]","2025-11-07","HENDERSON ELEMENTARY SCHOOL","Cheyenne, Wyoming","https://laramie1.schoolspring.com/","Laramie County School District 1","2026-05-07"
532,"Student Sweeper [ST05]","2025-11-07","PRAIRIE WIND ELEMENTARY SCHOOL","Cheyenne, Wyoming","https://laramie1.schoolspring.com/","Laramie County School District 1","2026-05-07"
533,"Paraprofessional","2025-10-20","PODER ACADEMY SECONDARY (PASS)","Cheyenne, Wyoming","https://laramie1.schoolspring.com/","Laramie County School District 1","2026-05-07"
534,"Paraeducator Sign Support [XP05]","2025-06-26","BUILDING TO BE DETERMINED","Cheyenne, Wyoming","https://laramie1.schoolspring.com/","Laramie County School District 1","2026-05-07"
535,"Centennial Head Custodian Middle Level","2026-05-06","Centennial Middle School","Casper, Wyoming","https://natronaschools.schoolspring.com/","Natrona School District 1","2026-05-07"
536,"Lincoln 3rd Grade Teacher for the 26-27 School Year Only","2026-05-06","Lincoln Elementary","Casper, Wyoming","https://natronaschools.schoolspring.com/","Natrona School District 1","2026-05-07"
537,"CMS FLS/ILS Education Support Specialist beginning the 26-27 school year","2026-05-06","Centennial Middle School","Casper, Wyoming","https://natronaschools.schoolspring.com/","Natrona School District 1","2026-05-07"
538,"CYMS Cross Country Aide","2026-05-05","CY Middle School","Casper, Wyoming","https://natronaschools.schoolspring.com/","Natrona School District 1","2026-05-07"
539,"Cottonwood Education Support Specialist - FLS beginning for the 26-27 school year","2026-05-05","Cottonwood Elementary","Casper, Wyoming","https://natronaschools.schoolspring.com/","Natrona School District 1","2026-05-07"
540,"Midwest HS Head Football Coach","2026-05-04","Midwest Schools","Midwest, Wyoming","https://natronaschools.schoolspring.com/","Natrona School District 1","2026-05-07"
541,"Journey Administrative Specialist beginning for the 2026-2027 school year.","2026-05-01","Journey Elementary","Casper, Wyoming","https://natronaschools.schoolspring.com/","Natrona School District 1","2026-05-07"
542,"RHS Math Classroom Teacher for the 2026-2027 School Year Only","2026-05-01","Roosevelt High School","Casper, Wyoming","https://natronaschools.schoolspring.com/","Natrona School District 1","2026-05-07"
543,"Southridge Education Support Personnel/Cafeteria Technician beginning for the 2026-2027 school year","2026-04-30","Southridge Elementary","Casper, Wyoming","https://natronaschools.schoolspring.com/","Natrona School District 1","2026-05-07"
544,"CYMS Part Time Education Support Personnel beginning for the 2026-2027 school year","2026-04-30","CY Middle School","Casper, Wyoming","https://natronaschools.schoolspring.com/","Natrona School District 1","2026-05-07"
545,"CYMS Substitute on Daily Assignment - BASE Program beginning for the 2026-2027 school year","2026-04-30","CY Middle School","Casper, Wyoming","https://natronaschools.schoolspring.com/","Natrona School District 1","2026-05-07"
546,"CYMS Education Support Specialist BASE beginning for the 26-27 school year","2026-04-30","CY Middle School","Casper, Wyoming","https://natronaschools.schoolspring.com/","Natrona School District 1","2026-05-07"
547,"CYMS Lead Custodian - Night","2026-04-30","CY Middle School","Casper, Wyoming","https://natronaschools.schoolspring.com/","Natrona School District 1","2026-05-07"
548,"CYMS Head Custodian","2026-04-30","CY Middle School","Casper, Wyoming","https://natronaschools.schoolspring.com/","Natrona School District 1","2026-05-07"
549,"NCHS Cafeteria Technician Beginning The 2026-2027 School Year","2026-04-30","Natrona County High School","Casper, Wyoming","https://natronaschools.schoolspring.com/","Natrona School District 1","2026-05-07"
550,"Manor Heights BASE Education Support Specialist beginning for the 26-27 school year","2026-04-30","Manor Heights Elementary","Casper, Wyoming","https://natronaschools.schoolspring.com/","Natrona School District 1","2026-05-07"
551,"Dean Morgan Athletics and Activities Facilitator","2026-04-30","Dean Morgan Middle School","Casper, Wyoming","https://natronaschools.schoolspring.com/","Natrona School District 1","2026-05-07"
552,"CCA Athletics and Activities Facilitator","2026-04-30","Casper Classical Academy","Casper, Wyoming","https://natronaschools.schoolspring.com/","Natrona School District 1","2026-05-07"
553,"Dean Morgan Education Support Personnel/Office and Records Beginning 26-27 School Year","2026-04-30","Dean Morgan Middle School","Casper, Wyoming","https://natronaschools.schoolspring.com/","Natrona School District 1","2026-05-07"
554,"Dean Morgan Education Support Personnel Beginning 26-27 School Year","2026-04-30","Dean Morgan Middle School","Casper, Wyoming","https://natronaschools.schoolspring.com/","Natrona School District 1","2026-05-07"
555,"Dean Morgan Education Support Specialist/Education Support Personnel Beginning 26-27 School Year","2026-04-30","Dean Morgan Middle School","Casper, Wyoming","https://natronaschools.schoolspring.com/","Natrona School District 1","2026-05-07"
556,"Dean Morgan Education Support Specialist (1-on-1) Beginning 26-27 School Year","2026-04-30","Dean Morgan Middle School","Casper, Wyoming","https://natronaschools.schoolspring.com/","Natrona School District 1","2026-05-07"
557,"Sagewood Behavior and Substitute Support Personnel Beginning 26-27 School Year","2026-04-30","Sagewood Elementary","Casper, Wyoming","https://natronaschools.schoolspring.com/","Natrona School District 1","2026-05-07"
558,"Sagewood Education Support Personnel Beginning 26-27 School Year","2026-04-30","Sagewood Elementary","Casper, Wyoming","https://natronaschools.schoolspring.com/","Natrona School District 1","2026-05-07"
559,"District Assistant Elementary Principal to begin 2026-2027 School Year","2026-04-30","Curriculum and Instruction","Casper, Wyoming","https://natronaschools.schoolspring.com/","Natrona School District 1","2026-05-07"
560,"CYMS Volleyball Coach Aide","2026-04-28","CY Middle School","Casper, Wyoming","https://natronaschools.schoolspring.com/","Natrona School District 1","2026-05-07"
561,"Pineview 4th Grade Teacher for the 26-27 School Year Only","2026-04-28","Pineview Elementary","Casper, Wyoming","https://natronaschools.schoolspring.com/","Natrona School District 1","2026-05-07"
562,"CCA Language Arts Teacher for the 26-27 school year only","2026-04-28","Casper Classical Academy","Casper, Wyoming","https://natronaschools.schoolspring.com/","Natrona School District 1","2026-05-07"
563,"Warehouse Delivery Worker","2026-04-27","Purchasing/Warehouse","Casper, Wyoming","https://natronaschools.schoolspring.com/","Natrona School District 1","2026-05-07"
564,"CYMS Head Cheer Coach","2026-04-24","CY Middle School","Casper, Wyoming","https://natronaschools.schoolspring.com/","Natrona School District 1","2026-05-07"
565,"Instructional Facilitator Beginning the 2026-2027 School Year","2026-04-23","Curriculum and Instruction","Casper, Wyoming","https://natronaschools.schoolspring.com/","Natrona School District 1","2026-05-07"
566,"Paradise Valley Kindergarten Teacher for the 2026-27 School Year Only","2026-04-22","Paradise Valley Elementary","Casper, Wyoming","https://natronaschools.schoolspring.com/","Natrona School District 1","2026-05-07"
567,"Landscape and Support Services Specialist","2026-04-22","Plant/Maintenance","Casper, Wyoming","https://natronaschools.schoolspring.com/","Natrona School District 1","2026-05-07"
568,"Midwest - Part Time Custodian","2026-04-22","Midwest Schools","Midwest, Wyoming","https://natronaschools.schoolspring.com/","Natrona School District 1","2026-05-07"
569,"NCHS Assistant Football Coach","2026-04-21","Natrona County High School","Casper, Wyoming","https://natronaschools.schoolspring.com/","Natrona School District 1","2026-05-07"
570,"CCA Cross Country Coach","2026-04-20","Casper Classical Academy","Casper, Wyoming","https://natronaschools.schoolspring.com/","Natrona School District 1","2026-05-07"
571,"Evansville Special Education Teacher to Begin the 2026-27 School Year","2026-04-16","Evansville Elementary","Evansville, Wyoming","https://natronaschools.schoolspring.com/","Natrona School District 1","2026-05-07"
572,"CCA Football Aide","2026-04-13","Casper Classical Academy","Casper, Wyoming","https://natronaschools.schoolspring.com/","Natrona School District 1","2026-05-07"
573,"CCA Girls Basketball Coach","2026-04-13","Casper Classical Academy","Casper, Wyoming","https://natronaschools.schoolspring.com/","Natrona School District 1","2026-05-07"
574,"CCA Cross Country Aide","2026-04-13","Casper Classical Academy","Casper, Wyoming","https://natronaschools.schoolspring.com/","Natrona School District 1","2026-05-07"
575,"Substitute Custodian","2026-04-09","Human Resources","Casper, Wyoming","https://natronaschools.schoolspring.com/","Natrona School District 1","2026-05-07"
576,"Substitute Nurse","2026-04-09","Human Resources","Casper, Wyoming","https://natronaschools.schoolspring.com/","Natrona School District 1","2026-05-07"
577,"Midwest Summer Grounds Worker","2026-04-08","Midwest Schools","Midwest, Wyoming","https://natronaschools.schoolspring.com/","Natrona School District 1","2026-05-07"
578,"CMS Football Coach","2026-04-02","Centennial Middle School","Casper, Wyoming","https://natronaschools.schoolspring.com/","Natrona School District 1","2026-05-07"
579,"Seasonal Grounds Worker","2026-04-01","Plant/Maintenance","Casper, Wyoming","https://natronaschools.schoolspring.com/","Natrona School District 1","2026-05-07"
580,"Poison Spider PE Teacher/Tutor for the 2026-27 School Year Only","2026-03-31","Poison Spider K-8","Casper, Wyoming","https://natronaschools.schoolspring.com/","Natrona School District 1","2026-05-07"
581,"Lincoln 5th Grade Teacher for the 26-27 School Year Only","2026-03-30","Lincoln Elementary","Casper, Wyoming","https://natronaschools.schoolspring.com/","Natrona School District 1","2026-05-07"
582,"Chief Financial Officer","2026-03-27","Natrona County School District","Casper, Wyoming","https://natronaschools.schoolspring.com/","Natrona School District 1","2026-05-07"
583,"Dean Morgan Math Teacher for the 26-27 School Year Only","2026-03-23","Dean Morgan Middle School","Casper, Wyoming","https://natronaschools.schoolspring.com/","Natrona School District 1","2026-05-07"
584,"Audiologist to begin the 2026-2027 School Year","2026-03-19","Special Education Services Center","Casper, Wyoming","https://natronaschools.schoolspring.com/","Natrona School District 1","2026-05-07"
585,"Physical Therapist to begin 2026-2027 School Year","2026-03-18","Special Education Services Center","Casper, Wyoming","https://natronaschools.schoolspring.com/","Natrona School District 1","2026-05-07"
586,"Substitute Bus Driver","2026-02-13","Transportation","Casper, Wyoming","https://natronaschools.schoolspring.com/","Natrona School District 1","2026-05-07"
587,"Verda James Elementary Dual Language Immersion (Spanish) Teacher Beginning the 2026-27 School Year","2026-02-02","Verda James Elementary","Casper, Wyoming","https://natronaschools.schoolspring.com/","Natrona School District 1","2026-05-07"
588,"Centennial Head Girls Soccer Coach","2026-01-16","Centennial Middle School","Casper, Wyoming","https://natronaschools.schoolspring.com/","Natrona School District 1","2026-05-07"
589,"KWHS - Marine Instructor (MI) OR Senior ROTC Marine Instructor (SMI)","2025-07-10","Kelly Walsh High School","Casper, Wyoming","https://natronaschools.schoolspring.com/","Natrona School District 1","2026-05-07"
590,"Lincoln Art Teacher for the 26-27 School Year Only","2025-05-06","Lincoln Elementary","Casper, Wyoming","https://natronaschools.schoolspring.com/","Natrona School District 1","2026-05-07"
591,"Education Interpreter","2025-05-01","Special Education Services Center","Casper, Wyoming","https://natronaschools.schoolspring.com/","Natrona School District 1","2026-05-07"
592,"SPED Teacher","2026-04-27","LARAMIE COUNTY SD #2","Pine Bluffs, Wyoming","https://laramie2.schoolspring.com/","Laramie County School District 2","2026-05-07"
593,"Paraprofessional","2026-04-27","LARAMIE COUNTY SD #2","Pine Bluffs, Wyoming","https://laramie2.schoolspring.com/","Laramie County School District 2","2026-05-07"
594,"Speech Language Pathologist Assistant","2026-04-23","LARAMIE COUNTY SD #2","Pine Bluffs, Wyoming","https://laramie2.schoolspring.com/","Laramie County School District 2","2026-05-07"
595,"Head High School Girls Basketball Coach","2026-04-15","Pine Bluffs Jr./Sr. High School","Pine Bluffs, Wyoming","https://laramie2.schoolspring.com/","Laramie County School District 2","2026-05-07"
596,"Technology Summer Employee","2026-04-07","LARAMIE COUNTY SD #2","Pine Bluffs, Wyoming","https://laramie2.schoolspring.com/","Laramie County School District 2","2026-05-07"
597,"Custodian","2026-03-23","Burns Jr./Sr. High School","Burns, Wyoming","https://laramie2.schoolspring.com/","Laramie County School District 2","2026-05-07"
598,"Technology Coordinator","2026-03-18","LARAMIE COUNTY SD #2","Pine Bluffs, Wyoming","https://laramie2.schoolspring.com/","Laramie County School District 2","2026-05-07"
599,"District PowerSchool Administrator","2026-03-17","LARAMIE COUNTY SD #2","Pine Bluffs, Wyoming","https://laramie2.schoolspring.com/","Laramie County School District 2","2026-05-07"
600,"Speech-Language Pathologist 2026-27 School Year (Signing Bonus)","2026-03-12","LARAMIE COUNTY SD #2","Pine Bluffs, Wyoming","https://laramie2.schoolspring.com/","Laramie County School District 2","2026-05-07"
601,"Summer Groundskeeper","2026-03-10","Pine Bluffs Jr./Sr. High School","Pine Bluffs, Wyoming","https://laramie2.schoolspring.com/","Laramie County School District 2","2026-05-07"
602,"Assistant High School Football Coach","2026-02-24","Burns Jr./Sr. High School","Burns, Wyoming","https://laramie2.schoolspring.com/","Laramie County School District 2","2026-05-07"
603,"Elementary Teacher 2026-27 School Year","2026-02-02","LARAMIE COUNTY SD #2","Pine Bluffs, Wyoming","https://laramie2.schoolspring.com/","Laramie County School District 2","2026-05-07"
604,"Assistant JH Volleyball Numbers Coach","2025-12-02","Burns Jr./Sr. High School","Burns, Wyoming","https://laramie2.schoolspring.com/","Laramie County School District 2","2026-05-07"
605,"Substitute School Nurse","2025-09-15","LARAMIE COUNTY SD #2","Pine Bluffs, Wyoming","https://laramie2.schoolspring.com/","Laramie County School District 2","2026-05-07"
606,"ELL Parent Translator Contactor","2025-09-15","LARAMIE COUNTY SD #2","Pine Bluffs, Wyoming","https://laramie2.schoolspring.com/","Laramie County School District 2","2026-05-07"
607,"Assistant JH Football Coach","2025-08-05","Burns Jr./Sr. High School","Burns, Wyoming","https://laramie2.schoolspring.com/","Laramie County School District 2","2026-05-07"
608,"ELL Paraprofessional","2025-06-10","LARAMIE COUNTY SD #2","Pine Bluffs, Wyoming","https://laramie2.schoolspring.com/","Laramie County School District 2","2026-05-07"
609,"Sub Paraprofessional","2025-01-30","LARAMIE COUNTY SD #2","Pine Bluffs, Wyoming","https://laramie2.schoolspring.com/","Laramie County School District 2","2026-05-07"
610,"Sub Custodian","2025-01-30","LARAMIE COUNTY SD #2","Pine Bluffs, Wyoming","https://laramie2.schoolspring.com/","Laramie County School District 2","2026-05-07"
611,"Substitute Cook","2025-01-30","LARAMIE COUNTY SD #2","Pine Bluffs, Wyoming","https://laramie2.schoolspring.com/","Laramie County School District 2","2026-05-07"
612,"Substitute Teacher","2025-01-30","LARAMIE COUNTY SD #2","Pine Bluffs, Wyoming","https://laramie2.schoolspring.com/","Laramie County School District 2","2026-05-07"
613,"Substitute Bus Driver","2025-01-30","LARAMIE COUNTY SD #2","Pine Bluffs, Wyoming","https://laramie2.schoolspring.com/","Laramie County School District 2","2026-05-07"
614,"HIGH SCHOOL HEAD COACH (GOLF)","2026-05-05","RIVERTON HIGH SCHOOL","Riverton, Wyoming","https://fremont25.schoolspring.com/","Fremont County School District 25","2026-05-07"
615,"HIGH SCHOOL TEACHER (SCIENCE)","2026-05-04","RIVERTON HIGH SCHOOL","Riverton, Wyoming","https://fremont25.schoolspring.com/","Fremont County School District 25","2026-05-07"
616,"FRONTIER ACADEMY TEACHER (SOCIAL STUDIES)","2026-04-14","FRONTIER ACADEMY","Riverton, Wyoming","https://fremont25.schoolspring.com/","Fremont County School District 25","2026-05-07"
617,"INSTRUCTIONAL SUPPORT SPECIALIST","2026-04-13","Fremont County School District 25","Riverton, Wyoming","https://fremont25.schoolspring.com/","Fremont County School District 25","2026-05-07"
618,"HOMEBOUND AND DISTRICT PLACEMENT SPECIAL EDUCATION TEACHER (SPED)","2026-04-08","Fremont County School District 25","Riverton, Wyoming","https://fremont25.schoolspring.com/","Fremont County School District 25","2026-05-07"
619,"2026-2027 PARAPROFESSIONAL POOL","2026-03-27","Fremont County School District 25","Riverton, Wyoming","https://fremont25.schoolspring.com/","Fremont County School District 25","2026-05-07"
620,"HIGH SCHOOL HEAD COACH (GIRLS BASKETBALL)","2026-03-24","RIVERTON HIGH SCHOOL","Riverton, Wyoming","https://fremont25.schoolspring.com/","Fremont County School District 25","2026-05-07"
621,"HIGH SCHOOL ASSISTANT COACH (GIRLS BASKETBALL)","2026-03-24","RIVERTON HIGH SCHOOL","Riverton, Wyoming","https://fremont25.schoolspring.com/","Fremont County School District 25","2026-05-07"
622,"PARA (SPED IDEAL)","2026-03-23","RENDEZVOUS ELEMENTARY","Riverton, Wyoming","https://fremont25.schoolspring.com/","Fremont County School District 25","2026-05-07"
623,"SUBSTITUTE BUS DRIVER","2026-03-20","BUS GARAGE - TRANSPORTATION","Riverton, Wyoming","https://fremont25.schoolspring.com/","Fremont County School District 25","2026-05-07"
624,"LAWN CREW","2026-03-11","MAINTANENCE","Riverton, Wyoming","https://fremont25.schoolspring.com/","Fremont County School District 25","2026-05-07"
625,"MIDDLE SCHOOL ASSISTANT COACH (CROSS COUNTRY)","2026-02-24","RIVERTON MIDDLE SCHOOL","Riverton, Wyoming","https://fremont25.schoolspring.com/","Fremont County School District 25","2026-05-07"
626,"PARA (SPED)","2026-02-23","WILLOW CREEK","Riverton, Wyoming","https://fremont25.schoolspring.com/","Fremont County School District 25","2026-05-07"
627,"MIDDLE SCHOOL COACH (ASSISTANT VOLLEYBALL)","2026-02-20","RIVERTON MIDDLE SCHOOL","Riverton, Wyoming","https://fremont25.schoolspring.com/","Fremont County School District 25","2026-05-07"
628,"PARA (SPED BSP)","2026-02-18","RENDEZVOUS ELEMENTARY","Riverton, Wyoming","https://fremont25.schoolspring.com/","Fremont County School District 25","2026-05-07"
629,"SPEECH LANGUAGE PATHOLOGIST","2026-02-09","Fremont County School District 25","Riverton, Wyoming","https://fremont25.schoolspring.com/","Fremont County School District 25","2026-05-07"
630,"SCHOOL PSYCHOLOGIST","2026-02-09","ALTERNATIVE/SPECIAL SERVICES","Riverton, Wyoming","https://fremont25.schoolspring.com/","Fremont County School District 25","2026-05-07"
631,"OCCUPATIONAL THERAPIST","2026-01-22","Fremont County School District 25","Riverton, Wyoming","https://fremont25.schoolspring.com/","Fremont County School District 25","2026-05-07"
632,"HIGH SCHOOL ASSISTANT COACH (VOLLEYBALL)","2025-12-22","RIVERTON HIGH SCHOOL","Riverton, Wyoming","https://fremont25.schoolspring.com/","Fremont County School District 25","2026-05-07"
633,"NATIVE AMERICAN EDUCATION STUDENT AMBASSADOR","2025-12-12","Fremont County School District 25","Riverton, Wyoming","https://fremont25.schoolspring.com/","Fremont County School District 25","2026-05-07"
634,"BUS AIDE","2025-10-17","BUS GARAGE - TRANSPORTATION","Riverton, Wyoming","https://fremont25.schoolspring.com/","Fremont County School District 25","2026-05-07"
635,"BUS DRIVER (PART TIME)","2025-10-17","BUS GARAGE - TRANSPORTATION","Riverton, Wyoming","https://fremont25.schoolspring.com/","Fremont County School District 25","2026-05-07"
636,"SUBSTITUTE PARA","2025-09-26","Fremont County School District 25","Riverton, Wyoming","https://fremont25.schoolspring.com/","Fremont County School District 25","2026-05-07"
637,"HIGH SCHOOL ASSISTANT COACH (CHEER)","2025-03-23","RIVERTON HIGH SCHOOL","Riverton, Wyoming","https://fremont25.schoolspring.com/","Fremont County School District 25","2026-05-07"
638,"SUBSTITUTE INTERPRETER FOR DEAF/HARD OF HEARING STUDENTS","2025-01-16","Fremont County School District 25","Riverton, Wyoming","https://fremont25.schoolspring.com/","Fremont County School District 25","2026-05-07"
639,"SUBSTITUTE CUSTODIAN","2024-09-17","Fremont County School District 25","Riverton, Wyoming","https://fremont25.schoolspring.com/","Fremont County School District 25","2026-05-07"
640,"SUBSTITUTE DAYCARE ASSISTANT","2024-07-22","Fremont County School District 25","Riverton, Wyoming","https://fremont25.schoolspring.com/","Fremont County School District 25","2026-05-07"
641,"SUBSTITUTE TEACHER","2024-07-18","Fremont County School District 25","Riverton, Wyoming","https://fremont25.schoolspring.com/","Fremont County School District 25","2026-05-07"
642,"SUBSTITUTE NURSE","2024-07-18","Fremont County School District 25","Riverton, Wyoming","https://fremont25.schoolspring.com/","Fremont County School District 25","2026-05-07"
643,"LIFEGUARD","2024-03-01","RIVERTON AQUATICS CENTER","Riverton, Wyoming","https://fremont25.schoolspring.com/","Fremont County School District 25","2026-05-07"
644,"DESK CLERK","2024-03-01","RIVERTON AQUATICS CENTER","Riverton, Wyoming","https://fremont25.schoolspring.com/","Fremont County School District 25","2026-05-07"
645,"Director of Human Resources","2026-05-06","Albany County School District 1","Laramie, Wyoming","https://acsd1.schoolspring.com/","Albany Count School District 1","2026-05-07"
646,"MTSS/504 Instructional Specialist","2026-05-06","Laramie High School","Laramie, Wyoming","https://acsd1.schoolspring.com/","Albany Count School District 1","2026-05-07"
647,"Secondary Math Interventionist","2026-04-27","Laramie High School","Laramie, Wyoming","https://acsd1.schoolspring.com/","Albany Count School District 1","2026-05-07"
648,"Secondary Math Interventionist","2026-04-27","Laramie Middle School","Laramie, Wyoming","https://acsd1.schoolspring.com/","Albany Count School District 1","2026-05-07"
649,"Special Education Teacher","2026-04-21","Spring Creek Elementary School","Laramie, Wyoming","https://acsd1.schoolspring.com/","Albany Count School District 1","2026-05-07"
650,"Instructional Facilitator","2026-04-14","Albany County School District 1","Laramie, Wyoming","https://acsd1.schoolspring.com/","Albany Count School District 1","2026-05-07"
651,"High School Assistant Tennis Coach","2026-04-13","Laramie High School","Laramie, Wyoming","https://acsd1.schoolspring.com/","Albany Count School District 1","2026-05-07"
652,"High School Assistant Swimming/Diving Coach","2026-04-13","Laramie High School","Laramie, Wyoming","https://acsd1.schoolspring.com/","Albany Count School District 1","2026-05-07"
653,"Middle School Head Volleyball Coach","2026-04-09","Laramie Middle School","Laramie, Wyoming","https://acsd1.schoolspring.com/","Albany Count School District 1","2026-05-07"
654,"Certified Occupational Therapist","2026-04-03","Albany County School District 1","Laramie, Wyoming","https://acsd1.schoolspring.com/","Albany Count School District 1","2026-05-07"
655,"Dual Language Immersion and ELL Programs Instructional Facilitator","2026-04-03","Albany County School District 1","Laramie, Wyoming","https://acsd1.schoolspring.com/","Albany Count School District 1","2026-05-07"
656,"Nurse Educator","2026-03-27","Whiting High School","Laramie, Wyoming","https://acsd1.schoolspring.com/","Albany Count School District 1","2026-05-07"
657,"High School Assistant Golf Coach","2026-03-04","Laramie High School","Laramie, Wyoming","https://acsd1.schoolspring.com/","Albany Count School District 1","2026-05-07"
658,"Certified Occupational Therapy Assistant","2026-03-02","Albany County School District 1","Laramie, Wyoming","https://acsd1.schoolspring.com/","Albany Count School District 1","2026-05-07"
659,"Substitute Custodian","2025-07-21","Albany County School District 1","Laramie, Wyoming","https://acsd1.schoolspring.com/","Albany Count School District 1","2026-05-07"
660,"Bus Aide","2025-06-05","Albany County School District 1","Laramie, Wyoming","https://acsd1.schoolspring.com/","Albany Count School District 1","2026-05-07"
661,"Bus Driver","2025-06-05","Albany County School District 1","Laramie, Wyoming","https://acsd1.schoolspring.com/","Albany Count School District 1","2026-05-07"
662,"Assistant Girls Wrestling Coach","2026-05-07","THUNDER BASIN HIGH SCHOOL","Gillette, Wyoming","https://campbell.schoolspring.com/","Campbell County Scholl District 1","2026-05-07"
663,"Assistant Girls Wrestling Coach","2026-05-06","CAMPBELL COUNTY HIGH SCHOOL","Gillette, Wyoming","https://campbell.schoolspring.com/","Campbell County Scholl District 1","2026-05-07"
664,"Summer Custodian","2026-05-06","CONESTOGA ELEMENTARY","Gillette, Wyoming","https://campbell.schoolspring.com/","Campbell County Scholl District 1","2026-05-07"
665,"Head Cheerleading Coach - Winter","2026-05-06","THUNDER BASIN HIGH SCHOOL","Gillette, Wyoming","https://campbell.schoolspring.com/","Campbell County Scholl District 1","2026-05-07"
666,"Head Cheerleading Coach - Fall","2026-05-06","THUNDER BASIN HIGH SCHOOL","Gillette, Wyoming","https://campbell.schoolspring.com/","Campbell County Scholl District 1","2026-05-07"
667,"Summer Custodian 8hrs/day","2026-05-06","THUNDER BASIN HIGH SCHOOL","Gillette, Wyoming","https://campbell.schoolspring.com/","Campbell County Scholl District 1","2026-05-07"
668,"Wright - Summer Lawn Crew","2026-05-06","WRIGHT JR./SR. HIGH SCHOOL","Wright, Wyoming","https://campbell.schoolspring.com/","Campbell County Scholl District 1","2026-05-07"
669,"Vocational Job Coach","2026-05-06","THUNDER BASIN HIGH SCHOOL","Gillette, Wyoming","https://campbell.schoolspring.com/","Campbell County Scholl District 1","2026-05-07"
670,"English Teacher","2026-05-05","THUNDER BASIN HIGH SCHOOL","Gillette, Wyoming","https://campbell.schoolspring.com/","Campbell County Scholl District 1","2026-05-07"
671,"Foreign Language Teacher - Spanish","2026-05-05","CAMPBELL COUNTY HIGH SCHOOL","Gillette, Wyoming","https://campbell.schoolspring.com/","Campbell County Scholl District 1","2026-05-07"
672,"Gifted and Talented Education Teacher","2026-05-04","PAINTBRUSH ELEMENTARY","Gillette, Wyoming","https://campbell.schoolspring.com/","Campbell County Scholl District 1","2026-05-07"
673,"School Counselor","2026-05-01","THUNDER BASIN HIGH SCHOOL","Gillette, Wyoming","https://campbell.schoolspring.com/","Campbell County Scholl District 1","2026-05-07"
674,"Fourth Grade Teacher","2026-04-30","ROZET ELEMENTARY","Rozet, Wyoming","https://campbell.schoolspring.com/","Campbell County Scholl District 1","2026-05-07"
675,"Art Teacher","2026-04-30","COTTONWOOD ELEMENTARY","Wright, Wyoming","https://campbell.schoolspring.com/","Campbell County Scholl District 1","2026-05-07"
676,"Skilled Maintenance Crafts - Mechanic","2026-04-30","CAMPBELL COUNTY SCHOOL DISTRICT #1","Gillette, Wyoming","https://campbell.schoolspring.com/","Campbell County Scholl District 1","2026-05-07"
677,"Assistant HS Boys Basketball Coach","2026-04-30","THUNDER BASIN HIGH SCHOOL","Gillette, Wyoming","https://campbell.schoolspring.com/","Campbell County Scholl District 1","2026-05-07"
678,"Special Programs Technology Coordinator","2026-04-29","CAMPBELL COUNTY SCHOOL DISTRICT #1","Gillette, Wyoming","https://campbell.schoolspring.com/","Campbell County Scholl District 1","2026-05-07"
679,"Summer Custodian","2026-04-29","ROZET ELEMENTARY","Rozet, Wyoming","https://campbell.schoolspring.com/","Campbell County Scholl District 1","2026-05-07"
680,"Summer Custodian","2026-04-29","PRONGHORN ELEMENTARY","Gillette, Wyoming","https://campbell.schoolspring.com/","Campbell County Scholl District 1","2026-05-07"
681,"Summer Custodian","2026-04-29","WRIGHT JR./SR. HIGH SCHOOL","Wright, Wyoming","https://campbell.schoolspring.com/","Campbell County Scholl District 1","2026-05-07"
682,"Summer Custodian 8hrs/day","2026-04-29","CAMPBELL COUNTY HIGH SCHOOL","Gillette, Wyoming","https://campbell.schoolspring.com/","Campbell County Scholl District 1","2026-05-07"
683,"Math Teacher","2026-04-28","THUNDER BASIN HIGH SCHOOL","Gillette, Wyoming","https://campbell.schoolspring.com/","Campbell County Scholl District 1","2026-05-07"
684,"Exceptional Child Specialist/Resource Room","2026-04-28","THUNDER BASIN HIGH SCHOOL","Gillette, Wyoming","https://campbell.schoolspring.com/","Campbell County Scholl District 1","2026-05-07"
685,"Technology Education Teacher","2026-04-28","TWIN SPRUCE JUNIOR HIGH SCHOOL","Gillette, Wyoming","https://campbell.schoolspring.com/","Campbell County Scholl District 1","2026-05-07"
686,"Assistant HS Girls Basketball Coach","2026-04-28","THUNDER BASIN HIGH SCHOOL","Gillette, Wyoming","https://campbell.schoolspring.com/","Campbell County Scholl District 1","2026-05-07"
687,"Elementary Teacher","2026-04-27","COTTONWOOD ELEMENTARY","Wright, Wyoming","https://campbell.schoolspring.com/","Campbell County Scholl District 1","2026-05-07"
688,"Exceptional Child Specialist/Resource Room","2026-04-27","SAGE VALLEY JUNIOR HIGH SCHOOL","Gillette, Wyoming","https://campbell.schoolspring.com/","Campbell County Scholl District 1","2026-05-07"
689,"Elementary Teacher","2026-04-24","CONESTOGA ELEMENTARY","Gillette, Wyoming","https://campbell.schoolspring.com/","Campbell County Scholl District 1","2026-05-07"
690,"Exceptional Child Specialist/Resource Room","2026-04-23","HILLCREST ELEMENTARY","Gillette, Wyoming","https://campbell.schoolspring.com/","Campbell County Scholl District 1","2026-05-07"
691,"Transitional Teacher-YES House","2026-04-22","WESTWOOD HIGH SCHOOL","Gillette, Wyoming","https://campbell.schoolspring.com/","Campbell County Scholl District 1","2026-05-07"
692,"HS Head Boys Swimming Coach","2026-04-22","THUNDER BASIN HIGH SCHOOL","Gillette, Wyoming","https://campbell.schoolspring.com/","Campbell County Scholl District 1","2026-05-07"
693,"ACTIVITY BUS DRIVER","2026-04-08","CAMPBELL COUNTY SCHOOL DISTRICT #1","Gillette, Wyoming","https://campbell.schoolspring.com/","Campbell County Scholl District 1","2026-05-07"
694,"ESL (English as a Second Language) Teacher Assistant","2026-04-01","CAMPBELL COUNTY HIGH SCHOOL","Gillette, Wyoming","https://campbell.schoolspring.com/","Campbell County Scholl District 1","2026-05-07"
695,"BUS DRIVER/BUS DRIVER IN TRAINING","2026-03-24","CAMPBELL COUNTY SCHOOL DISTRICT #1","Gillette, Wyoming","https://campbell.schoolspring.com/","Campbell County Scholl District 1","2026-05-07"
696,"Teacher of the Visually Impaired","2026-03-05","CAMPBELL COUNTY SCHOOL DISTRICT #1","Gillette, Wyoming","https://campbell.schoolspring.com/","Campbell County Scholl District 1","2026-05-07"
697,"Emotionally Disabled Special Programs Education Assistant","2026-03-04","CAMPBELL COUNTY HIGH SCHOOL","Gillette, Wyoming","https://campbell.schoolspring.com/","Campbell County Scholl District 1","2026-05-07"
698,"Special Programs Education Assistant/ASD","2026-02-09","LAKEVIEW ELEMENTARY","Gillette, Wyoming","https://campbell.schoolspring.com/","Campbell County Scholl District 1","2026-05-07"
699,"Special Programs Education Assistant","2026-01-29","CAMPBELL COUNTY HIGH SCHOOL","Gillette, Wyoming","https://campbell.schoolspring.com/","Campbell County Scholl District 1","2026-05-07"
700,"Special Programs Education Assistant","2026-01-26","ROZET ELEMENTARY","Rozet, Wyoming","https://campbell.schoolspring.com/","Campbell County Scholl District 1","2026-05-07"
701,"Special Programs Education Assistant","2026-01-21","BUFFALO RIDGE ELEMENTARY SCHOOL","Gillette, Wyoming","https://campbell.schoolspring.com/","Campbell County Scholl District 1","2026-05-07"
702,"Special Programs Education Assistant","2026-01-20","RAWHIDE ELEMENTARY","Gillette, Wyoming","https://campbell.schoolspring.com/","Campbell County Scholl District 1","2026-05-07"
703,"Emotionally Disabled Special Programs Education Assistant","2026-01-14","PAINTBRUSH ELEMENTARY","Gillette, Wyoming","https://campbell.schoolspring.com/","Campbell County Scholl District 1","2026-05-07"
704,"Special Programs Education Assistant for Students with High Needs","2025-12-19","HILLCREST ELEMENTARY","Gillette, Wyoming","https://campbell.schoolspring.com/","Campbell County Scholl District 1","2026-05-07"
705,"Orientation and Mobility Specialist","2025-12-19","CAMPBELL COUNTY SCHOOL DISTRICT #1","Gillette, Wyoming","https://campbell.schoolspring.com/","Campbell County Scholl District 1","2026-05-07"
706,"Special Programs Education Assistant","2025-11-26","HILLCREST ELEMENTARY","Gillette, Wyoming","https://campbell.schoolspring.com/","Campbell County Scholl District 1","2026-05-07"
707,"Safety Patrol","2025-10-29","CAMPBELL COUNTY SCHOOL DISTRICT #1","Gillette, Wyoming","https://campbell.schoolspring.com/","Campbell County Scholl District 1","2026-05-07"
708,"Safety Patrol","2025-10-29","CAMPBELL COUNTY SCHOOL DISTRICT #1","Gillette, Wyoming","https://campbell.schoolspring.com/","Campbell County Scholl District 1","2026-05-07"
709,"Special Programs Education Assistant","2025-10-24","PAINTBRUSH ELEMENTARY","Gillette, Wyoming","https://campbell.schoolspring.com/","Campbell County Scholl District 1","2026-05-07"
710,"Hearing Impaired Interpreter","2025-09-03","PRONGHORN ELEMENTARY","Gillette, Wyoming","https://campbell.schoolspring.com/","Campbell County Scholl District 1","2026-05-07"
711,"Substitute School Nurse","2025-06-11","CAMPBELL COUNTY SCHOOL DISTRICT #1","Gillette, Wyoming","https://campbell.schoolspring.com/","Campbell County Scholl District 1","2026-05-07"
712,"SCHOOL PSYCHOLOGIST INTERN","2025-01-31","CAMPBELL COUNTY SCHOOL DISTRICT #1","Gillette, Wyoming","https://campbell.schoolspring.com/","Campbell County Scholl District 1","2026-05-07"
713,"Sample Classified Position","2010-02-16","CAMPBELL COUNTY SCHOOL DISTRICT #1","Gillette, Wyoming","https://campbell.schoolspring.com/","Campbell County Scholl District 1","2026-05-07"
714,"Sample Certified Position","2010-02-16","CAMPBELL COUNTY SCHOOL DISTRICT #1","Gillette, Wyoming","https://campbell.schoolspring.com/","Campbell County Scholl District 1","2026-05-07"
715,"Pep Club/Concessions Stand Advisor- Cokeville High School",NA,"Coaching","Cokeville High School","https://lcsd2.org/employment-opportunities/","Lincoln County School District 2","2026-05-07"
716,"Aide Pool- Star Valley- 2026-2027 school year",NA,"Classified","Star Valley","https://lcsd2.org/employment-opportunities/","Lincoln County School District 2","2026-05-07"
717,"Bus Aide- Part-Time- Star Valley",NA,"Classified","Star Valley","https://lcsd2.org/employment-opportunities/","Lincoln County School District 2","2026-05-07"
718,"Permanent Substitute Teacher- Star Valley",NA,"Classified","Star Valley","https://lcsd2.org/employment-opportunities/","Lincoln County School District 2","2026-05-07"
719,"Special Education Teacher",NA,"Certified","District","https://lcsd2.org/employment-opportunities/","Lincoln County School District 2","2026-05-07"
720,"Substitute School Nurse- Star Valley",NA,"Classified","Star Valley","https://lcsd2.org/employment-opportunities/","Lincoln County School District 2","2026-05-07"
721,"Certified Substitute Teacher Pool- Star Valley",NA,"Substitute","Star Valley","https://lcsd2.org/employment-opportunities/","Lincoln County School District 2","2026-05-07"
722,"Certified Substitute Teacher Pool- Cokeville",NA,"Substitute","Cokeville","https://lcsd2.org/employment-opportunities/","Lincoln County School District 2","2026-05-07"
723,"Substitute Bus Drivers- Cokeville",NA,"Classified","Cokeville","https://lcsd2.org/employment-opportunities/","Lincoln County School District 2","2026-05-07"
724,"Substitute Bus Drivers- Star Valley",NA,"Classified","District","https://lcsd2.org/employment-opportunities/","Lincoln County School District 2","2026-05-07"
725,"Substitute Bus Aides- Star Valley",NA,"Classified","District","https://lcsd2.org/employment-opportunities/","Lincoln County School District 2","2026-05-07"
726,"Substitute Food Service (Cooks)",NA,"Classified","District","https://lcsd2.org/employment-opportunities/","Lincoln County School District 2","2026-05-07"
727,"Assistant Football Coach- Star Valley Middle School",NA,"Coaching","Star Valley Middle","https://lcsd2.org/employment-opportunities/","Lincoln County School District 2","2026-05-07"
728,"Head Volleyball Coach- Cokeville High School",NA,"Coaching","Cokeville High School","https://lcsd2.org/employment-opportunities/","Lincoln County School District 2","2026-05-07"
729,"Volunteer Coach/Advisor",NA,"Volunterr","District","https://lcsd2.org/employment-opportunities/","Lincoln County School District 2","2026-05-07"
730,"Elementary Principal (K-6)",NA,"Certified","District","https://www.growingluskleaders.org/page/human-resources","Niobrara County School District 1","2026-05-07"
731,"Guidance Counselor 7-12th grade",NA,"Certified","District","https://www.growingluskleaders.org/page/human-resources","Niobrara County School District 1","2026-05-07"
732,"Science Teacher 7-12th grade",NA,"Certified","District","https://www.growingluskleaders.org/page/human-resources","Niobrara County School District 1","2026-05-07"
733,"Elementary Teacher K-6th grade",NA,"Certified","District","https://www.growingluskleaders.org/page/human-resources","Niobrara County School District 1","2026-05-07"
734,"Music/Band Teacher K-12th grade",NA,"Certified","District","https://www.growingluskleaders.org/page/human-resources","Niobrara County School District 1","2026-05-07"
735,"SPED Paraprofessional",NA,"Classified","District","https://www.growingluskleaders.org/page/human-resources","Niobrara County School District 1","2026-05-07"
736,"Business Manager",NA,"Classified","District","https://www.growingluskleaders.org/page/human-resources","Niobrara County School District 1","2026-05-07"
737,"Maintenance Worker",NA,"Classified","District","https://www.growingluskleaders.org/page/human-resources","Niobrara County School District 1","2026-05-07"
738,"Bus Driver Substitutes",NA,"Classified","District","https://www.growingluskleaders.org/page/human-resources","Niobrara County School District 1","2026-05-07"
739,"Custodial Substitute",NA,"Classified","District","https://www.growingluskleaders.org/page/human-resources","Niobrara County School District 1","2026-05-07"
740,"Head High School Football Coach",NA,"Coaching","District","https://www.growingluskleaders.org/page/human-resources","Niobrara County School District 1","2026-05-07"
741,"Head High School Volleyball Coach",NA,"Coaching","District","https://www.growingluskleaders.org/page/human-resources","Niobrara County School District 1","2026-05-07"
742,"Special Education Paraprofessional",NA,"Classified","District","https://pcsd16.com/271372_2","Park County School District 16","2026-05-07"
743,"7-12 Grade Science Teacher",NA,"Certified","District","https://pcsd16.com/271372_2","Park County School District 16","2026-05-07"
744,"HS Head Track Coach",NA,"Coaching","District","https://pcsd16.com/271372_2","Park County School District 16","2026-05-07"
745,"MS Head Track Coach",NA,"Coaching","District","https://pcsd16.com/271372_2","Park County School District 16","2026-05-07"
746,"Seeking Substitutes",NA,"Substitute","District Wide","https://www.platte1.org/89574_1","Platte County School District 1","2026-05-07"
747,"Custodian Subs",NA,"Classified","District Wide","https://www.platte1.org/89574_1","Platte County School District 1","2026-05-07"
748,"Sped Teachers",NA,"Certified","District Wide","https://www.platte1.org/89574_1","Platte County School District 1","2026-05-07"
749,"West SPED Teacher",NA,"Certified","District Wide","https://www.platte1.org/89574_1","Platte County School District 1","2026-05-07"
750,"WHS Assist. VB Coach",NA,"Coaching","District Wide","https://www.platte1.org/89574_1","Platte County School District 1","2026-05-07"
751,"WHS Assist. FB Coach",NA,"Coaching","District Wide","https://www.platte1.org/89574_1","Platte County School District 1","2026-05-07"
752,"Secretary/Para",NA,"Classified","District Wide","https://www.platte1.org/89574_1","Platte County School District 1","2026-05-07"
753,"WHS Math Teacher",NA,"Certified","District Wide","https://www.platte1.org/89574_1","Platte County School District 1","2026-05-07"
754,"Head Girls Basketball Coach",NA,"Coaching","District Wide","https://www.platte1.org/89574_1","Platte County School District 1","2026-05-07"
755,"Substitute Activity Drivers",NA,"Classified","District","https://www.guernseysunrise.org/page/employment","Platte County School District 2","2026-05-07"
756,"Substitute Certified Teachers",NA,"Substitute","District","https://www.guernseysunrise.org/page/employment","Platte County School District 2","2026-05-07"
757,"Substitute Paraeducators",NA,"Classified","District","https://www.guernseysunrise.org/page/employment","Platte County School District 2","2026-05-07"
758,"Junior High Head Boys Basketball Coach",NA,"Coaching","District","https://www.sheridan3.com/page/hr-and-career-opportunities","Sheridan County School District 3","2026-05-07"
759,"Bus Driver",NA,"Classified","District","https://www.sheridan3.com/page/hr-and-career-opportunities","Sheridan County School District 3","2026-05-07"
760,"Elementary School Two 5th grade Teachers 26-27",NA,"Certified","District","https://www.sub1.org/en-US/employment-and-human-resources-f26202d3","Sublette County School District 1","2026-05-07"
761,"Girls Assistant Basketball Coaches 4/6/2026.docx",NA,"Coaching","District","https://www.sub1.org/en-US/employment-and-human-resources-f26202d3","Sublette County School District 1","2026-05-07"
762,"HS Girls Assistant Wrestling Coach - 26-27",NA,"Coaching","District","https://www.sub1.org/en-US/employment-and-human-resources-f26202d3","Sublette County School District 1","2026-05-07"
763,"High School Boys JV Basketball Coach",NA,"Coaching","District","https://www.sub1.org/en-US/employment-and-human-resources-f26202d3","Sublette County School District 1","2026-05-07"
764,"Middle School Football Coach 5/6/2026.docx",NA,"Coaching","District","https://www.sub1.org/en-US/employment-and-human-resources-f26202d3","Sublette County School District 1","2026-05-07"
765,"Middle School Special Education Paraprofessional 26-27",NA,"Classified","District","https://www.sub1.org/en-US/employment-and-human-resources-f26202d3","Sublette County School District 1","2026-05-07"
766,"Secondary Literacy Specialist - 4/23/2026.docx",NA,"Certified","District","https://www.sub1.org/en-US/employment-and-human-resources-f26202d3","Sublette County School District 1","2026-05-07"
767,"Speech Language Pathologist Assistant (SLPA) 26-27.docx",NA,"Classified","District","https://www.sub1.org/en-US/employment-and-human-resources-f26202d3","Sublette County School District 1","2026-05-07"
768,"Substitute Bus Driver",NA,"Classified","District","https://www.sub1.org/en-US/employment-and-human-resources-f26202d3","Sublette County School District 1","2026-05-07"
769,"Substitute School Nurse",NA,"Classified","District","https://www.sub1.org/en-US/employment-and-human-resources-f26202d3","Sublette County School District 1","2026-05-07"
770,"Substitutes",NA,"Substitute","District","https://www.sub1.org/en-US/employment-and-human-resources-f26202d3","Sublette County School District 1","2026-05-07"
771,"K–12 Special Education Teacher",NA,"Certified","District","https://www.uinta4.com/departments/business_office/job_opportunities/current_openings","Uinta County School District 4","2026-05-07"
772,"Secondary Math Teacher",NA,"Certified","District","https://www.uinta4.com/departments/business_office/job_opportunities/current_openings","Uinta County School District 4","2026-05-07"
773,"Elementary Physical Education Teacher",NA,"Certified","District","https://www.uinta4.com/departments/business_office/job_opportunities/current_openings","Uinta County School District 4","2026-05-07"
774,"Kindergarten Paraeducator",NA,"Classified","District","https://www.uinta4.com/departments/business_office/job_opportunities/current_openings","Uinta County School District 4","2026-05-07"
775,"Bus Driver",NA,"Classified","District","https://www.uinta4.com/departments/business_office/job_opportunities/current_openings","Uinta County School District 4","2026-05-07"
776,"Head High School Football Coach",NA,"Coaching","District","https://www.uinta4.com/departments/business_office/job_opportunities/current_openings","Uinta County School District 4","2026-05-07"
777,"Assistant High School Football Coach",NA,"Coaching","District","https://www.uinta4.com/departments/business_office/job_opportunities/current_openings","Uinta County School District 4","2026-05-07"
778,"Assistant Boys Basketball Coach (Freshman)",NA,"Coaching","District","https://www.uinta4.com/departments/business_office/job_opportunities/current_openings","Uinta County School District 4","2026-05-07"
779,"Assistant Girls Basketball Coach (JV/Freshman)",NA,"Coaching","District","https://www.uinta4.com/departments/business_office/job_opportunities/current_openings","Uinta County School District 4","2026-05-07"
780,"Assistant Girls Wrestling Coach",NA,"Coaching","District","https://www.uinta4.com/departments/business_office/job_opportunities/current_openings","Uinta County School District 4","2026-05-07"
781,"Head Girls Wrestling Coach",NA,"Coaching","District","https://www.uinta4.com/departments/business_office/job_opportunities/current_openings","Uinta County School District 4","2026-05-07"
782,"Assistant Volleyball Coach (Middle School)",NA,"Coaching","District","https://www.uinta4.com/departments/business_office/job_opportunities/current_openings","Uinta County School District 4","2026-05-07"
783,"Special Education Teacher",NA,"Certified","District","https://sites.google.com/lymanschools.org/ucsd6/home/job-openings?authuser=0","Uinta County School District 6","2026-05-07"
784,"Aquatic Center Director",NA,"Administration","District","https://sites.google.com/lymanschools.org/ucsd6/home/job-openings?authuser=0","Uinta County School District 6","2026-05-07"
785,"Substitute School Bus Driver",NA,"Classified","District","https://sites.google.com/lymanschools.org/ucsd6/home/job-openings?authuser=0","Uinta County School District 6","2026-05-07"
786,"Substitute School Bus Aide",NA,"Classified","District","https://sites.google.com/lymanschools.org/ucsd6/home/job-openings?authuser=0","Uinta County School District 6","2026-05-07"
787,"Title I Teacher",NA,"Certified","District","https://sites.google.com/lymanschools.org/ucsd6/home/job-openings?authuser=0","Uinta County School District 6","2026-05-07"
788,"9th Grade Boys Basketball Coach",NA,"Coaching","District","https://sites.google.com/lymanschools.org/ucsd6/home/job-openings?authuser=0","Uinta County School District 6","2026-05-07"
789,"9th Grade Girls Basketball Coach",NA,"Coaching","District","https://sites.google.com/lymanschools.org/ucsd6/home/job-openings?authuser=0","Uinta County School District 6","2026-05-07"
790,"7th Grade Volleyball Head Coach",NA,"Coaching","District","https://sites.google.com/lymanschools.org/ucsd6/home/job-openings?authuser=0","Uinta County School District 6","2026-05-07"
791,"7th Grade Volleyball Assistant Coach",NA,"Coaching","District","https://sites.google.com/lymanschools.org/ucsd6/home/job-openings?authuser=0","Uinta County School District 6","2026-05-07"
792,"Middle School / Sub-Varsity Coach (various positions)",NA,"Coaching","District","https://sites.google.com/lymanschools.org/ucsd6/home/job-openings?authuser=0","Uinta County School District 6","2026-05-07"
793,"Substitute Teacher (implied from substitutes section)",NA,"Substitute","District","https://sites.google.com/lymanschools.org/ucsd6/home/job-openings?authuser=0","Uinta County School District 6","2026-05-07"
794,"K–12 Music Teacher (2026–27 School Year)",NA,"Certified","District","https://www.wsh2.k12.wy.us/apps/pages/index.jsp?uREC_ID=440610&type=d&pREC_ID=1008214","Washakie County School District 2","2026-05-07"
795,"High School Girls Basketball Coach",NA,"Coaching","District","https://www.wsh2.k12.wy.us/apps/pages/index.jsp?uREC_ID=440610&type=d&pREC_ID=1008214","Washakie County School District 2","2026-05-07"
796,"Speech-Language Pathologist",NA,"Certified","District","https://www.wcsd1.org/apps/pages/Career_Opportunities","Weston County School District 1","2026-05-07"
797,"Business Manager Job Description",NA,"Classified","District","https://www.wcsd1.org/apps/pages/Career_Opportunities","Weston County School District 1","2026-05-07"
798,"Elementary Counselor Position",NA,"Certified","District","https://www.wcsd1.org/apps/pages/Career_Opportunities","Weston County School District 1","2026-05-07"
799,"Special Ed. Director position",NA,"Certified","District","https://www.wcsd1.org/apps/pages/Career_Opportunities","Weston County School District 1","2026-05-07"
800,"Special Education Case Manager Job Description",NA,"Certified","District","https://www.wcsd1.org/apps/pages/Career_Opportunities","Weston County School District 1","2026-05-07"
801,"Ag and Welding Teacher (9-12) Description",NA,"Certified","District","https://www.wcsd1.org/apps/pages/Career_Opportunities","Weston County School District 1","2026-05-07"
802,"Industrial Arts/Woodworking Teacher (9-12) Description",NA,"Certified","District","https://www.wcsd1.org/apps/pages/Career_Opportunities","Weston County School District 1","2026-05-07"
803,"MS Science Teacher Job Description",NA,"Certified","District","https://www.wcsd1.org/apps/pages/Career_Opportunities","Weston County School District 1","2026-05-07"
804,"FFA Advisor (9-12) Job Description",NA,"Coaching","District","https://www.wcsd1.org/apps/pages/Career_Opportunities","Weston County School District 1","2026-05-07"
805,"Special Education Paraprofessional Positions",NA,"Classified","District","https://www.wcsd1.org/apps/pages/Career_Opportunities","Weston County School District 1","2026-05-07"
806,"Head Boys and Girls Swimming Coach",NA,"Coaching","District","https://www.wcsd1.org/apps/pages/Career_Opportunities","Weston County School District 1","2026-05-07"
807,"Head Cross Country Coach",NA,"Coaching","District","https://www.wcsd1.org/apps/pages/Career_Opportunities","Weston County School District 1","2026-05-07"
808,"MS HEAD BOYS SOCCER COACH",NA,"Coaching","District","https://www.wcsd1.org/apps/pages/Career_Opportunities","Weston County School District 1","2026-05-07"
809,"AssistantBoysSoccerCoach",NA,"Coaching","District","https://www.wcsd1.org/apps/pages/Career_Opportunities","Weston County School District 1","2026-05-07"
810,"MS Head Girls Soccer Coach",NA,"Coaching","District","https://www.wcsd1.org/apps/pages/Career_Opportunities","Weston County School District 1","2026-05-07"
811,"Route Bus Drivers",NA,"Classified","District","https://www.wcsd1.org/apps/pages/Career_Opportunities","Weston County School District 1","2026-05-07"
812,"Substitutes",NA,"Substitute","District","https://www.wcsd1.org/apps/pages/Career_Opportunities","Weston County School District 1","2026-05-07"
813,"Custodial-Kitchensubs",NA,"Classified","District","https://www.wcsd1.org/apps/pages/Career_Opportunities","Weston County School District 1","2026-05-07"
814,"Sub Bus Drivers",NA,"Classified","District","https://www.wcsd1.org/apps/pages/Career_Opportunities","Weston County School District 1","2026-05-07"
815,"Substitute Teacher",NA,"Substitute","District","https://www.weston7.org/o/wcsd/page/employment","Weston County School District 7","2026-05-07"
816,"Substitute Paraprofessional",NA,"Classified","District","https://www.weston7.org/o/wcsd/page/employment","Weston County School District 7","2026-05-07"
817,"Substitute Custodian",NA,"Classified","District","https://www.weston7.org/o/wcsd/page/employment","Weston County School District 7","2026-05-07"
818,"Substitute Bus Driver (CDL preferred but willing to train)",NA,"Classified","District","https://www.weston7.org/o/wcsd/page/employment","Weston County School District 7","2026-05-07"
819,"Substitute Lunchroom Cook",NA,"Classified","District","https://www.weston7.org/o/wcsd/page/employment","Weston County School District 7","2026-05-07"
820,"Secondary Math Teacher",NA,"Certified","District","https://www.weston7.org/o/wcsd/page/employment","Weston County School District 7","2026-05-07"
821,"Spring/Fall Golf Coach",NA,"Classified","District","https://www.weston7.org/o/wcsd/page/employment","Weston County School District 7","2026-05-07"
822,"Middle/High School Activities Director",NA,"Administration","District","https://www.weston7.org/o/wcsd/page/employment","Weston County School District 7","2026-05-07"
823,"Assistant High School Speech & Debate Sponsor",NA,"Other","Classified","https://jobs.redroverk12.com/org/hotsprings1/opening/167695","Hot Springs County School District 1","2026-05-07"
824,"Head Middle School Volleyball Coach",NA,"Seasonal","Certified","https://jobs.redroverk12.com/org/hotsprings1/opening/167511","Hot Springs County School District 1","2026-05-07"
825,"Assistant High School Girls Basketball Coach",NA,"Seasonal","Certified","https://jobs.redroverk12.com/org/hotsprings1/opening/167509","Hot Springs County School District 1","2026-05-07"
826,"Part-time Custodian",NA,"Part Time","Classified","https://jobs.redroverk12.com/org/hotsprings1/opening/128761","Hot Springs County School District 1","2026-05-07"
827,"Transportation Assistant",NA,"Part Time","Classified","https://jobs.redroverk12.com/org/hotsprings1/opening/162215","Hot Springs County School District 1","2026-05-07"
828,"Bus Driver",NA,"Part Time","Classified","https://jobs.redroverk12.com/org/hotsprings1/opening/162208","Hot Springs County School District 1","2026-05-07"
829,"Crossing Guard",NA,"Part Time","Classified","https://jobs.redroverk12.com/org/hotsprings1/opening/162209","Hot Springs County School District 1","2026-05-07"
830,"Head High School Boys Basketball Coach",NA,"Seasonal","Certified","https://jobs.redroverk12.com/org/hotsprings1/opening/161865","Hot Springs County School District 1","2026-05-07"
831,"Assistant Middle School Volleyball Coach",NA,"Seasonal","Certified","https://jobs.redroverk12.com/org/hotsprings1/opening/161863","Hot Springs County School District 1","2026-05-07"
832,"Daycare Director",NA,"Full Time","Non-Certified","https://jobs.redroverk12.com/org/hotsprings1/opening/158975","Hot Springs County School District 1","2026-05-07"
833,"Life Skills Teacher",NA,"Full Time","Certified","https://jobs.redroverk12.com/org/hotsprings1/opening/149723","Hot Springs County School District 1","2026-05-07"
834,"Substitute Paraprofessional",NA,"Substitute","Substitute","https://jobs.redroverk12.com/org/hotsprings1/opening/128737","Hot Springs County School District 1","2026-05-07"
835,"Child Nutrition Cook",NA,"Part Time","Classified","https://jobs.redroverk12.com/org/hotsprings1/opening/151103","Hot Springs County School District 1","2026-05-07"
836,"Daycare Support Staff",NA,"Full Time","Classified","https://jobs.redroverk12.com/org/hotsprings1/opening/148304","Hot Springs County School District 1","2026-05-07"
837,"Substitute Teacher",NA,"Substitute","Substitute","https://jobs.redroverk12.com/org/hotsprings1/opening/128617","Hot Springs County School District 1","2026-05-07"
838,"Assistant Marching Band Sponsor",NA,"Seasonal","Assistant Coach","https://jobs.redroverk12.com/org/jcsd1/opening/166153","Johnson County School District 1","2026-05-07"
839,"Kinder Boost Teacher Stipend",NA,"Other","Teacher Stipend","https://jobs.redroverk12.com/org/jcsd1/opening/163842","Johnson County School District 1","2026-05-07"
840,"Assistant Middle School Volleyball Coach",NA,"Other","Assistant Coach","https://jobs.redroverk12.com/org/jcsd1/opening/164718","Johnson County School District 1","2026-05-07"
841,"Assistant Middle School Boys Basketball Coach",NA,"Other","Assistant Coach","https://jobs.redroverk12.com/org/jcsd1/opening/164727","Johnson County School District 1","2026-05-07"
842,"Assistant Football Coach",NA,"Seasonal","Assistant Coach","https://jobs.redroverk12.com/org/jcsd1/opening/165693","Johnson County School District 1","2026-05-07"
843,"Elementary Teacher",NA,"Full Time","Teacher","https://jobs.redroverk12.com/org/jcsd1/opening/163841","Johnson County School District 1","2026-05-07"
844,"Language Arts",NA,"Full Time","Teacher","https://jobs.redroverk12.com/org/jcsd1/opening/159922","Johnson County School District 1","2026-05-07"
845,"Head Volleyball Coach",NA,"Seasonal","Head Coach","https://jobs.redroverk12.com/org/jcsd1/opening/157764","Johnson County School District 1","2026-05-07"
846,"Food Service Warehouse Transport",NA,"Full Time","Food Warehouse Transport","https://jobs.redroverk12.com/org/jcsd1/opening/155290","Johnson County School District 1","2026-05-07"
847,"Sign Language Interpreter",NA,"Full Time","Sign Language Interpreter","https://jobs.redroverk12.com/org/jcsd1/opening/150867","Johnson County School District 1","2026-05-07"
848,"Food Prep Tech",NA,"Part Time","Food Service Tech Prep","https://jobs.redroverk12.com/org/jcsd1/opening/145949","Johnson County School District 1","2026-05-07"
849,"Paraprofessional Substitute",NA,"Substitute","Substitute Paraprofessional","https://jobs.redroverk12.com/org/jcsd1/opening/142219","Johnson County School District 1","2026-05-07"
850,"Custodian Staff Substitute",NA,"Substitute","Custodian","https://jobs.redroverk12.com/org/jcsd1/opening/137493","Johnson County School District 1","2026-05-07"
851,"Food Service Staff Substitute",NA,"Substitute","Food Service Tech Prep","https://jobs.redroverk12.com/org/jcsd1/opening/134419","Johnson County School District 1","2026-05-07"
852,"Substitute Teacher",NA,"Substitute","Substitute Teacher","https://jobs.redroverk12.com/org/jcsd1/opening/132190","Johnson County School District 1","2026-05-07"
853,"Substitute Buffalo Bus Route Driver",NA,"Substitute","Bus Driver","https://jobs.redroverk12.com/org/jcsd1/opening/131082","Johnson County School District 1","2026-05-07"
854,"Substitute Kaycee Bus Route Driver",NA,"Substitute","Bus Driver","https://jobs.redroverk12.com/org/jcsd1/opening/131059","Johnson County School District 1","2026-05-07"
855,"Lego League Co-Sponsor",NA,"Seasonal","Coach/Sponsor","https://jobs.redroverk12.com/org/PCSD2/opening/169186","Platte County School District 2","2026-05-07"
856,"Close Up Co-Sponsor",NA,"Seasonal","Coach/Sponsor","https://jobs.redroverk12.com/org/PCSD2/opening/169154","Platte County School District 2","2026-05-07"
857,"Assistant HS Volleyball Coach",NA,"Seasonal","Coach/Sponsor","https://jobs.redroverk12.com/org/PCSD2/opening/169182","Platte County School District 2","2026-05-07"
858,"Prom Sponsor",NA,"Seasonal","Coach/Sponsor","https://jobs.redroverk12.com/org/PCSD2/opening/169181","Platte County School District 2","2026-05-07"
859,"Jr High Boys Basketball Coach",NA,"Seasonal","Coach/Sponsor","https://jobs.redroverk12.com/org/PCSD2/opening/169168","Platte County School District 2","2026-05-07"
860,"Jr High Girls Basketball Coach",NA,"Seasonal","Coach/Sponsor","https://jobs.redroverk12.com/org/PCSD2/opening/169171","Platte County School District 2","2026-05-07"
861,"Librarian",NA,"Full Time","Office/Clarical","https://jobs.redroverk12.com/org/PCSD2/opening/169146","Platte County School District 2","2026-05-07"
862,"3rd Grade Elementary Teacher",NA,"Full Time","Teacher","https://jobs.redroverk12.com/org/PCSD2/opening/169140","Platte County School District 2","2026-05-07"
863,"K-12 Art Teacher",NA,"Full Time","Teacher","https://jobs.redroverk12.com/org/PCSD2/opening/149113","Platte County School District 2","2026-05-07"
864,"Jr High Girls Volleyball Coach",NA,"Seasonal","Coach/Sponsor","https://jobs.redroverk12.com/org/PCSD2/opening/143316","Platte County School District 2","2026-05-07"
865,"Head Middle School Boys Wrestling Coach",NA,"Seasonal","Coach","https://jobs.redroverk12.com/org/SCSD9/opening/164892","Sublette County School District 9","2026-05-07"
866,"Head HS Girls Basketball Coach",NA,"Seasonal","Coach","https://jobs.redroverk12.com/org/SCSD9/opening/159007","Sublette County School District 9","2026-05-07"
867,"Head HS Boys Basketball Coach",NA,"Seasonal","Coach","https://jobs.redroverk12.com/org/SCSD9/opening/159008","Sublette County School District 9","2026-05-07"
868,"Academic Support Specialist",NA,"Full Time","Non-SPED Paraprofessional","https://jobs.redroverk12.com/org/SCSD9/opening/159752","Sublette County School District 9","2026-05-07"
869,"Technology Integration and Support Specialist",NA,"Full Time","Technology","https://jobs.redroverk12.com/org/SCSD9/opening/151180","Sublette County School District 9","2026-05-07"
870,"Certified Substitute Teacher",NA,"Substitute","Teacher","https://jobs.redroverk12.com/org/SCSD9/opening/151690","Sublette County School District 9","2026-05-07"
871,"Substitute Bus Driver",NA,"Substitute","Bus Driver","https://jobs.redroverk12.com/org/SCSD9/opening/151630","Sublette County School District 9","2026-05-07"
