"X","title","date_posted","position","location","url","District","Archive_Date"
1,"(1500) Assistant MS Track Coach-Cowley","8/25/2025","Athletics/ Activities/","Rocky Mountain Middle/High School","https://www.applitrack.com/bighorn1/onlineapp/JobPostings/view.asp?all=1","Big Horn School District 1","2025-12-05"
2,"Middle School Assistant Boys Basketball Coach-Burlington","9/3/2025","Athletics/ Activities/","Burlington Schools","https://www.applitrack.com/bighorn1/onlineapp/JobPostings/view.asp?all=1","Big Horn School District 1","2025-12-05"
3,"Sub Nurse","9/23/2020","Student Support Services/","Big Horn Co School District 1","https://www.applitrack.com/bighorn1/onlineapp/JobPostings/view.asp?all=1","Big Horn School District 1","2025-12-05"
4,"Sub - Teacher","9/23/2020","Substitute/","Big Horn Co School District 1","https://www.applitrack.com/bighorn1/onlineapp/JobPostings/view.asp?all=1","Big Horn School District 1","2025-12-05"
5,"Sub- Custodial/Cook/Secretary","9/23/2020","Support Staff/","Big Horn Co School District 1","https://www.applitrack.com/bighorn1/onlineapp/JobPostings/view.asp?all=1","Big Horn School District 1","2025-12-05"
6,"Sub - Paraprofessional","9/23/2020","Support Staff/","Big Horn Co School District 1","https://www.applitrack.com/bighorn1/onlineapp/JobPostings/view.asp?all=1","Big Horn School District 1","2025-12-05"
7,"Sub- Route Bus Driver - Burlington","9/23/2020","Support Staff/","Bus Barn - South","https://www.applitrack.com/bighorn1/onlineapp/JobPostings/view.asp?all=1","Big Horn School District 1","2025-12-05"
8,"Sub- Route Bus Driver - Cowley","9/23/2020","Support Staff/","Bus Barn - North","https://www.applitrack.com/bighorn1/onlineapp/JobPostings/view.asp?all=1","Big Horn School District 1","2025-12-05"
9,"Substitute Teacher","3/30/2022","Substitute/","Big Horn County School District #2","https://www.applitrack.com/bgh2/onlineapp/default.aspx?all=1","Big Horn School District 2","2025-12-05"
10,"Substitute Route and Activity Bus Drivers","3/29/2022","Transportation","Big Horn County School District #2","https://www.applitrack.com/bgh2/onlineapp/default.aspx?all=1","Big Horn School District 2","2025-12-05"
11,"Route Bus Driver","5/27/2025","Transportation/","Big Horn County School District #2","https://www.applitrack.com/bgh2/onlineapp/default.aspx?all=1","Big Horn School District 2","2025-12-05"
12,"High School Assistant Track Coach","7/15/2025","Athletics/Activities","District Wide","https://www.applitrack.com/bighorn/onlineapp/default.aspx?all=1","Big Horn School District 3","2025-12-05"
13,"Substitute Teacher","7/5/2017","Substitute/","District Wide","https://www.applitrack.com/bighorn/onlineapp/default.aspx?all=1","Big Horn School District 3","2025-12-05"
14,"24-25 Substitute Bus Driver / Activity Driver","12/17/2024","Transportation/","Transportation","https://www.applitrack.com/bighorn/onlineapp/default.aspx?all=1","Big Horn School District 3","2025-12-05"
15,"Head Boys and Girls Track Coach","2/12/2025","Athletics/Activities","Riverside High School","https://www.applitrack.com/bgh4/onlineapp/default.aspx?all=1","Big Horn School District 4","2025-12-05"
16,"21 CCLC After School Program Activity Leaders","1/21/2020","Student Support Services","Laura Irwin Elementary","https://www.applitrack.com/bgh4/onlineapp/default.aspx?all=1","Big Horn School District 4","2025-12-05"
17,"Bus Driver","1/7/2022","Support Staff","District","https://www.applitrack.com/bgh4/onlineapp/default.aspx?all=1","Big Horn School District 4","2025-12-05"
18,"Substitute","7/21/2025","Support Staff","District","https://www.applitrack.com/bgh4/onlineapp/default.aspx?all=1","Big Horn School District 4","2025-12-05"
19,"Lifeguard","8/12/2025","Aquatics/","Rawlins Pool","https://www.applitrack.com/crb1/onlineapp/jobpostings/view.asp?all=1","Carbon County School District 1","2025-12-05"
20,"Shift Lead-Full Time","8/12/2025","Aquatics/","Rawlins Pool","https://www.applitrack.com/crb1/onlineapp/jobpostings/view.asp?all=1","Carbon County School District 1","2025-12-05"
21,"Shift Lead-Part Time","8/12/2025","Aquatics/","Rawlins Pool","https://www.applitrack.com/crb1/onlineapp/jobpostings/view.asp?all=1","Carbon County School District 1","2025-12-05"
22,"Asst. Musical Director","6/9/2025","Athletics/Activities/","Rawlins High School","https://www.applitrack.com/crb1/onlineapp/jobpostings/view.asp?all=1","Carbon County School District 1","2025-12-05"
23,"Asst. Boys and Girls Soccer Coach","6/9/2025","Athletics/Activities/","Rawlins Middle School","https://www.applitrack.com/crb1/onlineapp/jobpostings/view.asp?all=1","Carbon County School District 1","2025-12-05"
24,"2nd Asst. Swim Coach","6/12/2025","Athletics/Activities/","Rawlins Middle School","https://www.applitrack.com/crb1/onlineapp/jobpostings/view.asp?all=1","Carbon County School District 1","2025-12-05"
25,"Asst Volleyball Coach","10/27/2025","Athletics/Activities/","Rawlins Middle School","https://www.applitrack.com/crb1/onlineapp/jobpostings/view.asp?all=1","Carbon County School District 1","2025-12-05"
26,"Asst. Football Coach","11/11/2025","Athletics/Activities/","Rawlins Middle School","https://www.applitrack.com/crb1/onlineapp/jobpostings/view.asp?all=1","Carbon County School District 1","2025-12-05"
27,"2nd Asst. Track Coach","8/4/2025","Athletics/Activities/","Rawlins Middle School","https://www.applitrack.com/crb1/onlineapp/jobpostings/view.asp?all=1","Carbon County School District 1","2025-12-05"
28,"STEM Teacher","4/28/2025","Elementary School Teaching","Rawlins Elementary School","https://www.applitrack.com/crb1/onlineapp/jobpostings/view.asp?all=1","Carbon County School District 1","2025-12-05"
29,"Daycare Para Professional","10/24/2025","Elementary School Teaching/","District","https://www.applitrack.com/crb1/onlineapp/jobpostings/view.asp?all=1","Carbon County School District 1","2025-12-05"
30,"Substitute Food Service","10/9/2025","Food Service/","Food Service","https://www.applitrack.com/crb1/onlineapp/jobpostings/view.asp?all=1","Carbon County School District 1","2025-12-05"
31,"Substitute Custodian","7/29/2025","Maintenance/Custodial","District","https://www.applitrack.com/crb1/onlineapp/jobpostings/view.asp?all=1","Carbon County School District 1","2025-12-05"
32,"Custodial - Substitute","2/16/2024","Maintenance/Custodial","Little Snake River Valley School","https://www.applitrack.com/crb1/onlineapp/jobpostings/view.asp?all=1","Carbon County School District 1","2025-12-05"
33,"ESL/ELL Teacher","4/16/2025","Middle School Teaching","Rawlins Middle School","https://www.applitrack.com/crb1/onlineapp/jobpostings/view.asp?all=1","Carbon County School District 1","2025-12-05"
34,"Special Ed. Para Professional","12/2/2025","Special Education/","Rawlins Elementary School","https://www.applitrack.com/crb1/onlineapp/jobpostings/view.asp?all=1","Carbon County School District 1","2025-12-05"
35,"Substitute Teacher","7/29/2025","Substitute/","District","https://www.applitrack.com/crb1/onlineapp/jobpostings/view.asp?all=1","Carbon County School District 1","2025-12-05"
36,"Substitute Bus Driver","7/29/2025","Transportation","District","https://www.applitrack.com/crb1/onlineapp/jobpostings/view.asp?all=1","Carbon County School District 1","2025-12-05"
37,"Bus Driver","9/22/2023","Transportation/","District","https://www.applitrack.com/crb1/onlineapp/jobpostings/view.asp?all=1","Carbon County School District 1","2025-12-05"
38,"Head High School Speech Coach","6/9/2025","Athletics/Activities/","Saratoga Middle High School","https://www.applitrack.com/crb2/onlineapp/default.aspx?all=1","Carbon County School District 2","2025-12-05"
39,"High School Assistant Boys Basketball Coach","3/12/2025","Athletics/Activities/","H-E-M Junior/Senior High School","https://www.applitrack.com/crb2/onlineapp/default.aspx?all=1","Carbon County School District 2","2025-12-05"
40,"First Assistant (Head) Middle School Football Coach","10/13/2025","Athletics/Activities/","H-E-M Junior/Senior High School","https://www.applitrack.com/crb2/onlineapp/default.aspx?all=1","Carbon County School District 2","2025-12-05"
41,"6-12 Band Teacher","3/31/2025","High School Teaching/","Saratoga Middle High School","https://www.applitrack.com/crb2/onlineapp/default.aspx?all=1","Carbon County School District 2","2025-12-05"
42,"Music Teacher","2/24/2025","High School Teaching/","Saratoga Middle High School","https://www.applitrack.com/crb2/onlineapp/default.aspx?all=1","Carbon County School District 2","2025-12-05"
43,"Head Maintenance","10/15/2025","Maintenance/Custodial/","Saratoga Elementary School","https://www.applitrack.com/crb2/onlineapp/default.aspx?all=1","Carbon County School District 2","2025-12-05"
44,"Elementary School Counselor","9/3/2025","Student Support Services/","Hanna Elementary School","https://www.applitrack.com/crb2/onlineapp/default.aspx?all=1","Carbon County School District 2","2025-12-05"
45,"Occupational Therapist(s)","12/22/2023","Student Support Services/","CCSD#2","https://www.applitrack.com/crb2/onlineapp/default.aspx?all=1","Carbon County School District 2","2025-12-05"
46,"Speech Language Pathologist(s)","3/4/2022","Student Support Services/","CCSD#2","https://www.applitrack.com/crb2/onlineapp/default.aspx?all=1","Carbon County School District 2","2025-12-05"
47,"Substitute Bus Driver 2025/2026 School Year","7/15/2025","Substitute/","CCSD#2","https://www.applitrack.com/crb2/onlineapp/default.aspx?all=1","Carbon County School District 2","2025-12-05"
48,"Substitute Classroom/Special Education Aide 2025/2026 School Year","7/15/2025","Substitute/","CCSD#2","https://www.applitrack.com/crb2/onlineapp/default.aspx?all=1","Carbon County School District 2","2025-12-05"
49,"Substitute Cook Helpers 2025/2026 School Year","7/15/2025","Substitute/","CCSD#2","https://www.applitrack.com/crb2/onlineapp/default.aspx?all=1","Carbon County School District 2","2025-12-05"
50,"Substitute Custodian 2025/2026 School Year","7/15/2025","Substitute/","CCSD#2","https://www.applitrack.com/crb2/onlineapp/default.aspx?all=1","Carbon County School District 2","2025-12-05"
51,"Substitute Teacher 2025/2026 School Year","7/15/2025","Substitute/","CCSD#2","https://www.applitrack.com/crb2/onlineapp/default.aspx?all=1","Carbon County School District 2","2025-12-05"
52,"Cooks Helper(s)","7/16/2025","Support Staff/","Saratoga Middle High School","https://www.applitrack.com/crb2/onlineapp/default.aspx?all=1","Carbon County School District 2","2025-12-05"
53,"Route/Activity Driver","9/2/2025","Support Staff/","Encampment K-12","https://www.applitrack.com/crb2/onlineapp/default.aspx?all=1","Carbon County School District 2","2025-12-05"
54,"Route/Activity Bus Driver(s)","2/24/2025","Support Staff/","Saratoga Middle High School","https://www.applitrack.com/crb2/onlineapp/default.aspx?all=1","Carbon County School District 2","2025-12-05"
55,"Route Bus Driver","12/2/2025","Support Staff/","Encampment K-12","https://www.applitrack.com/crb2/onlineapp/default.aspx?all=1","Carbon County School District 2","2025-12-05"
56,"High School FBLA Sponsor","6/5/2025","Athletics/Activities/","Glenrock Jr/Sr High School","https://www.applitrack.com/converse2/onlineapp/default.aspx?all=1","Converse County School Distrcit 2","2025-12-05"
57,"K-6 Music Teacher","7/14/2025","Elementary School Teaching/","Grant Elementary School","https://www.applitrack.com/converse2/onlineapp/default.aspx?all=1","Converse County School Distrcit 2","2025-12-05"
58,"Food Service Worker - Cook (Part -Time, 14 hrs)","12/2/2025","Food Service/","Converse County School District #2","https://www.applitrack.com/converse2/onlineapp/default.aspx?all=1","Converse County School Distrcit 2","2025-12-05"
59,"Speech Therapist/Speech Pathologist","5/3/2024","Student Support Services Certified/","Converse County School District #2","https://www.applitrack.com/converse2/onlineapp/default.aspx?all=1","Converse County School Distrcit 2","2025-12-05"
60,"Substitute Teacher/Aid/Cook/Custodian/Bus Driver/Summer Help","3/26/2019","Substitute/","Converse County School District #2","https://www.applitrack.com/converse2/onlineapp/default.aspx?all=1","Converse County School Distrcit 2","2025-12-05"
61,"Bus Driver (Route, Activity, Sub)","4/13/2023","Transportation/","Converse County School District #2","https://www.applitrack.com/converse2/onlineapp/default.aspx?all=1","Converse County School Distrcit 2","2025-12-05"
62,"Assistant High School Musical Director","12/1/2025","Athletics/Activities/Extra Duty/","Activities Department","https://www.applitrack.com/ccsd1/onlineapp/default.aspx?all=1","Converse County School District 1","2025-12-05"
63,"DHS Girls Wrestling Coach Aide","11/18/2025","Athletics/Activities/Extra Duty/","Activities Department","https://www.applitrack.com/ccsd1/onlineapp/default.aspx?all=1","Converse County School District 1","2025-12-05"
64,"DMS Girls Wrestling Coach Aide","11/18/2025","Athletics/Activities/Extra Duty/","Activities Department","https://www.applitrack.com/ccsd1/onlineapp/default.aspx?all=1","Converse County School District 1","2025-12-05"
65,"DMS Head Track Coach","11/18/2025","Athletics/Activities/Extra Duty/","Activities Department","https://www.applitrack.com/ccsd1/onlineapp/default.aspx?all=1","Converse County School District 1","2025-12-05"
66,"American Legion C Head Coach","11/6/2025","Recreation/","Douglas Recreation Center","https://www.applitrack.com/ccsd1/onlineapp/default.aspx?all=1","Converse County School District 1","2025-12-05"
67,"DRC Lifeguard","8/1/2025","Student/","Douglas Recreation Center","https://www.applitrack.com/ccsd1/onlineapp/default.aspx?all=1","Converse County School District 1","2025-12-05"
68,"Classified Substitute Positions","7/29/2025","Substitute","Central Administration","https://www.applitrack.com/ccsd1/onlineapp/default.aspx?all=1","Converse County School District 1","2025-12-05"
69,"Food Service Substitute","12/3/2025","Substitute","Central Administration","https://www.applitrack.com/ccsd1/onlineapp/default.aspx?all=1","Converse County School District 1","2025-12-05"
70,"Substitute Custodian","8/19/2025","Substitute/","Maintenance","https://www.applitrack.com/ccsd1/onlineapp/default.aspx?all=1","Converse County School District 1","2025-12-05"
71,"Certified Substitute","7/29/2025","Substitute/","Central Administration","https://www.applitrack.com/ccsd1/onlineapp/default.aspx?all=1","Converse County School District 1","2025-12-05"
72,"Substitute Bus Monitor/Paraprofessional","7/29/2025","Support Staff/","Transportation","https://www.applitrack.com/ccsd1/onlineapp/default.aspx?all=1","Converse County School District 1","2025-12-05"
73,"DPS Part-Time SPED FLS/Behavioral Paraprofessional","9/29/2025","Support Staff/","Douglas Primary School","https://www.applitrack.com/ccsd1/onlineapp/default.aspx?all=1","Converse County School District 1","2025-12-05"
74,"CCSD#1 Paraprofessionals","7/8/2025","Support Staff/","Converse County School District #1","https://www.applitrack.com/ccsd1/onlineapp/default.aspx?all=1","Converse County School District 1","2025-12-05"
75,"DIS/DUES Library Paraprofessional","10/22/2025","Support Staff/","Douglas Upper Elementary School","https://www.applitrack.com/ccsd1/onlineapp/default.aspx?all=1","Converse County School District 1","2025-12-05"
76,"DPS SPED FLS Paraprofessional","12/1/2025","Support Staff/","Douglas Primary School","https://www.applitrack.com/ccsd1/onlineapp/default.aspx?all=1","Converse County School District 1","2025-12-05"
77,"Substitute Bus Driver","7/29/2025","Transportation/","Transportation","https://www.applitrack.com/ccsd1/onlineapp/default.aspx?all=1","Converse County School District 1","2025-12-05"
78,"Bus Driver","7/28/2025","Transportation/","Transportation","https://www.applitrack.com/ccsd1/onlineapp/default.aspx?all=1","Converse County School District 1","2025-12-05"
79,"Substitute Crossing Guard","7/29/2025","Transportation/","Transportation","https://www.applitrack.com/ccsd1/onlineapp/default.aspx?all=1","Converse County School District 1","2025-12-05"
80,"Assistant 8th Volleyball Coach","5/22/2025","Athletics/Activities/","Lander Middle School","https://www.applitrack.com/fremontwy/onlineapp/jobpostings/view.asp?all=1","Fremont County School District 1","2025-12-05"
81,"Assistant Swim Coach","9/26/2025","Athletics/Activities/","Lander Middle School","https://www.applitrack.com/fremontwy/onlineapp/jobpostings/view.asp?all=1","Fremont County School District 1","2025-12-05"
82,"Assistant Wrestling Coach","9/26/2025","Athletics/Activities/","Lander Middle School","https://www.applitrack.com/fremontwy/onlineapp/jobpostings/view.asp?all=1","Fremont County School District 1","2025-12-05"
83,"Head Softball Coach","9/26/2025","Athletics/Activities/","Lander Valley High School","https://www.applitrack.com/fremontwy/onlineapp/jobpostings/view.asp?all=1","Fremont County School District 1","2025-12-05"
84,"Head Girls Soccer Coach","10/31/2025","Athletics/Activities/","Lander Valley High School","https://www.applitrack.com/fremontwy/onlineapp/jobpostings/view.asp?all=1","Fremont County School District 1","2025-12-05"
85,"Head Girls Soccer Coach","10/31/2025","Athletics/Activities/","Lander Middle School","https://www.applitrack.com/fremontwy/onlineapp/jobpostings/view.asp?all=1","Fremont County School District 1","2025-12-05"
86,"Boys Soccer Coach","11/11/2025","Athletics/Activities/","Lander Middle School","https://www.applitrack.com/fremontwy/onlineapp/jobpostings/view.asp?all=1","Fremont County School District 1","2025-12-05"
87,"Nutritional Service Worker - 3 Hour Position","12/4/2025","Food Service/","Lander Middle School","https://www.applitrack.com/fremontwy/onlineapp/jobpostings/view.asp?all=1","Fremont County School District 1","2025-12-05"
88,"Special Education Behavior Paraprofessional","12/4/2025","Paraprofessional/","Gannett Peak Elementary","https://www.applitrack.com/fremontwy/onlineapp/jobpostings/view.asp?all=1","Fremont County School District 1","2025-12-05"
89,"SPED Paraprofessional","12/1/2025","Paraprofessional/","Gannett Peak Elementary","https://www.applitrack.com/fremontwy/onlineapp/jobpostings/view.asp?all=1","Fremont County School District 1","2025-12-05"
90,"Job Training Facilitator","12/4/2025","Student Support Services/","Lander Valley High School","https://www.applitrack.com/fremontwy/onlineapp/jobpostings/view.asp?all=1","Fremont County School District 1","2025-12-05"
91,"Substitute Custodian (at-will)","6/11/2025","Substitute/","District-wide","https://www.applitrack.com/fremontwy/onlineapp/jobpostings/view.asp?all=1","Fremont County School District 1","2025-12-05"
92,"Substitute Nurse (at-will)","6/11/2025","Substitute/","District-wide","https://www.applitrack.com/fremontwy/onlineapp/jobpostings/view.asp?all=1","Fremont County School District 1","2025-12-05"
93,"Substitute Nutritional Service Worker (at-will)","6/11/2025","Substitute/","District-wide","https://www.applitrack.com/fremontwy/onlineapp/jobpostings/view.asp?all=1","Fremont County School District 1","2025-12-05"
94,"Substitute - classrooms (at-will)","6/11/2025","Substitute/","District-wide","https://www.applitrack.com/fremontwy/onlineapp/jobpostings/view.asp?all=1","Fremont County School District 1","2025-12-05"
95,"Substitute Bus/Activity Driver (at-will)","6/11/2025","Substitute/","Central Services","https://www.applitrack.com/fremontwy/onlineapp/jobpostings/view.asp?all=1","Fremont County School District 1","2025-12-05"
96,"Lights On Early Bird Leader","9/30/2025","Temporary/","Lights On","https://www.applitrack.com/fremontwy/onlineapp/jobpostings/view.asp?all=1","Fremont County School District 1","2025-12-05"
97,"Bus Driver","7/25/2025","Transportation / Warehouse/","District-wide","https://www.applitrack.com/fremontwy/onlineapp/jobpostings/view.asp?all=1","Fremont County School District 1","2025-12-05"
98,"Full Time Substitute/Activity Bus Driver","11/11/2025","Transportation / Warehouse/","District-wide","https://www.applitrack.com/fremontwy/onlineapp/jobpostings/view.asp?all=1","Fremont County School District 1","2025-12-05"
99,"MTSS (Multi-Tiered System of Support) Coordinator (K-8)","6/30/2025","Elementary School Teaching/","Fremont County School District 21","https://www.applitrack.com/fortwashakieschool/onlineapp/default.aspx?all=1","Fremont County School District 21","2025-12-05"
100,"Substitute Custodians","9/28/2021","Maintenance/Custodial/","Fort Washakie Elementary","https://www.applitrack.com/fortwashakieschool/onlineapp/default.aspx?all=1","Fremont County School District 21","2025-12-05"
101,"Substitute Cooks","10/6/2025","Student Support Services/","Fort Washakie Elementary","https://www.applitrack.com/fortwashakieschool/onlineapp/default.aspx?all=1","Fremont County School District 21","2025-12-05"
102,"Speech/Language Pathologist - Open until filled","7/23/2025","Student Support Services/","Fremont County School District 21","https://www.applitrack.com/fortwashakieschool/onlineapp/default.aspx?all=1","Fremont County School District 21","2025-12-05"
103,"Substitute Teacher","9/12/2023","Substitute/","Fort Washakie Elementary","https://www.applitrack.com/fortwashakieschool/onlineapp/default.aspx?all=1","Fremont County School District 21","2025-12-05"
104,"Paraprofessional","9/10/2024","Support Staff/","Fremont County School District 21","https://www.applitrack.com/fortwashakieschool/onlineapp/default.aspx?all=1","Fremont County School District 21","2025-12-05"
105,"Information Support Technician - Open until filled.","5/1/2025","Technology/","Fremont County School District 21","https://www.applitrack.com/fortwashakieschool/onlineapp/default.aspx?all=1","Fremont County School District 21","2025-12-05"
106,"High School Boys and Girls Wrestling Assistant Coach","12/4/2025","Athletics/Activities/","Shoshoni JH/HS","https://www.applitrack.com/fremont24/onlineapp/default.aspx?all=1","Fremont County School District 24","2025-12-05"
107,"Bus Driver Substitutes 2025-2026","8/8/2025","Substitute/","K-12 Schoolwide","https://www.applitrack.com/fremont24/onlineapp/default.aspx?all=1","Fremont County School District 24","2025-12-05"
108,"Cooks Helper Substitutes 2025-2026","8/8/2025","Substitute/","District Office","https://www.applitrack.com/fremont24/onlineapp/default.aspx?all=1","Fremont County School District 24","2025-12-05"
109,"Custodian Substitutes 2025-2026","8/8/2025","Substitute/","District Wide","https://www.applitrack.com/fremont24/onlineapp/default.aspx?all=1","Fremont County School District 24","2025-12-05"
110,"Substitute School Nurse 2025-2026","8/8/2025","Substitute/","K-12 Schoolwide","https://www.applitrack.com/fremont24/onlineapp/default.aspx?all=1","Fremont County School District 24","2025-12-05"
111,"Substitute Teacher 2025-2026","8/8/2025","Substitute/","K-12 Schoolwide","https://www.applitrack.com/fremont24/onlineapp/default.aspx?all=1","Fremont County School District 24","2025-12-05"
112,"Substitute Daycare Assistant 2025-2026","8/8/2025","Substitute/","K-12 Schoolwide","https://www.applitrack.com/fremont24/onlineapp/default.aspx?all=1","Fremont County School District 24","2025-12-05"
114,"High School Assistant Volleyball Coach","3/24/2025","Athletics/Activities","Wind River High School","https://www.applitrack.com/fre6/onlineapp/default.aspx?all=1","Fremont County School District 6","2025-12-05"
115,"Athletic Coach","8/21/2025","Athletics/Activities","Wind River Schools","https://www.applitrack.com/fre6/onlineapp/default.aspx?all=1","Fremont County School District 6","2025-12-05"
116,"Custodian","12/17/2024","Maintenance/Custodial/","Wind River Schools","https://www.applitrack.com/fre6/onlineapp/default.aspx?all=1","Fremont County School District 6","2025-12-05"
117,"Maintenance/Custodian","7/30/2025","Maintenance/Custodial/","Wind River Schools","https://www.applitrack.com/fre6/onlineapp/default.aspx?all=1","Fremont County School District 6","2025-12-05"
118,"Substitute Teacher","8/20/2024","Substitute/","Wind River Schools","https://www.applitrack.com/fre6/onlineapp/default.aspx?all=1","Fremont County School District 6","2025-12-05"
119,"Substitute Para/Custodian/Food Service","11/14/2024","Substitute/","Wind River Schools","https://www.applitrack.com/fre6/onlineapp/default.aspx?all=1","Fremont County School District 6","2025-12-05"
120,"Bus Driver","3/10/2025","Support Staff","Wind River Schools","https://www.applitrack.com/fre6/onlineapp/default.aspx?all=1","Fremont County School District 6","2025-12-05"
121,"Shoshone Language Teacher","8/7/2025","Elementary School Teaching","Wyoming Indian Elementary School","https://www.applitrack.com/fremont14/onlineapp/default.aspx?all=1","Fremont County School District 14","2025-12-05"
122,"Substitute School Nurse","7/23/2020","Student Health Services/","District Wide","https://www.applitrack.com/fremont14/onlineapp/default.aspx?all=1","Fremont County School District 14","2025-12-05"
123,"Substitute Teacher - Classroom","10/9/2018","Substitute Certified/","District Wide","https://www.applitrack.com/fremont14/onlineapp/default.aspx?all=1","Fremont County School District 14","2025-12-05"
124,"Substitute Cook","10/10/2018","Substitute Non Certified/","District Wide","https://www.applitrack.com/fremont14/onlineapp/default.aspx?all=1","Fremont County School District 14","2025-12-05"
125,"Substitute Custodian","9/9/2019","Substitute Non Certified/","District Wide","https://www.applitrack.com/fremont14/onlineapp/default.aspx?all=1","Fremont County School District 14","2025-12-05"
126,"Paraprofessional","11/14/2025","Support Staff/","Wyoming Indian Middle School","https://www.applitrack.com/fremont14/onlineapp/default.aspx?all=1","Fremont County School District 14","2025-12-05"
127,"Special Education Paraprofessional","11/14/2025","Support Staff/","Wyoming Indian Middle School","https://www.applitrack.com/fremont14/onlineapp/default.aspx?all=1","Fremont County School District 14","2025-12-05"
128,"Bus Driver","9/18/2023","Transportation/","District Wide","https://www.applitrack.com/fremont14/onlineapp/default.aspx?all=1","Fremont County School District 14","2025-12-05"
129,"Substitute Bus Driver","7/9/2021","Transportation/","District Wide","https://www.applitrack.com/fremont14/onlineapp/default.aspx?all=1","Fremont County School District 14","2025-12-05"
130,"Grandparent Consultant","12/13/2022","Tutors/","District Wide","https://www.applitrack.com/fremont14/onlineapp/default.aspx?all=1","Fremont County School District 14","2025-12-05"
132,"Associate Custodian","11/18/2025","Maintenance/Custodial/","Southside Elementary School","https://www.applitrack.com/park1/onlineapp/default.aspx?all=1","Park County School District 1","2025-12-05"
133,"At-Risk Paraeducator","12/1/2025","Para-Educator/","Southside Elementary School","https://www.applitrack.com/park1/onlineapp/default.aspx?all=1","Park County School District 1","2025-12-05"
134,"Kindergarten Paraeducator","10/17/2025","Para-Educator/","Parkside Elementary School","https://www.applitrack.com/park1/onlineapp/default.aspx?all=1","Park County School District 1","2025-12-05"
135,"Substitute School Nurse","9/18/2025","Student Support Services/","District-Wide K-12","https://www.applitrack.com/park1/onlineapp/default.aspx?all=1","Park County School District 1","2025-12-05"
136,"Substitute Teacher","7/3/2024","Substitute/","District-Wide K-12","https://www.applitrack.com/park1/onlineapp/default.aspx?all=1","Park County School District 1","2025-12-05"
137,"Substitute Custodian","7/3/2024","Substitute Support Services/","District-Wide K-12","https://www.applitrack.com/park1/onlineapp/default.aspx?all=1","Park County School District 1","2025-12-05"
138,"Substitute Para-Educator","7/3/2024","Substitute Support Services/","District-Wide K-12","https://www.applitrack.com/park1/onlineapp/default.aspx?all=1","Park County School District 1","2025-12-05"
139,"Substitute Bus Driver","9/27/2021","Transportation/","Transportation Department","https://www.applitrack.com/park1/onlineapp/default.aspx?all=1","Park County School District 1","2025-12-05"
140,"Assistant Girls Wrestling Coach","10/6/2025","Athletics/Activities/","Cody High School","https://www.applitrack.com/park6/onlineapp/default.aspx?all=1","Park County School District 6","2025-12-05"
141,"School Nutrition Assistant (Part Time)","7/16/2025","Food Services/","Sunset Elementary School","https://www.applitrack.com/park6/onlineapp/default.aspx?all=1","Park County School District 6","2025-12-05"
142,"Part Time Custodian","10/27/2025","Maintenance/Custodial/","Wapiti Elementary School","https://www.applitrack.com/park6/onlineapp/default.aspx?all=1","Park County School District 6","2025-12-05"
143,"Custodian","11/19/2025","Maintenance/Custodial/","Sunset Elementary School","https://www.applitrack.com/park6/onlineapp/default.aspx?all=1","Park County School District 6","2025-12-05"
144,"Mental Health Counselor","11/19/2025","Student Support Services/","District Wide","https://www.applitrack.com/park6/onlineapp/default.aspx?all=1","Park County School District 6","2025-12-05"
145,"Board Certified Behavior Analyst","2/7/2025","Student Support Services/","All Schools","https://www.applitrack.com/park6/onlineapp/default.aspx?all=1","Park County School District 6","2025-12-05"
146,"Substitute Paraeducator (Aide) 2025-2026 School Year","7/16/2025","Substitute/","All Schools","https://www.applitrack.com/park6/onlineapp/default.aspx?all=1","Park County School District 6","2025-12-05"
147,"Substitute Custodian 2025-2026 School Year","7/16/2025","Substitute/","All Schools","https://www.applitrack.com/park6/onlineapp/default.aspx?all=1","Park County School District 6","2025-12-05"
148,"Substitute Nurse 2025-2026 School Year","7/16/2025","Substitute/","All Schools","https://www.applitrack.com/park6/onlineapp/default.aspx?all=1","Park County School District 6","2025-12-05"
149,"Substitute Teacher 2025-2026 School Year","7/16/2025","Substitute/","All Schools","https://www.applitrack.com/park6/onlineapp/default.aspx?all=1","Park County School District 6","2025-12-05"
150,"Elementary Title I Paraeducator","11/19/2025","Support Staff/","Livingston Elementary School","https://www.applitrack.com/park6/onlineapp/default.aspx?all=1","Park County School District 6","2025-12-05"
151,"Route Driver","7/16/2025","Transportation","All Schools","https://www.applitrack.com/park6/onlineapp/default.aspx?all=1","Park County School District 6","2025-12-05"
152,"Bus Aide","7/16/2025","Transportation","All Schools","https://www.applitrack.com/park6/onlineapp/default.aspx?all=1","Park County School District 6","2025-12-05"
153,"TRMS Assistant Boys Basketball Coach","8/14/2024","Athletics/Activities/","Tongue River Middle School","https://www.applitrack.com/sheridanwy/onlineapp/default.aspx?all=1","Sheridan County School District 1","2025-12-05"
154,"TRHS Head Track Coach","6/3/2025","Athletics/Activities/","Tongue River High School","https://www.applitrack.com/sheridanwy/onlineapp/default.aspx?all=1","Sheridan County School District 1","2025-12-05"
155,"TRHS Assistant Track Coach","6/3/2025","Athletics/Activities/","Tongue River High School","https://www.applitrack.com/sheridanwy/onlineapp/default.aspx?all=1","Sheridan County School District 1","2025-12-05"
156,"TRHS Assistant Girls Wrestling Coach","7/16/2025","Athletics/Activities/","Tongue River High School","https://www.applitrack.com/sheridanwy/onlineapp/default.aspx?all=1","Sheridan County School District 1","2025-12-05"
157,"TRHS Assistant Boys Wrestling Coach","7/16/2025","Athletics/Activities/","Tongue River High School","https://www.applitrack.com/sheridanwy/onlineapp/default.aspx?all=1","Sheridan County School District 1","2025-12-05"
158,"BHMS Assistant Football Coach","7/28/2025","Athletics/Activities/","Big Horn Middle School","https://www.applitrack.com/sheridanwy/onlineapp/default.aspx?all=1","Sheridan County School District 1","2025-12-05"
159,"TRMS Assistant Robotics Coach","8/12/2025","Athletics/Activities/","Tongue River Middle School","https://www.applitrack.com/sheridanwy/onlineapp/default.aspx?all=1","Sheridan County School District 1","2025-12-05"
160,"BHMS Assistant Boys Wrestling Coach","9/8/2025","Athletics/Activities/","Big Horn Middle School","https://www.applitrack.com/sheridanwy/onlineapp/default.aspx?all=1","Sheridan County School District 1","2025-12-05"
161,"Bus Driver","4/1/2025","Transportation/","District-Wide","https://www.applitrack.com/sheridanwy/onlineapp/default.aspx?all=1","Sheridan County School District 1","2025-12-05"
162,"TRHS Head Cross-Country Coach","11/18/2025","Athletics/Activities/","Tongue River High School","https://www.applitrack.com/sheridanwy/onlineapp/default.aspx?all=1","Sheridan County School District 1","2025-12-05"
163,"BHMS Assistant Girls Wrestling Coach","10/30/2025","Athletics/Activities/","Big Horn Middle School","https://www.applitrack.com/sheridanwy/onlineapp/default.aspx?all=1","Sheridan County School District 1","2025-12-05"
164,"BHHS Assistant Girls Basketball Coach","11/17/2025","Athletics/Activities/","Big Horn High School","https://www.applitrack.com/sheridanwy/onlineapp/default.aspx?all=1","Sheridan County School District 1","2025-12-05"
165,"BHHS Assistant Volleyball Coach","4/8/2025","Athletics/Activities/","Big Horn High School","https://www.applitrack.com/sheridanwy/onlineapp/default.aspx?all=1","Sheridan County School District 1","2025-12-05"
166,"TRMS Assistant Girls Basketball Coach","5/20/2025","Athletics/Activities/","Tongue River Middle School","https://www.applitrack.com/sheridanwy/onlineapp/default.aspx?all=1","Sheridan County School District 1","2025-12-05"
167,"TRHS Assistant Volleyball Coach","5/28/2025","Athletics/Activities/","Tongue River High School","https://www.applitrack.com/sheridanwy/onlineapp/default.aspx?all=1","Sheridan County School District 1","2025-12-05"
168,"Tongue River High School Administrative Assistant (half-time)","10/29/2025","Secretarial/Clerical/","Tongue River High School","https://www.applitrack.com/sheridanwy/onlineapp/default.aspx?all=1","Sheridan County School District 1","2025-12-05"
169,"Substitute - Support Staff","7/3/2018","Substitute/","District-Wide","https://www.applitrack.com/sheridanwy/onlineapp/default.aspx?all=1","Sheridan County School District 1","2025-12-05"
170,"Substitute - Nurse","9/4/2025","Substitute/","TR Schools","https://www.applitrack.com/sheridanwy/onlineapp/default.aspx?all=1","Sheridan County School District 1","2025-12-05"
171,"Substitute - Teacher","7/9/2018","Substitute/","District-Wide","https://www.applitrack.com/sheridanwy/onlineapp/default.aspx?all=1","Sheridan County School District 1","2025-12-05"
172,"9th Grade Boys Basketball B Team Assistant Coach - Sheridan High School","5/13/2025","Athletic Coaches","Sheridan High School","https://www.applitrack.com/scsd2/OnlineApp/default.aspx?all=1","Sheridan County School District 2","2025-12-05"
173,"Assistant Indoor Track Coach - Sheridan High School","9/10/2025","Athletic Coaches","Sheridan High School","https://www.applitrack.com/scsd2/OnlineApp/default.aspx?all=1","Sheridan County School District 2","2025-12-05"
174,"Assistant Outdoor Track Coach - Sheridan High School","9/10/2025","Athletic Coaches","Sheridan High School","https://www.applitrack.com/scsd2/OnlineApp/default.aspx?all=1","Sheridan County School District 2","2025-12-05"
175,"Assistant Nordic Ski Coach- Sheridan Junior High School","10/13/2025","Athletic Coaches","Sheridan Junior High School","https://www.applitrack.com/scsd2/OnlineApp/default.aspx?all=1","Sheridan County School District 2","2025-12-05"
176,"Boys Basketball Coach - 8th Grade B Team - Sheridan Junior High School","10/21/2025","Athletic Coaches","Sheridan Junior High School","https://www.applitrack.com/scsd2/OnlineApp/default.aspx?all=1","Sheridan County School District 2","2025-12-05"
177,"Head Nordic Ski Coach-Sheridan Junior High School","11/18/2025","Athletic Coaches/","Sheridan Junior High School","https://www.applitrack.com/scsd2/OnlineApp/default.aspx?all=1","Sheridan County School District 2","2025-12-05"
178,"High School Computer Science/Business Teacher (Grades 9-12)","10/30/2025","High School Teaching","Sheridan High School","https://www.applitrack.com/scsd2/OnlineApp/default.aspx?all=1","Sheridan County School District 2","2025-12-05"
179,"Paraprofessional - Special Education (Intensive Education Classroom) - Sheridan High School","10/30/2025","Paraprofessionals/","Sheridan High School","https://www.applitrack.com/scsd2/OnlineApp/default.aspx?all=1","Sheridan County School District 2","2025-12-05"
180,"Substitute Teacher (for prior SCSD2 Teachers only)","7/1/2025","Prior Employee/","District Wide","https://www.applitrack.com/scsd2/OnlineApp/default.aspx?all=1","Sheridan County School District 2","2025-12-05"
181,"Substitute Cooks Helper - Districtwide","8/23/2024","Substitutes","District Wide","https://www.applitrack.com/scsd2/OnlineApp/default.aspx?all=1","Sheridan County School District 2","2025-12-05"
182,"Substitute Custodian - Districtwide","8/29/2024","Substitutes","District Wide","https://www.applitrack.com/scsd2/OnlineApp/default.aspx?all=1","Sheridan County School District 2","2025-12-05"
183,"Substitute Paraprofessional","7/10/2024","Substitutes","District Wide","https://www.applitrack.com/scsd2/OnlineApp/default.aspx?all=1","Sheridan County School District 2","2025-12-05"
184,"Substitute School Nurse","7/10/2024","Substitutes","District Wide","https://www.applitrack.com/scsd2/OnlineApp/default.aspx?all=1","Sheridan County School District 2","2025-12-05"
185,"Substitute Bus Paraprofessional - Districtwide","4/28/2025","Substitutes","Bus Barn","https://www.applitrack.com/scsd2/OnlineApp/default.aspx?all=1","Sheridan County School District 2","2025-12-05"
186,"Substitute Teacher","7/1/2025","Substitutes/","District Wide","https://www.applitrack.com/scsd2/OnlineApp/default.aspx?all=1","Sheridan County School District 2","2025-12-05"
187,"Bus Driver - Districtwide","2/11/2025","Transportation Staff","Bus Barn","https://www.applitrack.com/scsd2/OnlineApp/default.aspx?all=1","Sheridan County School District 2","2025-12-05"
188,"Substitute Bus Driver","10/7/2025","Transportation Staff","Bus Barn","https://www.applitrack.com/scsd2/OnlineApp/default.aspx?all=1","Sheridan County School District 2","2025-12-05"
189,"Skilled Bus Mechanic - Transportation","12/1/2025","Transportation Staff/","Bus Barn","https://www.applitrack.com/scsd2/OnlineApp/default.aspx?all=1","Sheridan County School District 2","2025-12-05"
190,"Facility Accounting and Operations Specialist I","7/8/2025","Administrative Support Services","Maintenance","https://www.applitrack.com/sweetwater/onlineapp/default.aspx?all=1","Sweetwater County School District 1","2025-12-05"
191,"Data Specialist/ Technician","9/15/2025","Administrative Support Services","Central Administration","https://www.applitrack.com/sweetwater/onlineapp/default.aspx?all=1","Sweetwater County School District 1","2025-12-05"
192,"Payroll Specialist (2)","10/29/2025","Administrative Support Services","Central Administration","https://www.applitrack.com/sweetwater/onlineapp/default.aspx?all=1","Sweetwater County School District 1","2025-12-05"
193,"Special Services Secretary and Records Compliance Specialist","11/17/2025","Administrative Support Services/","Central Administration","https://www.applitrack.com/sweetwater/onlineapp/default.aspx?all=1","Sweetwater County School District 1","2025-12-05"
194,"Before/After School Band Assistant","11/20/2025","Athletics/Activities/","Rock Springs High School","https://www.applitrack.com/sweetwater/onlineapp/default.aspx?all=1","Sweetwater County School District 1","2025-12-05"
195,"RSJH Head Cheer Advisor","11/21/2025","Athletics/Activities/","Rock Springs Junior High School","https://www.applitrack.com/sweetwater/onlineapp/default.aspx?all=1","Sweetwater County School District 1","2025-12-05"
196,"RSJH Assistant Cheer Advisor","11/21/2025","Athletics/Activities/","Rock Springs Junior High","https://www.applitrack.com/sweetwater/onlineapp/default.aspx?all=1","Sweetwater County School District 1","2025-12-05"
197,"RSJH Assistant Coach - Track","11/24/2025","Athletics/Activities/","Rock Springs Junior High","https://www.applitrack.com/sweetwater/onlineapp/default.aspx?all=1","Sweetwater County School District 1","2025-12-05"
198,"FEMS-FEHS Assistant Coach - Football","3/3/2025","Athletics/Activities/","Farson-Eden High School","https://www.applitrack.com/sweetwater/onlineapp/default.aspx?all=1","Sweetwater County School District 1","2025-12-05"
199,"RSJH Dive Coach","11/11/2025","Athletics/Activities/","Rock Springs Junior High","https://www.applitrack.com/sweetwater/onlineapp/default.aspx?all=1","Sweetwater County School District 1","2025-12-05"
200,"RSJH Head Coach - Girls Soccer - 7th Grade","8/26/2025","Athletics/Activities/","Rock Springs Junior High","https://www.applitrack.com/sweetwater/onlineapp/default.aspx?all=1","Sweetwater County School District 1","2025-12-05"
201,"RSJH Head Coach - Girls Soccer - 8th Grade","8/26/2025","Athletics/Activities/","Rock Springs Junior High","https://www.applitrack.com/sweetwater/onlineapp/default.aspx?all=1","Sweetwater County School District 1","2025-12-05"
202,"RSJH Head Coach - Boys Soccer - 7th Grade","8/26/2025","Athletics/Activities/","Rock Springs Junior High","https://www.applitrack.com/sweetwater/onlineapp/default.aspx?all=1","Sweetwater County School District 1","2025-12-05"
203,"RSJH Head Coach - Girls Swim","10/21/2025","Athletics/Activities/","Rock Springs Junior High","https://www.applitrack.com/sweetwater/onlineapp/default.aspx?all=1","Sweetwater County School District 1","2025-12-05"
204,"RSJH Head Coach - Boys Swim","10/21/2025","Athletics/Activities/","Rock Springs Junior High","https://www.applitrack.com/sweetwater/onlineapp/default.aspx?all=1","Sweetwater County School District 1","2025-12-05"
205,"RSJH 7th Grade Head Coach - Boys Basketball","12/2/2025","Athletics/Activities/","Rock Springs Junior High","https://www.applitrack.com/sweetwater/onlineapp/default.aspx?all=1","Sweetwater County School District 1","2025-12-05"
206,"Art Teacher K-3","11/3/2025","Certified Staff/","District Wide","https://www.applitrack.com/sweetwater/onlineapp/default.aspx?all=1","Sweetwater County School District 1","2025-12-05"
207,"Business Teacher","11/5/2025","Certified Staff/","Rock Springs Junior High School","https://www.applitrack.com/sweetwater/onlineapp/default.aspx?all=1","Sweetwater County School District 1","2025-12-05"
208,"Elementary Teacher 3rd Grade","11/5/2025","Certified Staff/","Sage Elementary","https://www.applitrack.com/sweetwater/onlineapp/default.aspx?all=1","Sweetwater County School District 1","2025-12-05"
209,"Elementary Teacher 1st Grade","11/3/2025","Certified Staff/","Desert View Elementary","https://www.applitrack.com/sweetwater/onlineapp/default.aspx?all=1","Sweetwater County School District 1","2025-12-05"
210,"Elementary Teacher 3rd Grade","11/3/2025","Certified Staff/","Desert View Elementary","https://www.applitrack.com/sweetwater/onlineapp/default.aspx?all=1","Sweetwater County School District 1","2025-12-05"
211,"Elementary Teacher 5th Grade","11/4/2025","Certified Staff/","Eastside Elementary","https://www.applitrack.com/sweetwater/onlineapp/default.aspx?all=1","Sweetwater County School District 1","2025-12-05"
212,"Elementary Teacher 5th Grade","11/4/2025","Certified Staff/","Pilot Butte Elementary","https://www.applitrack.com/sweetwater/onlineapp/default.aspx?all=1","Sweetwater County School District 1","2025-12-05"
213,"EL Teacher (2)","11/4/2025","Certified Staff/","Rock Springs High School","https://www.applitrack.com/sweetwater/onlineapp/default.aspx?all=1","Sweetwater County School District 1","2025-12-05"
214,"Family and Consumer Science Teacher","11/5/2025","Certified Staff/","Rock Springs Junior High School","https://www.applitrack.com/sweetwater/onlineapp/default.aspx?all=1","Sweetwater County School District 1","2025-12-05"
215,"Graduation Coach - Grant Funded","11/4/2025","Certified Staff/","Rock Springs High School","https://www.applitrack.com/sweetwater/onlineapp/default.aspx?all=1","Sweetwater County School District 1","2025-12-05"
216,"School Counselor","11/6/2025","Certified Staff/","Eastside Elementary","https://www.applitrack.com/sweetwater/onlineapp/default.aspx?all=1","Sweetwater County School District 1","2025-12-05"
217,"Library Media Specialist K-3 (Stagecoach and Wamsutter)","11/3/2025","Certified Staff/","District Wide","https://www.applitrack.com/sweetwater/onlineapp/default.aspx?all=1","Sweetwater County School District 1","2025-12-05"
218,"Library Media Specialist K-3 (Desert View and North Park Elementary)","11/3/2025","Certified Staff/","District Wide","https://www.applitrack.com/sweetwater/onlineapp/default.aspx?all=1","Sweetwater County School District 1","2025-12-05"
219,"Math Teacher (3)","11/5/2025","Certified Staff/","Rock Springs High School","https://www.applitrack.com/sweetwater/onlineapp/default.aspx?all=1","Sweetwater County School District 1","2025-12-05"
220,"Band Teacher - Pilot Butte and Eastside Elementary","9/10/2025","Certified Staff/","District Wide","https://www.applitrack.com/sweetwater/onlineapp/default.aspx?all=1","Sweetwater County School District 1","2025-12-05"
221,"Music Teacher 4-6 (3)","11/6/2025","Certified Staff/","District Wide","https://www.applitrack.com/sweetwater/onlineapp/default.aspx?all=1","Sweetwater County School District 1","2025-12-05"
222,"Music Teacher K-3 (2)","11/6/2025","Certified Staff/","District Wide","https://www.applitrack.com/sweetwater/onlineapp/default.aspx?all=1","Sweetwater County School District 1","2025-12-05"
223,"Social Studies Teacher","11/5/2025","Certified Staff/","Rock Springs Junior High","https://www.applitrack.com/sweetwater/onlineapp/default.aspx?all=1","Sweetwater County School District 1","2025-12-05"
224,"Social Worker","11/6/2025","Certified Staff/","Rock Springs High School","https://www.applitrack.com/sweetwater/onlineapp/default.aspx?all=1","Sweetwater County School District 1","2025-12-05"
225,"Resource Teacher","11/5/2025","Certified Staff/","Stagecoach Elementary","https://www.applitrack.com/sweetwater/onlineapp/default.aspx?all=1","Sweetwater County School District 1","2025-12-05"
226,"Resource Teacher","11/5/2025","Certified Staff/","Walnut Elementary","https://www.applitrack.com/sweetwater/onlineapp/default.aspx?all=1","Sweetwater County School District 1","2025-12-05"
227,"Resource Teacher (2)","11/5/2025","Certified Staff/","Rock Springs Junior High School","https://www.applitrack.com/sweetwater/onlineapp/default.aspx?all=1","Sweetwater County School District 1","2025-12-05"
228,"Resource Teacher (2)","11/4/2025","Certified Staff/","Pilot Butte Elementary","https://www.applitrack.com/sweetwater/onlineapp/default.aspx?all=1","Sweetwater County School District 1","2025-12-05"
229,"Resource Teacher (2)","11/5/2025","Certified Staff/","Rock Springs High School","https://www.applitrack.com/sweetwater/onlineapp/default.aspx?all=1","Sweetwater County School District 1","2025-12-05"
230,"Special Education - Resource Teacher (2)","11/4/2025","Certified Staff/","Eastside Elementary","https://www.applitrack.com/sweetwater/onlineapp/default.aspx?all=1","Sweetwater County School District 1","2025-12-05"
231,"Resource Teacher","11/4/2025","Certified Staff/","Overland Elementary","https://www.applitrack.com/sweetwater/onlineapp/default.aspx?all=1","Sweetwater County School District 1","2025-12-05"
232,"Resource Teacher","11/3/2025","Certified Staff/","Desert Elementary (Wamsutter)","https://www.applitrack.com/sweetwater/onlineapp/default.aspx?all=1","Sweetwater County School District 1","2025-12-05"
233,"Alternative Behavior Program (ABP) Teacher","11/4/2025","Certified Staff/","Pilot Butte Elementary","https://www.applitrack.com/sweetwater/onlineapp/default.aspx?all=1","Sweetwater County School District 1","2025-12-05"
234,"Alternative Behavior Program Teacher","11/4/2025","Certified Staff/","Rock Springs High School","https://www.applitrack.com/sweetwater/onlineapp/default.aspx?all=1","Sweetwater County School District 1","2025-12-05"
235,"Alternative Communication Program (ACP) Teacher","11/4/2025","Certified Staff/","Rock Springs High School","https://www.applitrack.com/sweetwater/onlineapp/default.aspx?all=1","Sweetwater County School District 1","2025-12-05"
236,"Alternative Behavior Program (ABP)","11/5/2025","Certified Staff/","Sage Elementary","https://www.applitrack.com/sweetwater/onlineapp/default.aspx?all=1","Sweetwater County School District 1","2025-12-05"
237,"Alternative Daily Living Skills Program Teacher","11/5/2025","Certified Staff/","Stagecoach Elementary","https://www.applitrack.com/sweetwater/onlineapp/default.aspx?all=1","Sweetwater County School District 1","2025-12-05"
238,"Alternative Academic-Daily Living Skills Program Teacher","10/22/2025","Certified Staff/","Rock Springs High School","https://www.applitrack.com/sweetwater/onlineapp/default.aspx?all=1","Sweetwater County School District 1","2025-12-05"
239,"Bus Driver/Classroom Paraprofessional","8/11/2025","Combined Positions/","Desert Elementary (Wamsutter)","https://www.applitrack.com/sweetwater/onlineapp/default.aspx?all=1","Sweetwater County School District 1","2025-12-05"
240,"Full-Time Daycare Assistant (2)","11/14/2025","Daycare/","Overland Elementary","https://www.applitrack.com/sweetwater/onlineapp/default.aspx?all=1","Sweetwater County School District 1","2025-12-05"
241,"Substitute - Head Start","6/12/2018","Head Start","Overland Elementary","https://www.applitrack.com/sweetwater/onlineapp/default.aspx?all=1","Sweetwater County School District 1","2025-12-05"
242,"Head Start Part-Time Building Aide","10/29/2025","Head Start/","Overland Elementary","https://www.applitrack.com/sweetwater/onlineapp/default.aspx?all=1","Sweetwater County School District 1","2025-12-05"
243,"Activities Lead/ Full Time Custodian","9/10/2025","Maintenance/Custodial/","District Wide","https://www.applitrack.com/sweetwater/onlineapp/default.aspx?all=1","Sweetwater County School District 1","2025-12-05"
244,"Lead Custodian","9/29/2025","Maintenance/Custodial/","Overland Elementary","https://www.applitrack.com/sweetwater/onlineapp/default.aspx?all=1","Sweetwater County School District 1","2025-12-05"
245,"Full-Time Custodian","9/4/2025","Maintenance/Custodial/","Rock Springs High School","https://www.applitrack.com/sweetwater/onlineapp/default.aspx?all=1","Sweetwater County School District 1","2025-12-05"
246,"Head Cook","12/1/2025","Nutrition Services/","Rock Springs High School","https://www.applitrack.com/sweetwater/onlineapp/default.aspx?all=1","Sweetwater County School District 1","2025-12-05"
247,"Nutrition Services Substitute","7/18/2024","Nutrition Services/","District Wide","https://www.applitrack.com/sweetwater/onlineapp/default.aspx?all=1","Sweetwater County School District 1","2025-12-05"
248,"Accompanist","8/20/2025","Paraprofessional/","Rock Springs Junior High","https://www.applitrack.com/sweetwater/onlineapp/default.aspx?all=1","Sweetwater County School District 1","2025-12-05"
249,"Office Paraprofessional","10/3/2025","Paraprofessional/","Overland Elementary","https://www.applitrack.com/sweetwater/onlineapp/default.aspx?all=1","Sweetwater County School District 1","2025-12-05"
250,"ELL Paraprofessional","10/3/2025","Paraprofessional/","Rock Springs High School","https://www.applitrack.com/sweetwater/onlineapp/default.aspx?all=1","Sweetwater County School District 1","2025-12-05"
251,"ELL Paraprofessional","6/4/2025","Paraprofessional/","Walnut Elementary","https://www.applitrack.com/sweetwater/onlineapp/default.aspx?all=1","Sweetwater County School District 1","2025-12-05"
252,"ELL Paraprofessional","12/1/2025","Paraprofessional/","Rock Springs Junior High School","https://www.applitrack.com/sweetwater/onlineapp/default.aspx?all=1","Sweetwater County School District 1","2025-12-05"
253,"Resource Room Paraprofessional","11/24/2025","Paraprofessional/","Stagecoach Elementary","https://www.applitrack.com/sweetwater/onlineapp/default.aspx?all=1","Sweetwater County School District 1","2025-12-05"
254,"Special Education Paraprofessional","4/2/2025","Paraprofessional/","Lowell School","https://www.applitrack.com/sweetwater/onlineapp/default.aspx?all=1","Sweetwater County School District 1","2025-12-05"
255,"Resource Room Paraprofessional","8/19/2025","Paraprofessional/","Walnut Elementary","https://www.applitrack.com/sweetwater/onlineapp/default.aspx?all=1","Sweetwater County School District 1","2025-12-05"
256,"Resource Room Paraprofessional (3)","8/21/2025","Paraprofessional/","Rock Springs Satellite High School","https://www.applitrack.com/sweetwater/onlineapp/default.aspx?all=1","Sweetwater County School District 1","2025-12-05"
257,"Resource Room Paraprofessional (2)","9/10/2025","Paraprofessional/","Rock Springs High School","https://www.applitrack.com/sweetwater/onlineapp/default.aspx?all=1","Sweetwater County School District 1","2025-12-05"
258,"Special Programs One-on-One Paraprofessional","9/25/2025","Paraprofessional/","Sage Elementary","https://www.applitrack.com/sweetwater/onlineapp/default.aspx?all=1","Sweetwater County School District 1","2025-12-05"
259,"Alternate Academic Special Programs One-on-One Paraprofessional","5/5/2025","Paraprofessional/","Rock Springs Junior High","https://www.applitrack.com/sweetwater/onlineapp/default.aspx?all=1","Sweetwater County School District 1","2025-12-05"
260,"Full-Time High School Special Education Paraprofessional and Daycare Assistant - Overland/RSHS","11/4/2024","Paraprofessional/","Overland/RSHS","https://www.applitrack.com/sweetwater/onlineapp/default.aspx?all=1","Sweetwater County School District 1","2025-12-05"
261,"Full-Time High School Special Education Paraprofessional and Daycare Assistant - Overland/RSHS","11/11/2025","Paraprofessional/","Overland/RSHS","https://www.applitrack.com/sweetwater/onlineapp/default.aspx?all=1","Sweetwater County School District 1","2025-12-05"
262,"Alternative Behavior Special Programs One-on-One Paraprofessional","12/2/2025","Paraprofessional/","Sage Elementary","https://www.applitrack.com/sweetwater/onlineapp/default.aspx?all=1","Sweetwater County School District 1","2025-12-05"
263,"Special Programs (Alternative Behavior Program) Paraprofessional","12/1/2025","Paraprofessional/","Eastside Elementary","https://www.applitrack.com/sweetwater/onlineapp/default.aspx?all=1","Sweetwater County School District 1","2025-12-05"
264,"Special Programs One-on-One Paraprofessional","11/12/2025","Paraprofessional/","Northpark Elementary","https://www.applitrack.com/sweetwater/onlineapp/default.aspx?all=1","Sweetwater County School District 1","2025-12-05"
265,"Alternate Academic Special Programs One-on-One Paraprofessional","11/18/2025","Paraprofessional/","Northpark Elementary","https://www.applitrack.com/sweetwater/onlineapp/default.aspx?all=1","Sweetwater County School District 1","2025-12-05"
266,"Special Programs (Alternative Academics Program) Paraprofessional","11/19/2025","Paraprofessional/","Eastside Elementary","https://www.applitrack.com/sweetwater/onlineapp/default.aspx?all=1","Sweetwater County School District 1","2025-12-05"
267,"Special Programs One-on-One Paraprofessional","11/24/2025","Paraprofessional/","Rock Springs High School","https://www.applitrack.com/sweetwater/onlineapp/default.aspx?all=1","Sweetwater County School District 1","2025-12-05"
268,"Certified Substitute School Nurse","10/3/2019","Substitute","District Wide","https://www.applitrack.com/sweetwater/onlineapp/default.aspx?all=1","Sweetwater County School District 1","2025-12-05"
269,"BOCES Full Time Building Substitute Teacher (1) - One Year Only","2/4/2025","Substitute/","Overland Elementary","https://www.applitrack.com/sweetwater/onlineapp/default.aspx?all=1","Sweetwater County School District 1","2025-12-05"
270,"BOCES Part Time Building Substitute Teacher (2) - One Year Only","6/5/2025","Substitute/","Overland Elementary","https://www.applitrack.com/sweetwater/onlineapp/default.aspx?all=1","Sweetwater County School District 1","2025-12-05"
271,"Substitute Teacher","7/7/2025","Substitute/","District Wide","https://www.applitrack.com/sweetwater/onlineapp/default.aspx?all=1","Sweetwater County School District 1","2025-12-05"
272,"Long Term Substitute Teacher - Math","10/24/2025","Substitute/","Rock Springs High School","https://www.applitrack.com/sweetwater/onlineapp/default.aspx?all=1","Sweetwater County School District 1","2025-12-05"
273,"Long Term Substitute Teacher - 5th Grade","10/14/2025","Substitute/","Eastside Elementary","https://www.applitrack.com/sweetwater/onlineapp/default.aspx?all=1","Sweetwater County School District 1","2025-12-05"
274,"Over The Road Activity Bus Driver","11/3/2025","Transportation/","Transportation","https://www.applitrack.com/sweetwater/onlineapp/default.aspx?all=1","Sweetwater County School District 1","2025-12-05"
275,"Bus Aide","10/29/2025","Transportation/","Transportation","https://www.applitrack.com/sweetwater/onlineapp/default.aspx?all=1","Sweetwater County School District 1","2025-12-05"
276,"Part-Time Bus Driver (26 Hours/Week)","9/5/2019","Transportation/","Transportation","https://www.applitrack.com/sweetwater/onlineapp/default.aspx?all=1","Sweetwater County School District 1","2025-12-05"
277,"Substitute Bus Driver","7/8/2025","Transportation/","Transportation","https://www.applitrack.com/sweetwater/onlineapp/default.aspx?all=1","Sweetwater County School District 1","2025-12-05"
278,"Auto/Bus Mechanic","11/12/2025","Transportation/","Transportation","https://www.applitrack.com/sweetwater/onlineapp/default.aspx?all=1","Sweetwater County School District 1","2025-12-05"
279,"GRHS Assistant Boys Soccer Coach","6/5/2025","Athletics/Activities/","Green River High School","https://www.applitrack.com/swcsd2/onlineapp/default.aspx?all=1","Sweetwater County School District 2","2025-12-05"
280,"GRHS Assistant Girls Soccer Coach","6/5/2025","Athletics/Activities/","Green River High School","https://www.applitrack.com/swcsd2/onlineapp/default.aspx?all=1","Sweetwater County School District 2","2025-12-05"
281,"LMS Head Co-Ed Soccer Coach","6/5/2025","Athletics/Activities/","Lincoln Middle School","https://www.applitrack.com/swcsd2/onlineapp/default.aspx?all=1","Sweetwater County School District 2","2025-12-05"
282,"LMS Assistant Co-Ed Soccer Coach","6/5/2025","Athletics/Activities/","Lincoln Middle School","https://www.applitrack.com/swcsd2/onlineapp/default.aspx?all=1","Sweetwater County School District 2","2025-12-05"
283,"Substitute Nutrition Services","7/10/2025","Nutrition Services/","Nutrition Services Department","https://www.applitrack.com/swcsd2/onlineapp/default.aspx?all=1","Sweetwater County School District 2","2025-12-05"
284,"English Language Learning Paraprofessional","10/13/2025","Paraprofessional/","Monroe Elementary School","https://www.applitrack.com/swcsd2/onlineapp/default.aspx?all=1","Sweetwater County School District 2","2025-12-05"
285,"Substitute Teacher","7/10/2025","Substitute/","Central Office","https://www.applitrack.com/swcsd2/onlineapp/default.aspx?all=1","Sweetwater County School District 2","2025-12-05"
286,"Substitute Teacher Aide","7/10/2025","Substitute/","Central Office","https://www.applitrack.com/swcsd2/onlineapp/default.aspx?all=1","Sweetwater County School District 2","2025-12-05"
287,"Total Care Aide","11/25/2025","Support Staff/","Harrison Elementary School","https://www.applitrack.com/swcsd2/onlineapp/default.aspx?all=1","Sweetwater County School District 2","2025-12-05"
288,"Special Education Paraprofessional","12/3/2025","Support Staff/","Washington Elementary School","https://www.applitrack.com/swcsd2/onlineapp/default.aspx?all=1","Sweetwater County School District 2","2025-12-05"
289,"Substitute Mechanic","7/10/2025","Transportation","Transportation Department","https://www.applitrack.com/swcsd2/onlineapp/default.aspx?all=1","Sweetwater County School District 2","2025-12-05"
290,"ATHLETIC TRAINER","7/15/2025","Athletics/Activities/","TCSD Schools","https://www.applitrack.com/tcsd/onlineapp/default.aspx?all=1","Teton County School District 1","2025-12-05"
291,"High School Assistant Girls Basketball Coach","6/3/2025","Athletics/Activities/","TCSD Schools","https://www.applitrack.com/tcsd/onlineapp/default.aspx?all=1","Teton County School District 1","2025-12-05"
292,"Middle School Assistant Track Coach","6/10/2025","Athletics/Activities/","TCSD Schools","https://www.applitrack.com/tcsd/onlineapp/default.aspx?all=1","Teton County School District 1","2025-12-05"
293,"Middle School Boys Assistant Basketball Coach","10/2/2025","Athletics/Activities/","TCSD Schools","https://www.applitrack.com/tcsd/onlineapp/default.aspx?all=1","Teton County School District 1","2025-12-05"
294,"Middle School Lead Girls Wrestling Coach","12/2/2025","Athletics/Activities/","TCSD Schools","https://www.applitrack.com/tcsd/onlineapp/default.aspx?all=1","Teton County School District 1","2025-12-05"
295,".6 FTE Math Instructional Specialist (Certified)/.4 FTE Math Instructional Paraprofessional (Classified)","10/29/2025","Elementary School Teaching","Munger Mountain Elementary","https://www.applitrack.com/tcsd/onlineapp/default.aspx?all=1","Teton County School District 1","2025-12-05"
296,"Special Education Paraprofessional(s) Grades 6-12","9/18/2025","Paraprofessional/","TCSD Schools","https://www.applitrack.com/tcsd/onlineapp/default.aspx?all=1","Teton County School District 1","2025-12-05"
297,"Substitute Teachers/Nurses","2/11/2020","Substitute/","TCSD Schools","https://www.applitrack.com/tcsd/onlineapp/default.aspx?all=1","Teton County School District 1","2025-12-05"
298,"Substitute Para/Secretary","2/11/2020","Substitute/","TCSD Schools","https://www.applitrack.com/tcsd/onlineapp/default.aspx?all=1","Teton County School District 1","2025-12-05"
299,"MORAN Route Driver","11/20/2024","Transportation/","Transportation","https://www.applitrack.com/tcsd/onlineapp/default.aspx?all=1","Teton County School District 1","2025-12-05"
300,"Route Bus Driver","10/29/2019","Transportation/","Transportation","https://www.applitrack.com/tcsd/onlineapp/default.aspx?all=1","Teton County School District 1","2025-12-05"
301,"Walking School Bus","10/29/2025","Transportation/","Transportation","https://www.applitrack.com/tcsd/onlineapp/default.aspx?all=1","Teton County School District 1","2025-12-05"
302,"Substitute Bus Drivers","10/29/2019","Transportation/","Transportation","https://www.applitrack.com/tcsd/onlineapp/default.aspx?all=1","Teton County School District 1","2025-12-05"
303,"Boys JV Basketball Coach","10/31/2025","Athletics/Activities/","Evanston High School","https://www.applitrack.com/uinta/onlineapp/jobpostings/view.asp?all=1","Uinta County School District 1","2025-12-05"
304,"Temporary Part-time Piano Accompanist","8/23/2023","Support Staff/","Evanston High School","https://www.applitrack.com/uinta/onlineapp/jobpostings/view.asp?all=1","Uinta County School District 1","2025-12-05"
305,"Full-time and Part-time Classroom Aides and SPED Paraprofessionals","7/16/2025","Support Staff/","District Wide","https://www.applitrack.com/uinta/onlineapp/jobpostings/view.asp?all=1","Uinta County School District 1","2025-12-05"
306,"Lifeguard - HS Student","1/8/2024","Aquatic Center Staff/","Worland Aquatic Center","https://www.applitrack.com/washakie1/onlineapp/default.aspx?all=1","Washakie County School District 1","2025-12-05"
307,"HS Assistant Cheer Coach","4/29/2025","Athletics/Activities","Worland High School","https://www.applitrack.com/washakie1/onlineapp/default.aspx?all=1","Washakie County School District 1","2025-12-05"
308,"MS Boys Basketball Coach","10/22/2025","Athletics/Activities","Worland Middle School","https://www.applitrack.com/washakie1/onlineapp/default.aspx?all=1","Washakie County School District 1","2025-12-05"
309,"Special Education Teacher","12/2/2025","Special Education Services","08/03/2026","https://www.applitrack.com/washakie1/onlineapp/default.aspx?all=1","Washakie County School District 1","2025-12-05"
310,"SLP-Assistant","5/14/2025","Special Education Services","Education Resource Center","https://www.applitrack.com/washakie1/onlineapp/default.aspx?all=1","Washakie County School District 1","2025-12-05"
311,"Speech Language Pathologist","12/18/2024","Special Education Services","Education Resource Center","https://www.applitrack.com/washakie1/onlineapp/default.aspx?all=1","Washakie County School District 1","2025-12-05"
312,"Substitute Bus Driver","7/1/2021","Substitute/","Bus Barn","https://www.applitrack.com/washakie1/onlineapp/default.aspx?all=1","Washakie County School District 1","2025-12-05"
313,"Substitute Cook","11/4/2020","Substitute/","District","https://www.applitrack.com/washakie1/onlineapp/default.aspx?all=1","Washakie County School District 1","2025-12-05"
314,"Substitute Housekeeper","1/21/2019","Substitute/",NA,"https://www.applitrack.com/washakie1/onlineapp/default.aspx?all=1","Washakie County School District 1","2025-12-05"
315,"Substitute Paraeducator","3/2/2016","Substitute/",NA,"https://www.applitrack.com/washakie1/onlineapp/default.aspx?all=1","Washakie County School District 1","2025-12-05"
316,"Substitute Teacher","3/2/2016","Substitute/",NA,"https://www.applitrack.com/washakie1/onlineapp/default.aspx?all=1","Washakie County School District 1","2025-12-05"
317,"2025-2026 HS Track Assistant Coach","08/27/2025","Coaching","Dubois K-12 School","https://fremont2.tedk12.com/hire/index.aspx","Fremont County School District 2","2025-12-05"
318,"Part-Time Special Education Paraprofessional","08/12/2025","Classified","Dubois K-12 School","https://fremont2.tedk12.com/hire/index.aspx","Fremont County School District 2","2025-12-05"
319,"2025-2026 Drama Club Sponsor","05/23/2025","Coaching","Dubois K-12 School","https://fremont2.tedk12.com/hire/index.aspx","Fremont County School District 2","2025-12-05"
320,"Substitute Custodian/Food Service","02/01/2025","Classified","Dubois K-12 School","https://fremont2.tedk12.com/hire/index.aspx","Fremont County School District 2","2025-12-05"
321,"Substitute Bus Driver","04/01/2024","Classified","Central Office","https://fremont2.tedk12.com/hire/index.aspx","Fremont County School District 2","2025-12-05"
322,"Substitute - Classified -  Para/Secretary","04/01/2024","Classified","Dubois K-12 School","https://fremont2.tedk12.com/hire/index.aspx","Fremont County School District 2","2025-12-05"
323,"Substitute Teaching","04/01/2024","Substitute","Dubois K-12 School","https://fremont2.tedk12.com/hire/index.aspx","Fremont County School District 2","2025-12-05"
324,"Special Education Paraprofessional - Compass Academy - 18-21 Transition Program","12/04/2025","Support","Office of Special Services","https://goshen.tedk12.com/hire/index.aspx#aJobListings","Goshen County School District 1","2025-12-05"
325,"Science Teacher - Torrington Middle School","12/04/2025","Secondary Certified","Torrington Middle School","https://goshen.tedk12.com/hire/index.aspx#aJobListings","Goshen County School District 1","2025-12-05"
326,"English Teacher - Torrington Middle School","12/04/2025","Secondary Certified","Torrington Middle School","https://goshen.tedk12.com/hire/index.aspx#aJobListings","Goshen County School District 1","2025-12-05"
327,"Special Education Paraprofessional - Lincoln Elementary","11/19/2025","Support","Lincoln Elementary School","https://goshen.tedk12.com/hire/index.aspx#aJobListings","Goshen County School District 1","2025-12-05"
328,"Agriculture Education Teacher - Southeast Jr/Sr High School","11/18/2025","Secondary Certified","Southeast Jr - Sr High School","https://goshen.tedk12.com/hire/index.aspx#aJobListings","Goshen County School District 1","2025-12-05"
329,"Science Teacher (Lingle Ft. Laramie Middle & High School) - Eligible for Hiring Incentive Based on Certification","11/17/2025","Secondary Certified","Lingle Ft. Laramie Middle/High School","https://goshen.tedk12.com/hire/index.aspx#aJobListings","Goshen County School District 1","2025-12-05"
330,"Teacher - Secondary Math - Torrington High School - Eligible for Hiring Incentive Based on Certification","09/18/2025","Secondary Certified","Torrington High School","https://goshen.tedk12.com/hire/index.aspx#aJobListings","Goshen County School District 1","2025-12-05"
331,"Teacher - Band (Torrington High School & Torrington Middle School) - Reposted","09/18/2025","Secondary Certified","Torrington Middle and High Schools","https://goshen.tedk12.com/hire/index.aspx#aJobListings","Goshen County School District 1","2025-12-05"
332,"Cook - Lingle-Fort Laramie Schools (REPOSTED)","08/29/2025","Food Service","Lingle Ft Laramie Schools","https://goshen.tedk12.com/hire/index.aspx#aJobListings","Goshen County School District 1","2025-12-05"
333,"Bus Driver/ Sub Bus Driver","01/01/2025","Bus Driver","Transportation Services","https://goshen.tedk12.com/hire/index.aspx#aJobListings","Goshen County School District 1","2025-12-05"
334,"Future Administrative Positions","01/01/2025","Administrative - building","Central Administration Office","https://goshen.tedk12.com/hire/index.aspx#aJobListings","Goshen County School District 1","2025-12-05"
335,"Future Substitute Teacher Positions","01/01/2025","Substitute","Central Administration Office","https://goshen.tedk12.com/hire/index.aspx#aJobListings","Goshen County School District 1","2025-12-05"
336,"Future Classified Positions","01/01/2025","Support","Central Administration Office","https://goshen.tedk12.com/hire/index.aspx#aJobListings","Goshen County School District 1","2025-12-05"
337,"Future Certified Positions","01/01/2025","K-12","Central Administration Office","https://goshen.tedk12.com/hire/index.aspx#aJobListings","Goshen County School District 1","2025-12-05"
338,"Speech Language Pathologist - District","07/11/2023","Specialist - Certified","Office of Special Services","https://goshen.tedk12.com/hire/index.aspx#aJobListings","Goshen County School District 1","2025-12-05"
339,"Secondary Principal",NA,"Secondary Principal","Sundance Secondary","https://crook1.schoolspring.com/","Crook County School District 1","2025-12-05"
340,"District Superintendent",NA,"District Superintendent","Crook County School District 1","https://crook1.schoolspring.com/","Crook County School District 1","2025-12-05"
341,"Substitute Custodian",NA,"Substitute Custodian","Sundance Secondary","https://crook1.schoolspring.com/","Crook County School District 1","2025-12-05"
342,"Substitute Custodian",NA,"Substitute Custodian","Moorcroft Secondary","https://crook1.schoolspring.com/","Crook County School District 1","2025-12-05"
343,"Substitute Custodian",NA,"Substitute Custodian","Hulett K-12","https://crook1.schoolspring.com/","Crook County School District 1","2025-12-05"
344,"Substitute Teacher",NA,"Substitute Teacher","Sundance Elementary","https://crook1.schoolspring.com/","Crook County School District 1","2025-12-05"
345,"Substitute Teacher",NA,"Substitute Teacher","Moorcroft Elementary","https://crook1.schoolspring.com/","Crook County School District 1","2025-12-05"
346,"Substitute Teacher",NA,"Substitute Teacher","Hulett K-12","https://crook1.schoolspring.com/","Crook County School District 1","2025-12-05"
347,"Substitute & Activity Bus Drivers",NA,"Substitute & Activity Bus Drivers","Sundance Secondary","https://crook1.schoolspring.com/","Crook County School District 1","2025-12-05"
348,"Substitute & Activity Bus Drivers",NA,"Substitute & Activity Bus Drivers","Moorcroft Secondary","https://crook1.schoolspring.com/","Crook County School District 1","2025-12-05"
349,"Substitute & Activity Bus Drivers",NA,"Substitute & Activity Bus Drivers","Hulett K-12","https://crook1.schoolspring.com/","Crook County School District 1","2025-12-05"
350,"Cook",NA,"Cook","Hulett K-12","https://crook1.schoolspring.com/","Crook County School District 1","2025-12-05"
351,"Route Bus Driver",NA,"Route Bus Driver","Moorcroft Secondary","https://crook1.schoolspring.com/","Crook County School District 1","2025-12-05"
352,"Junior High Track Coach",NA,"Junior High Track Coach","Hulett K-12","https://crook1.schoolspring.com/","Crook County School District 1","2025-12-05"
353,"K-12 Music Teacher",NA,"K-12 Music Teacher","Hulett K-12","https://crook1.schoolspring.com/","Crook County School District 1","2025-12-05"
354,"Student Sweeper [ST05]",NA,"Student Sweeper [ST05]","SOUTH HIGH SCHOOL","https://laramie1.schoolspring.com/","Laramie County School District 1","2025-12-05"
355,"Assistant Track & Field Coach",NA,"Assistant Track & Field Coach","SOUTH HIGH SCHOOL","https://laramie1.schoolspring.com/","Laramie County School District 1","2025-12-05"
356,"1st Grade Teacher - Remainder 2025/2026 School Year only [TA03]",NA,"1st Grade Teacher - Remainder 2025/2026 School Year only [TA03]","AFFLERBACH ELEMENTARY SCHOOL","https://laramie1.schoolspring.com/","Laramie County School District 1","2025-12-05"
357,"Elementary Assistant Basketball Coach [C179]",NA,"Elementary Assistant Basketball Coach [C179]","ROSSMAN ELEMENTARY SCHOOL","https://laramie1.schoolspring.com/","Laramie County School District 1","2025-12-05"
358,"Elementary Head Basketball Coach [C178]",NA,"Elementary Head Basketball Coach [C178]","ROSSMAN ELEMENTARY SCHOOL","https://laramie1.schoolspring.com/","Laramie County School District 1","2025-12-05"
359,"Elementary Assistant Basketball Coach [C179]",NA,"Elementary Assistant Basketball Coach [C179]","PIONEER PARK ELEMENTARY SCHOOL","https://laramie1.schoolspring.com/","Laramie County School District 1","2025-12-05"
360,"Elementary Head Basketball Coach [C178]",NA,"Elementary Head Basketball Coach [C178]","PIONEER PARK ELEMENTARY SCHOOL","https://laramie1.schoolspring.com/","Laramie County School District 1","2025-12-05"
361,"Elementary Head Basketball Coach [C178]",NA,"Elementary Head Basketball Coach [C178]","HENDERSON ELEMENTARY SCHOOL","https://laramie1.schoolspring.com/","Laramie County School District 1","2025-12-05"
362,"Elementary Assistant Basketball Coach [C179]",NA,"Elementary Assistant Basketball Coach [C179]","HENDERSON ELEMENTARY SCHOOL","https://laramie1.schoolspring.com/","Laramie County School District 1","2025-12-05"
363,"Elementary Head Basketball Coach [C178]",NA,"Elementary Head Basketball Coach [C178]","BUFFALO RIDGE ELEMENTARY SCHL","https://laramie1.schoolspring.com/","Laramie County School District 1","2025-12-05"
364,"Assistant Basketball Coach - [C178]",NA,"Assistant Basketball Coach - [C178]","BUFFALO RIDGE ELEMENTARY SCHL","https://laramie1.schoolspring.com/","Laramie County School District 1","2025-12-05"
365,"Elementary Assistant Basketball Coach [C179]",NA,"Elementary Assistant Basketball Coach [C179]","BAIN ELEMENTARY SCHOOL","https://laramie1.schoolspring.com/","Laramie County School District 1","2025-12-05"
366,"Elementary Head Basketball Coach [C178]",NA,"Elementary Head Basketball Coach [C178]","BAIN ELEMENTARY SCHOOL","https://laramie1.schoolspring.com/","Laramie County School District 1","2025-12-05"
367,"Elementary Assistant Basketball Coach [C179]",NA,"Elementary Assistant Basketball Coach [C179]","HEBARD ELEMENTARY SCHOOL","https://laramie1.schoolspring.com/","Laramie County School District 1","2025-12-05"
368,"Elementary Head Basketball Coach [C178]",NA,"Elementary Head Basketball Coach [C178]","HEBARD ELEMENTARY SCHOOL","https://laramie1.schoolspring.com/","Laramie County School District 1","2025-12-05"
369,"Elementary Assistant Basketball Coach [C179]",NA,"Elementary Assistant Basketball Coach [C179]","GOINS ELEMENTARY SCHOOL","https://laramie1.schoolspring.com/","Laramie County School District 1","2025-12-05"
370,"Elementary Head Basketball Coach [C178]",NA,"Elementary Head Basketball Coach [C178]","GOINS ELEMENTARY SCHOOL","https://laramie1.schoolspring.com/","Laramie County School District 1","2025-12-05"
371,"Elementary Head Basketball Coach [C178]",NA,"Elementary Head Basketball Coach [C178]","GILCHRIST ELEMENTARY SCHOOL","https://laramie1.schoolspring.com/","Laramie County School District 1","2025-12-05"
372,"Elementary Assistant Basketball Coach [C179]",NA,"Elementary Assistant Basketball Coach [C179]","GILCHRIST ELEMENTARY SCHOOL","https://laramie1.schoolspring.com/","Laramie County School District 1","2025-12-05"
373,"Elementary Head Basketball Coach [C178]",NA,"Elementary Head Basketball Coach [C178]","FREEDOM ELEMENTARY SCHOOL","https://laramie1.schoolspring.com/","Laramie County School District 1","2025-12-05"
374,"Elementary Assistant Basketball Coach [C179]",NA,"Elementary Assistant Basketball Coach [C179]","FREEDOM ELEMENTARY SCHOOL","https://laramie1.schoolspring.com/","Laramie County School District 1","2025-12-05"
375,"Elementary Head Basketball Coach [C178]",NA,"Elementary Head Basketball Coach [C178]","FAIRVIEW ELEMENTARY SCHOOL","https://laramie1.schoolspring.com/","Laramie County School District 1","2025-12-05"
376,"Elementary Assistant Basketball Coach [C179]",NA,"Elementary Assistant Basketball Coach [C179]","FAIRVIEW ELEMENTARY SCHOOL","https://laramie1.schoolspring.com/","Laramie County School District 1","2025-12-05"
377,"Elementary Assistant Basketball Coach [C179]",NA,"Elementary Assistant Basketball Coach [C179]","COLE ELEMENTARY SCHOOL","https://laramie1.schoolspring.com/","Laramie County School District 1","2025-12-05"
378,"Elementary Head Basketball Coach [C178]",NA,"Elementary Head Basketball Coach [C178]","COLE ELEMENTARY SCHOOL","https://laramie1.schoolspring.com/","Laramie County School District 1","2025-12-05"
379,"Elementary Head Basketball Coach [C178]",NA,"Elementary Head Basketball Coach [C178]","BAGGS ELEMENTARY SCHOOL","https://laramie1.schoolspring.com/","Laramie County School District 1","2025-12-05"
380,"Elementary Assistant Basketball Coach [C179]",NA,"Elementary Assistant Basketball Coach [C179]","BAGGS ELEMENTARY SCHOOL","https://laramie1.schoolspring.com/","Laramie County School District 1","2025-12-05"
381,"Assistant Basketball Coach - [C178]",NA,"Assistant Basketball Coach - [C178]","ARP ELEMENTARY SCHOOL","https://laramie1.schoolspring.com/","Laramie County School District 1","2025-12-05"
382,"Elementary Head Basketball Coach [C178]",NA,"Elementary Head Basketball Coach [C178]","ARP ELEMENTARY SCHOOL","https://laramie1.schoolspring.com/","Laramie County School District 1","2025-12-05"
383,"Assistant Basketball Coach - [C178]",NA,"Assistant Basketball Coach - [C178]","AFFLERBACH ELEMENTARY SCHOOL","https://laramie1.schoolspring.com/","Laramie County School District 1","2025-12-05"
384,"Elementary Head Basketball Coach [C178]",NA,"Elementary Head Basketball Coach [C178]","ALTA VISTA ELEMENTARY SCHOOL","https://laramie1.schoolspring.com/","Laramie County School District 1","2025-12-05"
385,"Elementary Assistant Basketball Coach [C179]",NA,"Elementary Assistant Basketball Coach [C179]","ALTA VISTA ELEMENTARY SCHOOL","https://laramie1.schoolspring.com/","Laramie County School District 1","2025-12-05"
386,"Elementary Head Basketball Coach [C178]",NA,"Elementary Head Basketball Coach [C178]","MEADOWLARK ELEMENTARY SCHOOL","https://laramie1.schoolspring.com/","Laramie County School District 1","2025-12-05"
387,"Elementary Assistant Basketball Coach [C179]",NA,"Elementary Assistant Basketball Coach [C179]","MEADOWLARK ELEMENTARY SCHOOL","https://laramie1.schoolspring.com/","Laramie County School District 1","2025-12-05"
388,"Assistant Basketball Coach - [C178]",NA,"Assistant Basketball Coach - [C178]","COYOTE RIDGE ELEMENTARY SCHOOL","https://laramie1.schoolspring.com/","Laramie County School District 1","2025-12-05"
389,"Elementary Head Basketball Coach [C178]",NA,"Elementary Head Basketball Coach [C178]","COYOTE RIDGE ELEMENTARY SCHOOL","https://laramie1.schoolspring.com/","Laramie County School District 1","2025-12-05"
390,"Elementary Head Basketball Coach [C178]",NA,"Elementary Head Basketball Coach [C178]","SUNRISE ELEMENTARY SCHOOL","https://laramie1.schoolspring.com/","Laramie County School District 1","2025-12-05"
391,"Assistant Basketball Coach - [C178]",NA,"Assistant Basketball Coach - [C178]","SUNRISE ELEMENTARY SCHOOL","https://laramie1.schoolspring.com/","Laramie County School District 1","2025-12-05"
392,"Elementary Head Basketball Coach [C178]",NA,"Elementary Head Basketball Coach [C178]","AFFLERBACH ELEMENTARY SCHOOL","https://laramie1.schoolspring.com/","Laramie County School District 1","2025-12-05"
393,"Elementary Assistant Basketball Coach [C179]",NA,"Elementary Assistant Basketball Coach [C179]","WILLADSEN ELEMENTARY SCHOOL","https://laramie1.schoolspring.com/","Laramie County School District 1","2025-12-05"
394,"Paraeducator Special Needs Center Based [XP09]",NA,"Paraeducator Special Needs Center Based [XP09]","GOINS ELEMENTARY SCHOOL","https://laramie1.schoolspring.com/","Laramie County School District 1","2025-12-05"
395,"Attendance Secretary - Junior High [CE12]",NA,"Attendance Secretary - Junior High [CE12]","MCCORMICK JUNIOR HIGH SCHOOL","https://laramie1.schoolspring.com/","Laramie County School District 1","2025-12-05"
396,"Secretary - Elementary [CE09]",NA,"Secretary - Elementary [CE09]","HOBBS ELEMENTARY SCHOOL","https://laramie1.schoolspring.com/","Laramie County School District 1","2025-12-05"
397,"Transportation Assistant [TR01]",NA,"Transportation Assistant [TR01]","Laramie County School District 1","https://laramie1.schoolspring.com/","Laramie County School District 1","2025-12-05"
398,"Bus Driver [TR04]",NA,"Bus Driver [TR04]","Laramie County School District 1","https://laramie1.schoolspring.com/","Laramie County School District 1","2025-12-05"
399,"Assistant Track Coach-5 Positions available [CO94]",NA,"Assistant Track Coach-5 Positions available [CO94]","EAST HIGH SCHOOL","https://laramie1.schoolspring.com/","Laramie County School District 1","2025-12-05"
400,"Nutrition- Elementary Head Cashier [NU03]",NA,"Nutrition- Elementary Head Cashier [NU03]","COLE ELEMENTARY SCHOOL","https://laramie1.schoolspring.com/","Laramie County School District 1","2025-12-05"
401,"Assistant Volleyball Coach - Elementary Athletics & Activities",NA,"Assistant Volleyball Coach - Elementary Athletics & Activities","SUNRISE ELEMENTARY SCHOOL","https://laramie1.schoolspring.com/","Laramie County School District 1","2025-12-05"
402,"Paraeducator Special Education [XP08]",NA,"Paraeducator Special Education [XP08]","ROSSMAN ELEMENTARY SCHOOL","https://laramie1.schoolspring.com/","Laramie County School District 1","2025-12-05"
403,"Custodial - Head Class 5 [CU08]",NA,"Custodial - Head Class 5 [CU08]","SOUTH HIGH SCHOOL","https://laramie1.schoolspring.com/","Laramie County School District 1","2025-12-05"
404,"We The People Sponsor",NA,"We The People Sponsor","SOUTH HIGH SCHOOL","https://laramie1.schoolspring.com/","Laramie County School District 1","2025-12-05"
405,"Title I Tutor",NA,"Title I Tutor","FAIRVIEW ELEMENTARY SCHOOL","https://laramie1.schoolspring.com/","Laramie County School District 1","2025-12-05"
406,"Nutrition- Elementary Head Cashier [NU03]",NA,"Nutrition- Elementary Head Cashier [NU03]","HOBBS ELEMENTARY SCHOOL","https://laramie1.schoolspring.com/","Laramie County School District 1","2025-12-05"
407,"Nutrition Services Aid [NU02]",NA,"Nutrition Services Aid [NU02]","SUNRISE ELEMENTARY SCHOOL","https://laramie1.schoolspring.com/","Laramie County School District 1","2025-12-05"
408,"Title 1 Tutor",NA,"Title 1 Tutor","ARP ELEMENTARY SCHOOL","https://laramie1.schoolspring.com/","Laramie County School District 1","2025-12-05"
409,"Student Sweeper [ST05]",NA,"Student Sweeper [ST05]","CENTRAL HIGH SCHOOL","https://laramie1.schoolspring.com/","Laramie County School District 1","2025-12-05"
410,"Nutrition Services Aid [NU02]",NA,"Nutrition Services Aid [NU02]","EAST HIGH SCHOOL","https://laramie1.schoolspring.com/","Laramie County School District 1","2025-12-05"
411,"Student Sweeper [ST05]",NA,"Student Sweeper [ST05]","AFFLERBACH ELEMENTARY SCHOOL","https://laramie1.schoolspring.com/","Laramie County School District 1","2025-12-05"
412,"Student Sweeper [ST05]",NA,"Student Sweeper [ST05]","ARP ELEMENTARY SCHOOL","https://laramie1.schoolspring.com/","Laramie County School District 1","2025-12-05"
413,"Student Sweeper [ST05]",NA,"Student Sweeper [ST05]","BAGGS ELEMENTARY SCHOOL","https://laramie1.schoolspring.com/","Laramie County School District 1","2025-12-05"
414,"Student Sweeper [ST05]",NA,"Student Sweeper [ST05]","BAIN ELEMENTARY SCHOOL","https://laramie1.schoolspring.com/","Laramie County School District 1","2025-12-05"
415,"Student Sweeper [ST05]",NA,"Student Sweeper [ST05]","BUFFALO RIDGE ELEMENTARY SCHL","https://laramie1.schoolspring.com/","Laramie County School District 1","2025-12-05"
416,"Student Sweeper [ST05]",NA,"Student Sweeper [ST05]","DILDINE ELEMENTARY SCHOOL","https://laramie1.schoolspring.com/","Laramie County School District 1","2025-12-05"
417,"Student Sweeper [ST05]",NA,"Student Sweeper [ST05]","GILCHRIST ELEMENTARY SCHOOL","https://laramie1.schoolspring.com/","Laramie County School District 1","2025-12-05"
418,"Student Sweeper [ST05]",NA,"Student Sweeper [ST05]","HENDERSON ELEMENTARY SCHOOL","https://laramie1.schoolspring.com/","Laramie County School District 1","2025-12-05"
419,"Student Sweeper [ST05]",NA,"Student Sweeper [ST05]","LEBHART ELEMENTARY SCHOOL","https://laramie1.schoolspring.com/","Laramie County School District 1","2025-12-05"
420,"Student Sweeper [ST05]",NA,"Student Sweeper [ST05]","PRAIRIE WIND ELEMENTARY SCHOOL","https://laramie1.schoolspring.com/","Laramie County School District 1","2025-12-05"
421,"Student Sweeper [ST05]",NA,"Student Sweeper [ST05]","CAREY JUNIOR HIGH SCHOOL","https://laramie1.schoolspring.com/","Laramie County School District 1","2025-12-05"
422,"Student Sweeper [ST05]",NA,"Student Sweeper [ST05]","ROSSMAN ELEMENTARY SCHOOL","https://laramie1.schoolspring.com/","Laramie County School District 1","2025-12-05"
423,"Student Sweeper [ST05]",NA,"Student Sweeper [ST05]","SUNRISE ELEMENTARY SCHOOL","https://laramie1.schoolspring.com/","Laramie County School District 1","2025-12-05"
424,"Paraeducator Special Needs PALS [XP09]",NA,"Paraeducator Special Needs PALS [XP09]","CENTRAL HIGH SCHOOL","https://laramie1.schoolspring.com/","Laramie County School District 1","2025-12-05"
425,"Sub-Custodian [S010]",NA,"Sub-Custodian [S010]","Laramie County School District 1","https://laramie1.schoolspring.com/","Laramie County School District 1","2025-12-05"
426,"Paraeducator Special Education [XP08]",NA,"Paraeducator Special Education [XP08]","MEADOWLARK ELEMENTARY SCHOOL","https://laramie1.schoolspring.com/","Laramie County School District 1","2025-12-05"
427,"5th Grade Teacher - 2025/2026 Contract year only[TA11]","Oct 27, 2025 6:00 AM (UTC)","5th Grade Teacher - 2025/2026 Contract year only[TA11]","BAIN ELEMENTARY SCHOOL","https://laramie1.schoolspring.com/","Laramie County School District 1","2025-12-05"
428,"Physical Therapist [XT07]","Oct 23, 2025 6:00 AM (UTC)","Physical Therapist [XT07]","Laramie County School District 1","https://laramie1.schoolspring.com/","Laramie County School District 1","2025-12-05"
429,"2nd Grade Teacher DLI Spanish-2025/2026 Contract Year only[TA40]","Oct 23, 2025 6:00 AM (UTC)","2nd Grade Teacher DLI Spanish-2025/2026 Contract Year only[TA40]","AFFLERBACH ELEMENTARY SCHOOL","https://laramie1.schoolspring.com/","Laramie County School District 1","2025-12-05"
430,"School Psychologist Intern [XT32]","Oct 23, 2025 6:00 AM (UTC)","School Psychologist Intern [XT32]","Laramie County School District 1","https://laramie1.schoolspring.com/","Laramie County School District 1","2025-12-05"
431,"Paraprofessional","Oct 20, 2025 6:00 AM (UTC)","Paraprofessional","PODER ACADEMY SECONDARY (PASS)","https://laramie1.schoolspring.com/","Laramie County School District 1","2025-12-05"
432,"Paraeducator Resource Room [XP08]","Oct 20, 2025 6:00 AM (UTC)","Paraeducator Resource Room [XP08]","SOUTH HIGH SCHOOL","https://laramie1.schoolspring.com/","Laramie County School District 1","2025-12-05"
433,"Afternoon Strength & Conditioning Coach [SO08]","Oct 20, 2025 6:00 AM (UTC)","Afternoon Strength & Conditioning Coach [SO08]","MCCORMICK JUNIOR HIGH SCHOOL","https://laramie1.schoolspring.com/","Laramie County School District 1","2025-12-05"
434,"Assistant Head Custodian - Class 4 [CU01]","Oct 17, 2025 6:00 AM (UTC)","Assistant Head Custodian - Class 4 [CU01]","MCCORMICK JUNIOR HIGH SCHOOL","https://laramie1.schoolspring.com/","Laramie County School District 1","2025-12-05"
435,"Custodial - Head Class 4 [CU07]","Oct 07, 2025 6:00 AM (UTC)","Custodial - Head Class 4 [CU07]","MEADOWLARK ELEMENTARY SCHOOL","https://laramie1.schoolspring.com/","Laramie County School District 1","2025-12-05"
436,"Special Needs Behavior Lab Paraeducator [XP09]","Oct 03, 2025 6:00 AM (UTC)","Special Needs Behavior Lab Paraeducator [XP09]","MCCORMICK JUNIOR HIGH SCHOOL","https://laramie1.schoolspring.com/","Laramie County School District 1","2025-12-05"
437,"Nutrition Services Aid [NU02]","Sep 29, 2025 6:00 AM (UTC)","Nutrition Services Aid [NU02]","SOUTH HIGH SCHOOL","https://laramie1.schoolspring.com/","Laramie County School District 1","2025-12-05"
438,"Assistant Boys Basketball Coach [CO76]","Sep 23, 2025 6:00 AM (UTC)","Assistant Boys Basketball Coach [CO76]","JOHNSON JUNIOR HIGH SCHOOL","https://laramie1.schoolspring.com/","Laramie County School District 1","2025-12-05"
439,"Occupational Therapist [XT06]","Sep 12, 2025 6:00 AM (UTC)","Occupational Therapist [XT06]","Laramie County School District 1","https://laramie1.schoolspring.com/","Laramie County School District 1","2025-12-05"
440,"Nutrition Services Aid [NU02]","Sep 11, 2025 6:00 AM (UTC)","Nutrition Services Aid [NU02]","JOHNSON JUNIOR HIGH SCHOOL","https://laramie1.schoolspring.com/","Laramie County School District 1","2025-12-05"
441,"Assistant - Speech Language Pathology [XI02]","Sep 11, 2025 6:00 AM (UTC)","Assistant - Speech Language Pathology [XI02]","HOBBS ELEMENTARY SCHOOL","https://laramie1.schoolspring.com/","Laramie County School District 1","2025-12-05"
442,"Nutrition Services Aid [NU02]","Sep 11, 2025 6:00 AM (UTC)","Nutrition Services Aid [NU02]","MCCORMICK JUNIOR HIGH SCHOOL","https://laramie1.schoolspring.com/","Laramie County School District 1","2025-12-05"
443,"Assistant Boys Basketball Coach [C158]","Sep 10, 2025 6:00 AM (UTC)","Assistant Boys Basketball Coach [C158]","CAREY JUNIOR HIGH SCHOOL","https://laramie1.schoolspring.com/","Laramie County School District 1","2025-12-05"
444,"Custodial - Head Class 4 [CU07]","Sep 08, 2025 6:00 AM (UTC)","Custodial - Head Class 4 [CU07]","JESSUP ELEMENTARY SCHOOL","https://laramie1.schoolspring.com/","Laramie County School District 1","2025-12-05"
445,"Nutrition Services Aid [NU02]",NA,"Nutrition Services Aid [NU02]","JOHNSON JUNIOR HIGH SCHOOL","https://laramie1.schoolspring.com/","Laramie County School District 1","2025-12-05"
446,"Speech Language Pathologist [XT14]",NA,"Speech Language Pathologist [XT14]","Laramie County School District 1","https://laramie1.schoolspring.com/","Laramie County School District 1","2025-12-05"
447,"Custodial - Head Class 6 (3:00pm-11:00pm shift) [CU09]",NA,"Custodial - Head Class 6 (3:00pm-11:00pm shift) [CU09]","SOUTH HIGH SCHOOL","https://laramie1.schoolspring.com/","Laramie County School District 1","2025-12-05"
448,"Custodial - Head Class 5 [CU02]",NA,"Custodial - Head Class 5 [CU02]","MCCORMICK JUNIOR HIGH SCHOOL","https://laramie1.schoolspring.com/","Laramie County School District 1","2025-12-05"
449,"Custodial - Head Class 5 [CU02]",NA,"Custodial - Head Class 5 [CU02]","JOHNSON JUNIOR HIGH SCHOOL","https://laramie1.schoolspring.com/","Laramie County School District 1","2025-12-05"
450,"Applicant Pool - Substitute Teacher [S035]",NA,"Applicant Pool - Substitute Teacher [S035]","SUBSTITUTE TEACHERS","https://laramie1.schoolspring.com/","Laramie County School District 1","2025-12-05"
451,"Substitute Nutrition [S020]",NA,"Substitute Nutrition [S020]","Laramie County School District 1","https://laramie1.schoolspring.com/","Laramie County School District 1","2025-12-05"
452,"Paraeducator Sign Support [XP05]",NA,"Paraeducator Sign Support [XP05]","BUILDING TO BE DETERMINED","https://laramie1.schoolspring.com/","Laramie County School District 1","2025-12-05"
453,"Educational Sign Language Interpreter",NA,"Educational Sign Language Interpreter","BUILDING TO BE DETERMINED","https://laramie1.schoolspring.com/","Laramie County School District 1","2025-12-05"
454,"Paraeducator Resource Room [XP08]",NA,"Paraeducator Resource Room [XP08]","CAREY JUNIOR HIGH SCHOOL","https://laramie1.schoolspring.com/","Laramie County School District 1","2025-12-05"
455,"Paraeducator Special Needs Life Skills [XP09]",NA,"Paraeducator Special Needs Life Skills [XP09]","MCCORMICK JUNIOR HIGH SCHOOL","https://laramie1.schoolspring.com/","Laramie County School District 1","2025-12-05"
456,"School Psychologist [XA01]",NA,"School Psychologist [XA01]","BUILDING TO BE DETERMINED","https://laramie1.schoolspring.com/","Laramie County School District 1","2025-12-05"
457,"Paraeducator Special Needs PALS [XP09]",NA,"Paraeducator Special Needs PALS [XP09]","EAST HIGH SCHOOL","https://laramie1.schoolspring.com/","Laramie County School District 1","2025-12-05"
458,"Assistant Girls Wrestling Coach [C168]",NA,"Assistant Girls Wrestling Coach [C168]","MCCORMICK JUNIOR HIGH SCHOOL","https://laramie1.schoolspring.com/","Laramie County School District 1","2025-12-05"
459,"Journey Education Support Personnel/ Office and Records",NA,"Journey Education Support Personnel/ Office and Records","Journey Elementary","https://natronaschools.schoolspring.com/","Natrona School District 1","2025-12-05"
460,"Centennial Cafeteria Technician",NA,"Centennial Cafeteria Technician","Centennial Middle School","https://natronaschools.schoolspring.com/","Natrona School District 1","2025-12-05"
461,"Poison Spider Education Support Personnel",NA,"Poison Spider Education Support Personnel","Poison Spider K-8","https://natronaschools.schoolspring.com/","Natrona School District 1","2025-12-05"
462,"CMS Nordic Ski Aide",NA,"CMS Nordic Ski Aide","Centennial Middle School","https://natronaschools.schoolspring.com/","Natrona School District 1","2025-12-05"
463,"Dean Morgan Education Support Personnel",NA,"Dean Morgan Education Support Personnel","Dean Morgan Middle School","https://natronaschools.schoolspring.com/","Natrona School District 1","2025-12-05"
464,"Sagewood Behavior and Substitute Support Personnel",NA,"Sagewood Behavior and Substitute Support Personnel","Sagewood Elementary","https://natronaschools.schoolspring.com/","Natrona School District 1","2025-12-05"
465,"Bar Nunn Elementary Education Support Personnel/Cafeteria Technician",NA,"Bar Nunn Elementary Education Support Personnel/Cafeteria Technician","Bar Nunn Elementary","https://natronaschools.schoolspring.com/","Natrona School District 1","2025-12-05"
466,"Paradise Valley Elementary Custodian",NA,"Paradise Valley Elementary Custodian","Paradise Valley Elementary","https://natronaschools.schoolspring.com/","Natrona School District 1","2025-12-05"
467,"Bar Nunn Education Support Specialist/Education Support Personnel",NA,"Bar Nunn Education Support Specialist/Education Support Personnel","Bar Nunn Elementary","https://natronaschools.schoolspring.com/","Natrona School District 1","2025-12-05"
468,"CYMS Nordic Ski Coach Aide - At-Will Co-Curricular Volunteer",NA,"CYMS Nordic Ski Coach Aide - At-Will Co-Curricular Volunteer","CY Middle School","https://natronaschools.schoolspring.com/","Natrona School District 1","2025-12-05"
469,"Dean Morgan Behavior and Substitute Support Personnel",NA,"Dean Morgan Behavior and Substitute Support Personnel","Dean Morgan Middle School","https://natronaschools.schoolspring.com/","Natrona School District 1","2025-12-05"
470,"Warehouse Delivery Worker",NA,"Warehouse Delivery Worker","Purchasing/Warehouse","https://natronaschools.schoolspring.com/","Natrona School District 1","2025-12-05"
471,"Director of Athletics and Activities to begin 2026-2027 School Year",NA,"Director of Athletics and Activities to begin 2026-2027 School Year","Curriculum and Instruction","https://natronaschools.schoolspring.com/","Natrona School District 1","2025-12-05"
472,"Special Education Teacher",NA,"Special Education Teacher","Special Education Services Center","https://natronaschools.schoolspring.com/","Natrona School District 1","2025-12-05"
473,"OT/PT Education Support Specialist",NA,"OT/PT Education Support Specialist","Special Education Services Center","https://natronaschools.schoolspring.com/","Natrona School District 1","2025-12-05"
474,"CCA Behavior and Substitute Support Personnel",NA,"CCA Behavior and Substitute Support Personnel","Casper Classical Academy","https://natronaschools.schoolspring.com/","Natrona School District 1","2025-12-05"
475,"CCA Part-Time Education Support Personnel / Office and Records",NA,"CCA Part-Time Education Support Personnel / Office and Records","Casper Classical Academy","https://natronaschools.schoolspring.com/","Natrona School District 1","2025-12-05"
476,"Centennial Custodian",NA,"Centennial Custodian","Centennial Middle School","https://natronaschools.schoolspring.com/","Natrona School District 1","2025-12-05"
477,"Bar Nunn Education Support Personnel",NA,"Bar Nunn Education Support Personnel","Bar Nunn Elementary","https://natronaschools.schoolspring.com/","Natrona School District 1","2025-12-05"
478,"Manor Heights Education Support Specialist BASE Support",NA,"Manor Heights Education Support Specialist BASE Support","Manor Heights Elementary","https://natronaschools.schoolspring.com/","Natrona School District 1","2025-12-05"
479,"Cottonwood Education Support Specialist - FLS",NA,"Cottonwood Education Support Specialist - FLS","Cottonwood Elementary","https://natronaschools.schoolspring.com/","Natrona School District 1","2025-12-05"
480,"Athletics and Activities Secretary",NA,"Athletics and Activities Secretary","District Activities","https://natronaschools.schoolspring.com/","Natrona School District 1","2025-12-05"
481,"CMS Boys Basketball ""C"" Coach",NA,"CMS Boys Basketball ""C"" Coach","Centennial Middle School","https://natronaschools.schoolspring.com/","Natrona School District 1","2025-12-05"
482,"Dean Morgan Nordic Ski Aide",NA,"Dean Morgan Nordic Ski Aide","Dean Morgan Middle School","https://natronaschools.schoolspring.com/","Natrona School District 1","2025-12-05"
483,"Manor Heights Classroom K-5 Art Teacher for the 2025-2026 School Year Only",NA,"Manor Heights Classroom K-5 Art Teacher for the 2025-2026 School Year Only","Manor Heights Elementary","https://natronaschools.schoolspring.com/","Natrona School District 1","2025-12-05"
484,"KWHS Girls Soccer Coach Aide",NA,"KWHS Girls Soccer Coach Aide","Kelly Walsh High School","https://natronaschools.schoolspring.com/","Natrona School District 1","2025-12-05"
485,"NCHS Education Support Specialist/Education Support Personnel",NA,"NCHS Education Support Specialist/Education Support Personnel","Natrona County High School","https://natronaschools.schoolspring.com/","Natrona School District 1","2025-12-05"
486,"NCHS Education Support Personnel",NA,"NCHS Education Support Personnel","Natrona County High School","https://natronaschools.schoolspring.com/","Natrona School District 1","2025-12-05"
487,"Journey Cafeteria Technician/ Education Support Personnel",NA,"Journey Cafeteria Technician/ Education Support Personnel","Journey Elementary","https://natronaschools.schoolspring.com/","Natrona School District 1","2025-12-05"
488,"Landscape and Support Services Specialist",NA,"Landscape and Support Services Specialist","Plant/Maintenance","https://natronaschools.schoolspring.com/","Natrona School District 1","2025-12-05"
489,"Dean Morgan Custodian",NA,"Dean Morgan Custodian","Dean Morgan Middle School","https://natronaschools.schoolspring.com/","Natrona School District 1","2025-12-05"
490,"Pineview Education Support Specialist / Education Support Personnel / Cafeteria Technician","Oct 21, 2025 6:00 AM (UTC)","Pineview Education Support Specialist / Education Support Personnel / Cafeteria Technician","Pineview Elementary","https://natronaschools.schoolspring.com/","Natrona School District 1","2025-12-05"
491,"Lincoln Education Support Personnel / Cafeteria Technician","Oct 17, 2025 6:00 AM (UTC)","Lincoln Education Support Personnel / Cafeteria Technician","Lincoln Elementary","https://natronaschools.schoolspring.com/","Natrona School District 1","2025-12-05"
492,"Woods Education Support Personnel","Oct 03, 2025 6:00 AM (UTC)","Woods Education Support Personnel","Woods Learning Center","https://natronaschools.schoolspring.com/","Natrona School District 1","2025-12-05"
493,"Paradise Valley Education Support Personnel/Cafeteria Technician",NA,"Paradise Valley Education Support Personnel/Cafeteria Technician","Paradise Valley Elementary","https://natronaschools.schoolspring.com/","Natrona School District 1","2025-12-05"
494,"CYMS At-Will Co-Curricular Basketball Aide",NA,"CYMS At-Will Co-Curricular Basketball Aide","CY Middle School","https://natronaschools.schoolspring.com/","Natrona School District 1","2025-12-05"
495,"CYMS At-Will Co-Curricular  Head Coach X-Country Skiing",NA,"CYMS At-Will Co-Curricular  Head Coach X-Country Skiing","CY Middle School","https://natronaschools.schoolspring.com/","Natrona School District 1","2025-12-05"
496,"Evansville Elementary Tutor for the 2025-2026 School Year Only",NA,"Evansville Elementary Tutor for the 2025-2026 School Year Only","Evansville Elementary","https://natronaschools.schoolspring.com/","Natrona School District 1","2025-12-05"
497,"Occupational Therapist beginning the 2025-2026 School Year",NA,"Occupational Therapist beginning the 2025-2026 School Year","Special Education Services Center","https://natronaschools.schoolspring.com/","Natrona School District 1","2025-12-05"
498,"Education Support Specialist/Education Support Personnel",NA,"Education Support Specialist/Education Support Personnel","Centennial Middle School","https://natronaschools.schoolspring.com/","Natrona School District 1","2025-12-05"
499,"Dean Morgan Substitute on Daily Assignment",NA,"Dean Morgan Substitute on Daily Assignment","Dean Morgan Middle School","https://natronaschools.schoolspring.com/","Natrona School District 1","2025-12-05"
500,"Verda James Education Support Personnel (Part-Time)",NA,"Verda James Education Support Personnel (Part-Time)","Verda James Elementary","https://natronaschools.schoolspring.com/","Natrona School District 1","2025-12-05"
501,"Verda James Education Support Personnel",NA,"Verda James Education Support Personnel","Verda James Elementary","https://natronaschools.schoolspring.com/","Natrona School District 1","2025-12-05"
502,"KWHS - Marine Instructor (MI) OR Senior ROTC Marine Instructor (SMI)",NA,"KWHS - Marine Instructor (MI) OR Senior ROTC Marine Instructor (SMI)","Kelly Walsh High School","https://natronaschools.schoolspring.com/","Natrona School District 1","2025-12-05"
503,"Classified Substitute 2025-26 School Year",NA,"Classified Substitute 2025-26 School Year","NCSD","https://natronaschools.schoolspring.com/","Natrona School District 1","2025-12-05"
504,"Substitute Teacher 2025-26 School Year",NA,"Substitute Teacher 2025-26 School Year","NCSD","https://natronaschools.schoolspring.com/","Natrona School District 1","2025-12-05"
505,"CYMS At-Will Co-Curricular-Football Coach Aide",NA,"CYMS At-Will Co-Curricular-Football Coach Aide","CY Middle School","https://natronaschools.schoolspring.com/","Natrona School District 1","2025-12-05"
506,"Bus Driver 175-day",NA,"Bus Driver 175-day","Transportation","https://natronaschools.schoolspring.com/","Natrona School District 1","2025-12-05"
507,"District Counselor/Social Worker to Begin the 2025-2026 School Year",NA,"District Counselor/Social Worker to Begin the 2025-2026 School Year","Special Education Services Center","https://natronaschools.schoolspring.com/","Natrona School District 1","2025-12-05"
508,"Education Interpreter",NA,"Education Interpreter","Special Education Services Center","https://natronaschools.schoolspring.com/","Natrona School District 1","2025-12-05"
509,"District Physical Therapist Beginning 2025-26 School Year",NA,"District Physical Therapist Beginning 2025-26 School Year","Special Education Services Center","https://natronaschools.schoolspring.com/","Natrona School District 1","2025-12-05"
510,"Lego League/ Robotics Activity",NA,"Lego League/ Robotics Activity","District Activities","https://natronaschools.schoolspring.com/","Natrona School District 1","2025-12-05"
511,"School Psychologist Beginning the 2025-2026 School Year",NA,"School Psychologist Beginning the 2025-2026 School Year","Special Education Services Center","https://natronaschools.schoolspring.com/","Natrona School District 1","2025-12-05"
512,"Substitute Custodian",NA,"Substitute Custodian","Human Resources","https://natronaschools.schoolspring.com/","Natrona School District 1","2025-12-05"
513,"Substitute Nurse",NA,"Substitute Nurse","Natrona County School District","https://natronaschools.schoolspring.com/","Natrona School District 1","2025-12-05"
514,"Assistant JH Volleyball Coach",NA,"Assistant JH Volleyball Coach","Burns Jr./Sr. High School","https://laramie2.schoolspring.com/","Laramie County School District 2","2025-12-05"
515,"Head outdoor track Coach","Oct 27, 2025 6:00 AM (UTC)","Head outdoor track Coach","Burns Jr./Sr. High School","https://laramie2.schoolspring.com/","Laramie County School District 2","2025-12-05"
516,"Head Indoor track Coach","Oct 27, 2025 6:00 AM (UTC)","Head Indoor track Coach","Burns Jr./Sr. High School","https://laramie2.schoolspring.com/","Laramie County School District 2","2025-12-05"
517,"JH Boys basketball assistant coach","Oct 01, 2025 6:00 AM (UTC)","JH Boys basketball assistant coach","Burns Jr./Sr. High School","https://laramie2.schoolspring.com/","Laramie County School District 2","2025-12-05"
518,"JH Girls Wrestling Assistant Coach","Oct 01, 2025 6:00 AM (UTC)","JH Girls Wrestling Assistant Coach","Burns Jr./Sr. High School","https://laramie2.schoolspring.com/","Laramie County School District 2","2025-12-05"
519,"JH Girls Wrestling Assigned Head Coach","Oct 01, 2025 6:00 AM (UTC)","JH Girls Wrestling Assigned Head Coach","Burns Jr./Sr. High School","https://laramie2.schoolspring.com/","Laramie County School District 2","2025-12-05"
520,"HS Boys Wrestling (Numbers Coach)","Oct 01, 2025 6:00 AM (UTC)","HS Boys Wrestling (Numbers Coach)","Burns Jr./Sr. High School","https://laramie2.schoolspring.com/","Laramie County School District 2","2025-12-05"
521,"JH Boys Wrestling (Numbers Coach","Oct 01, 2025 6:00 AM (UTC)","JH Boys Wrestling (Numbers Coach","Burns Jr./Sr. High School","https://laramie2.schoolspring.com/","Laramie County School District 2","2025-12-05"
522,"Head Junior High Boys Basketball Coach","Sep 22, 2025 6:00 AM (UTC)","Head Junior High Boys Basketball Coach","Pine Bluffs Jr./Sr. High School","https://laramie2.schoolspring.com/","Laramie County School District 2","2025-12-05"
523,"Substitute School Nurse","Sep 15, 2025 6:00 AM (UTC)","Substitute School Nurse","LARAMIE COUNTY SD #2","https://laramie2.schoolspring.com/","Laramie County School District 2","2025-12-05"
524,"ELL Parent Translator Contactor","Sep 15, 2025 6:00 AM (UTC)","ELL Parent Translator Contactor","LARAMIE COUNTY SD #2","https://laramie2.schoolspring.com/","Laramie County School District 2","2025-12-05"
525,"Assistant JH Football Coach",NA,"Assistant JH Football Coach","Burns Jr./Sr. High School","https://laramie2.schoolspring.com/","Laramie County School District 2","2025-12-05"
526,"ELL Paraprofessional",NA,"ELL Paraprofessional","LARAMIE COUNTY SD #2","https://laramie2.schoolspring.com/","Laramie County School District 2","2025-12-05"
527,"JH Assistant Track Coach",NA,"JH Assistant Track Coach","Pine Bluffs Jr./Sr. High School","https://laramie2.schoolspring.com/","Laramie County School District 2","2025-12-05"
528,"Sub Paraprofessional",NA,"Sub Paraprofessional","LARAMIE COUNTY SD #2","https://laramie2.schoolspring.com/","Laramie County School District 2","2025-12-05"
529,"Sub Custodian",NA,"Sub Custodian","LARAMIE COUNTY SD #2","https://laramie2.schoolspring.com/","Laramie County School District 2","2025-12-05"
530,"Substitute Cook",NA,"Substitute Cook","LARAMIE COUNTY SD #2","https://laramie2.schoolspring.com/","Laramie County School District 2","2025-12-05"
531,"Substitute Teacher",NA,"Substitute Teacher","LARAMIE COUNTY SD #2","https://laramie2.schoolspring.com/","Laramie County School District 2","2025-12-05"
532,"Substitute Bus Driver",NA,"Substitute Bus Driver","LARAMIE COUNTY SD #2","https://laramie2.schoolspring.com/","Laramie County School District 2","2025-12-05"
533,"RENDEZVOUS ELEMENTARY PARA (BEHAVIOR SUPPORT PROGRAM)",NA,"RENDEZVOUS ELEMENTARY PARA (BEHAVIOR SUPPORT PROGRAM)","RENDEZVOUS ELEMENTARY","https://fremont25.schoolspring.com/","Fremont County School District 25","2025-12-05"
534,"CROSSING GUARD",NA,"CROSSING GUARD","Fremont County School District 25","https://fremont25.schoolspring.com/","Fremont County School District 25","2025-12-05"
535,"ASPEN ELEMENTARY SCHOOL PARA (SPED)",NA,"ASPEN ELEMENTARY SCHOOL PARA (SPED)","ASPEN ELEMENTARY","https://fremont25.schoolspring.com/","Fremont County School District 25","2025-12-05"
536,"BUS AIDE","Oct 17, 2025 6:00 AM (UTC)","BUS AIDE","BUS GARAGE - TRANSPORTATION","https://fremont25.schoolspring.com/","Fremont County School District 25","2025-12-05"
537,"BUS DRIVER (PART TIME)","Oct 17, 2025 6:00 AM (UTC)","BUS DRIVER (PART TIME)","BUS GARAGE - TRANSPORTATION","https://fremont25.schoolspring.com/","Fremont County School District 25","2025-12-05"
538,"RIVERTON MIDDLE SCHOOL PARA (ARSP)","Oct 06, 2025 6:00 AM (UTC)","RIVERTON MIDDLE SCHOOL PARA (ARSP)","RIVERTON MIDDLE SCHOOL","https://fremont25.schoolspring.com/","Fremont County School District 25","2025-12-05"
539,"SUBSTITUTE PARA","Sep 26, 2025 6:00 AM (UTC)","SUBSTITUTE PARA","Fremont County School District 25","https://fremont25.schoolspring.com/","Fremont County School District 25","2025-12-05"
540,"MIDDLE SCHOOL COACH (ASSISTANT TRACK)",NA,"MIDDLE SCHOOL COACH (ASSISTANT TRACK)","RIVERTON MIDDLE SCHOOL","https://fremont25.schoolspring.com/","Fremont County School District 25","2025-12-05"
541,"MIDDLE SCHOOL PARA (SPED LEARNING RESOURCE)",NA,"MIDDLE SCHOOL PARA (SPED LEARNING RESOURCE)","RIVERTON MIDDLE SCHOOL","https://fremont25.schoolspring.com/","Fremont County School District 25","2025-12-05"
542,"HIGH SCHOOL ASSISTANT COACH (WRESTLING)",NA,"HIGH SCHOOL ASSISTANT COACH (WRESTLING)","RIVERTON HIGH SCHOOL","https://fremont25.schoolspring.com/","Fremont County School District 25","2025-12-05"
543,"HIGH SCHOOL ASSISTANT COACH (TRACK)",NA,"HIGH SCHOOL ASSISTANT COACH (TRACK)","RIVERTON HIGH SCHOOL","https://fremont25.schoolspring.com/","Fremont County School District 25","2025-12-05"
544,"SUBSTITUTE INTERPRETER FOR DEAF/HARD OF HEARING STUDENTS",NA,"SUBSTITUTE INTERPRETER FOR DEAF/HARD OF HEARING STUDENTS","Fremont County School District 25","https://fremont25.schoolspring.com/","Fremont County School District 25","2025-12-05"
545,"SUBSTITUTE CUSTODIAN","Sep 17, 2024 12:00 AM (UTC)","SUBSTITUTE CUSTODIAN","Fremont County School District 25","https://fremont25.schoolspring.com/","Fremont County School District 25","2025-12-05"
546,"SUBSTITUTE DAYCARE ASSISTANT",NA,"SUBSTITUTE DAYCARE ASSISTANT","Fremont County School District 25","https://fremont25.schoolspring.com/","Fremont County School District 25","2025-12-05"
547,"SUBSTITUTE TEACHER",NA,"SUBSTITUTE TEACHER","Fremont County School District 25","https://fremont25.schoolspring.com/","Fremont County School District 25","2025-12-05"
548,"SUBSTITUTE NURSE",NA,"SUBSTITUTE NURSE","Fremont County School District 25","https://fremont25.schoolspring.com/","Fremont County School District 25","2025-12-05"
549,"LIFEGUARD",NA,"LIFEGUARD","RIVERTON AQUATICS CENTER","https://fremont25.schoolspring.com/","Fremont County School District 25","2025-12-05"
550,"DESK CLERK",NA,"DESK CLERK","RIVERTON AQUATICS CENTER","https://fremont25.schoolspring.com/","Fremont County School District 25","2025-12-05"
551,"SUBSTITUTE BUS DRIVER",NA,"SUBSTITUTE BUS DRIVER","BUS GARAGE - TRANSPORTATION","https://fremont25.schoolspring.com/","Fremont County School District 25","2025-12-05"
552,"High School Math Teacher",NA,"High School Math Teacher","Laramie High School","https://acsd1.schoolspring.com/","Albany Count School District 1","2025-12-05"
553,"Resource/Title I Paraprofessional",NA,"Resource/Title I Paraprofessional","Laramie High School","https://acsd1.schoolspring.com/","Albany Count School District 1","2025-12-05"
554,"Sports Paraprofessional",NA,"Sports Paraprofessional","Rock River High School","https://acsd1.schoolspring.com/","Albany Count School District 1","2025-12-05"
555,"Sports Paraprofessional",NA,"Sports Paraprofessional","Laramie Middle School","https://acsd1.schoolspring.com/","Albany Count School District 1","2025-12-05"
556,"Substitute Teacher",NA,"Substitute Teacher","Albany County School District 1","https://acsd1.schoolspring.com/","Albany Count School District 1","2025-12-05"
557,"Substitute Nurse",NA,"Substitute Nurse","Albany County School District 1","https://acsd1.schoolspring.com/","Albany Count School District 1","2025-12-05"
558,"Substitute Custodian",NA,"Substitute Custodian","Albany County School District 1","https://acsd1.schoolspring.com/","Albany Count School District 1","2025-12-05"
559,"Bus Aide",NA,"Bus Aide","Albany County School District 1","https://acsd1.schoolspring.com/","Albany Count School District 1","2025-12-05"
560,"Bus Driver",NA,"Bus Driver","Albany County School District 1","https://acsd1.schoolspring.com/","Albany Count School District 1","2025-12-05"
561,"Technology Assistant",NA,"Technology Assistant","BUFFALO RIDGE ELEMENTARY SCHOOL","https://campbell.schoolspring.com/","Campbell County Scholl District 1","2025-12-05"
562,"Special Programs Education Assistant",NA,"Special Programs Education Assistant","SAGE VALLEY JUNIOR HIGH SCHOOL","https://campbell.schoolspring.com/","Campbell County Scholl District 1","2025-12-05"
563,"Special Programs Education Assistant/ASD",NA,"Special Programs Education Assistant/ASD","THUNDER BASIN HIGH SCHOOL","https://campbell.schoolspring.com/","Campbell County Scholl District 1","2025-12-05"
564,"Instructional Teacher Assistant",NA,"Instructional Teacher Assistant","PRAIRIE WIND ELEMENTARY","https://campbell.schoolspring.com/","Campbell County Scholl District 1","2025-12-05"
565,"Special Programs Education Assistant/ASD",NA,"Special Programs Education Assistant/ASD","PRONGHORN ELEMENTARY","https://campbell.schoolspring.com/","Campbell County Scholl District 1","2025-12-05"
566,"Elementary Head Custodian",NA,"Elementary Head Custodian","ROZET ELEMENTARY","https://campbell.schoolspring.com/","Campbell County Scholl District 1","2025-12-05"
567,"Special Programs Education Assistant/ASD",NA,"Special Programs Education Assistant/ASD","LAKEVIEW ELEMENTARY","https://campbell.schoolspring.com/","Campbell County Scholl District 1","2025-12-05"
568,"Assistant Head Custodian",NA,"Assistant Head Custodian","THUNDER BASIN HIGH SCHOOL","https://campbell.schoolspring.com/","Campbell County Scholl District 1","2025-12-05"
569,"Special Programs Education Assistant",NA,"Special Programs Education Assistant","HILLCREST ELEMENTARY","https://campbell.schoolspring.com/","Campbell County Scholl District 1","2025-12-05"
570,"Student Custodian",NA,"Student Custodian","TWIN SPRUCE JUNIOR HIGH SCHOOL","https://campbell.schoolspring.com/","Campbell County Scholl District 1","2025-12-05"
571,"Office Clerk",NA,"Office Clerk","TWIN SPRUCE JUNIOR HIGH SCHOOL","https://campbell.schoolspring.com/","Campbell County Scholl District 1","2025-12-05"
572,"Nutrition Service Assistant",NA,"Nutrition Service Assistant","CAMPBELL COUNTY SCHOOL DISTRICT #1","https://campbell.schoolspring.com/","Campbell County Scholl District 1","2025-12-05"
573,"Special Programs Education Assistant","Oct 31, 2025 6:00 AM (UTC)","Special Programs Education Assistant","WAGONWHEEL ELEMENTARY","https://campbell.schoolspring.com/","Campbell County Scholl District 1","2025-12-05"
574,"Wright - Safety Patrol","Oct 29, 2025 6:00 AM (UTC)","Wright - Safety Patrol","CAMPBELL COUNTY SCHOOL DISTRICT #1","https://campbell.schoolspring.com/","Campbell County Scholl District 1","2025-12-05"
575,"Safety Patrol","Oct 29, 2025 6:00 AM (UTC)","Safety Patrol","CAMPBELL COUNTY SCHOOL DISTRICT #1","https://campbell.schoolspring.com/","Campbell County Scholl District 1","2025-12-05"
576,"Safety Patrol","Oct 29, 2025 6:00 AM (UTC)","Safety Patrol","CAMPBELL COUNTY SCHOOL DISTRICT #1","https://campbell.schoolspring.com/","Campbell County Scholl District 1","2025-12-05"
577,"Special Programs Education Assistant","Oct 24, 2025 6:00 AM (UTC)","Special Programs Education Assistant","PAINTBRUSH ELEMENTARY","https://campbell.schoolspring.com/","Campbell County Scholl District 1","2025-12-05"
578,"Special Programs Education Assistant for Students with High Needs","Sep 11, 2025 6:00 AM (UTC)","Special Programs Education Assistant for Students with High Needs","CAMPBELL COUNTY HIGH SCHOOL","https://campbell.schoolspring.com/","Campbell County Scholl District 1","2025-12-05"
579,"Hearing Impaired Interpreter","Sep 03, 2025 6:00 AM (UTC)","Hearing Impaired Interpreter","PRONGHORN ELEMENTARY","https://campbell.schoolspring.com/","Campbell County Scholl District 1","2025-12-05"
580,"Foreign Language Teacher - German",NA,"Foreign Language Teacher - German","CAMPBELL COUNTY HIGH SCHOOL","https://campbell.schoolspring.com/","Campbell County Scholl District 1","2025-12-05"
581,"Orientation and Mobility Specialist",NA,"Orientation and Mobility Specialist","CAMPBELL COUNTY SCHOOL DISTRICT #1","https://campbell.schoolspring.com/","Campbell County Scholl District 1","2025-12-05"
582,"Teacher for the Deaf and Hard of Hearing",NA,"Teacher for the Deaf and Hard of Hearing","CAMPBELL COUNTY SCHOOL DISTRICT #1","https://campbell.schoolspring.com/","Campbell County Scholl District 1","2025-12-05"
583,"BUS DRIVER/BUS DRIVER IN TRAINING",NA,"BUS DRIVER/BUS DRIVER IN TRAINING","CAMPBELL COUNTY SCHOOL DISTRICT #1","https://campbell.schoolspring.com/","Campbell County Scholl District 1","2025-12-05"
584,"Substitute School Nurse",NA,"Substitute School Nurse","CAMPBELL COUNTY SCHOOL DISTRICT #1","https://campbell.schoolspring.com/","Campbell County Scholl District 1","2025-12-05"
585,"Substitute Teacher",NA,"Substitute Teacher","CAMPBELL COUNTY SCHOOL DISTRICT #1","https://campbell.schoolspring.com/","Campbell County Scholl District 1","2025-12-05"
586,"SCHOOL PSYCHOLOGIST INTERN",NA,"SCHOOL PSYCHOLOGIST INTERN","CAMPBELL COUNTY SCHOOL DISTRICT #1","https://campbell.schoolspring.com/","Campbell County Scholl District 1","2025-12-05"
587,"Sample Classified Position",NA,"Sample Classified Position","CAMPBELL COUNTY SCHOOL DISTRICT #1","https://campbell.schoolspring.com/","Campbell County Scholl District 1","2025-12-05"
588,"Sample Certified Position",NA,"Sample Certified Position","CAMPBELL COUNTY SCHOOL DISTRICT #1","https://campbell.schoolspring.com/","Campbell County Scholl District 1","2025-12-05"
589,"Title I Aide Part Time",NA,"Classified","Thayne Elementary","https://lcsd2.org/employment-opportunities/","Lincoln County School District 2","2025-12-05"
590,"Special Education Aide",NA,"Classified","Thayne Elementary","https://lcsd2.org/employment-opportunities/","Lincoln County School District 2","2025-12-05"
591,"Special Education Aide",NA,"Classified","Etna Elementary","https://lcsd2.org/employment-opportunities/","Lincoln County School District 2","2025-12-05"
592,"Permanent Substitute Teacher",NA,"Substitute","Etna/Thayne Elementary","https://lcsd2.org/employment-opportunities/","Lincoln County School District 2","2025-12-05"
593,"Groundskeeper",NA,"Classified","Cokeville","https://lcsd2.org/employment-opportunities/","Lincoln County School District 2","2025-12-05"
594,"Food Service",NA,"Classified","Star Valley High School","https://lcsd2.org/employment-opportunities/","Lincoln County School District 2","2025-12-05"
595,"Title I Aide Part Time",NA,"Classified","Etna Elementary","https://lcsd2.org/employment-opportunities/","Lincoln County School District 2","2025-12-05"
596,"Bus Aide Part Time",NA,"Classified","Star Valley","https://lcsd2.org/employment-opportunities/","Lincoln County School District 2","2025-12-05"
597,"Substitute School Nurse",NA,"Classified","Star Valley","https://lcsd2.org/employment-opportunities/","Lincoln County School District 2","2025-12-05"
598,"Certified Substitute Teacher Pool",NA,"Substitute","Star Valley","https://lcsd2.org/employment-opportunities/","Lincoln County School District 2","2025-12-05"
599,"Certified Substitute Teacher Pool",NA,"Substitute","Cokeville","https://lcsd2.org/employment-opportunities/","Lincoln County School District 2","2025-12-05"
600,"Substitute Bus Drivers",NA,"Classified","Cokeville","https://lcsd2.org/employment-opportunities/","Lincoln County School District 2","2025-12-05"
601,"Substitute Bus Drivers",NA,"Classified","Star Valley","https://lcsd2.org/employment-opportunities/","Lincoln County School District 2","2025-12-05"
602,"Substitute Bus Aides",NA,"Classified","Star Valley","https://lcsd2.org/employment-opportunities/","Lincoln County School District 2","2025-12-05"
603,"Substitute Food Service (Cooks)",NA,"Classified","District","https://lcsd2.org/employment-opportunities/","Lincoln County School District 2","2025-12-05"
604,"Head Cheer Coach",NA,"Coaching","Star Valley High School","https://lcsd2.org/employment-opportunities/","Lincoln County School District 2","2025-12-05"
605,"Assistant Volleyball Coach",NA,"Coaching","Star Valley High School","https://lcsd2.org/employment-opportunities/","Lincoln County School District 2","2025-12-05"
606,"Volunteer Coach/Advisor",NA,"Coaching","District","https://lcsd2.org/employment-opportunities/","Lincoln County School District 2","2025-12-05"
607,"Assistant High School Boys Basketball",NA,"Coaching","District","https://www.growingluskleaders.org/page/human-resources","Niobrara County School District 1","2025-12-05"
608,"Assistant High School Football",NA,"Coaching","District","https://www.growingluskleaders.org/page/human-resources","Niobrara County School District 1","2025-12-05"
609,"Assistant Middle School Volleyball",NA,"Coaching","District","https://www.growingluskleaders.org/page/human-resources","Niobrara County School District 1","2025-12-05"
610,"Yearbook Sponsor",NA,"Coaching","District","https://www.growingluskleaders.org/page/human-resources","Niobrara County School District 1","2025-12-05"
611,"BUS DRIVER SUBSTITUTES- District Wide",NA,"Classified","District","https://www.growingluskleaders.org/page/human-resources","Niobrara County School District 1","2025-12-05"
612,"CUSTODIAL SUBSTITUTE- District Wide",NA,"Classified","District","https://www.growingluskleaders.org/page/human-resources","Niobrara County School District 1","2025-12-05"
613,"HS Assistant Track Coach",NA,"Coaching","District","https://pcsd16.com/271372_2","Park County School District 16","2025-12-05"
614,"SPECIAL EDUCATION PARAPROFESSIONAL",NA,"Classified","District","https://pcsd16.com/271372_2","Park County School District 16","2025-12-05"
615,"Substitutes for all Postions",NA,"Substitute","PCSD#1 Schools, Glendo and Wheatland","https://www.platte1.org/377683_4","Platte County School District 1","2025-12-05"
616,"WMS Drama Coach",NA,"Coaching","Wheatland Middle School","https://www.platte1.org/377683_4","Platte County School District 1","2025-12-05"
617,"Boys Basketball Aide",NA,"Coaching","Wheatland Middle School","https://www.platte1.org/377683_4","Platte County School District 1","2025-12-05"
618,"Assistant Softball Coaches",NA,"Coaching","Wheatland High School","https://www.platte1.org/377683_4","Platte County School District 1","2025-12-05"
619,"Substitutes for Custodians",NA,"Classified","District","https://www.platte1.org/377683_4","Platte County School District 1","2025-12-05"
620,"Student Transport Driver",NA,"Classified","Wheatland-Cheyene","https://www.platte1.org/377683_4","Platte County School District 1","2025-12-05"
621,"Cheer Aide",NA,"Coaching","Wheatland High School","https://www.platte1.org/377683_4","Platte County School District 1","2025-12-05"
622,"Special Education Paraeducator",NA,"Classified","District","https://www.guernseysunrise.org/page/employment","Platte County School District 2","2025-12-05"
623,"Custodial/Maintenance Position",NA,"Classified","District","https://www.guernseysunrise.org/page/employment","Platte County School District 2","2025-12-05"
624,"Jr High Girls Volleyball Coach",NA,"Coaching","District","https://www.guernseysunrise.org/page/employment","Platte County School District 2","2025-12-05"
625,"Substitute Activity Drivers",NA,"Classified","District","https://www.guernseysunrise.org/page/employment","Platte County School District 2","2025-12-05"
626,"Substitute Certified Teachers $160/Day",NA,"Substitute","District","https://www.guernseysunrise.org/page/employment","Platte County School District 2","2025-12-05"
627,"Substitute Paraeducators $100/Day",NA,"Classified","District","https://www.guernseysunrise.org/page/employment","Platte County School District 2","2025-12-05"
628,"Bus Driver",NA,"Classified","District","https://www.sheridan3.com/page/hr-and-career-opportunities","Sheridan County School District 3","2025-12-05"
629,"Certified Substitute Teachers ($150.00 per day (plus lunch) or $75.00 per 1/2 day)",NA,"Substitute","District","https://www.sheridan3.com/page/hr-and-career-opportunities","Sheridan County School District 3","2025-12-05"
630,"High School Assistant Volleyball",NA,"Coach","District","https://www.sheridan3.com/page/hr-and-career-opportunities","Sheridan County School District 3","2025-12-05"
631,"Bus Driver - Bus Driver",NA,"Classified","District","https://www.sub1.org/en-US/employment-and-human-resources-f26202d3","Sublette County School District 1","2025-12-05"
632,"Substitute Bus Driver",NA,"Classified","District","https://www.sub1.org/en-US/employment-and-human-resources-f26202d3","Sublette County School District 1","2025-12-05"
633,"Substitute School Nurse",NA,"Classified","District","https://www.sub1.org/en-US/employment-and-human-resources-f26202d3","Sublette County School District 1","2025-12-05"
634,"Substitutes",NA,"Substitute","District","https://www.sub1.org/en-US/employment-and-human-resources-f26202d3","Sublette County School District 1","2025-12-05"
635,"Track Coach- Middle School",NA,"Coach","District","https://www.sub1.org/en-US/employment-and-human-resources-f26202d3","Sublette County School District 1","2025-12-05"
636,"Part-Time, Wellness Coordinator for the Thrive Afterschool Program",NA,"Classified","District","https://www.sublette9.org/apps/pages/index.jsp?uREC_ID=4445550&type=d&pREC_ID=2685329","Sublette County School District 9","2025-12-05"
637,"Full Time, Assistant Pool Supervisor",NA,"Classified","District","https://www.sublette9.org/apps/pages/index.jsp?uREC_ID=4445550&type=d&pREC_ID=2685329","Sublette County School District 9","2025-12-05"
638,"Full Time Special Education Aide/Paraprofessional",NA,"Classified","District","https://www.sublette9.org/apps/pages/index.jsp?uREC_ID=4445550&type=d&pREC_ID=2685329","Sublette County School District 9","2025-12-05"
639,"High School Assistant Track",NA,"Coaching","District","https://www.sublette9.org/apps/pages/index.jsp?uREC_ID=4445550&type=d&pREC_ID=2685329","Sublette County School District 9","2025-12-05"
640,"All kinds of Substitutes",NA,"Substitute","District","https://www.sublette9.org/apps/pages/index.jsp?uREC_ID=4445550&type=d&pREC_ID=2685329","Sublette County School District 9","2025-12-05"
641,"Building Custodians- full time, year round",NA,"Classified","District","https://www.uinta4.com/departments/business_office/job_opportunities/current_openings","Uinta County School District 4","2025-12-05"
642,"Substitutes- all positions",NA,"Substitute","District","https://www.uinta4.com/departments/business_office/job_opportunities/current_openings","Uinta County School District 4","2025-12-05"
643,"Athletic Director Administrative Assistant",NA,"Classified","District","https://sites.google.com/lymanschools.org/ucsd6/home/job-openings?authuser=0","Uinta County School District 6","2025-12-05"
644,"Substitute Bus Drivers",NA,"Classified","District","https://sites.google.com/lymanschools.org/ucsd6/home/job-openings?authuser=0","Uinta County School District 6","2025-12-05"
645,"Substitute School Bus Aides",NA,"Classified","District","https://sites.google.com/lymanschools.org/ucsd6/home/job-openings?authuser=0","Uinta County School District 6","2025-12-05"
646,"Middle School Boys Basketball Coach",NA,"Coaching","District","https://sites.google.com/lymanschools.org/ucsd6/home/job-openings?authuser=0","Uinta County School District 6","2025-12-05"
647,"Always in need of substitutes",NA,"Substitute","District","https://sites.google.com/lymanschools.org/ucsd6/home/job-openings?authuser=0","Uinta County School District 6","2025-12-05"
648,"Substitute and activity BUS DRIVER",NA,"Classified","District","https://www.wsh2.k12.wy.us/apps/pages/index.jsp?uREC_ID=440610&type=d&pREC_ID=1008214","Washakie County School District 2","2025-12-05"
649,"High School Girls Basketball Coach",NA,"Coaching","District","https://www.wsh2.k12.wy.us/apps/pages/index.jsp?uREC_ID=440610&type=d&pREC_ID=1008214","Washakie County School District 2","2025-12-05"
650,"Special Education Case Manager Job Description",NA,"Certified","District","https://www.wcsd1.org/apps/pages/Career_Opportunities","Weston County School District 1","2025-12-05"
651,"Special Ed. Teacher position",NA,"Certified","District","https://www.wcsd1.org/apps/pages/Career_Opportunities","Weston County School District 1","2025-12-05"
652,"Paraprofessionals",NA,"Classified","District","https://www.wcsd1.org/apps/pages/Career_Opportunities","Weston County School District 1","2025-12-05"
653,"Middle School Volleyball Coach",NA,"Coaching","District","https://www.wcsd1.org/apps/pages/Career_Opportunities","Weston County School District 1","2025-12-05"
654,"Route Bus Drivers",NA,"Classified","District","https://www.wcsd1.org/apps/pages/Career_Opportunities","Weston County School District 1","2025-12-05"
655,"Substitutes",NA,"Substitute","District","https://www.wcsd1.org/apps/pages/Career_Opportunities","Weston County School District 1","2025-12-05"
656,"Custodial-Kitchen subs",NA,"Classified","District","https://www.wcsd1.org/apps/pages/Career_Opportunities","Weston County School District 1","2025-12-05"
657,"Sub Bus Driver",NA,"Classified","District","https://www.wcsd1.org/apps/pages/Career_Opportunities","Weston County School District 1","2025-12-05"
658,"Student Teaching Opportunities",NA,"Student Teaching","District","https://www.wcsd1.org/apps/pages/Career_Opportunities","Weston County School District 1","2025-12-05"
659,"MS Boys Basketball Coaching- Beginning 2025-26 season",NA,"Coaching","District","https://www.weston7.org/o/wcsd/page/employment","Weston County School District 7","2025-12-05"
660,"Substitute Teacher",NA,"Substitute","District","https://www.weston7.org/o/wcsd/page/employment","Weston County School District 7","2025-12-05"
661,"Substitute Paraprofessional",NA,"Classified","District","https://www.weston7.org/o/wcsd/page/employment","Weston County School District 7","2025-12-05"
662,"Substitute Custodian",NA,"Classified","District","https://www.weston7.org/o/wcsd/page/employment","Weston County School District 7","2025-12-05"
663,"Substitute Bus Driver (CDL preferred but willing to train)",NA,"Classified","District","https://www.weston7.org/o/wcsd/page/employment","Weston County School District 7","2025-12-05"
664,"Substitute Lunchroom Cook",NA,"Classified","District","https://www.weston7.org/o/wcsd/page/employment","Weston County School District 7","2025-12-05"
665,"Substitute Special Education Aides",NA,"Classified","District","https://www.weston7.org/o/wcsd/page/employment","Weston County School District 7","2025-12-05"
666,"Substitute Teachers",NA,"Substitute","District","https://www.weston7.org/o/wcsd/page/employment","Weston County School District 7","2025-12-05"
667,"Custodian",NA,"Classified","District","https://jobs.redroverk12.com/org/hotsprings1","Hot Springs County School District 1","2025-12-05"
668,"Transportation Assistant",NA,"Classified","District","https://jobs.redroverk12.com/org/hotsprings1","Hot Springs County School District 1","2025-12-05"
669,"Crossing Guard",NA,"Classified","District","https://jobs.redroverk12.com/org/hotsprings1","Hot Springs County School District 1","2025-12-05"
670,"Bus Driver",NA,"Classified","District","https://jobs.redroverk12.com/org/hotsprings1","Hot Springs County School District 1","2025-12-05"
671,"Part-Time Custodian",NA,"Classified","District","https://jobs.redroverk12.com/org/hotsprings1","Hot Springs County School District 1","2025-12-05"
672,"Substitute Teacher",NA,"Classified","District","https://jobs.redroverk12.com/org/hotsprings1","Hot Springs County School District 1","2025-12-05"
673,"Paraprofessional",NA,"Classified","District","https://jobs.redroverk12.com/org/hotsprings1","Hot Springs County School District 1","2025-12-05"
674,"Paraprofessional Substitute",NA,"Classified","District","https://jobs.redroverk12.com/org/jcsd1","Johnson County School District 1","2025-12-05"
675,"Custodial Staff Stubstitute",NA,"Classified","District","https://jobs.redroverk12.com/org/jcsd1","Johnson County School District 1","2025-12-05"
676,"Food Service Staff Substitutes",NA,"Classified","District","https://jobs.redroverk12.com/org/jcsd1","Johnson County School District 1","2025-12-05"
677,"Substitute Teacher",NA,"Substitute","District","https://jobs.redroverk12.com/org/jcsd1","Johnson County School District 1","2025-12-05"
678,"Substiture Buffalo Bus Route Driver",NA,"Classified","District","https://jobs.redroverk12.com/org/jcsd1","Johnson County School District 1","2025-12-05"
679,"Substitute Kaycee Bus Route Driver",NA,"Classified","Kaycee","https://jobs.redroverk12.com/org/jcsd1","Johnson County School District 1","2025-12-05"
680,"Asst. Track Coach",NA,"Coaching","Clear Creek Middle","https://jobs.redroverk12.com/org/jcsd1","Johnson County School District 1","2025-12-05"
