"X","title","date_posted","position","location","url","District","Archive_Date"
1,"Head Middle School Cross Country Coach-RMMS","2026-03-17","Athletics/ Activities/","Rocky Mountain Middle/High School","https://www.applitrack.com/bighorn1/onlineapp/JobPostings/view.asp?all=1","Big Horn School District 1","2026-05-22"
2,"Assistant Middle School Wrestling Coach-Rocky","2026-04-17","Athletics/ Activities/","Rocky Mountain Middle/High School","https://www.applitrack.com/bighorn1/onlineapp/JobPostings/view.asp?all=1","Big Horn School District 1","2026-05-22"
3,"Assistant Wrestling Coach-Girls/Boys RMHS","2026-05-04","Athletics/ Activities/","Rocky Mountain Middle/High School","https://www.applitrack.com/bighorn1/onlineapp/JobPostings/view.asp?all=1","Big Horn School District 1","2026-05-22"
4,"Assistant Middle School Boys Basketball Coach-RMMS","2026-05-11","Athletics/ Activities/","Rocky Mountain Middle/High School","https://www.applitrack.com/bighorn1/onlineapp/JobPostings/view.asp?all=1","Big Horn School District 1","2026-05-22"
5,"Assistant Middle School Track Coach-Rocky","2026-05-13","Athletics/ Activities/","Rocky Mountain Middle/High School","https://www.applitrack.com/bighorn1/onlineapp/JobPostings/view.asp?all=1","Big Horn School District 1","2026-05-22"
6,"Assistant Volleyball Coach-x2 Burlington","2026-05-14","Athletics/ Activities/","Burlington Schools","https://www.applitrack.com/bighorn1/onlineapp/JobPostings/view.asp?all=1","Big Horn School District 1","2026-05-22"
7,"Summer Food Program Cook High School Students 16 and older","2026-03-13","Food Service/","Burlington Schools","https://www.applitrack.com/bighorn1/onlineapp/JobPostings/view.asp?all=1","Big Horn School District 1","2026-05-22"
8,"Paraprofessional High School Special Education 37.25 hrs/week-Burlington","2026-05-19","Paraprofessional/","Burlington Schools","https://www.applitrack.com/bighorn1/onlineapp/JobPostings/view.asp?all=1","Big Horn School District 1","2026-05-22"
9,"Paraprofessional Title I .5/Special Education.5-RMES","2026-05-13","Paraprofessional/","Rocky Mountain Elementary","https://www.applitrack.com/bighorn1/onlineapp/JobPostings/view.asp?all=1","Big Horn School District 1","2026-05-22"
10,"Paraprofessional for Special Education 35.75 hours/week RMES","2026-04-21","Paraprofessional/","Rocky Mountain Elementary","https://www.applitrack.com/bighorn1/onlineapp/JobPostings/view.asp?all=1","Big Horn School District 1","2026-05-22"
11,"Paraprofessional Special Education 32.25 hrs/week RMES","2026-04-21","Paraprofessional/","Rocky Mountain Elementary","https://www.applitrack.com/bighorn1/onlineapp/JobPostings/view.asp?all=1","Big Horn School District 1","2026-05-22"
12,"Special Education Teacher-Cowley","2026-05-12","Special Education Teaching/","Rocky Mountain Middle/High School","https://www.applitrack.com/bighorn1/onlineapp/JobPostings/view.asp?all=1","Big Horn School District 1","2026-05-22"
13,"Sub Nurse","2020-09-23","Student Support Services/","Big Horn Co School District 1","https://www.applitrack.com/bighorn1/onlineapp/JobPostings/view.asp?all=1","Big Horn School District 1","2026-05-22"
14,"Sub - Teacher","2020-09-23","Substitute/","Big Horn Co School District 1","https://www.applitrack.com/bighorn1/onlineapp/JobPostings/view.asp?all=1","Big Horn School District 1","2026-05-22"
15,"Sub- Custodial/Cook/Secretary","2020-09-23","Support Staff/","Big Horn Co School District 1","https://www.applitrack.com/bighorn1/onlineapp/JobPostings/view.asp?all=1","Big Horn School District 1","2026-05-22"
16,"Sub - Paraprofessional","2020-09-23","Support Staff/","Big Horn Co School District 1","https://www.applitrack.com/bighorn1/onlineapp/JobPostings/view.asp?all=1","Big Horn School District 1","2026-05-22"
17,"Sub- Route Bus Driver - Burlington","2020-09-23","Support Staff/","Bus Barn - South","https://www.applitrack.com/bighorn1/onlineapp/JobPostings/view.asp?all=1","Big Horn School District 1","2026-05-22"
18,"Sub- Route Bus Driver - Cowley","2020-09-23","Support Staff/","Bus Barn - North","https://www.applitrack.com/bighorn1/onlineapp/JobPostings/view.asp?all=1","Big Horn School District 1","2026-05-22"
19,"Speech and Language Pathologist Assistant (SLPA)","2026-05-19","Student Support Services","Big Horn County School District #2","https://www.applitrack.com/bgh2/onlineapp/default.aspx?all=1","Big Horn School District 2","2026-05-22"
20,"Substitute Teacher","2022-03-30","Substitute/","Big Horn County School District #2","https://www.applitrack.com/bgh2/onlineapp/default.aspx?all=1","Big Horn School District 2","2026-05-22"
21,"Substitute Route and Activity Bus Drivers","2022-03-29","Transportation","Big Horn County School District #2","https://www.applitrack.com/bgh2/onlineapp/default.aspx?all=1","Big Horn School District 2","2026-05-22"
22,"Route Bus Driver","2025-05-27","Transportation/","Big Horn County School District #2","https://www.applitrack.com/bgh2/onlineapp/default.aspx?all=1","Big Horn School District 2","2026-05-22"
23,"Middle School Special Education Teacher","2026-05-18","Middle School Teaching/","Greybull Middle School","https://www.applitrack.com/bighorn/onlineapp/default.aspx?all=1","Big Horn School District 3","2026-05-22"
24,"Paraprofessional- Elementary School","2026-03-25","Support Staff/","Greybull Elementary School(High-Needs School)","https://www.applitrack.com/bighorn/onlineapp/default.aspx?all=1","Big Horn School District 3","2026-05-22"
25,"Substitute Teacher","2017-07-05","Substitute/","District Wide","https://www.applitrack.com/bighorn/onlineapp/default.aspx?all=1","Big Horn School District 3","2026-05-22"
26,"Substitute Bus Driver / Activity Driver","2024-12-17","Transportation/","Transportation","https://www.applitrack.com/bighorn/onlineapp/default.aspx?all=1","Big Horn School District 3","2026-05-22"
27,"Preschool Teacher","2026-05-11","Elementary School Teaching","Laura Irwin Elementary","https://www.applitrack.com/bgh4/onlineapp/default.aspx?all=1","Big Horn School District 4","2026-05-22"
28,"Middle School Special Education Teacher","2026-04-13","Middle School Teaching","RMS/RHS","https://www.applitrack.com/bgh4/onlineapp/default.aspx?all=1","Big Horn School District 4","2026-05-22"
29,"21 CCLC After School Program Activity Leaders","2020-01-21","Student Support Services","Laura Irwin Elementary","https://www.applitrack.com/bgh4/onlineapp/default.aspx?all=1","Big Horn School District 4","2026-05-22"
30,"Bus Driver","2022-01-07","Support Staff","District","https://www.applitrack.com/bgh4/onlineapp/default.aspx?all=1","Big Horn School District 4","2026-05-22"
31,"Substitute","2025-07-21","Support Staff","District","https://www.applitrack.com/bgh4/onlineapp/default.aspx?all=1","Big Horn School District 4","2026-05-22"
32,"Director of Human Resources","2026-02-17","Administration/","District","https://www.applitrack.com/crb1/onlineapp/jobpostings/view.asp?all=1","Carbon County School District 1","2026-05-22"
33,"Director of Special Services","2026-05-20","Administration/","District","https://www.applitrack.com/crb1/onlineapp/jobpostings/view.asp?all=1","Carbon County School District 1","2026-05-22"
34,"Lifeguard","2025-08-12","Aquatics/","Rawlins Pool","https://www.applitrack.com/crb1/onlineapp/jobpostings/view.asp?all=1","Carbon County School District 1","2026-05-22"
35,"Fall Play/State Drama Co-Sponsor","2026-04-27","Athletics/Activities/","Rawlins High School","https://www.applitrack.com/crb1/onlineapp/jobpostings/view.asp?all=1","Carbon County School District 1","2026-05-22"
36,"Spring Play Co-Sponsor","2026-04-27","Athletics/Activities/","Rawlins High School","https://www.applitrack.com/crb1/onlineapp/jobpostings/view.asp?all=1","Carbon County School District 1","2026-05-22"
37,"Asst. Girls Wrestling Coach","2026-05-12","Athletics/Activities/","Rawlins High School","https://www.applitrack.com/crb1/onlineapp/jobpostings/view.asp?all=1","Carbon County School District 1","2026-05-22"
38,"2nd Asst. 8th Girls Basketball Coach","2026-05-12","Athletics/Activities/","Rawlins Middle School","https://www.applitrack.com/crb1/onlineapp/jobpostings/view.asp?all=1","Carbon County School District 1","2026-05-22"
39,"Asst. High School Football Coach","2026-04-17","Athletics/Activities/","Little Snake River Valley School","https://www.applitrack.com/crb1/onlineapp/jobpostings/view.asp?all=1","Carbon County School District 1","2026-05-22"
40,"Asst. Boys Swim Coach","2026-04-27","Athletics/Activities/","Rawlins High School","https://www.applitrack.com/crb1/onlineapp/jobpostings/view.asp?all=1","Carbon County School District 1","2026-05-22"
41,"Elementary Teacher Grades 2-5","2026-03-31","Elementary School Teaching","Rawlins Elementary School","https://www.applitrack.com/crb1/onlineapp/jobpostings/view.asp?all=1","Carbon County School District 1","2026-05-22"
42,"Music Teacher","2026-04-15","Elementary School Teaching","Rawlins Elementary School","https://www.applitrack.com/crb1/onlineapp/jobpostings/view.asp?all=1","Carbon County School District 1","2026-05-22"
43,"STEM Teacher","2026-02-10","Elementary School Teaching","Rawlins Elementary School","https://www.applitrack.com/crb1/onlineapp/jobpostings/view.asp?all=1","Carbon County School District 1","2026-05-22"
44,"Substitute Food Service","2025-10-09","Food Service/","Food Service","https://www.applitrack.com/crb1/onlineapp/jobpostings/view.asp?all=1","Carbon County School District 1","2026-05-22"
45,"English Teacher","2026-04-16","High School Teaching","Rawlins High School","https://www.applitrack.com/crb1/onlineapp/jobpostings/view.asp?all=1","Carbon County School District 1","2026-05-22"
46,"6-12 Vocal Music Instructor","2026-05-11","High School Teaching/","Rawlins High School","https://www.applitrack.com/crb1/onlineapp/jobpostings/view.asp?all=1","Carbon County School District 1","2026-05-22"
47,"Custodial - Substitute","2024-02-16","Maintenance/Custodial","Little Snake River Valley School","https://www.applitrack.com/crb1/onlineapp/jobpostings/view.asp?all=1","Carbon County School District 1","2026-05-22"
48,"Substitute Custodian","2025-07-29","Maintenance/Custodial","District","https://www.applitrack.com/crb1/onlineapp/jobpostings/view.asp?all=1","Carbon County School District 1","2026-05-22"
49,"Speech Language Pathology Assistant (SLPA)","2026-04-21","Special Education","District","https://www.applitrack.com/crb1/onlineapp/jobpostings/view.asp?all=1","Carbon County School District 1","2026-05-22"
50,"Speech Language Pathologist (SLP)","2026-04-21","Special Education/","District","https://www.applitrack.com/crb1/onlineapp/jobpostings/view.asp?all=1","Carbon County School District 1","2026-05-22"
51,"Substitute Teacher","2025-07-29","Substitute/","District","https://www.applitrack.com/crb1/onlineapp/jobpostings/view.asp?all=1","Carbon County School District 1","2026-05-22"
52,"Substitute Bus Driver","2025-07-29","Transportation","District","https://www.applitrack.com/crb1/onlineapp/jobpostings/view.asp?all=1","Carbon County School District 1","2026-05-22"
53,"Bus Driver","2023-09-22","Transportation/","District","https://www.applitrack.com/crb1/onlineapp/jobpostings/view.asp?all=1","Carbon County School District 1","2026-05-22"
54,"First Assistant (Head) Middle School Boys Basketball Coach","2026-02-25","Athletics/Activities/","Encampment K-12","https://www.applitrack.com/crb2/onlineapp/default.aspx?all=1","Carbon County School District 2","2026-05-22"
55,"Other Assistant Middle School Boys Basketball Coach","2026-02-25","Athletics/Activities/","Encampment K-12","https://www.applitrack.com/crb2/onlineapp/default.aspx?all=1","Carbon County School District 2","2026-05-22"
56,"Assistant High School Volleyball Coach","2026-03-03","Athletics/Activities/","H-E-M Junior/Senior High School","https://www.applitrack.com/crb2/onlineapp/default.aspx?all=1","Carbon County School District 2","2026-05-22"
57,"Other Assistant Middle School Volleyball Coach","2026-03-06","Athletics/Activities/","H-E-M Junior/Senior High School","https://www.applitrack.com/crb2/onlineapp/default.aspx?all=1","Carbon County School District 2","2026-05-22"
58,"Assistant High School Girls Basketball Coach","2026-03-10","Athletics/Activities/","Saratoga Middle High School","https://www.applitrack.com/crb2/onlineapp/default.aspx?all=1","Carbon County School District 2","2026-05-22"
59,"Other Assistant Middle School Girls Basketball Coach","2026-03-10","Athletics/Activities/","Saratoga Middle High School","https://www.applitrack.com/crb2/onlineapp/default.aspx?all=1","Carbon County School District 2","2026-05-22"
60,"Other Assistant Middle School Football Coach","2026-03-10","Athletics/Activities/","Saratoga Middle High School","https://www.applitrack.com/crb2/onlineapp/default.aspx?all=1","Carbon County School District 2","2026-05-22"
61,"First Assistant (Head) Middle School Boys Basketball Coach","2026-03-10","Athletics/Activities/","Saratoga Middle High School","https://www.applitrack.com/crb2/onlineapp/default.aspx?all=1","Carbon County School District 2","2026-05-22"
62,"Other Assistant Middle School Track Coach","2026-03-16","Athletics/Activities/","H-E-M Junior/Senior High School","https://www.applitrack.com/crb2/onlineapp/default.aspx?all=1","Carbon County School District 2","2026-05-22"
63,"High School Assistant Boys Basketball Coach","2025-03-12","Athletics/Activities/","H-E-M Junior/Senior High School","https://www.applitrack.com/crb2/onlineapp/default.aspx?all=1","Carbon County School District 2","2026-05-22"
64,"Assistant MS/HS Cross Country Coach","2026-05-04","Athletics/Activities/","Saratoga Middle High School","https://www.applitrack.com/crb2/onlineapp/default.aspx?all=1","Carbon County School District 2","2026-05-22"
65,"Other Assistant Middle School Girls Wrestling Coach","2026-05-04","Athletics/Activities/","Saratoga Middle High School","https://www.applitrack.com/crb2/onlineapp/default.aspx?all=1","Carbon County School District 2","2026-05-22"
66,"Agriculture Teacher","2026-05-13","High School Teaching/","Saratoga Middle High School","https://www.applitrack.com/crb2/onlineapp/default.aspx?all=1","Carbon County School District 2","2026-05-22"
67,"Temporary Summer Help","2026-04-08","Maintenance/Custodial/","Encampment K-12","https://www.applitrack.com/crb2/onlineapp/default.aspx?all=1","Carbon County School District 2","2026-05-22"
68,"Temporary Summer Help","2026-04-09","Maintenance/Custodial/","Saratoga Elementary School","https://www.applitrack.com/crb2/onlineapp/default.aspx?all=1","Carbon County School District 2","2026-05-22"
69,"Temporary Summer Help","2026-04-15","Maintenance/Custodial/","H-E-M Junior/Senior High School","https://www.applitrack.com/crb2/onlineapp/default.aspx?all=1","Carbon County School District 2","2026-05-22"
70,"District Mechanic","2026-04-23","Other/","CCSD#2","https://www.applitrack.com/crb2/onlineapp/default.aspx?all=1","Carbon County School District 2","2026-05-22"
71,"Elementary School Counselor","2026-01-28","Student Support Services/","Hanna Elementary School","https://www.applitrack.com/crb2/onlineapp/default.aspx?all=1","Carbon County School District 2","2026-05-22"
72,"Occupational Therapist(s)","2023-12-22","Student Support Services/","CCSD#2","https://www.applitrack.com/crb2/onlineapp/default.aspx?all=1","Carbon County School District 2","2026-05-22"
73,"Substitute Bus Driver 2025/2026 School Year","2025-07-15","Substitute/","CCSD#2","https://www.applitrack.com/crb2/onlineapp/default.aspx?all=1","Carbon County School District 2","2026-05-22"
74,"Substitute Classroom/Special Education Aide 2025/2026 School Year","2025-07-15","Substitute/","CCSD#2","https://www.applitrack.com/crb2/onlineapp/default.aspx?all=1","Carbon County School District 2","2026-05-22"
75,"Substitute Cook Helpers 2025/2026 School Year","2025-07-15","Substitute/","CCSD#2","https://www.applitrack.com/crb2/onlineapp/default.aspx?all=1","Carbon County School District 2","2026-05-22"
76,"Substitute Custodian 2025/2026 School Year","2025-07-15","Substitute/","CCSD#2","https://www.applitrack.com/crb2/onlineapp/default.aspx?all=1","Carbon County School District 2","2026-05-22"
77,"Substitute Teacher 2025/2026 School Year","2025-07-15","Substitute/","CCSD#2","https://www.applitrack.com/crb2/onlineapp/default.aspx?all=1","Carbon County School District 2","2026-05-22"
78,"Route Bus Driver","2025-12-02","Support Staff/","Encampment K-12","https://www.applitrack.com/crb2/onlineapp/default.aspx?all=1","Carbon County School District 2","2026-05-22"
79,"High School Assistant Principal (7-12)","2026-05-04","Administration/","Glenrock Jr/Sr High School","https://www.applitrack.com/converse2/onlineapp/default.aspx?all=1","Converse County School Distrcit 2","2026-05-22"
80,"HS Assistant Volleyball Coach","2026-02-18","Athletics/Activities/","Glenrock Jr/Sr High School","https://www.applitrack.com/converse2/onlineapp/default.aspx?all=1","Converse County School Distrcit 2","2026-05-22"
81,"Junior High School (7-8) Head Football Coach","2026-04-02","Athletics/Activities/","Glenrock Jr/Sr High School","https://www.applitrack.com/converse2/onlineapp/default.aspx?all=1","Converse County School Distrcit 2","2026-05-22"
82,"JH Assistant Girls Basketball Coach","2026-04-02","Athletics/Activities/","Glenrock Jr/Sr High School","https://www.applitrack.com/converse2/onlineapp/default.aspx?all=1","Converse County School Distrcit 2","2026-05-22"
83,"High School Assistant Football Coach","2026-04-13","Athletics/Activities/","Glenrock Jr/Sr High School","https://www.applitrack.com/converse2/onlineapp/default.aspx?all=1","Converse County School Distrcit 2","2026-05-22"
84,"Food Service Van Driver - (Part -Time)","2026-03-09","Food Service/","Converse County School District #2","https://www.applitrack.com/converse2/onlineapp/default.aspx?all=1","Converse County School Distrcit 2","2026-05-22"
85,"Food Service Worker - Cook (Part -Time)","2025-12-02","Food Service/","Converse County School District #2","https://www.applitrack.com/converse2/onlineapp/default.aspx?all=1","Converse County School Distrcit 2","2026-05-22"
86,"Secondary Math Teacher (9-12)","2026-03-31","High School Teaching/","Glenrock Jr/Sr High School","https://www.applitrack.com/converse2/onlineapp/default.aspx?all=1","Converse County School Distrcit 2","2026-05-22"
87,"Night Custodian","2026-04-23","Maintenance/Custodial/","Converse County School District #2","https://www.applitrack.com/converse2/onlineapp/default.aspx?all=1","Converse County School Distrcit 2","2026-05-22"
88,"Occupational Therapist","2026-04-22","Student Support Services Certified/","Converse County School District #2","https://www.applitrack.com/converse2/onlineapp/default.aspx?all=1","Converse County School Distrcit 2","2026-05-22"
89,"Special Education Paraprofessional","2026-04-30","Student Support Services Classified/","Converse County School District #2","https://www.applitrack.com/converse2/onlineapp/default.aspx?all=1","Converse County School Distrcit 2","2026-05-22"
90,"Substitute Teacher/Aid/Cook/Custodian/Bus Driver/Summer Help","2019-03-26","Substitute/","Converse County School District #2","https://www.applitrack.com/converse2/onlineapp/default.aspx?all=1","Converse County School Distrcit 2","2026-05-22"
91,"Bus Driver (Route, Activity, Sub)","2023-04-13","Transportation/","Converse County School District #2","https://www.applitrack.com/converse2/onlineapp/default.aspx?all=1","Converse County School Distrcit 2","2026-05-22"
92,"DMS 8th Grade Football Assistant Coach","2026-05-14","Athletics/Activities/Extra Duty/","Activities Department","https://www.applitrack.com/ccsd1/onlineapp/default.aspx?all=1","Converse County School District 1","2026-05-22"
93,"DMS 7th Grade Volleyball Assistant Coach","2026-05-20","Athletics/Activities/Extra Duty/","Activities Department","https://www.applitrack.com/ccsd1/onlineapp/default.aspx?all=1","Converse County School District 1","2026-05-22"
94,"DHS Girls Swimming Assistant Coach","2026-05-14","Athletics/Activities/Extra Duty/","Activities Department","https://www.applitrack.com/ccsd1/onlineapp/default.aspx?all=1","Converse County School District 1","2026-05-22"
95,"DIS/DUES Art Grades 2-5","2026-05-07","Elementary School Teaching","Douglas Upper Elementary School","https://www.applitrack.com/ccsd1/onlineapp/default.aspx?all=1","Converse County School District 1","2026-05-22"
96,"Elementary Teachers","2026-04-09","Elementary School Teaching","Douglas Upper Elementary School","https://www.applitrack.com/ccsd1/onlineapp/default.aspx?all=1","Converse County School District 1","2026-05-22"
97,"K-1 / K-8 Rural Music","2026-04-10","Elementary School Teaching","Douglas Primary School","https://www.applitrack.com/ccsd1/onlineapp/default.aspx?all=1","Converse County School District 1","2026-05-22"
98,"K-1 / K-8 Rural Art","2026-04-10","Elementary School Teaching","Douglas Primary School","https://www.applitrack.com/ccsd1/onlineapp/default.aspx?all=1","Converse County School District 1","2026-05-22"
99,"ESY/Summer School Secretary","2026-03-11","ESY/","Student Support Services","https://www.applitrack.com/ccsd1/onlineapp/default.aspx?all=1","Converse County School District 1","2026-05-22"
100,"DHS Science Teacher","2026-05-12","High School Teaching/","Douglas High School","https://www.applitrack.com/ccsd1/onlineapp/default.aspx?all=1","Converse County School District 1","2026-05-22"
101,"DHS Custodian","2026-05-18","Maintenance/Custodial/","Maintenance","https://www.applitrack.com/ccsd1/onlineapp/default.aspx?all=1","Converse County School District 1","2026-05-22"
102,"DRC Field Crew Workers","2026-01-12","Recreation/","Douglas Recreation Center","https://www.applitrack.com/ccsd1/onlineapp/default.aspx?all=1","Converse County School District 1","2026-05-22"
103,"Elementary SPED Teacher","2026-01-21","Student Support Services","Elementary Schools","https://www.applitrack.com/ccsd1/onlineapp/default.aspx?all=1","Converse County School District 1","2026-05-22"
104,"Secondary SPED Teacher","2026-01-21","Student Support Services","Douglas Middle/High School","https://www.applitrack.com/ccsd1/onlineapp/default.aspx?all=1","Converse County School District 1","2026-05-22"
105,"Certified Occupational Therapy Assistant (COTA)","2026-05-06","Student Support Services","Converse County School District #1","https://www.applitrack.com/ccsd1/onlineapp/default.aspx?all=1","Converse County School District 1","2026-05-22"
106,"Special Services Administrative Assistant","2026-05-20","Student Support Services","Central Administration","https://www.applitrack.com/ccsd1/onlineapp/default.aspx?all=1","Converse County School District 1","2026-05-22"
107,"Special Education Functional Life Skills Teacher (Grades 6-8)","2026-03-26","Student Support Services/","Douglas Middle School","https://www.applitrack.com/ccsd1/onlineapp/default.aspx?all=1","Converse County School District 1","2026-05-22"
108,"School Psychologist","2026-03-12","Student Support Services/","Converse County School District #1","https://www.applitrack.com/ccsd1/onlineapp/default.aspx?all=1","Converse County School District 1","2026-05-22"
109,"DRC Substitute Recreation Monitor","2026-01-12","Substitute","Douglas Recreation Center","https://www.applitrack.com/ccsd1/onlineapp/default.aspx?all=1","Converse County School District 1","2026-05-22"
110,"Food Service Substitute","2025-12-03","Substitute","Central Administration","https://www.applitrack.com/ccsd1/onlineapp/default.aspx?all=1","Converse County School District 1","2026-05-22"
111,"Classified Substitute Positions","2025-07-29","Substitute","Central Administration","https://www.applitrack.com/ccsd1/onlineapp/default.aspx?all=1","Converse County School District 1","2026-05-22"
112,"Substitute Custodian","2025-08-19","Substitute/","Maintenance","https://www.applitrack.com/ccsd1/onlineapp/default.aspx?all=1","Converse County School District 1","2026-05-22"
113,"Certified Substitute","2025-07-29","Substitute/","Central Administration","https://www.applitrack.com/ccsd1/onlineapp/default.aspx?all=1","Converse County School District 1","2026-05-22"
114,"Substitute Bus Monitor/Paraprofessional","2025-07-29","Support Staff/","Transportation","https://www.applitrack.com/ccsd1/onlineapp/default.aspx?all=1","Converse County School District 1","2026-05-22"
115,"Substitute Crossing Guard","2025-07-29","Transportation/","Transportation","https://www.applitrack.com/ccsd1/onlineapp/default.aspx?all=1","Converse County School District 1","2026-05-22"
116,"Crossing Guard","2026-03-23","Transportation/","Transportation","https://www.applitrack.com/ccsd1/onlineapp/default.aspx?all=1","Converse County School District 1","2026-05-22"
117,"Head 7th Volleyball Coach","2025-12-16","Athletics/Activities/","Lander Middle School","https://www.applitrack.com/fremontwy/onlineapp/jobpostings/view.asp?all=1","Fremont County School District 1","2026-05-22"
118,"Head 8th Volleyball Coach","2025-12-19","Athletics/Activities/","Lander Middle School","https://www.applitrack.com/fremontwy/onlineapp/jobpostings/view.asp?all=1","Fremont County School District 1","2026-05-22"
119,"Elementary Teacher","2026-05-19","Certified Teaching/","Baldwin Creek Elementary","https://www.applitrack.com/fremontwy/onlineapp/jobpostings/view.asp?all=1","Fremont County School District 1","2026-05-22"
120,"Family and Consumer Science Teacher","2026-05-14","Certified Teaching/","Lander Middle School","https://www.applitrack.com/fremontwy/onlineapp/jobpostings/view.asp?all=1","Fremont County School District 1","2026-05-22"
121,"Science Teacher","2026-05-15","Certified Teaching/","Lander Valley High School","https://www.applitrack.com/fremontwy/onlineapp/jobpostings/view.asp?all=1","Fremont County School District 1","2026-05-22"
122,"Special Education Coordinator","2026-02-13","Certified Teaching/","Baldwin Creek Elementary & Pathfinder High School","https://www.applitrack.com/fremontwy/onlineapp/jobpostings/view.asp?all=1","Fremont County School District 1","2026-05-22"
123,"Special Education Life Skills Teacher","2026-04-16","Certified Teaching/","Lander Middle School","https://www.applitrack.com/fremontwy/onlineapp/jobpostings/view.asp?all=1","Fremont County School District 1","2026-05-22"
124,"Special Education Teacher - Behavior","2026-03-24","Certified Teaching/","Lander Valley High School","https://www.applitrack.com/fremontwy/onlineapp/jobpostings/view.asp?all=1","Fremont County School District 1","2026-05-22"
125,"Special Education Teacher - Extended Resource","2026-04-15","Certified Teaching/","Lander Valley High School","https://www.applitrack.com/fremontwy/onlineapp/jobpostings/view.asp?all=1","Fremont County School District 1","2026-05-22"
126,"Music Paraprofessional - 1/2 Time Employee","2026-05-08","Paraprofessional/","Gannett Peak Elementary","https://www.applitrack.com/fremontwy/onlineapp/jobpostings/view.asp?all=1","Fremont County School District 1","2026-05-22"
127,"Student Services Secretary","2026-05-13","Secretarial/Clerical/","Lander Middle School","https://www.applitrack.com/fremontwy/onlineapp/jobpostings/view.asp?all=1","Fremont County School District 1","2026-05-22"
128,"Speech-Language Pathologist","2026-03-05","Student Support Services/","District-wide","https://www.applitrack.com/fremontwy/onlineapp/jobpostings/view.asp?all=1","Fremont County School District 1","2026-05-22"
129,"Substitute Bus/Activity Driver (at-will)","2025-06-11","Substitute/","Central Services","https://www.applitrack.com/fremontwy/onlineapp/jobpostings/view.asp?all=1","Fremont County School District 1","2026-05-22"
130,"Adaptive PE Teacher","2026-03-18","Temporary/","District-wide","https://www.applitrack.com/fremontwy/onlineapp/jobpostings/view.asp?all=1","Fremont County School District 1","2026-05-22"
131,"Bus Route Driver","2026-04-21","Transportation / Warehouse/","District-wide","https://www.applitrack.com/fremontwy/onlineapp/jobpostings/view.asp?all=1","Fremont County School District 1","2026-05-22"
132,"Business Manager (Open until filled)","2026-03-19","Administration/","Fremont County School District 21","https://www.applitrack.com/fortwashakieschool/onlineapp/default.aspx?all=1","Fremont County School District 21","2026-05-22"
133,"Northern Arapaho Language Teachers - Open Until Filled","2026-05-08","Elementary School Teaching/","Fremont County School District 21","https://www.applitrack.com/fortwashakieschool/onlineapp/default.aspx?all=1","Fremont County School District 21","2026-05-22"
134,"High School English Teacher 2026-2027 School Year - Open Until Filled","2026-03-31","High School Teaching/","Fort Washakie High School","https://www.applitrack.com/fortwashakieschool/onlineapp/default.aspx?all=1","Fremont County School District 21","2026-05-22"
135,"Math Interventionist (6th - 8th Grades) Open Until Filled","2026-04-24","Middle School Teaching/","Fort Washakie Middle School","https://www.applitrack.com/fortwashakieschool/onlineapp/default.aspx?all=1","Fremont County School District 21","2026-05-22"
136,"Substitute Cooks","2025-10-06","Student Support Services/","Fort Washakie Elementary","https://www.applitrack.com/fortwashakieschool/onlineapp/default.aspx?all=1","Fremont County School District 21","2026-05-22"
137,"Special Education Teachers - Open Until Filled.","2026-03-24","Student Support Services/","Fort Washakie Elementary","https://www.applitrack.com/fortwashakieschool/onlineapp/default.aspx?all=1","Fremont County School District 21","2026-05-22"
138,"Special Education Teachers - Open Until Filled","2026-03-27","Student Support Services/","Fort Washakie High School","https://www.applitrack.com/fortwashakieschool/onlineapp/default.aspx?all=1","Fremont County School District 21","2026-05-22"
139,"Substitute Teacher","2023-09-12","Substitute/","Fort Washakie Elementary","https://www.applitrack.com/fortwashakieschool/onlineapp/default.aspx?all=1","Fremont County School District 21","2026-05-22"
140,"Paraprofessional (Special Education)","2026-03-24","Support Staff/","Fremont County School District 21","https://www.applitrack.com/fortwashakieschool/onlineapp/default.aspx?all=1","Fremont County School District 21","2026-05-22"
141,"Special Education Paraprofessionals with Possible Tuition Reimbursement 2026-2027","2026-05-12","Support Staff/","Special Ed Dept","https://www.applitrack.com/fremont24/onlineapp/default.aspx?all=1","Fremont County School District 24","2026-05-22"
142,"Bus Driver Substitutes 2025-2026","2025-08-08","Substitute/","K-12 Schoolwide","https://www.applitrack.com/fremont24/onlineapp/default.aspx?all=1","Fremont County School District 24","2026-05-22"
143,"Cooks Helper Substitutes 2025-2026","2025-08-08","Substitute/","District Office","https://www.applitrack.com/fremont24/onlineapp/default.aspx?all=1","Fremont County School District 24","2026-05-22"
144,"Custodian Substitutes 2025-2026","2025-08-08","Substitute/","District Wide","https://www.applitrack.com/fremont24/onlineapp/default.aspx?all=1","Fremont County School District 24","2026-05-22"
145,"Substitute School Nurse 2025-2026","2025-08-08","Substitute/","K-12 Schoolwide","https://www.applitrack.com/fremont24/onlineapp/default.aspx?all=1","Fremont County School District 24","2026-05-22"
146,"Substitute Teacher 2025-2026","2025-08-08","Substitute/","K-12 Schoolwide","https://www.applitrack.com/fremont24/onlineapp/default.aspx?all=1","Fremont County School District 24","2026-05-22"
147,"Substitute Daycare Assistant 2025-2026","2025-08-08","Substitute/","K-12 Schoolwide","https://www.applitrack.com/fremont24/onlineapp/default.aspx?all=1","Fremont County School District 24","2026-05-22"
149,"High School Assistant Volleyball Coach","2025-03-24","Athletics/Activities","Wind River High School","https://www.applitrack.com/fre6/onlineapp/default.aspx?all=1","Fremont County School District 6","2026-05-22"
150,"HS Boys Boasketball Coach HEAD","2026-03-11","Athletics/Activities","Wind River Middle/High School","https://www.applitrack.com/fre6/onlineapp/default.aspx?all=1","Fremont County School District 6","2026-05-22"
151,"Assistant HS Girls Basketball Coach","2026-03-26","Athletics/Activities","Wind River High School","https://www.applitrack.com/fre6/onlineapp/default.aspx?all=1","Fremont County School District 6","2026-05-22"
152,"Assistant High School Boys Basketball Coach","2026-04-22","Athletics/Activities","Wind River Schools","https://www.applitrack.com/fre6/onlineapp/default.aspx?all=1","Fremont County School District 6","2026-05-22"
153,"Assistant HS Football Coach","2026-04-22","Athletics/Activities","Wind River Schools","https://www.applitrack.com/fre6/onlineapp/default.aspx?all=1","Fremont County School District 6","2026-05-22"
154,"Head HS Girls Basketball Coach","2026-05-13","Athletics/Activities","Wind River Middle/High School","https://www.applitrack.com/fre6/onlineapp/default.aspx?all=1","Fremont County School District 6","2026-05-22"
155,"Head HS Wrestling Coach","2026-05-15","Athletics/Activities","Wind River Middle/High School","https://www.applitrack.com/fre6/onlineapp/default.aspx?all=1","Fremont County School District 6","2026-05-22"
156,"Youth Volleyball Coach","2026-05-20","Athletics/Activities","Wind River Elementary","https://www.applitrack.com/fre6/onlineapp/default.aspx?all=1","Fremont County School District 6","2026-05-22"
157,"Preschool Teacher","2026-05-18","Elementary School Teaching","Wind River Elementary","https://www.applitrack.com/fre6/onlineapp/default.aspx?all=1","Fremont County School District 6","2026-05-22"
158,"Grounds Keeper/Custodian","2026-04-23","Maintenance/Custodial/","Wind River Schools","https://www.applitrack.com/fre6/onlineapp/default.aspx?all=1","Fremont County School District 6","2026-05-22"
159,"Custodian","2026-05-12","Maintenance/Custodial/","Wind River Schools","https://www.applitrack.com/fre6/onlineapp/default.aspx?all=1","Fremont County School District 6","2026-05-22"
160,"Substitute Teacher","2024-08-20","Substitute/","Wind River Schools","https://www.applitrack.com/fre6/onlineapp/default.aspx?all=1","Fremont County School District 6","2026-05-22"
161,"Substitute Para/Custodian/Food Service","2024-11-14","Substitute/","Wind River Schools","https://www.applitrack.com/fre6/onlineapp/default.aspx?all=1","Fremont County School District 6","2026-05-22"
162,"Bus Driver","2026-05-19","Support Staff","Wind River Schools","https://www.applitrack.com/fre6/onlineapp/default.aspx?all=1","Fremont County School District 6","2026-05-22"
163,"Assistant High School Boys Basketball Coach","2026-05-15","Athletics/Activities/","Wyoming Indian High School","https://www.applitrack.com/fremont14/onlineapp/default.aspx?all=1","Fremont County School District 14","2026-05-22"
164,"Assistant High School Girls Basketball Coach","2026-05-15","Athletics/Activities/","Wyoming Indian High School","https://www.applitrack.com/fremont14/onlineapp/default.aspx?all=1","Fremont County School District 14","2026-05-22"
165,"High School Assistant Volleyball Coach","2026-05-15","Athletics/Activities/","Wyoming Indian High School","https://www.applitrack.com/fremont14/onlineapp/default.aspx?all=1","Fremont County School District 14","2026-05-22"
166,"Middle School Assistant Volleyball Coach","2026-05-15","Athletics/Activities/","Wyoming Indian Middle School","https://www.applitrack.com/fremont14/onlineapp/default.aspx?all=1","Fremont County School District 14","2026-05-22"
167,"Substitute School Nurse","2020-07-23","Student Health Services/","District Wide","https://www.applitrack.com/fremont14/onlineapp/default.aspx?all=1","Fremont County School District 14","2026-05-22"
168,"Middle School Building Intervention Program Aide","2026-05-15","Student Support Services","Wyoming Indian Middle School","https://www.applitrack.com/fremont14/onlineapp/default.aspx?all=1","Fremont County School District 14","2026-05-22"
169,"Speech Language Pathologist","2026-05-20","Student Support Services/","Wyoming Indian Elementary School","https://www.applitrack.com/fremont14/onlineapp/default.aspx?all=1","Fremont County School District 14","2026-05-22"
170,"Substitute Teacher - Classroom","2018-10-09","Substitute Certified/","District Wide","https://www.applitrack.com/fremont14/onlineapp/default.aspx?all=1","Fremont County School District 14","2026-05-22"
171,"Substitute School Secretary","2026-02-06","Substitute Non Certified","District Wide","https://www.applitrack.com/fremont14/onlineapp/default.aspx?all=1","Fremont County School District 14","2026-05-22"
172,"Substitute Cook","2018-10-10","Substitute Non Certified/","District Wide","https://www.applitrack.com/fremont14/onlineapp/default.aspx?all=1","Fremont County School District 14","2026-05-22"
173,"Substitute Custodian","2019-09-09","Substitute Non Certified/","District Wide","https://www.applitrack.com/fremont14/onlineapp/default.aspx?all=1","Fremont County School District 14","2026-05-22"
174,"Language and Culture Paraprofessional","2026-04-11","Support Staff/","District Wide","https://www.applitrack.com/fremont14/onlineapp/default.aspx?all=1","Fremont County School District 14","2026-05-22"
175,"Special Education Paraprofessional","2026-03-12","Support Staff/","Wyoming Indian Elementary School","https://www.applitrack.com/fremont14/onlineapp/default.aspx?all=1","Fremont County School District 14","2026-05-22"
176,"Bus Driver","2023-09-18","Transportation/","District Wide","https://www.applitrack.com/fremont14/onlineapp/default.aspx?all=1","Fremont County School District 14","2026-05-22"
177,"Substitute Bus Driver","2021-07-09","Transportation/","District Wide","https://www.applitrack.com/fremont14/onlineapp/default.aspx?all=1","Fremont County School District 14","2026-05-22"
179,"Substitute School Nurse","2025-09-18","Student Support Services/","District-Wide K-12","https://www.applitrack.com/park1/onlineapp/default.aspx?all=1","Park County School District 1","2026-05-22"
180,"Substitute Teacher","2024-07-03","Substitute/","District-Wide K-12","https://www.applitrack.com/park1/onlineapp/default.aspx?all=1","Park County School District 1","2026-05-22"
181,"Substitute Custodian","2024-07-03","Substitute Support Services/","District-Wide K-12","https://www.applitrack.com/park1/onlineapp/default.aspx?all=1","Park County School District 1","2026-05-22"
182,"Substitute Para-Educator","2024-07-03","Substitute Support Services/","District-Wide K-12","https://www.applitrack.com/park1/onlineapp/default.aspx?all=1","Park County School District 1","2026-05-22"
183,"Substitute Bus Driver","2021-09-27","Transportation/","Transportation Department","https://www.applitrack.com/park1/onlineapp/default.aspx?all=1","Park County School District 1","2026-05-22"
184,"Head Boys Basketball Coach","2026-05-08","Athletics/Activities/","Cody High School","https://www.applitrack.com/park6/onlineapp/default.aspx?all=1","Park County School District 6","2026-05-22"
185,"Elementary Classroom Teacher","2026-05-08","Elementary School Teaching","Eastside Elementary School","https://www.applitrack.com/park6/onlineapp/default.aspx?all=1","Park County School District 6","2026-05-22"
186,"Title I Teacher","2026-05-15","Elementary School Teaching","Eastside Elementary School","https://www.applitrack.com/park6/onlineapp/default.aspx?all=1","Park County School District 6","2026-05-22"
187,"Custodian","2026-04-10","Maintenance/Custodial/","Cody High School","https://www.applitrack.com/park6/onlineapp/default.aspx?all=1","Park County School District 6","2026-05-22"
188,"Custodian","2026-04-10","Maintenance/Custodial/","Livingston Elementary School","https://www.applitrack.com/park6/onlineapp/default.aspx?all=1","Park County School District 6","2026-05-22"
189,"District Administrative Assistant - Student Support Services","2026-04-27","Secretarial/Clerical/","District Office","https://www.applitrack.com/park6/onlineapp/default.aspx?all=1","Park County School District 6","2026-05-22"
190,"Life Skills Teacher","2026-03-27","Student Support Services/","Cody High School","https://www.applitrack.com/park6/onlineapp/default.aspx?all=1","Park County School District 6","2026-05-22"
191,"ASD Special Education Teacher","2026-03-27","Student Support Services/","Cody Middle School","https://www.applitrack.com/park6/onlineapp/default.aspx?all=1","Park County School District 6","2026-05-22"
192,"Elementary Special Education Resource Teacher","2026-02-06","Student Support Services/","Eastside Elementary School","https://www.applitrack.com/park6/onlineapp/default.aspx?all=1","Park County School District 6","2026-05-22"
193,"Substitute Paraeducator (Aide) 2025-2026 School Year","2025-07-16","Substitute/","All Schools","https://www.applitrack.com/park6/onlineapp/default.aspx?all=1","Park County School District 6","2026-05-22"
194,"Substitute Custodian 2025-2026 School Year","2025-07-16","Substitute/","All Schools","https://www.applitrack.com/park6/onlineapp/default.aspx?all=1","Park County School District 6","2026-05-22"
195,"Substitute Nurse 2025-2026 School Year","2025-07-16","Substitute/","All Schools","https://www.applitrack.com/park6/onlineapp/default.aspx?all=1","Park County School District 6","2026-05-22"
196,"Substitute Teacher 2025-2026 School Year","2025-07-16","Substitute/","All Schools","https://www.applitrack.com/park6/onlineapp/default.aspx?all=1","Park County School District 6","2026-05-22"
197,"Special Education Life Skills Paraeducator","2026-01-27","Support Staff/","Cody High School","https://www.applitrack.com/park6/onlineapp/default.aspx?all=1","Park County School District 6","2026-05-22"
198,"Special Education Resource Paraeducator","2026-04-10","Support Staff/","Cody Middle School","https://www.applitrack.com/park6/onlineapp/default.aspx?all=1","Park County School District 6","2026-05-22"
199,"Route Driver","2025-07-16","Transportation","All Schools","https://www.applitrack.com/park6/onlineapp/default.aspx?all=1","Park County School District 6","2026-05-22"
200,"Bus Aide","2025-07-16","Transportation","All Schools","https://www.applitrack.com/park6/onlineapp/default.aspx?all=1","Park County School District 6","2026-05-22"
201,"BHE Librarian","2026-05-18","Support Staff/","Big Horn Elementary","https://www.applitrack.com/sheridanwy/onlineapp/default.aspx?all=1","Sheridan County School District 1","2026-05-22"
202,"TRHS Head Boys Basketball Coach","2026-05-05","Athletics/Activities/","Tongue River High School","https://www.applitrack.com/sheridanwy/onlineapp/default.aspx?all=1","Sheridan County School District 1","2026-05-22"
203,"TRHS Assistant Boys Basketball Coach","2026-05-05","Athletics/Activities/","Tongue River High School","https://www.applitrack.com/sheridanwy/onlineapp/default.aspx?all=1","Sheridan County School District 1","2026-05-22"
204,"TRMS Assistant Cross-Country Coach","2026-02-04","Athletics/Activities/","Tongue River Middle School","https://www.applitrack.com/sheridanwy/onlineapp/default.aspx?all=1","Sheridan County School District 1","2026-05-22"
205,"TRMS Assistant Volleyball Coach","2026-02-04","Athletics/Activities/","Tongue River Middle School","https://www.applitrack.com/sheridanwy/onlineapp/default.aspx?all=1","Sheridan County School District 1","2026-05-22"
206,"Tongue River Custodian","2026-04-21","Maintenance/Custodial/","TR Schools","https://www.applitrack.com/sheridanwy/onlineapp/default.aspx?all=1","Sheridan County School District 1","2026-05-22"
207,"Big Horn Custodian","2025-12-08","Maintenance/Custodial/","Big Horn High School","https://www.applitrack.com/sheridanwy/onlineapp/default.aspx?all=1","Sheridan County School District 1","2026-05-22"
208,"Bus Driver","2025-04-01","Transportation/","District-Wide","https://www.applitrack.com/sheridanwy/onlineapp/default.aspx?all=1","Sheridan County School District 1","2026-05-22"
209,"TRMS Assistant Girls Basketball Coach","2025-05-20","Athletics/Activities/","Tongue River Middle School","https://www.applitrack.com/sheridanwy/onlineapp/default.aspx?all=1","Sheridan County School District 1","2026-05-22"
210,"TRHS Assistant Volleyball Coach","2025-05-28","Athletics/Activities/","Tongue River High School","https://www.applitrack.com/sheridanwy/onlineapp/default.aspx?all=1","Sheridan County School District 1","2026-05-22"
211,"TRHS Assistant Track Coach","2025-06-03","Athletics/Activities/","Tongue River High School","https://www.applitrack.com/sheridanwy/onlineapp/default.aspx?all=1","Sheridan County School District 1","2026-05-22"
212,"BHMS Assistant Football Coach","2025-07-28","Athletics/Activities/","Big Horn Middle School","https://www.applitrack.com/sheridanwy/onlineapp/default.aspx?all=1","Sheridan County School District 1","2026-05-22"
213,"TRMS Assistant Robotics Coach","2025-08-12","Athletics/Activities/","Tongue River Middle School","https://www.applitrack.com/sheridanwy/onlineapp/default.aspx?all=1","Sheridan County School District 1","2026-05-22"
214,"BHMS Assistant Boys Wrestling Coach","2025-09-08","Athletics/Activities/","Big Horn Middle School","https://www.applitrack.com/sheridanwy/onlineapp/default.aspx?all=1","Sheridan County School District 1","2026-05-22"
215,"TRHS Head Cross-Country Coach","2025-11-18","Athletics/Activities/","Tongue River High School","https://www.applitrack.com/sheridanwy/onlineapp/default.aspx?all=1","Sheridan County School District 1","2026-05-22"
216,"TRMS Assistant Boys Basketball Coach","2024-08-14","Athletics/Activities/","Tongue River Middle School","https://www.applitrack.com/sheridanwy/onlineapp/default.aspx?all=1","Sheridan County School District 1","2026-05-22"
217,"Substitute - Support Staff","2018-07-03","Substitute/","District-Wide","https://www.applitrack.com/sheridanwy/onlineapp/default.aspx?all=1","Sheridan County School District 1","2026-05-22"
218,"Substitute - Nurse","2025-09-04","Substitute/","TR Schools","https://www.applitrack.com/sheridanwy/onlineapp/default.aspx?all=1","Sheridan County School District 1","2026-05-22"
219,"Substitute - Teacher","2018-07-09","Substitute/","District-Wide","https://www.applitrack.com/sheridanwy/onlineapp/default.aspx?all=1","Sheridan County School District 1","2026-05-22"
220,"Principals Administrative Assistant - Sheridan High School","2026-04-24","Administrative/Clerical","Sheridan High School","https://www.applitrack.com/scsd2/OnlineApp/default.aspx?all=1","Sheridan County School District 2","2026-05-22"
221,"Office Paraprofessional - Sheridan High School","2026-05-06","Administrative/Clerical","Sheridan High School","https://www.applitrack.com/scsd2/OnlineApp/default.aspx?all=1","Sheridan County School District 2","2026-05-22"
222,"Administrative Assistant - Story Elementary","2026-05-13","Administrative/Clerical/","Story","https://www.applitrack.com/scsd2/OnlineApp/default.aspx?all=1","Sheridan County School District 2","2026-05-22"
223,"After School Program Site Coordinator - Highland Park Elementary","2026-05-12","After School Program/","Highland Park","https://www.applitrack.com/scsd2/OnlineApp/default.aspx?all=1","Sheridan County School District 2","2026-05-22"
224,"Assistant Football Coach - Sheridan High School","2026-05-05","Athletic Coaches","Sheridan High School","https://www.applitrack.com/scsd2/OnlineApp/default.aspx?all=1","Sheridan County School District 2","2026-05-22"
225,"Assistant Volleyball Coach - Sheridan High School","2026-04-30","Athletic Coaches","Sheridan High School","https://www.applitrack.com/scsd2/OnlineApp/default.aspx?all=1","Sheridan County School District 2","2026-05-22"
226,"Assistant Volleyball Coach - 8th Grade Girls - Sheridan Junior High School","2026-03-30","Athletic Coaches","Sheridan Junior High School","https://www.applitrack.com/scsd2/OnlineApp/default.aspx?all=1","Sheridan County School District 2","2026-05-22"
227,"Assistant Golf Coach - Sheridan High School","2026-04-16","Athletic Coaches","Sheridan High School","https://www.applitrack.com/scsd2/OnlineApp/default.aspx?all=1","Sheridan County School District 2","2026-05-22"
228,"Assistant Football Coach 8th Grade - Sheridan Junior High School","2026-04-21","Athletic Coaches","Sheridan Junior High School","https://www.applitrack.com/scsd2/OnlineApp/default.aspx?all=1","Sheridan County School District 2","2026-05-22"
229,"Assistant Basketball Coach - 9th Grade B Team - Sheridan High School","2026-02-10","Athletic Coaches","Sheridan High School","https://www.applitrack.com/scsd2/OnlineApp/default.aspx?all=1","Sheridan County School District 2","2026-05-22"
230,"Assistant Wrestling Coach - Sheridan Junior High School","2026-01-14","Athletic Coaches","Sheridan Junior High School","https://www.applitrack.com/scsd2/OnlineApp/default.aspx?all=1","Sheridan County School District 2","2026-05-22"
231,"Assistant Cross Country Coach - Sheridan Junior High School","2026-03-11","Athletic Coaches","Sheridan Junior High School","https://www.applitrack.com/scsd2/OnlineApp/default.aspx?all=1","Sheridan County School District 2","2026-05-22"
232,"Girls Assistant Volleyball Coach - 7th Grade B Team - Sheridan Junior High School","2026-03-12","Athletic Coaches","Sheridan Junior High School","https://www.applitrack.com/scsd2/OnlineApp/default.aspx?all=1","Sheridan County School District 2","2026-05-22"
233,"Girls Basketball Coach - 7th Grade C Team - Sheridan Junior High School","2026-03-12","Athletic Coaches","Sheridan Junior High School","https://www.applitrack.com/scsd2/OnlineApp/default.aspx?all=1","Sheridan County School District 2","2026-05-22"
234,"Head Football Coach - 7th Grade Boys - Sheridan Junior High School","2026-01-29","Athletic Coaches/","Sheridan Junior High School","https://www.applitrack.com/scsd2/OnlineApp/default.aspx?all=1","Sheridan County School District 2","2026-05-22"
235,"Head Basketball Coach - Boys 7th Grade - Sheridan Junior High School","2026-04-21","Athletic Coaches/","Sheridan Junior High School","https://www.applitrack.com/scsd2/OnlineApp/default.aspx?all=1","Sheridan County School District 2","2026-05-22"
236,"Head 8th Grade Football Coach - Sheridan Junior High School","2026-05-06","Athletic Coaches/","Sheridan Junior High School","https://www.applitrack.com/scsd2/OnlineApp/default.aspx?all=1","Sheridan County School District 2","2026-05-22"
237,"Human Resources Specialist","2026-05-18","Central Office Technicians/Specialists/","Central Office","https://www.applitrack.com/scsd2/OnlineApp/default.aspx?all=1","Sheridan County School District 2","2026-05-22"
238,"Elementary Title I Literacy Teacher - Henry A. Coffeen Elementary","2026-04-30","Elementary School Teaching","Henry A. Coffeen","https://www.applitrack.com/scsd2/OnlineApp/default.aspx?all=1","Sheridan County School District 2","2026-05-22"
239,"Agriculture/Industrial Tech Classroom Teacher - Sheridan High School","2026-05-06","High School Teaching","Sheridan High School","https://www.applitrack.com/scsd2/OnlineApp/default.aspx?all=1","Sheridan County School District 2","2026-05-22"
240,"Science Classroom Teacher - Sheridan High School","2026-05-11","High School Teaching/","Sheridan High School","https://www.applitrack.com/scsd2/OnlineApp/default.aspx?all=1","Sheridan County School District 2","2026-05-22"
241,"School Nurse - Sheridan Junior High School","2026-03-02","Nurses/","Sheridan Junior High School","https://www.applitrack.com/scsd2/OnlineApp/default.aspx?all=1","Sheridan County School District 2","2026-05-22"
242,"Pre-K Paraprofessional - Highland Park Elementary","2026-03-09","Paraprofessionals","Highland Park","https://www.applitrack.com/scsd2/OnlineApp/default.aspx?all=1","Sheridan County School District 2","2026-05-22"
243,"English Language Paraprofessional - Sagebrush Elementary","2026-05-07","Paraprofessionals","Sagebrush","https://www.applitrack.com/scsd2/OnlineApp/default.aspx?all=1","Sheridan County School District 2","2026-05-22"
244,"Special Education Paraprofessional - Sheridan High School","2026-05-03","Paraprofessionals","Sheridan High School","https://www.applitrack.com/scsd2/OnlineApp/default.aspx?all=1","Sheridan County School District 2","2026-05-22"
245,"Substitute Teacher (for prior SCSD2 Teachers only)","2025-07-01","Prior Employee/","District Wide","https://www.applitrack.com/scsd2/OnlineApp/default.aspx?all=1","Sheridan County School District 2","2026-05-22"
246,"Rotating Teacher - Districtwide","2026-04-28","Rotating Teacher","Central Office","https://www.applitrack.com/scsd2/OnlineApp/default.aspx?all=1","Sheridan County School District 2","2026-05-22"
247,"Seasonal Grounds Worker - Districtwide","2026-01-16","Seasonal Staff","District Wide","https://www.applitrack.com/scsd2/OnlineApp/default.aspx?all=1","Sheridan County School District 2","2026-05-22"
248,"Seasonal Bus Mechanic","2026-03-27","Seasonal Staff","Bus Barn","https://www.applitrack.com/scsd2/OnlineApp/default.aspx?all=1","Sheridan County School District 2","2026-05-22"
249,"Speech Language Pathologist - Districtwide","2026-02-23","Special Services Staff/",NA,"https://www.applitrack.com/scsd2/OnlineApp/default.aspx?all=1","Sheridan County School District 2","2026-05-22"
250,"Substitute Custodian - Districtwide","2024-08-29","Substitutes","District Wide","https://www.applitrack.com/scsd2/OnlineApp/default.aspx?all=1","Sheridan County School District 2","2026-05-22"
251,"Substitute Bus Paraprofessional - Districtwide","2025-04-28","Substitutes","Bus Barn","https://www.applitrack.com/scsd2/OnlineApp/default.aspx?all=1","Sheridan County School District 2","2026-05-22"
252,"Substitute Paraprofessional","2024-07-10","Substitutes","District Wide","https://www.applitrack.com/scsd2/OnlineApp/default.aspx?all=1","Sheridan County School District 2","2026-05-22"
253,"Substitute School Nurse","2024-07-10","Substitutes","District Wide","https://www.applitrack.com/scsd2/OnlineApp/default.aspx?all=1","Sheridan County School District 2","2026-05-22"
254,"Substitute Teacher","2025-07-01","Substitutes/","District Wide","https://www.applitrack.com/scsd2/OnlineApp/default.aspx?all=1","Sheridan County School District 2","2026-05-22"
255,"Bus Driver - Districtwide","2026-05-07","Transportation Staff","Bus Barn","https://www.applitrack.com/scsd2/OnlineApp/default.aspx?all=1","Sheridan County School District 2","2026-05-22"
256,"Substitute Bus Driver","2025-10-07","Transportation Staff","Bus Barn","https://www.applitrack.com/scsd2/OnlineApp/default.aspx?all=1","Sheridan County School District 2","2026-05-22"
257,"Attendance Secretary","2026-05-18","Administrative Support Services/","Rock Springs Junior High School","https://www.applitrack.com/sweetwater/onlineapp/default.aspx?all=1","Sweetwater County School District 1","2026-05-22"
258,"RSHS Assistant Outdoor Track Coach (2)","2026-05-12","Athletics/Activities/","Rock Springs High School","https://www.applitrack.com/sweetwater/onlineapp/default.aspx?all=1","Sweetwater County School District 1","2026-05-22"
259,"RSHS Assistant Tennis Coach","2026-05-12","Athletics/Activities/","Rock Springs High School","https://www.applitrack.com/sweetwater/onlineapp/default.aspx?all=1","Sweetwater County School District 1","2026-05-22"
260,"FEMS-FEHS Assistant Coach - Football","2025-03-03","Athletics/Activities/","Farson-Eden High School","https://www.applitrack.com/sweetwater/onlineapp/default.aspx?all=1","Sweetwater County School District 1","2026-05-22"
261,"RSHS Assistant Coach - Volleyball - Freshman","2026-01-13","Athletics/Activities/","Rock Springs High School","https://www.applitrack.com/sweetwater/onlineapp/default.aspx?all=1","Sweetwater County School District 1","2026-05-22"
262,"RSHS Assistant Coach - Football (3)","2026-02-10","Athletics/Activities/","Rock Springs High School","https://www.applitrack.com/sweetwater/onlineapp/default.aspx?all=1","Sweetwater County School District 1","2026-05-22"
263,"RSJH Assistant Football Coach - 7th Grade","2026-02-10","Athletics/Activities/","Rock Springs Junior High School","https://www.applitrack.com/sweetwater/onlineapp/default.aspx?all=1","Sweetwater County School District 1","2026-05-22"
264,"RSHS Assistant Indoor Track Coach (3)","2026-03-10","Athletics/Activities/","Rock Springs High School","https://www.applitrack.com/sweetwater/onlineapp/default.aspx?all=1","Sweetwater County School District 1","2026-05-22"
265,"RSHS Assistant Girls Basketball Coach - Freshman","2026-03-11","Athletics/Activities/","Rock Springs High School","https://www.applitrack.com/sweetwater/onlineapp/default.aspx?all=1","Sweetwater County School District 1","2026-05-22"
266,"RSHS Assistant Boys Basketball Coach - (2)","2026-03-19","Athletics/Activities/","Rock Springs High School","https://www.applitrack.com/sweetwater/onlineapp/default.aspx?all=1","Sweetwater County School District 1","2026-05-22"
267,"Farson/Eden MS Boys Assistant Basketball Coach","2026-04-21","Athletics/Activities/","Farson-Eden Middle School","https://www.applitrack.com/sweetwater/onlineapp/default.aspx?all=1","Sweetwater County School District 1","2026-05-22"
268,"RSJH Assistant Coach - Track and Field","2026-04-28","Athletics/Activities/","Rock Springs Junior High School","https://www.applitrack.com/sweetwater/onlineapp/default.aspx?all=1","Sweetwater County School District 1","2026-05-22"
269,"RSJH 7th Grade Volleyball Coach","2026-04-28","Athletics/Activities/","Rock Springs Junior High","https://www.applitrack.com/sweetwater/onlineapp/default.aspx?all=1","Sweetwater County School District 1","2026-05-22"
270,"RSHS Head Coach - Tennis","2026-04-14","Athletics/Activities/","Rock Springs High School","https://www.applitrack.com/sweetwater/onlineapp/default.aspx?all=1","Sweetwater County School District 1","2026-05-22"
271,"Assistant Principal - Eastside Elementary","2026-05-15","Certified Administrator/","Eastside Elementary","https://www.applitrack.com/sweetwater/onlineapp/default.aspx?all=1","Sweetwater County School District 1","2026-05-22"
272,"Elementary Teacher 5th Grade","2026-05-19","Certified Staff/","Farson-Eden Elementary","https://www.applitrack.com/sweetwater/onlineapp/default.aspx?all=1","Sweetwater County School District 1","2026-05-22"
273,"Elementary Teacher 4th Grade","2026-05-07","Certified Staff/","Pilot Butte Elementary","https://www.applitrack.com/sweetwater/onlineapp/default.aspx?all=1","Sweetwater County School District 1","2026-05-22"
274,"Elementary Teacher 1st Grade","2026-04-30","Certified Staff/","Walnut Elementary","https://www.applitrack.com/sweetwater/onlineapp/default.aspx?all=1","Sweetwater County School District 1","2026-05-22"
275,"EL Teacher","2026-05-13","Certified Staff/","Eastside Elementary","https://www.applitrack.com/sweetwater/onlineapp/default.aspx?all=1","Sweetwater County School District 1","2026-05-22"
276,"EL Teacher","2025-11-04","Certified Staff/","Rock Springs High School","https://www.applitrack.com/sweetwater/onlineapp/default.aspx?all=1","Sweetwater County School District 1","2026-05-22"
277,"English/Language Arts","2026-04-20","Certified Staff/","Rock Springs Junior High School","https://www.applitrack.com/sweetwater/onlineapp/default.aspx?all=1","Sweetwater County School District 1","2026-05-22"
278,"Spanish Teacher","2026-05-12","Certified Staff/","Rock Springs High School","https://www.applitrack.com/sweetwater/onlineapp/default.aspx?all=1","Sweetwater County School District 1","2026-05-22"
279,"School Counselor","2026-04-13","Certified Staff/","Farson Schools","https://www.applitrack.com/sweetwater/onlineapp/default.aspx?all=1","Sweetwater County School District 1","2026-05-22"
280,"School Counselor","2026-05-20","Certified Staff/","Eastside Elementary","https://www.applitrack.com/sweetwater/onlineapp/default.aspx?all=1","Sweetwater County School District 1","2026-05-22"
281,"Industrial Arts - Welding","2026-05-04","Certified Staff/","Rock Springs High School","https://www.applitrack.com/sweetwater/onlineapp/default.aspx?all=1","Sweetwater County School District 1","2026-05-22"
282,"Library Media Specialist K-3 (Stagecoach and Wamsutter)","2025-11-03","Certified Staff/","District Wide","https://www.applitrack.com/sweetwater/onlineapp/default.aspx?all=1","Sweetwater County School District 1","2026-05-22"
283,"Math Teacher","2025-11-05","Certified Staff/","Rock Springs High School","https://www.applitrack.com/sweetwater/onlineapp/default.aspx?all=1","Sweetwater County School District 1","2026-05-22"
284,"Music Teacher 4-6 (3)","2025-11-06","Certified Staff/","District Wide","https://www.applitrack.com/sweetwater/onlineapp/default.aspx?all=1","Sweetwater County School District 1","2026-05-22"
285,"Music Teacher K-3 (2)","2025-11-06","Certified Staff/","District Wide","https://www.applitrack.com/sweetwater/onlineapp/default.aspx?all=1","Sweetwater County School District 1","2026-05-22"
286,"School Nurse","2026-02-24","Certified Staff/","District Wide","https://www.applitrack.com/sweetwater/onlineapp/default.aspx?all=1","Sweetwater County School District 1","2026-05-22"
287,"School Psychologist (5)","2026-03-31","Certified Staff/","District Wide","https://www.applitrack.com/sweetwater/onlineapp/default.aspx?all=1","Sweetwater County School District 1","2026-05-22"
288,"Science Teacher","2026-05-12","Certified Staff/","Rock Springs Junior High School","https://www.applitrack.com/sweetwater/onlineapp/default.aspx?all=1","Sweetwater County School District 1","2026-05-22"
289,"Social Worker","2026-05-20","Certified Staff/","Lowell School","https://www.applitrack.com/sweetwater/onlineapp/default.aspx?all=1","Sweetwater County School District 1","2026-05-22"
290,"Social Worker","2026-03-31","Certified Staff/","Stagecoach Elementary","https://www.applitrack.com/sweetwater/onlineapp/default.aspx?all=1","Sweetwater County School District 1","2026-05-22"
291,"Social Worker","2025-11-06","Certified Staff/","Rock Springs High School","https://www.applitrack.com/sweetwater/onlineapp/default.aspx?all=1","Sweetwater County School District 1","2026-05-22"
292,"Resource Teacher (4)","2025-11-05","Certified Staff/","Rock Springs High School","https://www.applitrack.com/sweetwater/onlineapp/default.aspx?all=1","Sweetwater County School District 1","2026-05-22"
293,"Special Education - Resource Teacher (2)","2025-11-04","Certified Staff/","Eastside Elementary","https://www.applitrack.com/sweetwater/onlineapp/default.aspx?all=1","Sweetwater County School District 1","2026-05-22"
294,"Resource Teacher","2025-11-04","Certified Staff/","Overland Elementary","https://www.applitrack.com/sweetwater/onlineapp/default.aspx?all=1","Sweetwater County School District 1","2026-05-22"
295,"Resource Teacher","2025-11-04","Certified Staff/","Pilot Butte Elementary","https://www.applitrack.com/sweetwater/onlineapp/default.aspx?all=1","Sweetwater County School District 1","2026-05-22"
296,"Resource Teacher","2025-11-03","Certified Staff/","Desert Elementary (Wamsutter)","https://www.applitrack.com/sweetwater/onlineapp/default.aspx?all=1","Sweetwater County School District 1","2026-05-22"
297,"Resource Teacher (2)","2026-04-08","Certified Staff/","Rock Springs Junior High School","https://www.applitrack.com/sweetwater/onlineapp/default.aspx?all=1","Sweetwater County School District 1","2026-05-22"
298,"Alternative Behavior Program (ABP) Teacher","2026-03-12","Certified Staff/","Stagecoach Elementary","https://www.applitrack.com/sweetwater/onlineapp/default.aspx?all=1","Sweetwater County School District 1","2026-05-22"
299,"Alternative Behavior Program Teacher","2025-11-04","Certified Staff/","Rock Springs High School","https://www.applitrack.com/sweetwater/onlineapp/default.aspx?all=1","Sweetwater County School District 1","2026-05-22"
300,"Alternative Communication Program (ACP) Teacher","2025-11-04","Certified Staff/","Rock Springs High School","https://www.applitrack.com/sweetwater/onlineapp/default.aspx?all=1","Sweetwater County School District 1","2026-05-22"
301,"Alternative Behavior Program (ABP)","2025-11-05","Certified Staff/","Sage Elementary","https://www.applitrack.com/sweetwater/onlineapp/default.aspx?all=1","Sweetwater County School District 1","2026-05-22"
302,"Alternative Communications Program (ACP) Teacher","2026-03-10","Certified Staff/","Rock Springs Junior High School","https://www.applitrack.com/sweetwater/onlineapp/default.aspx?all=1","Sweetwater County School District 1","2026-05-22"
303,"Alternative Communications Program","2026-02-11","Certified Staff/","Stagecoach Elementary","https://www.applitrack.com/sweetwater/onlineapp/default.aspx?all=1","Sweetwater County School District 1","2026-05-22"
304,"Speech and Language Pathologist (3)","2026-03-31","Certified Staff/","District Wide","https://www.applitrack.com/sweetwater/onlineapp/default.aspx?all=1","Sweetwater County School District 1","2026-05-22"
305,"Title One Teacher","2026-02-17","Certified Staff/","Eastside Elementary","https://www.applitrack.com/sweetwater/onlineapp/default.aspx?all=1","Sweetwater County School District 1","2026-05-22"
306,"Bus Driver/Classroom Paraprofessional","2025-08-11","Combined Positions/","Desert Elementary (Wamsutter)","https://www.applitrack.com/sweetwater/onlineapp/default.aspx?all=1","Sweetwater County School District 1","2026-05-22"
307,"Early Head Start Full-Time Daycare Assistant","2026-05-18","Daycare/","Overland Elementary","https://www.applitrack.com/sweetwater/onlineapp/default.aspx?all=1","Sweetwater County School District 1","2026-05-22"
308,"Substitute - Head Start","2018-06-12","Head Start","Overland Elementary","https://www.applitrack.com/sweetwater/onlineapp/default.aspx?all=1","Sweetwater County School District 1","2026-05-22"
309,"Maintenance Technician","2026-04-15","Maintenance/Custodial","Maintenance","https://www.applitrack.com/sweetwater/onlineapp/default.aspx?all=1","Sweetwater County School District 1","2026-05-22"
310,"Activities Lead/ Full Time Custodian","2026-03-03","Maintenance/Custodial/","District Wide","https://www.applitrack.com/sweetwater/onlineapp/default.aspx?all=1","Sweetwater County School District 1","2026-05-22"
311,"Nutrition Services Assistant","2026-01-27","Nutrition Services/","Rock Springs High School","https://www.applitrack.com/sweetwater/onlineapp/default.aspx?all=1","Sweetwater County School District 1","2026-05-22"
312,"Nutrition Services Assistant","2026-05-05","Nutrition Services/","Rock Springs Junior High","https://www.applitrack.com/sweetwater/onlineapp/default.aspx?all=1","Sweetwater County School District 1","2026-05-22"
313,"Nutrition Services Manager","2026-05-19","Nutrition Services/","Rock Springs Junior High","https://www.applitrack.com/sweetwater/onlineapp/default.aspx?all=1","Sweetwater County School District 1","2026-05-22"
314,"Nutrition Services Substitute","2024-07-18","Nutrition Services/","District Wide","https://www.applitrack.com/sweetwater/onlineapp/default.aspx?all=1","Sweetwater County School District 1","2026-05-22"
315,"Summer Nutrition Services Van Driver","2026-05-11","Nutrition Services/","Multiple Schools","https://www.applitrack.com/sweetwater/onlineapp/default.aspx?all=1","Sweetwater County School District 1","2026-05-22"
316,"Classroom Paraprofessional","2026-04-21","Paraprofessional/","Pilot Butte Elementary","https://www.applitrack.com/sweetwater/onlineapp/default.aspx?all=1","Sweetwater County School District 1","2026-05-22"
317,"Classroom Paraprofessional","2026-05-04","Paraprofessional/","Rock Springs High School","https://www.applitrack.com/sweetwater/onlineapp/default.aspx?all=1","Sweetwater County School District 1","2026-05-22"
318,"ELL Paraprofessional","2026-03-23","Paraprofessional/","Walnut Elementary","https://www.applitrack.com/sweetwater/onlineapp/default.aspx?all=1","Sweetwater County School District 1","2026-05-22"
319,"ELL Paraprofessional","2026-01-29","Paraprofessional/","Desert View Elementary","https://www.applitrack.com/sweetwater/onlineapp/default.aspx?all=1","Sweetwater County School District 1","2026-05-22"
320,"ELL Paraprofessional","2025-12-01","Paraprofessional/","Rock Springs Junior High School","https://www.applitrack.com/sweetwater/onlineapp/default.aspx?all=1","Sweetwater County School District 1","2026-05-22"
321,"Itinerant Paraprofessional/Testing Assistant","2026-05-05","Paraprofessional/","District Wide","https://www.applitrack.com/sweetwater/onlineapp/default.aspx?all=1","Sweetwater County School District 1","2026-05-22"
322,"Resource Room Paraprofessional","2025-08-21","Paraprofessional/","Rock Springs Satellite High School","https://www.applitrack.com/sweetwater/onlineapp/default.aspx?all=1","Sweetwater County School District 1","2026-05-22"
323,"Resource Room Paraprofessional (2)","2025-09-10","Paraprofessional/","Rock Springs High School","https://www.applitrack.com/sweetwater/onlineapp/default.aspx?all=1","Sweetwater County School District 1","2026-05-22"
324,"Alternative Behavior Special Programs One-on-One Paraprofessional","2026-03-05","Paraprofessional/","Eastside Elementary","https://www.applitrack.com/sweetwater/onlineapp/default.aspx?all=1","Sweetwater County School District 1","2026-05-22"
325,"Special Programs Paraprofessional (Alternative Communications Program)","2026-02-18","Paraprofessional/","Rock Springs Junior High School","https://www.applitrack.com/sweetwater/onlineapp/default.aspx?all=1","Sweetwater County School District 1","2026-05-22"
326,"Special Programs Paraprofessional (Alternative Behavior Program)","2026-05-04","Paraprofessional/","Rock Springs High School","https://www.applitrack.com/sweetwater/onlineapp/default.aspx?all=1","Sweetwater County School District 1","2026-05-22"
327,"Special Programs One-on-One Paraprofessional","2026-04-16","Paraprofessional/","Sage Elementary","https://www.applitrack.com/sweetwater/onlineapp/default.aspx?all=1","Sweetwater County School District 1","2026-05-22"
328,"Alternative Behavior Special Programs One-on-One Paraprofessional","2026-04-15","Paraprofessional/","Sage Elementary","https://www.applitrack.com/sweetwater/onlineapp/default.aspx?all=1","Sweetwater County School District 1","2026-05-22"
329,"One-On-One Paraprofessional","2026-03-30","Paraprofessional/","Pilot Butte Elementary","https://www.applitrack.com/sweetwater/onlineapp/default.aspx?all=1","Sweetwater County School District 1","2026-05-22"
330,"Special Programs (Alternative Academics Program) Paraprofessional (2)","2026-03-23","Paraprofessional/","Rock Springs High School","https://www.applitrack.com/sweetwater/onlineapp/default.aspx?all=1","Sweetwater County School District 1","2026-05-22"
331,"Alternate Academic Special Programs One-on-One Paraprofessional","2026-03-16","Paraprofessional/","Eastside Elementary","https://www.applitrack.com/sweetwater/onlineapp/default.aspx?all=1","Sweetwater County School District 1","2026-05-22"
332,"One-On-One Paraprofessional","2026-03-16","Paraprofessional/","Eastside Elementary","https://www.applitrack.com/sweetwater/onlineapp/default.aspx?all=1","Sweetwater County School District 1","2026-05-22"
333,"High School Special Education Paraprofessional and Daycare Assistant - Overland/RSHS","2026-04-07","Paraprofessional/","Overland/RSHS","https://www.applitrack.com/sweetwater/onlineapp/default.aspx?all=1","Sweetwater County School District 1","2026-05-22"
334,"High School Special Education Paraprofessional and Daycare Assistant - Overland/RSHS","2026-04-07","Paraprofessional/","Overland/RSHS","https://www.applitrack.com/sweetwater/onlineapp/default.aspx?all=1","Sweetwater County School District 1","2026-05-22"
335,"Special Programs One-on-One Paraprofessional","2026-05-12","Paraprofessional/","Sage Elementary","https://www.applitrack.com/sweetwater/onlineapp/default.aspx?all=1","Sweetwater County School District 1","2026-05-22"
336,"One-On-One Paraprofessional","2026-05-18","Paraprofessional/","Rock Springs High School","https://www.applitrack.com/sweetwater/onlineapp/default.aspx?all=1","Sweetwater County School District 1","2026-05-22"
337,"Certified Substitute School Nurse","2019-10-03","Substitute","District Wide","https://www.applitrack.com/sweetwater/onlineapp/default.aspx?all=1","Sweetwater County School District 1","2026-05-22"
338,"BOCES Part Time Building Substitute Teacher (2) - One Year Only","2025-06-05","Substitute/","Overland Elementary","https://www.applitrack.com/sweetwater/onlineapp/default.aspx?all=1","Sweetwater County School District 1","2026-05-22"
339,"2025-2026 Substitute Teacher - Part-Time","2025-07-07","Substitute/","District Wide","https://www.applitrack.com/sweetwater/onlineapp/default.aspx?all=1","Sweetwater County School District 1","2026-05-22"
340,"Summer Strength and Conditioning Coach","2026-05-18","Summer Employees","Rock Springs High School","https://www.applitrack.com/sweetwater/onlineapp/default.aspx?all=1","Sweetwater County School District 1","2026-05-22"
341,"Summer Custodian (2)","2026-04-21","Summer Employees/","Multiple Schools","https://www.applitrack.com/sweetwater/onlineapp/default.aspx?all=1","Sweetwater County School District 1","2026-05-22"
342,"Substitute Summer Nutrition Services Van Driver","2026-05-11","Summer Employees/","District Wide","https://www.applitrack.com/sweetwater/onlineapp/default.aspx?all=1","Sweetwater County School District 1","2026-05-22"
343,"Substitute Summer Feeding Program Assistant (3)","2026-05-11","Summer Employees/","District Wide","https://www.applitrack.com/sweetwater/onlineapp/default.aspx?all=1","Sweetwater County School District 1","2026-05-22"
344,"Summer Feeding Program Assistant","2026-05-11","Summer Employees/","Farson Schools","https://www.applitrack.com/sweetwater/onlineapp/default.aspx?all=1","Sweetwater County School District 1","2026-05-22"
345,"Summer Feeding Program Assistant","2026-05-11","Summer Employees/","Desert View Elementary","https://www.applitrack.com/sweetwater/onlineapp/default.aspx?all=1","Sweetwater County School District 1","2026-05-22"
346,"Summer Feeding Program Assistant","2026-05-11","Summer Employees/","Northpark Elementary","https://www.applitrack.com/sweetwater/onlineapp/default.aspx?all=1","Sweetwater County School District 1","2026-05-22"
347,"Summer Feeding Program Assistant","2026-05-11","Summer Employees/","Sage Elementary","https://www.applitrack.com/sweetwater/onlineapp/default.aspx?all=1","Sweetwater County School District 1","2026-05-22"
348,"Summer Feeding Program Assistant","2026-05-11","Summer Employees/","Walnut Elementary","https://www.applitrack.com/sweetwater/onlineapp/default.aspx?all=1","Sweetwater County School District 1","2026-05-22"
349,"Summer Feeding Program Assistant (2)","2026-05-11","Summer Employees/","Rock Springs Junior High School","https://www.applitrack.com/sweetwater/onlineapp/default.aspx?all=1","Sweetwater County School District 1","2026-05-22"
350,"Summer Feeding Program Assistant","2026-05-11","Summer Employees/","Rock Springs High School","https://www.applitrack.com/sweetwater/onlineapp/default.aspx?all=1","Sweetwater County School District 1","2026-05-22"
351,"Summer Maintenance Laborer (2)","2026-04-21","Summer Employees/","Maintenance","https://www.applitrack.com/sweetwater/onlineapp/default.aspx?all=1","Sweetwater County School District 1","2026-05-22"
352,"Summer Technology Job Shadower (3)","2026-04-13","Summer Employees/","Central Administration","https://www.applitrack.com/sweetwater/onlineapp/default.aspx?all=1","Sweetwater County School District 1","2026-05-22"
353,"Summer Technology Intern (3)","2026-04-13","Summer Employees/","Central Administration","https://www.applitrack.com/sweetwater/onlineapp/default.aspx?all=1","Sweetwater County School District 1","2026-05-22"
354,"Bus Aide","2026-02-04","Transportation/","Transportation","https://www.applitrack.com/sweetwater/onlineapp/default.aspx?all=1","Sweetwater County School District 1","2026-05-22"
355,"Part-Time Bus Driver (26 Hours/Week)","2026-01-19","Transportation/","Transportation","https://www.applitrack.com/sweetwater/onlineapp/default.aspx?all=1","Sweetwater County School District 1","2026-05-22"
356,"GRHS Assistant Girls Soccer Coach","2025-06-05","Athletics/Activities/","Green River High School","https://www.applitrack.com/swcsd2/onlineapp/default.aspx?all=1","Sweetwater County School District 2","2026-05-22"
357,"GRHS Asst Boys Swimming Diving Coach","2026-04-10","Athletics/Activities/","Green River High School","https://www.applitrack.com/swcsd2/onlineapp/default.aspx?all=1","Sweetwater County School District 2","2026-05-22"
358,"GRHS Assistant Girls Wrestling Coach","2026-04-10","Athletics/Activities/","Green River High School","https://www.applitrack.com/swcsd2/onlineapp/default.aspx?all=1","Sweetwater County School District 2","2026-05-22"
359,"GRHS Assistant Summer Weight Room Supervisor","2026-04-10","Athletics/Activities/","Green River High School","https://www.applitrack.com/swcsd2/onlineapp/default.aspx?all=1","Sweetwater County School District 2","2026-05-22"
360,"Lincoln Middle School Assistant Boys Swimming Coach","2026-04-10","Athletics/Activities/","Green River High School","https://www.applitrack.com/swcsd2/onlineapp/default.aspx?all=1","Sweetwater County School District 2","2026-05-22"
361,"GRHS Assistant Football Coach","2026-04-30","Athletics/Activities/","Green River High School","https://www.applitrack.com/swcsd2/onlineapp/default.aspx?all=1","Sweetwater County School District 2","2026-05-22"
362,"GRHS Assistant Dance Coach","2026-05-11","Athletics/Activities/","Green River High School","https://www.applitrack.com/swcsd2/onlineapp/default.aspx?all=1","Sweetwater County School District 2","2026-05-22"
363,"Third Grade Elementary Classroom Teacher","2026-05-07","Elementary School Teaching","Truman Elementary School","https://www.applitrack.com/swcsd2/onlineapp/default.aspx?all=1","Sweetwater County School District 2","2026-05-22"
364,"Special Education Teacher (Grades 9-12)","2026-03-23","High School Teaching/","Green River High School","https://www.applitrack.com/swcsd2/onlineapp/default.aspx?all=1","Sweetwater County School District 2","2026-05-22"
365,"Substitute Custodian","2025-07-10","Maintenance/Custodial/","Maintenance Department","https://www.applitrack.com/swcsd2/onlineapp/default.aspx?all=1","Sweetwater County School District 2","2026-05-22"
366,"Substitute Nutrition Services","2025-07-10","Nutrition Services/","Nutrition Services Department","https://www.applitrack.com/swcsd2/onlineapp/default.aspx?all=1","Sweetwater County School District 2","2026-05-22"
367,"English Language Learning Paraprofessional","2025-10-13","Paraprofessional/","Monroe Elementary School","https://www.applitrack.com/swcsd2/onlineapp/default.aspx?all=1","Sweetwater County School District 2","2026-05-22"
368,"Substitute School Nurse","2026-05-11","Substitute/","Central Office","https://www.applitrack.com/swcsd2/onlineapp/default.aspx?all=1","Sweetwater County School District 2","2026-05-22"
369,"Substitute Teacher","2025-07-10","Substitute/","Central Office","https://www.applitrack.com/swcsd2/onlineapp/default.aspx?all=1","Sweetwater County School District 2","2026-05-22"
370,"Substitute Teacher Aide","2025-07-10","Substitute/","Central Office","https://www.applitrack.com/swcsd2/onlineapp/default.aspx?all=1","Sweetwater County School District 2","2026-05-22"
371,"Total Care Aide","2026-05-11","Support Staff/","Harrison Elementary School","https://www.applitrack.com/swcsd2/onlineapp/default.aspx?all=1","Sweetwater County School District 2","2026-05-22"
372,"Special Education Paraprofessionals","2026-05-12","Support Staff/","Harrison Elementary School","https://www.applitrack.com/swcsd2/onlineapp/default.aspx?all=1","Sweetwater County School District 2","2026-05-22"
373,"Special Education Paraprofessional (3)","2026-05-11","Support Staff/","Lincoln Middle School","https://www.applitrack.com/swcsd2/onlineapp/default.aspx?all=1","Sweetwater County School District 2","2026-05-22"
374,"Extended Resource Paraprofessional (2)","2026-05-11","Support Staff/","Lincoln Middle School","https://www.applitrack.com/swcsd2/onlineapp/default.aspx?all=1","Sweetwater County School District 2","2026-05-22"
375,"Bus Aide","2026-04-01","Transportation/","Transportation Department","https://www.applitrack.com/swcsd2/onlineapp/default.aspx?all=1","Sweetwater County School District 2","2026-05-22"
376,"Bus Driver","2026-04-01","Transportation/","Transportation Department","https://www.applitrack.com/swcsd2/onlineapp/default.aspx?all=1","Sweetwater County School District 2","2026-05-22"
377,"Substitute Bus Driver","2025-07-10","Transportation/","Transportation Department","https://www.applitrack.com/swcsd2/onlineapp/default.aspx?all=1","Sweetwater County School District 2","2026-05-22"
378,"High School Assistant Nordic Skiing Coach","2026-04-15","Athletics/Activities/","TCSD Schools","https://www.applitrack.com/tcsd/onlineapp/default.aspx?all=1","Teton County School District 1","2026-05-22"
379,"Middle School Assistant Volleyball Coach","2026-04-24","Athletics/Activities/","TCSD Schools","https://www.applitrack.com/tcsd/onlineapp/default.aspx?all=1","Teton County School District 1","2026-05-22"
380,"Middle School Girls Assistant Basketball Coach","2026-04-24","Athletics/Activities/","TCSD Schools","https://www.applitrack.com/tcsd/onlineapp/default.aspx?all=1","Teton County School District 1","2026-05-22"
381,"High School Assistant Girls Basketball Coach","2026-05-19","Athletics/Activities/","TCSD Schools","https://www.applitrack.com/tcsd/onlineapp/default.aspx?all=1","Teton County School District 1","2026-05-22"
382,"High School Assistant Boys Basketball Coach","2026-05-19","Athletics/Activities/","TCSD Schools","https://www.applitrack.com/tcsd/onlineapp/default.aspx?all=1","Teton County School District 1","2026-05-22"
383,"Middle School Assistant Football Coach","2026-05-19","Athletics/Activities/","TCSD Schools","https://www.applitrack.com/tcsd/onlineapp/default.aspx?all=1","Teton County School District 1","2026-05-22"
384,"ELL Teacher","2026-05-05","Elementary School Teaching/","Colter Elementary School","https://www.applitrack.com/tcsd/onlineapp/default.aspx?all=1","Teton County School District 1","2026-05-22"
385,"Elementary Teacher, Kindergarten","2026-05-06","Elementary School Teaching/","Wilson Elementary School","https://www.applitrack.com/tcsd/onlineapp/default.aspx?all=1","Teton County School District 1","2026-05-22"
386,"Elementary Teacher, 5th Grade","2026-05-06","Elementary School Teaching/","Wilson Elementary School","https://www.applitrack.com/tcsd/onlineapp/default.aspx?all=1","Teton County School District 1","2026-05-22"
387,"Middle School Music Teacher","2026-04-16","Middle School Teaching/","Jackson Hole Middle School","https://www.applitrack.com/tcsd/onlineapp/default.aspx?all=1","Teton County School District 1","2026-05-22"
388,"Instructional Paraprofessional","2025-12-18","Paraprofessional/","Kelly Elementary School","https://www.applitrack.com/tcsd/onlineapp/default.aspx?all=1","Teton County School District 1","2026-05-22"
389,"Instructional Paraprofessional","2026-04-29","Paraprofessional/","Colter Elementary School","https://www.applitrack.com/tcsd/onlineapp/default.aspx?all=1","Teton County School District 1","2026-05-22"
390,"Instructional Paraprofessional","2026-04-29","Paraprofessional/","Wilson Elementary School","https://www.applitrack.com/tcsd/onlineapp/default.aspx?all=1","Teton County School District 1","2026-05-22"
391,"Instructional Paraprofessional","2026-05-14","Paraprofessional/","Munger Mountain Elementary","https://www.applitrack.com/tcsd/onlineapp/default.aspx?all=1","Teton County School District 1","2026-05-22"
392,"K-12 Special Education Paraprofessional(s)","2026-04-28","Paraprofessional/","TCSD Schools","https://www.applitrack.com/tcsd/onlineapp/default.aspx?all=1","Teton County School District 1","2026-05-22"
393,"Speech-Language Pathology Aide (SLPA)","2026-05-08","Paraprofessional/","Munger Mountain Elementary","https://www.applitrack.com/tcsd/onlineapp/default.aspx?all=1","Teton County School District 1","2026-05-22"
394,"9-12 Secondary Special Education Teacher","2026-05-19","Student Support Services","Jackson Hole High School","https://www.applitrack.com/tcsd/onlineapp/default.aspx?all=1","Teton County School District 1","2026-05-22"
395,"K-12 School Psychologist","2026-04-16","Student Support Services/","TCSD Schools","https://www.applitrack.com/tcsd/onlineapp/default.aspx?all=1","Teton County School District 1","2026-05-22"
396,"Long Term Sub 2nd Grade Teacher","2026-04-17","Substitute/","Wilson Elementary School","https://www.applitrack.com/tcsd/onlineapp/default.aspx?all=1","Teton County School District 1","2026-05-22"
397,"Special Education Permanent Support Specialist (Permanent Substitute)","2026-04-07","Substitute/","TCSD Schools","https://www.applitrack.com/tcsd/onlineapp/default.aspx?all=1","Teton County School District 1","2026-05-22"
398,"Substitute Teachers/Nurses","2020-02-11","Substitute/","TCSD Schools","https://www.applitrack.com/tcsd/onlineapp/default.aspx?all=1","Teton County School District 1","2026-05-22"
399,"Permanent Support Specialist (Permanent Substitute)","2026-05-11","Substitute/","TCSD Schools","https://www.applitrack.com/tcsd/onlineapp/default.aspx?all=1","Teton County School District 1","2026-05-22"
400,"Substitute Para/Secretary","2020-02-11","Substitute/","TCSD Schools","https://www.applitrack.com/tcsd/onlineapp/default.aspx?all=1","Teton County School District 1","2026-05-22"
401,"Student Tech Aid, Seasonal/Temporary","2026-05-20","Technology","TCSD Schools","https://www.applitrack.com/tcsd/onlineapp/default.aspx?all=1","Teton County School District 1","2026-05-22"
402,"Girls High School Assistant Swim Coach","2026-05-04","Athletics/Activities/","Evanston High School","https://www.applitrack.com/uinta/onlineapp/jobpostings/view.asp?all=1","Uinta County School District 1","2026-05-22"
403,"Assistant High School Golf Coach","2026-05-05","Athletics/Activities/","Evanston High School","https://www.applitrack.com/uinta/onlineapp/jobpostings/view.asp?all=1","Uinta County School District 1","2026-05-22"
404,"Elementary Teacher","2026-03-09","Elementary School Teaching/","District Wide","https://www.applitrack.com/uinta/onlineapp/jobpostings/view.asp?all=1","Uinta County School District 1","2026-05-22"
405,"Secondary English Language Arts Teacher","2026-04-24","High School / Secondary Teaching/","Horizon Alternative School","https://www.applitrack.com/uinta/onlineapp/jobpostings/view.asp?all=1","Uinta County School District 1","2026-05-22"
406,"Substitute Custodians","2026-04-13","Maintenance/Custodial/","District Wide","https://www.applitrack.com/uinta/onlineapp/jobpostings/view.asp?all=1","Uinta County School District 1","2026-05-22"
407,"Secondary PE Teacher","2026-05-08","Middle School Teaching/","Evanston Middle School","https://www.applitrack.com/uinta/onlineapp/jobpostings/view.asp?all=1","Uinta County School District 1","2026-05-22"
408,"Principal Secretary","2026-05-18","Secretarial/Clerical/","Horizon Alternative School","https://www.applitrack.com/uinta/onlineapp/jobpostings/view.asp?all=1","Uinta County School District 1","2026-05-22"
409,"School Psychologist","2026-04-24","Student Support Services/","District Wide","https://www.applitrack.com/uinta/onlineapp/jobpostings/view.asp?all=1","Uinta County School District 1","2026-05-22"
410,"Speech-Language Pathologist","2026-01-30","Student Support Services/","District Wide","https://www.applitrack.com/uinta/onlineapp/jobpostings/view.asp?all=1","Uinta County School District 1","2026-05-22"
411,"Bus Drivers and Substitute Bus Drivers","2026-01-09","Support Staff/","Transportation","https://www.applitrack.com/uinta/onlineapp/jobpostings/view.asp?all=1","Uinta County School District 1","2026-05-22"
412,"Certified Occupational Therapist Assistant (COTA)","2026-04-28","Support Staff/","District Wide","https://www.applitrack.com/uinta/onlineapp/jobpostings/view.asp?all=1","Uinta County School District 1","2026-05-22"
413,"Full-time and Part-time Classroom Aides and SPED Paraprofessionals","2025-07-16","Support Staff/","District Wide","https://www.applitrack.com/uinta/onlineapp/jobpostings/view.asp?all=1","Uinta County School District 1","2026-05-22"
414,"Lifeguard - Student","2024-01-08","Aquatic Center Staff/","Worland Aquatic Center","https://www.applitrack.com/washakie1/onlineapp/default.aspx?all=1","Washakie County School District 1","2026-05-22"
415,"MS Assistant Volleyball Coach","2026-03-26","Athletics/Activities","Worland Middle School","https://www.applitrack.com/washakie1/onlineapp/default.aspx?all=1","Washakie County School District 1","2026-05-22"
416,"Secondary Reading Specialist","2026-04-15","Middle School Teaching/","Worland Middle School","https://www.applitrack.com/washakie1/onlineapp/default.aspx?all=1","Washakie County School District 1","2026-05-22"
417,"Full-Time Special Education Paraeducator (Life Skills)","2026-05-01","Paraprofessional","East Side Elementary","https://www.applitrack.com/washakie1/onlineapp/default.aspx?all=1","Washakie County School District 1","2026-05-22"
418,"Full-Time Special Education Paraeducator (Resource)","2026-05-01","Paraprofessional","East Side Elementary","https://www.applitrack.com/washakie1/onlineapp/default.aspx?all=1","Washakie County School District 1","2026-05-22"
419,"Full-Time Special Education Paraeducator (Behavior)","2026-05-01","Paraprofessional","South Side Elementary","https://www.applitrack.com/washakie1/onlineapp/default.aspx?all=1","Washakie County School District 1","2026-05-22"
420,"Full-Time Special Education Paraeducator (Life Skills)","2026-05-01","Paraprofessional","West Side Elementary","https://www.applitrack.com/washakie1/onlineapp/default.aspx?all=1","Washakie County School District 1","2026-05-22"
421,"Full-Time Special Education Paraeducator (Life Skills)","2026-05-05","Paraprofessional","South Side Elementary","https://www.applitrack.com/washakie1/onlineapp/default.aspx?all=1","Washakie County School District 1","2026-05-22"
422,"Media Paraprofessional, Full-Time","2026-05-01","Paraprofessional/","Worland Middle School","https://www.applitrack.com/washakie1/onlineapp/default.aspx?all=1","Washakie County School District 1","2026-05-22"
423,"Speech Language Pathologist","2024-12-18","Special Education Services","Education Resource Center","https://www.applitrack.com/washakie1/onlineapp/default.aspx?all=1","Washakie County School District 1","2026-05-22"
424,"SLP-Assistant","2025-05-14","Special Education Services","Education Resource Center","https://www.applitrack.com/washakie1/onlineapp/default.aspx?all=1","Washakie County School District 1","2026-05-22"
425,"Substitute Bus Driver","2021-07-01","Substitute/","Bus Barn","https://www.applitrack.com/washakie1/onlineapp/default.aspx?all=1","Washakie County School District 1","2026-05-22"
426,"Substitute Cook","2020-11-04","Substitute/","District","https://www.applitrack.com/washakie1/onlineapp/default.aspx?all=1","Washakie County School District 1","2026-05-22"
427,"Substitute Housekeeper","2019-01-21","Substitute/",NA,"https://www.applitrack.com/washakie1/onlineapp/default.aspx?all=1","Washakie County School District 1","2026-05-22"
428,"Substitute Paraeducator","2016-03-02","Substitute/",NA,"https://www.applitrack.com/washakie1/onlineapp/default.aspx?all=1","Washakie County School District 1","2026-05-22"
429,"Substitute Teacher","2016-03-02","Substitute/",NA,"https://www.applitrack.com/washakie1/onlineapp/default.aspx?all=1","Washakie County School District 1","2026-05-22"
430,"Route Bus Driver","2026-05-07","Transportation/","Bus Barn","https://www.applitrack.com/washakie1/onlineapp/default.aspx?all=1","Washakie County School District 1","2026-05-22"
431,"MS English/Social Studies Teacher","2026-05-20","Certified","Dubois K-12 School","https://fremont2.tedk12.com/hire/index.aspx","Fremont County School District 2","2026-05-22"
432,"2026-2027 MS Girls Basketball Head Coach","2026-04-15","Coaching","Dubois K-12 School","https://fremont2.tedk12.com/hire/index.aspx","Fremont County School District 2","2026-05-22"
433,"2026-2027 MS Girls Basketball Assistant Coach","2026-04-15","Coaching","Dubois K-12 School","https://fremont2.tedk12.com/hire/index.aspx","Fremont County School District 2","2026-05-22"
434,"2026-2027 HS Girls Basketball Assistant Coach","2026-04-15","Coaching","Dubois K-12 School","https://fremont2.tedk12.com/hire/index.aspx","Fremont County School District 2","2026-05-22"
435,"Substitute Custodian/Food Service","2025-02-01","Classified","Dubois K-12 School","https://fremont2.tedk12.com/hire/index.aspx","Fremont County School District 2","2026-05-22"
436,"Substitute Bus Driver","2024-04-01","Classified","Bus Barn","https://fremont2.tedk12.com/hire/index.aspx","Fremont County School District 2","2026-05-22"
437,"Substitute - Classified -  Para/Secretary","2024-04-01","Classified","Dubois K-12 School","https://fremont2.tedk12.com/hire/index.aspx","Fremont County School District 2","2026-05-22"
438,"Substitute Teaching","2024-04-01","Substitute","Dubois K-12 School","https://fremont2.tedk12.com/hire/index.aspx","Fremont County School District 2","2026-05-22"
439,"Teacher - Special Education (Torrington Middle School)","2026-05-05","Special Education","Torrington Middle School","https://goshen.tedk12.com/hire/index.aspx#aJobListings","Goshen County School District 1","2026-05-22"
440,"Substitute Cook","2026-03-04","Food Service","District Food Services","https://goshen.tedk12.com/hire/index.aspx#aJobListings","Goshen County School District 1","2026-05-22"
441,"Speech Language Pathologist - District","2026-03-01","Specialist - Certified","Office of Special Services","https://goshen.tedk12.com/hire/index.aspx#aJobListings","Goshen County School District 1","2026-05-22"
442,"Bus Driver/ Sub Bus Driver","2026-01-01","Bus Driver","Transportation Services","https://goshen.tedk12.com/hire/index.aspx#aJobListings","Goshen County School District 1","2026-05-22"
443,"Future Administrative Positions","2026-01-01","Administrative - building","Central Administration Office","https://goshen.tedk12.com/hire/index.aspx#aJobListings","Goshen County School District 1","2026-05-22"
444,"Future Substitute Teacher Positions","2026-01-01","Substitute","Central Administration Office","https://goshen.tedk12.com/hire/index.aspx#aJobListings","Goshen County School District 1","2026-05-22"
445,"Future Classified Positions","2026-01-01","Support","Central Administration Office","https://goshen.tedk12.com/hire/index.aspx#aJobListings","Goshen County School District 1","2026-05-22"
446,"Future Certified Positions","2026-01-01","K-12","Central Administration Office","https://goshen.tedk12.com/hire/index.aspx#aJobListings","Goshen County School District 1","2026-05-22"
447,"Assistant High School Football Coach - SS","2026-04-23","Sundance Secondary","Sundance, Wyoming","https://crook1.schoolspring.com/","Crook County School District 1","2026-05-22"
448,"Head High School Football Coach - Sundance","2026-04-23","Sundance Secondary","Sundance, Wyoming","https://crook1.schoolspring.com/","Crook County School District 1","2026-05-22"
449,"Junior High Volleyball Coach - Sundance","2026-04-16","Sundance Secondary","Sundance, Wyoming","https://crook1.schoolspring.com/","Crook County School District 1","2026-05-22"
450,"Junior High Boys Basketball Coach","2026-04-16","Moorcroft Secondary","Moorcroft, Wyoming","https://crook1.schoolspring.com/","Crook County School District 1","2026-05-22"
451,"SPED Paraprofessional","2026-04-16","Moorcroft Elementary","Moorcroft, Wyoming","https://crook1.schoolspring.com/","Crook County School District 1","2026-05-22"
452,"Agriculture Education Teacher","2026-04-16","Hulett K-12","Hulett, Wyoming","https://crook1.schoolspring.com/","Crook County School District 1","2026-05-22"
453,"Full-Time Summer Custodian - Hulett","2026-04-09","Hulett K-12","Hulett, Wyoming","https://crook1.schoolspring.com/","Crook County School District 1","2026-05-22"
454,"Summer Grounds - Moorcroft","2026-04-09","Moorcroft Secondary","Moorcroft, Wyoming","https://crook1.schoolspring.com/","Crook County School District 1","2026-05-22"
455,"Head High School Track Coach - SS","2026-04-07","Sundance Secondary","Sundance, Wyoming","https://crook1.schoolspring.com/","Crook County School District 1","2026-05-22"
456,"Junior High Girls Wrestling Coach - SS","2026-04-07","Sundance Secondary","Sundance, Wyoming","https://crook1.schoolspring.com/","Crook County School District 1","2026-05-22"
457,"Junior High Girls Wrestling Coach - HS","2026-04-07","Hulett K-12","Hulett, Wyoming","https://crook1.schoolspring.com/","Crook County School District 1","2026-05-22"
458,"Junior High Boys Wrestling Coach - HS","2026-04-07","Hulett K-12","Hulett, Wyoming","https://crook1.schoolspring.com/","Crook County School District 1","2026-05-22"
459,"Assistant High School Football Coach - HS","2026-04-07","Hulett K-12","Hulett, Wyoming","https://crook1.schoolspring.com/","Crook County School District 1","2026-05-22"
460,"Activities Director/Supervisor","2026-02-11","Sundance Secondary","Sundance, Wyoming","https://crook1.schoolspring.com/","Crook County School District 1","2026-05-22"
461,"Route Bus Driver","2026-02-11","Moorcroft Secondary","Moorcroft, Wyoming","https://crook1.schoolspring.com/","Crook County School District 1","2026-05-22"
462,"Route Bus Driver","2026-01-19","Sundance Secondary","Sundance, Wyoming","https://crook1.schoolspring.com/","Crook County School District 1","2026-05-22"
463,"Substitute Custodian","2025-08-06","Sundance Secondary","Sundance, Wyoming","https://crook1.schoolspring.com/","Crook County School District 1","2026-05-22"
464,"Substitute Custodian","2025-08-06","Moorcroft Secondary","Moorcroft, Wyoming","https://crook1.schoolspring.com/","Crook County School District 1","2026-05-22"
465,"Substitute Custodian","2025-08-06","Hulett K-12","Hulett, Wyoming","https://crook1.schoolspring.com/","Crook County School District 1","2026-05-22"
466,"Substitute Teacher","2025-08-06","Sundance Elementary","Sundance, Wyoming","https://crook1.schoolspring.com/","Crook County School District 1","2026-05-22"
467,"Substitute Teacher","2025-08-06","Moorcroft Elementary","Moorcroft, Wyoming","https://crook1.schoolspring.com/","Crook County School District 1","2026-05-22"
468,"Substitute Teacher","2025-08-06","Hulett K-12","Hulett, Wyoming","https://crook1.schoolspring.com/","Crook County School District 1","2026-05-22"
469,"Substitute & Activity Bus Drivers","2025-08-06","Sundance Secondary","Sundance, Wyoming","https://crook1.schoolspring.com/","Crook County School District 1","2026-05-22"
470,"Substitute & Activity Bus Drivers","2025-08-06","Moorcroft Secondary","Moorcroft, Wyoming","https://crook1.schoolspring.com/","Crook County School District 1","2026-05-22"
471,"Substitute & Activity Bus Drivers","2025-08-06","Hulett K-12","Hulett, Wyoming","https://crook1.schoolspring.com/","Crook County School District 1","2026-05-22"
472,"School Counselor K-12 [XT11]","2026-05-21","SOUTH HIGH SCHOOL","Cheyenne, Wyoming","https://laramie1.schoolspring.com/","Laramie County School District 1","2026-05-22"
473,"Paraeducator Affective Needs [XP09]","2026-05-21","EDT (Elementary Day Treatment)","Cheyenne, Wyoming","https://laramie1.schoolspring.com/","Laramie County School District 1","2026-05-22"
474,"Paraeducator Nurse's Office [PA11]","2026-05-21","MCCORMICK JUNIOR HIGH SCHOOL","Cheyenne, Wyoming","https://laramie1.schoolspring.com/","Laramie County School District 1","2026-05-22"
475,"Office Manager - Junior High [CS08]","2026-05-20","CAREY JUNIOR HIGH SCHOOL","Cheyenne, Wyoming","https://laramie1.schoolspring.com/","Laramie County School District 1","2026-05-22"
476,"Facility Technician - Integrated Trades [TS20]","2026-05-20","Laramie County School District 1","Cheyenne, Wyoming","https://laramie1.schoolspring.com/","Laramie County School District 1","2026-05-22"
477,"Resource Teacher [XT21]","2026-05-20","COYOTE RIDGE ELEMENTARY SCHOOL","Cheyenne, Wyoming","https://laramie1.schoolspring.com/","Laramie County School District 1","2026-05-22"
478,"Resource Teacher [XT21]","2026-05-19","MCCORMICK JUNIOR HIGH SCHOOL","Cheyenne, Wyoming","https://laramie1.schoolspring.com/","Laramie County School District 1","2026-05-22"
479,"Student Support Specialist - 2026/2027 Contract Year Only [T024]","2026-05-19","JOHNSON JUNIOR HIGH SCHOOL","Cheyenne, Wyoming","https://laramie1.schoolspring.com/","Laramie County School District 1","2026-05-22"
480,"Secretary - Elementary [CE09]","2026-05-19","DAVIS ELEMENTARY SCHOOL","Cheyenne, Wyoming","https://laramie1.schoolspring.com/","Laramie County School District 1","2026-05-22"
481,"4th Grade Teacher [TA09]","2026-05-19","HEBARD ELEMENTARY SCHOOL","Cheyenne, Wyoming","https://laramie1.schoolspring.com/","Laramie County School District 1","2026-05-22"
482,"Resource Teacher [XT21]","2026-05-19","EAST HIGH SCHOOL","Cheyenne, Wyoming","https://laramie1.schoolspring.com/","Laramie County School District 1","2026-05-22"
483,"Resource Teacher [XT21]","2026-05-19","AFFLERBACH ELEMENTARY SCHOOL","Cheyenne, Wyoming","https://laramie1.schoolspring.com/","Laramie County School District 1","2026-05-22"
484,"Family Engagement Facilitator (PEEPS)","2026-05-19","Laramie County School District 1","Cheyenne, Wyoming","https://laramie1.schoolspring.com/","Laramie County School District 1","2026-05-22"
485,"Secretary - Elementary [CE09]","2026-05-18","FAIRVIEW ELEMENTARY SCHOOL","Cheyenne, Wyoming","https://laramie1.schoolspring.com/","Laramie County School District 1","2026-05-22"
486,"Student Sweeper [ST05]","2026-05-18","EAST HIGH SCHOOL","Cheyenne, Wyoming","https://laramie1.schoolspring.com/","Laramie County School District 1","2026-05-22"
487,"Custodial - Head Class 6 [CU07]","2026-05-18","EAST HIGH SCHOOL","Cheyenne, Wyoming","https://laramie1.schoolspring.com/","Laramie County School District 1","2026-05-22"
488,"Educational Sign Language Interpreter [XP05]","2026-05-18","Laramie County School District 1","Cheyenne, Wyoming","https://laramie1.schoolspring.com/","Laramie County School District 1","2026-05-22"
489,"Paraeducator Sign Support [XP05]","2026-05-18","Laramie County School District 1","Cheyenne, Wyoming","https://laramie1.schoolspring.com/","Laramie County School District 1","2026-05-22"
490,"Assistant - Speech Language Pathology [XI02]","2026-05-18","Laramie County School District 1","Cheyenne, Wyoming","https://laramie1.schoolspring.com/","Laramie County School District 1","2026-05-22"
491,"School Psychologist [XA01]","2026-05-18","Laramie County School District 1","Cheyenne, Wyoming","https://laramie1.schoolspring.com/","Laramie County School District 1","2026-05-22"
492,"Assistant Dance Coach","2026-05-18","CENTRAL HIGH SCHOOL","Cheyenne, Wyoming","https://laramie1.schoolspring.com/","Laramie County School District 1","2026-05-22"
493,"Head Cheer Coach [C108]","2026-05-18","JOHNSON JUNIOR HIGH SCHOOL","Cheyenne, Wyoming","https://laramie1.schoolspring.com/","Laramie County School District 1","2026-05-22"
494,"Paraeducator General [PA07]","2026-05-18","EAST HIGH SCHOOL","Cheyenne, Wyoming","https://laramie1.schoolspring.com/","Laramie County School District 1","2026-05-22"
495,"Assistant Football Coach [C146]","2026-05-18","MCCORMICK JUNIOR HIGH SCHOOL","Cheyenne, Wyoming","https://laramie1.schoolspring.com/","Laramie County School District 1","2026-05-22"
496,"Elementary/Jr High Athletic Director [C070]","2026-05-18","MCCORMICK JUNIOR HIGH SCHOOL","Cheyenne, Wyoming","https://laramie1.schoolspring.com/","Laramie County School District 1","2026-05-22"
497,"Social Studies Teacher - One Year Only [TC39]","2026-05-18","EAST HIGH SCHOOL","Cheyenne, Wyoming","https://laramie1.schoolspring.com/","Laramie County School District 1","2026-05-22"
498,"Literacy Specialist [TA24]","2026-05-18","ROSSMAN ELEMENTARY SCHOOL","Cheyenne, Wyoming","https://laramie1.schoolspring.com/","Laramie County School District 1","2026-05-22"
499,"2nd Grade Teacher [TA05]","2026-05-18","AFFLERBACH ELEMENTARY SCHOOL","Cheyenne, Wyoming","https://laramie1.schoolspring.com/","Laramie County School District 1","2026-05-22"
500,"6th Grade Teacher [TA13]","2026-05-18","MEADOWLARK ELEMENTARY SCHOOL","Cheyenne, Wyoming","https://laramie1.schoolspring.com/","Laramie County School District 1","2026-05-22"
501,"1st Grade Teacher [TA03]","2026-05-18","HOBBS ELEMENTARY SCHOOL","Cheyenne, Wyoming","https://laramie1.schoolspring.com/","Laramie County School District 1","2026-05-22"
502,"3rd Grade Teacher [TA07]","2026-05-18","GOINS ELEMENTARY SCHOOL","Cheyenne, Wyoming","https://laramie1.schoolspring.com/","Laramie County School District 1","2026-05-22"
503,"Assistant Cross Country Coach [C082]","2026-05-18","MCCORMICK JUNIOR HIGH SCHOOL","Cheyenne, Wyoming","https://laramie1.schoolspring.com/","Laramie County School District 1","2026-05-22"
504,"Life Skills/PALS Teacher [XT30]","2026-05-18","COLE ELEMENTARY SCHOOL","Cheyenne, Wyoming","https://laramie1.schoolspring.com/","Laramie County School District 1","2026-05-22"
505,"Assistant Tennis Coach [C132]","2026-05-18","SOUTH HIGH SCHOOL","Cheyenne, Wyoming","https://laramie1.schoolspring.com/","Laramie County School District 1","2026-05-22"
506,"Assistant Football Coach - 4 positions [C088]","2026-05-18","SOUTH HIGH SCHOOL","Cheyenne, Wyoming","https://laramie1.schoolspring.com/","Laramie County School District 1","2026-05-22"
507,"Assistant Cheer Coach [C080]","2026-05-18","SOUTH HIGH SCHOOL","Cheyenne, Wyoming","https://laramie1.schoolspring.com/","Laramie County School District 1","2026-05-22"
508,"Special Education Resource Teacher [XT21]","2026-05-13","DILDINE ELEMENTARY SCHOOL","Cheyenne, Wyoming","https://laramie1.schoolspring.com/","Laramie County School District 1","2026-05-22"
509,"LIFE Center Based Program Teacher (5/6) [XT30]","2026-05-13","COYOTE RIDGE ELEMENTARY SCHOOL","Cheyenne, Wyoming","https://laramie1.schoolspring.com/","Laramie County School District 1","2026-05-22"
510,"Adaptive PE Teacher [XT15]","2026-05-13","Laramie County School District 1","Cheyenne, Wyoming","https://laramie1.schoolspring.com/","Laramie County School District 1","2026-05-22"
511,"TEACHER LITERACY SPECIALIST [TA24]","2026-05-13","COYOTE RIDGE ELEMENTARY SCHOOL","Cheyenne, Wyoming","https://laramie1.schoolspring.com/","Laramie County School District 1","2026-05-22"
512,"School Nurse - 2026/2027 Contract Year","2026-05-11","PODER/PASS ACADEMY","Cheyenne, Wyoming","https://laramie1.schoolspring.com/","Laramie County School District 1","2026-05-22"
513,"Administrative Assistant-Curriculum & Instruction Dept [CS33]","2026-05-11","Laramie County School District 1","Cheyenne, Wyoming","https://laramie1.schoolspring.com/","Laramie County School District 1","2026-05-22"
514,"Temp Summer Grounds [S007]","2026-05-06","Laramie County School District 1","Cheyenne, Wyoming","https://laramie1.schoolspring.com/","Laramie County School District 1","2026-05-22"
515,"Speech Language Pathologist-4 Positions available [XT14]","2026-05-06","Laramie County School District 1","Cheyenne, Wyoming","https://laramie1.schoolspring.com/","Laramie County School District 1","2026-05-22"
516,"Resource Teacher [XT21]","2026-05-06","EDT (Elementary Day Treatment)","Cheyenne, Wyoming","https://laramie1.schoolspring.com/","Laramie County School District 1","2026-05-22"
517,"Assistant Volleyball Coach - 3 positions [C136]","2026-05-06","CENTRAL HIGH SCHOOL","Cheyenne, Wyoming","https://laramie1.schoolspring.com/","Laramie County School District 1","2026-05-22"
518,"Paraeducator Special Needs PALS [XP09]","2026-05-05","CENTRAL HIGH SCHOOL","Cheyenne, Wyoming","https://laramie1.schoolspring.com/","Laramie County School District 1","2026-05-22"
519,"Paraeducator Affective Needs [XP09]","2026-05-04","EDT (Elementary Day Treatment)","Cheyenne, Wyoming","https://laramie1.schoolspring.com/","Laramie County School District 1","2026-05-22"
520,"Special Education Behavior Lab Paraeducator  [XP08]","2026-05-04","MCCORMICK JUNIOR HIGH SCHOOL","Cheyenne, Wyoming","https://laramie1.schoolspring.com/","Laramie County School District 1","2026-05-22"
521,"Student Sweeper [ST05]","2026-05-04","TRIUMPH HIGH SCHOOL","Cheyenne, Wyoming","https://laramie1.schoolspring.com/","Laramie County School District 1","2026-05-22"
522,"Summer School Secondary Math Teacher - 1 position available","2026-05-04","SOUTH HIGH SCHOOL","Cheyenne, Wyoming","https://laramie1.schoolspring.com/","Laramie County School District 1","2026-05-22"
523,"Sub-Custodian [S010]","2026-05-01","Laramie County School District 1","Cheyenne, Wyoming","https://laramie1.schoolspring.com/","Laramie County School District 1","2026-05-22"
524,"Physical Therapist [XT07]","2026-04-30","Laramie County School District 1","Cheyenne, Wyoming","https://laramie1.schoolspring.com/","Laramie County School District 1","2026-05-22"
525,"Middle School Science Teacher (7th and 8th) - 2026/2027 Contract Year","2026-04-29","PODER ACADEMY SECONDARY (PASS)","Cheyenne, Wyoming","https://laramie1.schoolspring.com/","Laramie County School District 1","2026-05-22"
526,"ELS/ELL Teacher (2026-2027 School Year)","2026-04-27","PODER/PASS ACADEMY","Cheyenne, Wyoming","https://laramie1.schoolspring.com/","Laramie County School District 1","2026-05-22"
527,"Physical Education","2026-04-23","PODER ACADEMY ELEMENTARY","Cheyenne, Wyoming","https://laramie1.schoolspring.com/","Laramie County School District 1","2026-05-22"
528,"Student Sweeper [ST05]","2026-04-20","FAIRVIEW ELEMENTARY SCHOOL","Cheyenne, Wyoming","https://laramie1.schoolspring.com/","Laramie County School District 1","2026-05-22"
529,"Student Sweeper [ST05]","2026-04-20","ALTA VISTA ELEMENTARY SCHOOL","Cheyenne, Wyoming","https://laramie1.schoolspring.com/","Laramie County School District 1","2026-05-22"
530,"Assistant Head Custodian - Class 4 [CU01]","2026-04-20","MCCORMICK JUNIOR HIGH SCHOOL","Cheyenne, Wyoming","https://laramie1.schoolspring.com/","Laramie County School District 1","2026-05-22"
531,"Elementary K-6 Teacher","2026-04-15","PODER ACADEMY ELEMENTARY","Cheyenne, Wyoming","https://laramie1.schoolspring.com/","Laramie County School District 1","2026-05-22"
532,"Assistant Tennis Coach [C132]","2026-04-06","CENTRAL HIGH SCHOOL","Cheyenne, Wyoming","https://laramie1.schoolspring.com/","Laramie County School District 1","2026-05-22"
533,"Office Manager","2026-03-20","PODER ACADEMY ELEMENTARY","Cheyenne, Wyoming","https://laramie1.schoolspring.com/","Laramie County School District 1","2026-05-22"
534,"Secondary Math Teacher - 2026/2027 Contract Year","2026-02-19","PODER ACADEMY SECONDARY (PASS)","Cheyenne, Wyoming","https://laramie1.schoolspring.com/","Laramie County School District 1","2026-05-22"
535,"SPED Teacher","2026-02-17","PODER ACADEMY ELEMENTARY","Cheyenne, Wyoming","https://laramie1.schoolspring.com/","Laramie County School District 1","2026-05-22"
536,"Custodial - Head Class 5 [CU02]","2026-02-17","JOHNSON JUNIOR HIGH SCHOOL","Cheyenne, Wyoming","https://laramie1.schoolspring.com/","Laramie County School District 1","2026-05-22"
537,"Enrollment Marketing and Community Outreach Coordinator","2026-02-09","PODER/PASS ACADEMY","Cheyenne, Wyoming","https://laramie1.schoolspring.com/","Laramie County School District 1","2026-05-22"
538,"Physical Therapy Assistant [XI03]","2026-02-09","Laramie County School District 1","Cheyenne, Wyoming","https://laramie1.schoolspring.com/","Laramie County School District 1","2026-05-22"
539,"Custodial - Head Class 5 [CU08]","2026-01-16","CAREY JUNIOR HIGH SCHOOL","Cheyenne, Wyoming","https://laramie1.schoolspring.com/","Laramie County School District 1","2026-05-22"
540,"Student Sweeper [ST05]","2025-11-07","AFFLERBACH ELEMENTARY SCHOOL","Cheyenne, Wyoming","https://laramie1.schoolspring.com/","Laramie County School District 1","2026-05-22"
541,"Student Sweeper [ST05]","2025-11-07","ARP ELEMENTARY SCHOOL","Cheyenne, Wyoming","https://laramie1.schoolspring.com/","Laramie County School District 1","2026-05-22"
542,"Student Sweeper [ST05]","2025-11-07","BAGGS ELEMENTARY SCHOOL","Cheyenne, Wyoming","https://laramie1.schoolspring.com/","Laramie County School District 1","2026-05-22"
543,"Student Sweeper [ST05]","2025-11-07","BUFFALO RIDGE ELEMENTARY SCHL","Cheyenne, Wyoming","https://laramie1.schoolspring.com/","Laramie County School District 1","2026-05-22"
544,"Student Sweeper [ST05]","2025-11-07","DILDINE ELEMENTARY SCHOOL","Cheyenne, Wyoming","https://laramie1.schoolspring.com/","Laramie County School District 1","2026-05-22"
545,"Student Sweeper [ST05]","2025-11-07","HENDERSON ELEMENTARY SCHOOL","Cheyenne, Wyoming","https://laramie1.schoolspring.com/","Laramie County School District 1","2026-05-22"
546,"Student Sweeper [ST05]","2025-11-07","PRAIRIE WIND ELEMENTARY SCHOOL","Cheyenne, Wyoming","https://laramie1.schoolspring.com/","Laramie County School District 1","2026-05-22"
547,"Paraprofessional","2025-10-20","PODER ACADEMY SECONDARY (PASS)","Cheyenne, Wyoming","https://laramie1.schoolspring.com/","Laramie County School District 1","2026-05-22"
548,"Paraeducator Sign Support [XP05]","2025-06-26","BUILDING TO BE DETERMINED","Cheyenne, Wyoming","https://laramie1.schoolspring.com/","Laramie County School District 1","2026-05-22"
549,"Manor Heights Education Support Personnel/Cafeteria Technician beginning for the 26-27 school year","2026-05-19","Manor Heights Elementary","Casper, Wyoming","https://natronaschools.schoolspring.com/","Natrona School District 1","2026-05-22"
550,"Manor Heights Part-Time Education Support Personnel beginning for the 26-27 school year","2026-05-19","Manor Heights Elementary","Casper, Wyoming","https://natronaschools.schoolspring.com/","Natrona School District 1","2026-05-22"
551,"CMS Substitute on Daily Assignment- SPED to begin the 26-27 School Year","2026-05-19","Centennial Middle School","Casper, Wyoming","https://natronaschools.schoolspring.com/","Natrona School District 1","2026-05-22"
552,"Special Education Teacher Beginning the 2026-27 School Year","2026-05-19","Special Education Services Center","Casper, Wyoming","https://natronaschools.schoolspring.com/","Natrona School District 1","2026-05-22"
553,"CCA Science Teacher for the 26-27 School Year Only","2026-05-19","Casper Classical Academy","Casper, Wyoming","https://natronaschools.schoolspring.com/","Natrona School District 1","2026-05-22"
554,"Pineview Education Support Personnel / Education Support Specialist / Library Media Technician","2026-05-19","Pineview Elementary","Casper, Wyoming","https://natronaschools.schoolspring.com/","Natrona School District 1","2026-05-22"
555,"Pineview Education Support Specialist / Education Support Personnel / Cafeteria Technician","2026-05-19","Pineview Elementary","Casper, Wyoming","https://natronaschools.schoolspring.com/","Natrona School District 1","2026-05-22"
556,"KWHS Head Speech and Debate Coach","2026-05-18","Kelly Walsh High School","Casper, Wyoming","https://natronaschools.schoolspring.com/","Natrona School District 1","2026-05-22"
557,"KWHS Fall Assistant Tennis Coach","2026-05-18","Kelly Walsh High School","Casper, Wyoming","https://natronaschools.schoolspring.com/","Natrona School District 1","2026-05-22"
558,"KWHS Cheer Coach Aide","2026-05-18","Kelly Walsh High School","Casper, Wyoming","https://natronaschools.schoolspring.com/","Natrona School District 1","2026-05-22"
559,"KWHS Assistant Cheer Coach","2026-05-18","Kelly Walsh High School","Casper, Wyoming","https://natronaschools.schoolspring.com/","Natrona School District 1","2026-05-22"
560,"Cottonwood Education Support Specialist - FLS beginning for the 26-27 school year","2026-05-18","Cottonwood Elementary","Casper, Wyoming","https://natronaschools.schoolspring.com/","Natrona School District 1","2026-05-22"
561,"Lincoln Education Support Personnel/Cafeteria Technician","2026-05-15","Lincoln Elementary","Casper, Wyoming","https://natronaschools.schoolspring.com/","Natrona School District 1","2026-05-22"
562,"CCA FLS Education Support Specialist","2026-05-15","Casper Classical Academy","Casper, Wyoming","https://natronaschools.schoolspring.com/","Natrona School District 1","2026-05-22"
563,"Summit Elementary Education Support Specialist (1 on 1) to Begin the 2026-27 School Year","2026-05-15","Summit Elementary","Casper, Wyoming","https://natronaschools.schoolspring.com/","Natrona School District 1","2026-05-22"
564,"Human Resources Generalist","2026-05-15","Human Resources","Casper, Wyoming","https://natronaschools.schoolspring.com/","Natrona School District 1","2026-05-22"
565,"Occupational Therapist Beginning the 2026-2027 School Year","2026-05-14","Special Education Services Center","Casper, Wyoming","https://natronaschools.schoolspring.com/","Natrona School District 1","2026-05-22"
566,"CCA BASE Education Support Specialist","2026-05-13","Casper Classical Academy","Casper, Wyoming","https://natronaschools.schoolspring.com/","Natrona School District 1","2026-05-22"
567,"CCA Social Studies Teacher for the 2026-2027 School Year Only","2026-05-13","Casper Classical Academy","Casper, Wyoming","https://natronaschools.schoolspring.com/","Natrona School District 1","2026-05-22"
568,"Dean Morgan Social Studies Teacher for the 2026-2027 School Year Only","2026-05-13","Dean Morgan Middle School","Casper, Wyoming","https://natronaschools.schoolspring.com/","Natrona School District 1","2026-05-22"
569,"NCHS Fall and Spring Assistant Tennis Coach","2026-05-13","Natrona County High School","Casper, Wyoming","https://natronaschools.schoolspring.com/","Natrona School District 1","2026-05-22"
570,"Dean Morgan Volleyball Coach","2026-05-12","Dean Morgan Middle School","Casper, Wyoming","https://natronaschools.schoolspring.com/","Natrona School District 1","2026-05-22"
571,"Transportation Secretary","2026-05-12","Transportation","Casper, Wyoming","https://natronaschools.schoolspring.com/","Natrona School District 1","2026-05-22"
572,"CCA Track Coach","2026-05-11","Casper Classical Academy","Casper, Wyoming","https://natronaschools.schoolspring.com/","Natrona School District 1","2026-05-22"
573,"Instructional Facilitator - Behavior Interventionist Beginning the 2026-2027 School Year","2026-05-11","Curriculum and Instruction","Casper, Wyoming","https://natronaschools.schoolspring.com/","Natrona School District 1","2026-05-22"
574,"CCA Volleyball Aide","2026-05-11","Casper Classical Academy","Casper, Wyoming","https://natronaschools.schoolspring.com/","Natrona School District 1","2026-05-22"
575,"Crest Hill Elementary Tutor for the 2026-2027 School Year Only","2026-05-11","Crest Hill Elementary","Casper, Wyoming","https://natronaschools.schoolspring.com/","Natrona School District 1","2026-05-22"
576,"NCHS Education Support Personnel to begin the 2026-27 School Year","2026-05-07","Natrona County High School","Casper, Wyoming","https://natronaschools.schoolspring.com/","Natrona School District 1","2026-05-22"
577,"CYMS Cross Country Aide","2026-05-05","CY Middle School","Casper, Wyoming","https://natronaschools.schoolspring.com/","Natrona School District 1","2026-05-22"
578,"Midwest HS Head Football Coach","2026-05-04","Midwest Schools","Midwest, Wyoming","https://natronaschools.schoolspring.com/","Natrona School District 1","2026-05-22"
579,"RHS Math Classroom Teacher for the 2026-2027 School Year Only","2026-05-01","Roosevelt High School","Casper, Wyoming","https://natronaschools.schoolspring.com/","Natrona School District 1","2026-05-22"
580,"Southridge Education Support Personnel/Cafeteria Technician beginning for the 2026-2027 school year","2026-04-30","Southridge Elementary","Casper, Wyoming","https://natronaschools.schoolspring.com/","Natrona School District 1","2026-05-22"
581,"CYMS Part Time Education Support Personnel beginning for the 2026-2027 school year","2026-04-30","CY Middle School","Casper, Wyoming","https://natronaschools.schoolspring.com/","Natrona School District 1","2026-05-22"
582,"CYMS Substitute on Daily Assignment - BASE Program beginning for the 2026-2027 school year","2026-04-30","CY Middle School","Casper, Wyoming","https://natronaschools.schoolspring.com/","Natrona School District 1","2026-05-22"
583,"CYMS Education Support Specialist BASE beginning for the 26-27 school year","2026-04-30","CY Middle School","Casper, Wyoming","https://natronaschools.schoolspring.com/","Natrona School District 1","2026-05-22"
584,"NCHS Cafeteria Technician Beginning The 2026-2027 School Year","2026-04-30","Natrona County High School","Casper, Wyoming","https://natronaschools.schoolspring.com/","Natrona School District 1","2026-05-22"
585,"Manor Heights BASE Education Support Specialist beginning for the 26-27 school year","2026-04-30","Manor Heights Elementary","Casper, Wyoming","https://natronaschools.schoolspring.com/","Natrona School District 1","2026-05-22"
586,"Dean Morgan Athletics and Activities Facilitator","2026-04-30","Dean Morgan Middle School","Casper, Wyoming","https://natronaschools.schoolspring.com/","Natrona School District 1","2026-05-22"
587,"Dean Morgan Education Support Personnel/Office and Records Beginning 26-27 School Year","2026-04-30","Dean Morgan Middle School","Casper, Wyoming","https://natronaschools.schoolspring.com/","Natrona School District 1","2026-05-22"
588,"Dean Morgan Education Support Personnel Beginning 26-27 School Year","2026-04-30","Dean Morgan Middle School","Casper, Wyoming","https://natronaschools.schoolspring.com/","Natrona School District 1","2026-05-22"
589,"Dean Morgan Education Support Specialist/Education Support Personnel Beginning 26-27 School Year","2026-04-30","Dean Morgan Middle School","Casper, Wyoming","https://natronaschools.schoolspring.com/","Natrona School District 1","2026-05-22"
590,"Dean Morgan Education Support Specialist (1-on-1) Beginning 26-27 School Year","2026-04-30","Dean Morgan Middle School","Casper, Wyoming","https://natronaschools.schoolspring.com/","Natrona School District 1","2026-05-22"
591,"Sagewood Behavior and Substitute Support Personnel Beginning 26-27 School Year","2026-04-30","Sagewood Elementary","Casper, Wyoming","https://natronaschools.schoolspring.com/","Natrona School District 1","2026-05-22"
592,"Sagewood Education Support Personnel Beginning 26-27 School Year","2026-04-30","Sagewood Elementary","Casper, Wyoming","https://natronaschools.schoolspring.com/","Natrona School District 1","2026-05-22"
593,"CYMS Volleyball Coach Aide","2026-04-28","CY Middle School","Casper, Wyoming","https://natronaschools.schoolspring.com/","Natrona School District 1","2026-05-22"
594,"Pineview 4th Grade Teacher for the 26-27 School Year Only","2026-04-28","Pineview Elementary","Casper, Wyoming","https://natronaschools.schoolspring.com/","Natrona School District 1","2026-05-22"
595,"CCA Language Arts Teacher for the 26-27 school year only","2026-04-28","Casper Classical Academy","Casper, Wyoming","https://natronaschools.schoolspring.com/","Natrona School District 1","2026-05-22"
596,"CYMS Head Cheer Coach","2026-04-24","CY Middle School","Casper, Wyoming","https://natronaschools.schoolspring.com/","Natrona School District 1","2026-05-22"
597,"Instructional Facilitator Beginning the 2026-2027 School Year","2026-04-23","Curriculum and Instruction","Casper, Wyoming","https://natronaschools.schoolspring.com/","Natrona School District 1","2026-05-22"
598,"Paradise Valley Kindergarten Teacher for the 2026-27 School Year Only","2026-04-22","Paradise Valley Elementary","Casper, Wyoming","https://natronaschools.schoolspring.com/","Natrona School District 1","2026-05-22"
599,"CCA Cross Country Coach","2026-04-20","Casper Classical Academy","Casper, Wyoming","https://natronaschools.schoolspring.com/","Natrona School District 1","2026-05-22"
600,"CCA Football Aide","2026-04-13","Casper Classical Academy","Casper, Wyoming","https://natronaschools.schoolspring.com/","Natrona School District 1","2026-05-22"
601,"CCA Basketball Coach","2026-04-13","Casper Classical Academy","Casper, Wyoming","https://natronaschools.schoolspring.com/","Natrona School District 1","2026-05-22"
602,"CCA Cross Country Aide","2026-04-13","Casper Classical Academy","Casper, Wyoming","https://natronaschools.schoolspring.com/","Natrona School District 1","2026-05-22"
603,"Substitute Custodian","2026-04-09","Human Resources","Casper, Wyoming","https://natronaschools.schoolspring.com/","Natrona School District 1","2026-05-22"
604,"Substitute Nurse","2026-04-09","Human Resources","Casper, Wyoming","https://natronaschools.schoolspring.com/","Natrona School District 1","2026-05-22"
605,"Midwest Summer Grounds Worker","2026-04-08","Midwest Schools","Midwest, Wyoming","https://natronaschools.schoolspring.com/","Natrona School District 1","2026-05-22"
606,"CMS Football Coach","2026-04-02","Centennial Middle School","Casper, Wyoming","https://natronaschools.schoolspring.com/","Natrona School District 1","2026-05-22"
607,"Seasonal Grounds Worker","2026-04-01","Plant/Maintenance","Casper, Wyoming","https://natronaschools.schoolspring.com/","Natrona School District 1","2026-05-22"
608,"Poison Spider PE Teacher/Tutor for the 2026-27 School Year Only","2026-03-31","Poison Spider K-8","Casper, Wyoming","https://natronaschools.schoolspring.com/","Natrona School District 1","2026-05-22"
609,"Lincoln 5th Grade Teacher for the 26-27 School Year Only","2026-03-30","Lincoln Elementary","Casper, Wyoming","https://natronaschools.schoolspring.com/","Natrona School District 1","2026-05-22"
610,"Dean Morgan Math Teacher for the 26-27 School Year Only","2026-03-23","Dean Morgan Middle School","Casper, Wyoming","https://natronaschools.schoolspring.com/","Natrona School District 1","2026-05-22"
611,"Physical Therapist to begin 2026-2027 School Year","2026-03-18","Special Education Services Center","Casper, Wyoming","https://natronaschools.schoolspring.com/","Natrona School District 1","2026-05-22"
612,"Substitute Bus Driver","2026-02-13","Transportation","Casper, Wyoming","https://natronaschools.schoolspring.com/","Natrona School District 1","2026-05-22"
613,"Verda James Elementary Dual Language Immersion (Spanish) Teacher Beginning the 2026-27 School Year","2026-02-02","Verda James Elementary","Casper, Wyoming","https://natronaschools.schoolspring.com/","Natrona School District 1","2026-05-22"
614,"Centennial Head Girls Soccer Coach","2026-01-16","Centennial Middle School","Casper, Wyoming","https://natronaschools.schoolspring.com/","Natrona School District 1","2026-05-22"
615,"KWHS - Marine Instructor (MI) OR Senior ROTC Marine Instructor (SMI)","2025-07-10","Kelly Walsh High School","Casper, Wyoming","https://natronaschools.schoolspring.com/","Natrona School District 1","2026-05-22"
616,"Education Interpreter","2025-05-01","Special Education Services Center","Casper, Wyoming","https://natronaschools.schoolspring.com/","Natrona School District 1","2026-05-22"
617,"K-12 Instructional Coach","2026-05-13","LARAMIE COUNTY SD #2","Pine Bluffs, Wyoming","https://laramie2.schoolspring.com/","Laramie County School District 2","2026-05-22"
618,"Assistant JV High School Girls Basketball Coach","2026-05-11","Pine Bluffs Jr./Sr. High School","Pine Bluffs, Wyoming","https://laramie2.schoolspring.com/","Laramie County School District 2","2026-05-22"
619,"Events Coordinator","2026-05-08","Burns Jr./Sr. High School","Burns, Wyoming","https://laramie2.schoolspring.com/","Laramie County School District 2","2026-05-22"
620,"SPED Teacher","2026-04-27","LARAMIE COUNTY SD #2","Pine Bluffs, Wyoming","https://laramie2.schoolspring.com/","Laramie County School District 2","2026-05-22"
621,"Paraprofessional","2026-04-27","LARAMIE COUNTY SD #2","Pine Bluffs, Wyoming","https://laramie2.schoolspring.com/","Laramie County School District 2","2026-05-22"
622,"Speech Language Pathologist Assistant","2026-04-23","LARAMIE COUNTY SD #2","Pine Bluffs, Wyoming","https://laramie2.schoolspring.com/","Laramie County School District 2","2026-05-22"
623,"Head High School Girls Basketball Coach","2026-04-15","Pine Bluffs Jr./Sr. High School","Pine Bluffs, Wyoming","https://laramie2.schoolspring.com/","Laramie County School District 2","2026-05-22"
624,"Technology Summer Employee","2026-04-07","LARAMIE COUNTY SD #2","Pine Bluffs, Wyoming","https://laramie2.schoolspring.com/","Laramie County School District 2","2026-05-22"
625,"Custodian","2026-03-23","Burns Jr./Sr. High School","Burns, Wyoming","https://laramie2.schoolspring.com/","Laramie County School District 2","2026-05-22"
626,"Technology Coordinator","2026-03-18","LARAMIE COUNTY SD #2","Pine Bluffs, Wyoming","https://laramie2.schoolspring.com/","Laramie County School District 2","2026-05-22"
627,"District PowerSchool Administrator","2026-03-17","LARAMIE COUNTY SD #2","Pine Bluffs, Wyoming","https://laramie2.schoolspring.com/","Laramie County School District 2","2026-05-22"
628,"Speech-Language Pathologist 2026-27 School Year (Signing Bonus)","2026-03-12","LARAMIE COUNTY SD #2","Pine Bluffs, Wyoming","https://laramie2.schoolspring.com/","Laramie County School District 2","2026-05-22"
629,"Summer Groundskeeper","2026-03-10","Pine Bluffs Jr./Sr. High School","Pine Bluffs, Wyoming","https://laramie2.schoolspring.com/","Laramie County School District 2","2026-05-22"
630,"Assistant High School Football Coach","2026-02-24","Burns Jr./Sr. High School","Burns, Wyoming","https://laramie2.schoolspring.com/","Laramie County School District 2","2026-05-22"
631,"Elementary Teacher 2026-27 School Year","2026-02-02","LARAMIE COUNTY SD #2","Pine Bluffs, Wyoming","https://laramie2.schoolspring.com/","Laramie County School District 2","2026-05-22"
632,"Assistant JH Volleyball Numbers Coach","2025-12-02","Burns Jr./Sr. High School","Burns, Wyoming","https://laramie2.schoolspring.com/","Laramie County School District 2","2026-05-22"
633,"Substitute School Nurse","2025-09-15","LARAMIE COUNTY SD #2","Pine Bluffs, Wyoming","https://laramie2.schoolspring.com/","Laramie County School District 2","2026-05-22"
634,"ELL Parent Translator Contactor","2025-09-15","LARAMIE COUNTY SD #2","Pine Bluffs, Wyoming","https://laramie2.schoolspring.com/","Laramie County School District 2","2026-05-22"
635,"Assistant JH Football Coach","2025-08-05","Burns Jr./Sr. High School","Burns, Wyoming","https://laramie2.schoolspring.com/","Laramie County School District 2","2026-05-22"
636,"ELL Paraprofessional","2025-06-10","LARAMIE COUNTY SD #2","Pine Bluffs, Wyoming","https://laramie2.schoolspring.com/","Laramie County School District 2","2026-05-22"
637,"Sub Paraprofessional","2025-01-30","LARAMIE COUNTY SD #2","Pine Bluffs, Wyoming","https://laramie2.schoolspring.com/","Laramie County School District 2","2026-05-22"
638,"Sub Custodian","2025-01-30","LARAMIE COUNTY SD #2","Pine Bluffs, Wyoming","https://laramie2.schoolspring.com/","Laramie County School District 2","2026-05-22"
639,"Substitute Cook","2025-01-30","LARAMIE COUNTY SD #2","Pine Bluffs, Wyoming","https://laramie2.schoolspring.com/","Laramie County School District 2","2026-05-22"
640,"Substitute Teacher","2025-01-30","LARAMIE COUNTY SD #2","Pine Bluffs, Wyoming","https://laramie2.schoolspring.com/","Laramie County School District 2","2026-05-22"
641,"Substitute Bus Driver","2025-01-30","LARAMIE COUNTY SD #2","Pine Bluffs, Wyoming","https://laramie2.schoolspring.com/","Laramie County School District 2","2026-05-22"
642,"FOOTBALL MIDDLE SCHOOL ASSISTANT COACH","2026-05-21","RIVERTON MIDDLE SCHOOL","Riverton, Wyoming","https://fremont25.schoolspring.com/","Fremont County School District 25","2026-05-22"
643,"HIGH SCHOOL ASSISTANT COACH (WRESTLING)","2026-05-21","RIVERTON HIGH SCHOOL","Riverton, Wyoming","https://fremont25.schoolspring.com/","Fremont County School District 25","2026-05-22"
644,"SPARTAN ACADEMY TEACHER (ELA or Social Studies)","2026-05-13","RIVERTON MIDDLE SCHOOL","Riverton, Wyoming","https://fremont25.schoolspring.com/","Fremont County School District 25","2026-05-22"
645,"ELEMENTARY TEACHER (SPED)","2026-05-12","ASPEN ELEMENTARY","Riverton, Wyoming","https://fremont25.schoolspring.com/","Fremont County School District 25","2026-05-22"
646,"ELEMENTARY TEACHER","2026-05-08","WILLOW CREEK","Riverton, Wyoming","https://fremont25.schoolspring.com/","Fremont County School District 25","2026-05-22"
647,"INSTRUCTIONAL SUPPORT SPECIALIST","2026-04-13","Fremont County School District 25","Riverton, Wyoming","https://fremont25.schoolspring.com/","Fremont County School District 25","2026-05-22"
648,"HOMEBOUND AND DISTRICT PLACEMENT SPECIAL EDUCATION TEACHER (SPED)","2026-04-08","Fremont County School District 25","Riverton, Wyoming","https://fremont25.schoolspring.com/","Fremont County School District 25","2026-05-22"
649,"2026-2027 PARAPROFESSIONAL POOL","2026-03-27","Fremont County School District 25","Riverton, Wyoming","https://fremont25.schoolspring.com/","Fremont County School District 25","2026-05-22"
650,"HIGH SCHOOL ASSISTANT COACH (GIRLS BASKETBALL)","2026-03-24","RIVERTON HIGH SCHOOL","Riverton, Wyoming","https://fremont25.schoolspring.com/","Fremont County School District 25","2026-05-22"
651,"PARA (SPED IDEAL)","2026-03-23","RENDEZVOUS ELEMENTARY","Riverton, Wyoming","https://fremont25.schoolspring.com/","Fremont County School District 25","2026-05-22"
652,"SUBSTITUTE BUS DRIVER","2026-03-20","BUS GARAGE - TRANSPORTATION","Riverton, Wyoming","https://fremont25.schoolspring.com/","Fremont County School District 25","2026-05-22"
653,"PARA (SPED)","2026-02-23","WILLOW CREEK","Riverton, Wyoming","https://fremont25.schoolspring.com/","Fremont County School District 25","2026-05-22"
654,"PARA (SPED BSP)","2026-02-18","RENDEZVOUS ELEMENTARY","Riverton, Wyoming","https://fremont25.schoolspring.com/","Fremont County School District 25","2026-05-22"
655,"SPEECH LANGUAGE PATHOLOGIST","2026-02-09","Fremont County School District 25","Riverton, Wyoming","https://fremont25.schoolspring.com/","Fremont County School District 25","2026-05-22"
656,"SCHOOL PSYCHOLOGIST","2026-02-09","ALTERNATIVE/SPECIAL SERVICES","Riverton, Wyoming","https://fremont25.schoolspring.com/","Fremont County School District 25","2026-05-22"
657,"OCCUPATIONAL THERAPIST","2026-01-22","Fremont County School District 25","Riverton, Wyoming","https://fremont25.schoolspring.com/","Fremont County School District 25","2026-05-22"
658,"NATIVE AMERICAN EDUCATION STUDENT AMBASSADOR","2025-12-12","Fremont County School District 25","Riverton, Wyoming","https://fremont25.schoolspring.com/","Fremont County School District 25","2026-05-22"
659,"BUS AIDE","2025-10-17","BUS GARAGE - TRANSPORTATION","Riverton, Wyoming","https://fremont25.schoolspring.com/","Fremont County School District 25","2026-05-22"
660,"BUS DRIVER (PART TIME)","2025-10-17","BUS GARAGE - TRANSPORTATION","Riverton, Wyoming","https://fremont25.schoolspring.com/","Fremont County School District 25","2026-05-22"
661,"SUBSTITUTE PARA","2025-09-26","Fremont County School District 25","Riverton, Wyoming","https://fremont25.schoolspring.com/","Fremont County School District 25","2026-05-22"
662,"HIGH SCHOOL ASSISTANT COACH (CHEER)","2025-03-23","RIVERTON HIGH SCHOOL","Riverton, Wyoming","https://fremont25.schoolspring.com/","Fremont County School District 25","2026-05-22"
663,"SUBSTITUTE INTERPRETER FOR DEAF/HARD OF HEARING STUDENTS","2025-01-16","Fremont County School District 25","Riverton, Wyoming","https://fremont25.schoolspring.com/","Fremont County School District 25","2026-05-22"
664,"SUBSTITUTE CUSTODIAN","2024-09-17","Fremont County School District 25","Riverton, Wyoming","https://fremont25.schoolspring.com/","Fremont County School District 25","2026-05-22"
665,"SUBSTITUTE DAYCARE ASSISTANT","2024-07-22","Fremont County School District 25","Riverton, Wyoming","https://fremont25.schoolspring.com/","Fremont County School District 25","2026-05-22"
666,"SUBSTITUTE TEACHER","2024-07-18","Fremont County School District 25","Riverton, Wyoming","https://fremont25.schoolspring.com/","Fremont County School District 25","2026-05-22"
667,"SUBSTITUTE NURSE","2024-07-18","Fremont County School District 25","Riverton, Wyoming","https://fremont25.schoolspring.com/","Fremont County School District 25","2026-05-22"
668,"LIFEGUARD","2024-03-01","RIVERTON AQUATICS CENTER","Riverton, Wyoming","https://fremont25.schoolspring.com/","Fremont County School District 25","2026-05-22"
669,"DESK CLERK","2024-03-01","RIVERTON AQUATICS CENTER","Riverton, Wyoming","https://fremont25.schoolspring.com/","Fremont County School District 25","2026-05-22"
670,"Evening Custodian - Elementary","2026-05-20","Slade Elementary School","Laramie, Wyoming","https://acsd1.schoolspring.com/","Albany Count School District 1","2026-05-22"
671,"Elementary Teacher","2026-05-19","Linford Elementary School","Laramie, Wyoming","https://acsd1.schoolspring.com/","Albany Count School District 1","2026-05-22"
672,"Preschool Paraprofessional","2026-05-19","Indian Paintbrush Elementary School","Laramie, Wyoming","https://acsd1.schoolspring.com/","Albany Count School District 1","2026-05-22"
673,"Preschool Paraprofessional","2026-05-19","Spring Creek Elementary School","Laramie, Wyoming","https://acsd1.schoolspring.com/","Albany Count School District 1","2026-05-22"
674,"Childcare/Daycare Paraprofessional","2026-05-19","Whiting High School","Laramie, Wyoming","https://acsd1.schoolspring.com/","Albany Count School District 1","2026-05-22"
675,"Middle School Assistant Cross-County Coach","2026-05-18","Laramie Middle School","Laramie, Wyoming","https://acsd1.schoolspring.com/","Albany Count School District 1","2026-05-22"
676,"Middle School Girls' Basketball Coach","2026-05-18","Laramie Middle School","Laramie, Wyoming","https://acsd1.schoolspring.com/","Albany Count School District 1","2026-05-22"
677,"Middle School Assistant Wrestling Coach","2026-05-18","Laramie Middle School","Laramie, Wyoming","https://acsd1.schoolspring.com/","Albany Count School District 1","2026-05-22"
678,"Special Education Teacher","2026-05-18","Laramie Middle School","Laramie, Wyoming","https://acsd1.schoolspring.com/","Albany Count School District 1","2026-05-22"
679,"Elementary Teacher - Interventionist","2026-05-18","Indian Paintbrush Elementary School","Laramie, Wyoming","https://acsd1.schoolspring.com/","Albany Count School District 1","2026-05-22"
680,"Special Education Teacher","2026-05-12","Snowy Range Academy","Laramie, Wyoming","https://acsd1.schoolspring.com/","Albany Count School District 1","2026-05-22"
681,"Middle School English Teacher","2026-05-12","Laramie Middle School","Laramie, Wyoming","https://acsd1.schoolspring.com/","Albany Count School District 1","2026-05-22"
682,"Special Education Teacher","2026-04-21","Spring Creek Elementary School","Laramie, Wyoming","https://acsd1.schoolspring.com/","Albany Count School District 1","2026-05-22"
683,"High School Assistant Tennis Coach","2026-04-13","Laramie High School","Laramie, Wyoming","https://acsd1.schoolspring.com/","Albany Count School District 1","2026-05-22"
684,"Middle School Head Volleyball Coach","2026-04-09","Laramie Middle School","Laramie, Wyoming","https://acsd1.schoolspring.com/","Albany Count School District 1","2026-05-22"
685,"Certified Occupational Therapist","2026-04-03","Albany County School District 1","Laramie, Wyoming","https://acsd1.schoolspring.com/","Albany Count School District 1","2026-05-22"
686,"Dual Language Immersion and ELL Programs Instructional Facilitator","2026-04-03","Albany County School District 1","Laramie, Wyoming","https://acsd1.schoolspring.com/","Albany Count School District 1","2026-05-22"
687,"Nurse Educator","2026-03-27","Whiting High School","Laramie, Wyoming","https://acsd1.schoolspring.com/","Albany Count School District 1","2026-05-22"
688,"High School Assistant Golf Coach","2026-03-04","Laramie High School","Laramie, Wyoming","https://acsd1.schoolspring.com/","Albany Count School District 1","2026-05-22"
689,"Certified Occupational Therapy Assistant","2026-03-02","Albany County School District 1","Laramie, Wyoming","https://acsd1.schoolspring.com/","Albany Count School District 1","2026-05-22"
690,"Substitute Custodian","2025-07-21","Albany County School District 1","Laramie, Wyoming","https://acsd1.schoolspring.com/","Albany Count School District 1","2026-05-22"
691,"Bus Aide","2025-06-05","Albany County School District 1","Laramie, Wyoming","https://acsd1.schoolspring.com/","Albany Count School District 1","2026-05-22"
692,"Bus Driver","2025-06-05","Albany County School District 1","Laramie, Wyoming","https://acsd1.schoolspring.com/","Albany Count School District 1","2026-05-22"
693,"First Grade Teacher","2026-05-21","COTTONWOOD ELEMENTARY","Wright, Wyoming","https://campbell.schoolspring.com/","Campbell County Scholl District 1","2026-05-22"
694,"Water Safety Assistant","2026-05-20","CAMPBELL COUNTY SCHOOL DISTRICT #1","Gillette, Wyoming","https://campbell.schoolspring.com/","Campbell County Scholl District 1","2026-05-22"
695,"Math Teacher","2026-05-20","CAMPBELL COUNTY HIGH SCHOOL","Gillette, Wyoming","https://campbell.schoolspring.com/","Campbell County Scholl District 1","2026-05-22"
696,"School Counselor","2026-05-20","LAKEVIEW ELEMENTARY","Gillette, Wyoming","https://campbell.schoolspring.com/","Campbell County Scholl District 1","2026-05-22"
697,"Assistant HS Golf Coach","2026-05-20","CAMPBELL COUNTY HIGH SCHOOL","Gillette, Wyoming","https://campbell.schoolspring.com/","Campbell County Scholl District 1","2026-05-22"
698,"English Teacher","2026-05-15","WRIGHT JR./SR. HIGH SCHOOL","Wright, Wyoming","https://campbell.schoolspring.com/","Campbell County Scholl District 1","2026-05-22"
699,"Speech/Language Pathologist","2026-05-14","CAMPBELL COUNTY SCHOOL DISTRICT #1","Gillette, Wyoming","https://campbell.schoolspring.com/","Campbell County Scholl District 1","2026-05-22"
700,"Physical Education Teacher","2026-05-14","CONESTOGA ELEMENTARY","Gillette, Wyoming","https://campbell.schoolspring.com/","Campbell County Scholl District 1","2026-05-22"
701,"Assistant Girls Wrestling Coach","2026-05-07","THUNDER BASIN HIGH SCHOOL","Gillette, Wyoming","https://campbell.schoolspring.com/","Campbell County Scholl District 1","2026-05-22"
702,"Wright - Summer Lawn Crew","2026-05-06","WRIGHT JR./SR. HIGH SCHOOL","Wright, Wyoming","https://campbell.schoolspring.com/","Campbell County Scholl District 1","2026-05-22"
703,"Vocational Job Coach","2026-05-06","THUNDER BASIN HIGH SCHOOL","Gillette, Wyoming","https://campbell.schoolspring.com/","Campbell County Scholl District 1","2026-05-22"
704,"Foreign Language Teacher - Spanish","2026-05-05","CAMPBELL COUNTY HIGH SCHOOL","Gillette, Wyoming","https://campbell.schoolspring.com/","Campbell County Scholl District 1","2026-05-22"
705,"Art Teacher","2026-04-30","COTTONWOOD ELEMENTARY","Wright, Wyoming","https://campbell.schoolspring.com/","Campbell County Scholl District 1","2026-05-22"
706,"Skilled Maintenance Crafts - Mechanic","2026-04-30","CAMPBELL COUNTY SCHOOL DISTRICT #1","Gillette, Wyoming","https://campbell.schoolspring.com/","Campbell County Scholl District 1","2026-05-22"
707,"Exceptional Child Specialist/Resource Room","2026-04-27","SAGE VALLEY JUNIOR HIGH SCHOOL","Gillette, Wyoming","https://campbell.schoolspring.com/","Campbell County Scholl District 1","2026-05-22"
708,"Exceptional Child Specialist/Resource Room","2026-04-23","HILLCREST ELEMENTARY","Gillette, Wyoming","https://campbell.schoolspring.com/","Campbell County Scholl District 1","2026-05-22"
709,"ACTIVITY BUS DRIVER","2026-04-08","CAMPBELL COUNTY SCHOOL DISTRICT #1","Gillette, Wyoming","https://campbell.schoolspring.com/","Campbell County Scholl District 1","2026-05-22"
710,"BUS DRIVER/BUS DRIVER IN TRAINING","2026-03-24","CAMPBELL COUNTY SCHOOL DISTRICT #1","Gillette, Wyoming","https://campbell.schoolspring.com/","Campbell County Scholl District 1","2026-05-22"
711,"Teacher of the Visually Impaired","2026-03-05","CAMPBELL COUNTY SCHOOL DISTRICT #1","Gillette, Wyoming","https://campbell.schoolspring.com/","Campbell County Scholl District 1","2026-05-22"
712,"Special Programs Education Assistant/ASD","2026-02-09","RAWHIDE ELEMENTARY","Gillette, Wyoming","https://campbell.schoolspring.com/","Campbell County Scholl District 1","2026-05-22"
713,"Special Programs Education Assistant","2026-01-20","RAWHIDE ELEMENTARY","Gillette, Wyoming","https://campbell.schoolspring.com/","Campbell County Scholl District 1","2026-05-22"
714,"Special Programs Education Assistant for Students with High Needs","2025-12-19","HILLCREST ELEMENTARY","Gillette, Wyoming","https://campbell.schoolspring.com/","Campbell County Scholl District 1","2026-05-22"
715,"Orientation and Mobility Specialist","2025-12-19","CAMPBELL COUNTY SCHOOL DISTRICT #1","Gillette, Wyoming","https://campbell.schoolspring.com/","Campbell County Scholl District 1","2026-05-22"
716,"Special Programs Education Assistant","2025-11-26","HILLCREST ELEMENTARY","Gillette, Wyoming","https://campbell.schoolspring.com/","Campbell County Scholl District 1","2026-05-22"
717,"Safety Patrol","2025-10-29","CAMPBELL COUNTY SCHOOL DISTRICT #1","Gillette, Wyoming","https://campbell.schoolspring.com/","Campbell County Scholl District 1","2026-05-22"
718,"Safety Patrol","2025-10-29","CAMPBELL COUNTY SCHOOL DISTRICT #1","Gillette, Wyoming","https://campbell.schoolspring.com/","Campbell County Scholl District 1","2026-05-22"
719,"Substitute School Nurse","2025-06-11","CAMPBELL COUNTY SCHOOL DISTRICT #1","Gillette, Wyoming","https://campbell.schoolspring.com/","Campbell County Scholl District 1","2026-05-22"
720,"SCHOOL PSYCHOLOGIST INTERN","2025-01-31","CAMPBELL COUNTY SCHOOL DISTRICT #1","Gillette, Wyoming","https://campbell.schoolspring.com/","Campbell County Scholl District 1","2026-05-22"
721,"Sample Classified Position","2010-02-16","CAMPBELL COUNTY SCHOOL DISTRICT #1","Gillette, Wyoming","https://campbell.schoolspring.com/","Campbell County Scholl District 1","2026-05-22"
722,"Sample Certified Position","2010-02-16","CAMPBELL COUNTY SCHOOL DISTRICT #1","Gillette, Wyoming","https://campbell.schoolspring.com/","Campbell County Scholl District 1","2026-05-22"
723,"Library Aide - Etna Elementary",NA,"Certified","Etna","https://lcsd2.org/employment-opportunities/","Lincoln County School District 2","2026-05-22"
724,"Aide Pool - Star Valley",NA,"Classified","Star Valley","https://lcsd2.org/employment-opportunities/","Lincoln County School District 2","2026-05-22"
725,"Bus Aide - Part-Time - Star Valley",NA,"Classified","Star Valle","https://lcsd2.org/employment-opportunities/","Lincoln County School District 2","2026-05-22"
726,"Special Education Teacher - Star Valley High School",NA,"Certified","Star Valley High","https://lcsd2.org/employment-opportunities/","Lincoln County School District 2","2026-05-22"
727,"Elementary Teacher - Thayne Elementary",NA,"Certified","Thayen Elementary","https://lcsd2.org/employment-opportunities/","Lincoln County School District 2","2026-05-22"
728,"Science Teacher - Star Valley Middle School",NA,"Certified","Star Valley Middle","https://lcsd2.org/employment-opportunities/","Lincoln County School District 2","2026-05-22"
729,"PE/Health Teacher - Star Valley High School - Part-Time",NA,"Certified","Star Valley High","https://lcsd2.org/employment-opportunities/","Lincoln County School District 2","2026-05-22"
730,"Substitute School Nurse - Star Valley",NA,"Certified","Star Valley","https://lcsd2.org/employment-opportunities/","Lincoln County School District 2","2026-05-22"
731,"Certified Substitute Teacher Pool - Star Valley",NA,"Substitute","District","https://lcsd2.org/employment-opportunities/","Lincoln County School District 2","2026-05-22"
732,"Certified Substitute Teacher Pool - Cokeville",NA,"Substitute","Cokeville","https://lcsd2.org/employment-opportunities/","Lincoln County School District 2","2026-05-22"
733,"Substitute Bus Drivers - Cokeville",NA,"Classified","Cokeville","https://lcsd2.org/employment-opportunities/","Lincoln County School District 2","2026-05-22"
734,"Substitute Bus Drivers - Star Valley",NA,"Classified","Star Valley","https://lcsd2.org/employment-opportunities/","Lincoln County School District 2","2026-05-22"
735,"Substitute Bus Aides - Star Valley",NA,"Classified","Star Valley","https://lcsd2.org/employment-opportunities/","Lincoln County School District 2","2026-05-22"
736,"Substitute Food Service (Cooks)",NA,"Classified","District","https://lcsd2.org/employment-opportunities/","Lincoln County School District 2","2026-05-22"
737,"Musical Director - Cokeville High School",NA,"Certified","Cokeville High School","https://lcsd2.org/employment-opportunities/","Lincoln County School District 2","2026-05-22"
738,"Assistant Boys Basketball Coach - Star Valley High School",NA,"Coaching","Star Valley High","https://lcsd2.org/employment-opportunities/","Lincoln County School District 2","2026-05-22"
739,"Assistant Volleyball Coach - Star Valley Middle School",NA,"Coaching","Star Valley Middle","https://lcsd2.org/employment-opportunities/","Lincoln County School District 2","2026-05-22"
740,"Assistant Volleyball Coach - Cokeville High School",NA,"Coaching","Cokeville High School","https://lcsd2.org/employment-opportunities/","Lincoln County School District 2","2026-05-22"
741,"Volunteer Coach/Advisor",NA,"Coaching","District","https://lcsd2.org/employment-opportunities/","Lincoln County School District 2","2026-05-22"
742,"Elementary Teacher",NA,"Certified","District","https://www.growingluskleaders.org/page/human-resources","Niobrara County School District 1","2026-05-22"
743,"Music/Band Teacher",NA,"Certified","District","https://www.growingluskleaders.org/page/human-resources","Niobrara County School District 1","2026-05-22"
744,"SPED Paraprofessional",NA,"Classified","District","https://www.growingluskleaders.org/page/human-resources","Niobrara County School District 1","2026-05-22"
745,"Daycare Staff Provider",NA,"Classified","District","https://www.growingluskleaders.org/page/human-resources","Niobrara County School District 1","2026-05-22"
746,"Library/Media Support Staff",NA,"Classified","District","https://www.growingluskleaders.org/page/human-resources","Niobrara County School District 1","2026-05-22"
747,"Maintenance Worker",NA,"Classified","District","https://www.growingluskleaders.org/page/human-resources","Niobrara County School District 1","2026-05-22"
748,"Bus Driver Substitutes",NA,"Classified","District","https://www.growingluskleaders.org/page/human-resources","Niobrara County School District 1","2026-05-22"
749,"Custodial Substitute",NA,"Classified","District","https://www.growingluskleaders.org/page/human-resources","Niobrara County School District 1","2026-05-22"
750,"Special Education Paraprofessional",NA,"Classified","District","https://pcsd16.com/271372_2","Park County School District 16","2026-05-22"
751,"7-12 Grade Science Teacher",NA,"Certified","District","https://pcsd16.com/271372_2","Park County School District 16","2026-05-22"
752,"HS Head Track Coach",NA,"Coaching","District","https://pcsd16.com/271372_2","Park County School District 16","2026-05-22"
753,"MS Head Track Coach",NA,"Coaching","District","https://pcsd16.com/271372_2","Park County School District 16","2026-05-22"
754,"School Guidance Counselor",NA,"Certified","District","https://pcsd16.com/271372_2","Park County School District 16","2026-05-22"
755,"Substitutes",NA,"Substitute","District Wide","https://www.platte1.org/89574_1","Platte County School District 1","2026-05-22"
756,"Custodian Subs",NA,"Classified","District Wide","https://www.platte1.org/89574_1","Platte County School District 1","2026-05-22"
757,"WHS Math Teacher",NA,"Certified","District Wide","https://www.platte1.org/89574_1","Platte County School District 1","2026-05-22"
758,"WHS Assistant VB Coach",NA,"Coaching","District Wide","https://www.platte1.org/89574_1","Platte County School District 1","2026-05-22"
759,"WHS Assistant Girls Basketball Coach (2)",NA,"Coaching","District Wide","https://www.platte1.org/89574_1","Platte County School District 1","2026-05-22"
760,"Substitute Activity Drivers",NA,"Classified","District","https://www.guernseysunrise.org/page/employment","Platte County School District 2","2026-05-22"
761,"Substitute Certified Teachers",NA,"Substitute","District","https://www.guernseysunrise.org/page/employment","Platte County School District 2","2026-05-22"
762,"Substitute Paraeducators",NA,"Classified","District","https://www.guernseysunrise.org/page/employment","Platte County School District 2","2026-05-22"
763,"Junior High Head Boys Basketball Coach",NA,"Coaching","District","https://www.sheridan3.com/page/hr-and-career-opportunities","Sheridan County School District 3","2026-05-22"
764,"Bus Driver",NA,"Classified","District","https://www.sheridan3.com/page/hr-and-career-opportunities","Sheridan County School District 3","2026-05-22"
765,"Culinary Arts Teacher 5/12/2026.docx",NA,"Certified","District","https://www.sub1.org/en-US/employment-and-human-resources-f26202d3","Sublette County School District 1","2026-05-22"
766,"Girls Assistant Basketball Coaches 4/6/2026.docx",NA,"Coaching","District","https://www.sub1.org/en-US/employment-and-human-resources-f26202d3","Sublette County School District 1","2026-05-22"
767,"HS Girls Assistant Wrestling Coach - 26-27",NA,"Coaching","District","https://www.sub1.org/en-US/employment-and-human-resources-f26202d3","Sublette County School District 1","2026-05-22"
768,"High School Boys JV Basketball Coach",NA,"Coaching","District","https://www.sub1.org/en-US/employment-and-human-resources-f26202d3","Sublette County School District 1","2026-05-22"
769,"Middle School Special Education Paraprofessional 26-27",NA,"Coaching","District","https://www.sub1.org/en-US/employment-and-human-resources-f26202d3","Sublette County School District 1","2026-05-22"
770,"Speech Language Pathologist Assistant (SLPA) 26-27.docx",NA,"Classified","District","https://www.sub1.org/en-US/employment-and-human-resources-f26202d3","Sublette County School District 1","2026-05-22"
771,"Substitute Bus Driver",NA,"Classified","District","https://www.sub1.org/en-US/employment-and-human-resources-f26202d3","Sublette County School District 1","2026-05-22"
772,"Substitute School Nurse",NA,"Classified","District","https://www.sub1.org/en-US/employment-and-human-resources-f26202d3","Sublette County School District 1","2026-05-22"
773,"Substitutes",NA,"Substitute","District","https://www.sub1.org/en-US/employment-and-human-resources-f26202d3","Sublette County School District 1","2026-05-22"
774,"K–12 Special Education Teacher",NA,"Certified","District","https://www.uinta4.com/departments/business_office/job_opportunities/current_openings","Uinta County School District 4","2026-05-22"
775,"Secondary Math Teacher",NA,"Certified","District","https://www.uinta4.com/departments/business_office/job_opportunities/current_openings","Uinta County School District 4","2026-05-22"
776,"Middle School Language Arts Teacher",NA,"Certified","District","https://www.uinta4.com/departments/business_office/job_opportunities/current_openings","Uinta County School District 4","2026-05-22"
777,"School Bus Route Driver (immediate)",NA,"Classified","District","https://www.uinta4.com/departments/business_office/job_opportunities/current_openings","Uinta County School District 4","2026-05-22"
778,"Kindergarten Paraeducator (2026–2027)",NA,"Classified","District","https://www.uinta4.com/departments/business_office/job_opportunities/current_openings","Uinta County School District 4","2026-05-22"
779,"HS Head Football Coach",NA,"Coaching","District","https://www.uinta4.com/departments/business_office/job_opportunities/current_openings","Uinta County School District 4","2026-05-22"
780,"HS Assistant Football Coach",NA,"Coaching","District","https://www.uinta4.com/departments/business_office/job_opportunities/current_openings","Uinta County School District 4","2026-05-22"
781,"HS Assistant Boys Basketball (Freshman)",NA,"Coaching","District","https://www.uinta4.com/departments/business_office/job_opportunities/current_openings","Uinta County School District 4","2026-05-22"
782,"Assistant Girls Basketball (JV and Freshman)",NA,"Coaching","District","https://www.uinta4.com/departments/business_office/job_opportunities/current_openings","Uinta County School District 4","2026-05-22"
783,"Assistant Girls Wrestling",NA,"Coaching","District","https://www.uinta4.com/departments/business_office/job_opportunities/current_openings","Uinta County School District 4","2026-05-22"
784,"Middle School Assistant Volleyball",NA,"Coaching","District","https://www.uinta4.com/departments/business_office/job_opportunities/current_openings","Uinta County School District 4","2026-05-22"
785,"Middle School Head Girls Wrestling",NA,"Coaching","District","https://www.uinta4.com/departments/business_office/job_opportunities/current_openings","Uinta County School District 4","2026-05-22"
786,"Special Education Teacher",NA,"Certified","District","https://sites.google.com/lymanschools.org/ucsd6/home/job-openings?authuser=0","Uinta County School District 6","2026-05-22"
787,"Aquatic Center Director",NA,"Administration","District","https://sites.google.com/lymanschools.org/ucsd6/home/job-openings?authuser=0","Uinta County School District 6","2026-05-22"
788,"Substitute School Bus Driver",NA,"Classified","District","https://sites.google.com/lymanschools.org/ucsd6/home/job-openings?authuser=0","Uinta County School District 6","2026-05-22"
789,"Substitute School Bus Aide",NA,"Classified","District","https://sites.google.com/lymanschools.org/ucsd6/home/job-openings?authuser=0","Uinta County School District 6","2026-05-22"
790,"Title I Teacher",NA,"Certified","District","https://sites.google.com/lymanschools.org/ucsd6/home/job-openings?authuser=0","Uinta County School District 6","2026-05-22"
791,"Accompanist",NA,"Classified","District","https://sites.google.com/lymanschools.org/ucsd6/home/job-openings?authuser=0","Uinta County School District 6","2026-05-22"
792,"High School Boys Assistant Swim Coach",NA,"Coaching","District","https://sites.google.com/lymanschools.org/ucsd6/home/job-openings?authuser=0","Uinta County School District 6","2026-05-22"
793,"Coaching Positions (unspecified / general pool)",NA,"Coaching","District","https://sites.google.com/lymanschools.org/ucsd6/home/job-openings?authuser=0","Uinta County School District 6","2026-05-22"
794,"Substitute Staff (general pool)",NA,"Substitute","District","https://sites.google.com/lymanschools.org/ucsd6/home/job-openings?authuser=0","Uinta County School District 6","2026-05-22"
795,"K–12 Music Teacher (2026–27 School Year)",NA,"Certified","District","https://www.wsh2.k12.wy.us/apps/pages/index.jsp?uREC_ID=440610&type=d&pREC_ID=1008214","Washakie County School District 2","2026-05-22"
796,"High School Girls Basketball Coach",NA,"Coaching","District","https://www.wsh2.k12.wy.us/apps/pages/index.jsp?uREC_ID=440610&type=d&pREC_ID=1008214","Washakie County School District 2","2026-05-22"
797,"Speech-Language Pathologist",NA,"Certified","District","https://www.wcsd1.org/apps/pages/Career_Opportunities","Weston County School District 1","2026-05-22"
798,"Business Manager Job Description",NA,"Classified","District","https://www.wcsd1.org/apps/pages/Career_Opportunities","Weston County School District 1","2026-05-22"
799,"Elementary Counselor Position",NA,"Certified","District","https://www.wcsd1.org/apps/pages/Career_Opportunities","Weston County School District 1","2026-05-22"
800,"Special Ed. Director position",NA,"Certified","District","https://www.wcsd1.org/apps/pages/Career_Opportunities","Weston County School District 1","2026-05-22"
801,"Special Education Case Manager Job Description",NA,"Certified","District","https://www.wcsd1.org/apps/pages/Career_Opportunities","Weston County School District 1","2026-05-22"
802,"Ag and Welding Teacher (9-12) Description",NA,"Certified","District","https://www.wcsd1.org/apps/pages/Career_Opportunities","Weston County School District 1","2026-05-22"
803,"Industrial Arts/Woodworking Teacher (9-12) Description",NA,"Certified","District","https://www.wcsd1.org/apps/pages/Career_Opportunities","Weston County School District 1","2026-05-22"
804,"MS Science Teacher Job Description",NA,"Certified","District","https://www.wcsd1.org/apps/pages/Career_Opportunities","Weston County School District 1","2026-05-22"
805,"FFA Advisor (9-12) Job Description",NA,"Certified","District","https://www.wcsd1.org/apps/pages/Career_Opportunities","Weston County School District 1","2026-05-22"
806,"Special Education Paraprofessional Positions",NA,"Classified","District","https://www.wcsd1.org/apps/pages/Career_Opportunities","Weston County School District 1","2026-05-22"
807,"Head Boys and Girls Swimming Coach",NA,"Coaching","District","https://www.wcsd1.org/apps/pages/Career_Opportunities","Weston County School District 1","2026-05-22"
808,"Head Cross Country Coach",NA,"Coaching","District","https://www.wcsd1.org/apps/pages/Career_Opportunities","Weston County School District 1","2026-05-22"
809,"MS HEAD BOYS SOCCER COACH",NA,"Coaching","District","https://www.wcsd1.org/apps/pages/Career_Opportunities","Weston County School District 1","2026-05-22"
810,"AssistantBoysSoccerCoach",NA,"Coaching","District","https://www.wcsd1.org/apps/pages/Career_Opportunities","Weston County School District 1","2026-05-22"
811,"MS Head Girls Soccer Coach",NA,"Coaching","District","https://www.wcsd1.org/apps/pages/Career_Opportunities","Weston County School District 1","2026-05-22"
812,"Kitchen Assistant Position",NA,"Classified","District","https://www.wcsd1.org/apps/pages/Career_Opportunities","Weston County School District 1","2026-05-22"
813,"Route Bus Drivers",NA,"Classified","District","https://www.wcsd1.org/apps/pages/Career_Opportunities","Weston County School District 1","2026-05-22"
814,"Substitutes",NA,"Substitute","District","https://www.wcsd1.org/apps/pages/Career_Opportunities","Weston County School District 1","2026-05-22"
815,"Custodial-Kitchensubs",NA,"Classified","District","https://www.wcsd1.org/apps/pages/Career_Opportunities","Weston County School District 1","2026-05-22"
816,"Sub Bus Drivers",NA,"Classified","District","https://www.wcsd1.org/apps/pages/Career_Opportunities","Weston County School District 1","2026-05-22"
817,"Substitute Teacher",NA,"Substitute","District","https://www.weston7.org/o/wcsd/page/employment","Weston County School District 7","2026-05-22"
818,"Substitute Paraprofessional",NA,"Classified","District","https://www.weston7.org/o/wcsd/page/employment","Weston County School District 7","2026-05-22"
819,"Substitute Custodian",NA,"Classified","District","https://www.weston7.org/o/wcsd/page/employment","Weston County School District 7","2026-05-22"
820,"Substitute Bus Driver (CDL preferred but willing to train)",NA,"Classified","District","https://www.weston7.org/o/wcsd/page/employment","Weston County School District 7","2026-05-22"
821,"Substitute Lunchroom Cook",NA,"Classified","District","https://www.weston7.org/o/wcsd/page/employment","Weston County School District 7","2026-05-22"
822,"Secondary Math Teacher",NA,"Certified","District","https://www.weston7.org/o/wcsd/page/employment","Weston County School District 7","2026-05-22"
823,"Spring/Fall Golf Coach",NA,"Classified","District","https://www.weston7.org/o/wcsd/page/employment","Weston County School District 7","2026-05-22"
824,"Middle/High School Activities Director",NA,"Administration","District","https://www.weston7.org/o/wcsd/page/employment","Weston County School District 7","2026-05-22"
825,"Pre-K Paraprofessional",NA,"Full Time","Classified","https://jobs.redroverk12.com/org/hotsprings1/opening/173820","Hot Springs County School District 1","2026-05-22"
826,"Assistant High School Volleyball Coach",NA,"Seasonal","Certified","https://jobs.redroverk12.com/org/hotsprings1/opening/172376","Hot Springs County School District 1","2026-05-22"
827,"Assistant High School Speech & Debate Sponsor",NA,"Other","Classified","https://jobs.redroverk12.com/org/hotsprings1/opening/167695","Hot Springs County School District 1","2026-05-22"
828,"Assistant High School Girls Basketball Coach",NA,"Seasonal","Certified","https://jobs.redroverk12.com/org/hotsprings1/opening/167509","Hot Springs County School District 1","2026-05-22"
829,"Part-time Custodian",NA,"Part Time","Classified","https://jobs.redroverk12.com/org/hotsprings1/opening/128761","Hot Springs County School District 1","2026-05-22"
830,"Transportation Assistant",NA,"Part Time","Classified","https://jobs.redroverk12.com/org/hotsprings1/opening/162215","Hot Springs County School District 1","2026-05-22"
831,"Bus Driver",NA,"Part Time","Classified","https://jobs.redroverk12.com/org/hotsprings1/opening/162208","Hot Springs County School District 1","2026-05-22"
832,"Crossing Guard",NA,"Part Time","Classified","https://jobs.redroverk12.com/org/hotsprings1/opening/162209","Hot Springs County School District 1","2026-05-22"
833,"Head High School Boys Basketball Coach",NA,"Seasonal","Certified","https://jobs.redroverk12.com/org/hotsprings1/opening/161865","Hot Springs County School District 1","2026-05-22"
834,"Assistant Middle School Volleyball Coach",NA,"Seasonal","Certified","https://jobs.redroverk12.com/org/hotsprings1/opening/161863","Hot Springs County School District 1","2026-05-22"
835,"Daycare Director",NA,"Full Time","Non-Certified","https://jobs.redroverk12.com/org/hotsprings1/opening/158975","Hot Springs County School District 1","2026-05-22"
836,"Life Skills Teacher",NA,"Full Time","Certified","https://jobs.redroverk12.com/org/hotsprings1/opening/149723","Hot Springs County School District 1","2026-05-22"
837,"Substitute Paraprofessional",NA,"Substitute","Substitute","https://jobs.redroverk12.com/org/hotsprings1/opening/128737","Hot Springs County School District 1","2026-05-22"
838,"Child Nutrition Cook",NA,"Part Time","Classified","https://jobs.redroverk12.com/org/hotsprings1/opening/151103","Hot Springs County School District 1","2026-05-22"
839,"Daycare Support Staff",NA,"Full Time","Classified","https://jobs.redroverk12.com/org/hotsprings1/opening/148304","Hot Springs County School District 1","2026-05-22"
840,"Substitute Teacher",NA,"Substitute","Substitute","https://jobs.redroverk12.com/org/hotsprings1/opening/128617","Hot Springs County School District 1","2026-05-22"
841,"Assistant Volleyball Coach",NA,"Seasonal","Assistant Coach","https://jobs.redroverk12.com/org/jcsd1/opening/172104","Johnson County School District 1","2026-05-22"
842,"High School Science",NA,"Full Time","Teacher","https://jobs.redroverk12.com/org/jcsd1/opening/171160","Johnson County School District 1","2026-05-22"
843,"Assistant Marching Band Sponsor",NA,"Seasonal","Assistant Coach","https://jobs.redroverk12.com/org/jcsd1/opening/166153","Johnson County School District 1","2026-05-22"
844,"Assistant Middle School Volleyball Coach",NA,"Other","Assistant Coach","https://jobs.redroverk12.com/org/jcsd1/opening/164718","Johnson County School District 1","2026-05-22"
845,"Assistant Middle School Boys Basketball Coach",NA,"Other","Assistant Coach","https://jobs.redroverk12.com/org/jcsd1/opening/164727","Johnson County School District 1","2026-05-22"
846,"Assistant Football Coach",NA,"Seasonal","Assistant Coach","https://jobs.redroverk12.com/org/jcsd1/opening/165693","Johnson County School District 1","2026-05-22"
847,"Food Service Warehouse Transport",NA,"Full Time","Food Warehouse Transport","https://jobs.redroverk12.com/org/jcsd1/opening/155290","Johnson County School District 1","2026-05-22"
848,"Sign Language Interpreter",NA,"Full Time","Sign Language Interpreter","https://jobs.redroverk12.com/org/jcsd1/opening/150867","Johnson County School District 1","2026-05-22"
849,"Food Prep Tech",NA,"Part Time","Food Service Tech Prep","https://jobs.redroverk12.com/org/jcsd1/opening/145949","Johnson County School District 1","2026-05-22"
850,"Paraprofessional Substitute",NA,"Substitute","Substitute Paraprofessional","https://jobs.redroverk12.com/org/jcsd1/opening/142219","Johnson County School District 1","2026-05-22"
851,"Custodian Staff Substitute",NA,"Substitute","Custodian","https://jobs.redroverk12.com/org/jcsd1/opening/137493","Johnson County School District 1","2026-05-22"
852,"Food Service Staff Substitute",NA,"Substitute","Food Service Tech Prep","https://jobs.redroverk12.com/org/jcsd1/opening/134419","Johnson County School District 1","2026-05-22"
853,"Substitute Teacher",NA,"Substitute","Substitute Teacher","https://jobs.redroverk12.com/org/jcsd1/opening/132190","Johnson County School District 1","2026-05-22"
854,"Substitute Buffalo Bus Route Driver",NA,"Substitute","Bus Driver","https://jobs.redroverk12.com/org/jcsd1/opening/131082","Johnson County School District 1","2026-05-22"
855,"Substitute Kaycee Bus Route Driver",NA,"Substitute","Bus Driver","https://jobs.redroverk12.com/org/jcsd1/opening/131059","Johnson County School District 1","2026-05-22"
856,"Assistant Track Coach",NA,"Seasonal","Coach/Sponsor","https://jobs.redroverk12.com/org/PCSD2/opening/170973","Platte County School District 2","2026-05-22"
857,"Lego League Co-Sponsor",NA,"Seasonal","Coach/Sponsor","https://jobs.redroverk12.com/org/PCSD2/opening/169186","Platte County School District 2","2026-05-22"
858,"Close Up Co-Sponsor",NA,"Seasonal","Coach/Sponsor","https://jobs.redroverk12.com/org/PCSD2/opening/169154","Platte County School District 2","2026-05-22"
859,"Assistant HS Volleyball Coach",NA,"Seasonal","Coach/Sponsor","https://jobs.redroverk12.com/org/PCSD2/opening/169182","Platte County School District 2","2026-05-22"
860,"Prom Sponsor",NA,"Seasonal","Coach/Sponsor","https://jobs.redroverk12.com/org/PCSD2/opening/169181","Platte County School District 2","2026-05-22"
861,"Jr High Boys Basketball Coach",NA,"Seasonal","Coach/Sponsor","https://jobs.redroverk12.com/org/PCSD2/opening/169168","Platte County School District 2","2026-05-22"
862,"Jr High Girls Basketball Coach",NA,"Seasonal","Coach/Sponsor","https://jobs.redroverk12.com/org/PCSD2/opening/169171","Platte County School District 2","2026-05-22"
863,"Librarian",NA,"Full Time","Office/Clarical","https://jobs.redroverk12.com/org/PCSD2/opening/169146","Platte County School District 2","2026-05-22"
864,"3rd Grade Elementary Teacher",NA,"Full Time","Teacher","https://jobs.redroverk12.com/org/PCSD2/opening/169140","Platte County School District 2","2026-05-22"
865,"K-12 Art Teacher",NA,"Full Time","Teacher","https://jobs.redroverk12.com/org/PCSD2/opening/149113","Platte County School District 2","2026-05-22"
866,"Jr High Girls Volleyball Coach",NA,"Seasonal","Coach/Sponsor","https://jobs.redroverk12.com/org/PCSD2/opening/143316","Platte County School District 2","2026-05-22"
867,"6-8 Title I Interventionist",NA,"Full Time","Teacher","https://jobs.redroverk12.com/org/SCSD9/opening/170555","Sublette County School District 9","2026-05-22"
868,"6-12 Computer Science Teacher",NA,"Full Time","Teacher","https://jobs.redroverk12.com/org/SCSD9/opening/171871","Sublette County School District 9","2026-05-22"
869,"Head Middle School Boys Wrestling Coach",NA,"Seasonal","Coach","https://jobs.redroverk12.com/org/SCSD9/opening/164892","Sublette County School District 9","2026-05-22"
870,"Head HS Girls Basketball Coach",NA,"Seasonal","Coach","https://jobs.redroverk12.com/org/SCSD9/opening/159007","Sublette County School District 9","2026-05-22"
871,"Head HS Boys Basketball Coach",NA,"Seasonal","Coach","https://jobs.redroverk12.com/org/SCSD9/opening/159008","Sublette County School District 9","2026-05-22"
872,"Certified Substitute Teacher",NA,"Substitute","Teacher","https://jobs.redroverk12.com/org/SCSD9/opening/151690","Sublette County School District 9","2026-05-22"
873,"Substitute Bus Driver",NA,"Substitute","Bus Driver","https://jobs.redroverk12.com/org/SCSD9/opening/151630","Sublette County School District 9","2026-05-22"
