"X","title","date_posted","position","location","url","District","Archive_Date"
1,"Head Coach High School Volleyball-Burlington","2025-12-16","Athletics/ Activities/","Burlington Schools","https://www.applitrack.com/bighorn1/onlineapp/JobPostings/view.asp?all=1","Big Horn School District 1","2026-04-03"
2,"Middle School Head Wrestling Coach (RMMHS)","2026-02-24","Athletics/ Activities/","Rocky Mountain Middle/High School","https://www.applitrack.com/bighorn1/onlineapp/JobPostings/view.asp?all=1","Big Horn School District 1","2026-04-03"
3,"Assistant Middle School Football Coach RMMS","2026-03-04","Athletics/ Activities/","Rocky Mountain Middle/High School","https://www.applitrack.com/bighorn1/onlineapp/JobPostings/view.asp?all=1","Big Horn School District 1","2026-04-03"
4,"Head Middle School Cross Country Coach-RMMS","2026-03-17","Athletics/ Activities/","Rocky Mountain Middle/High School","https://www.applitrack.com/bighorn1/onlineapp/JobPostings/view.asp?all=1","Big Horn School District 1","2026-04-03"
5,"Elementary Classroom Teacher-RMES 185 days (2 positions available)","2026-03-25","Elementary Teaching/","Rocky Mountain Elementary","https://www.applitrack.com/bighorn1/onlineapp/JobPostings/view.asp?all=1","Big Horn School District 1","2026-04-03"
6,"Summer Food Program Cook x2 High School Students 16 and older","2026-03-13","Food Service/","Burlington Schools","https://www.applitrack.com/bighorn1/onlineapp/JobPostings/view.asp?all=1","Big Horn School District 1","2026-04-03"
7,"Secondary ELA /Business Teacher","2026-03-20","High School Teaching/","Burlington Schools","https://www.applitrack.com/bighorn1/onlineapp/JobPostings/view.asp?all=1","Big Horn School District 1","2026-04-03"
8,"Middle/High School Agriculture or CTE Industrial Arts-Burlingotn","2026-03-17","Middle / High School/","Burlington Schools","https://www.applitrack.com/bighorn1/onlineapp/JobPostings/view.asp?all=1","Big Horn School District 1","2026-04-03"
9,"Special Education MS/HS Life Skills Teacher RMMHS","2026-03-25","Special Education Teaching/","Rocky Mountain Middle/High School","https://www.applitrack.com/bighorn1/onlineapp/JobPostings/view.asp?all=1","Big Horn School District 1","2026-04-03"
10,"Special Education Classroom Teacher (9-12) 185 days","2026-03-13","Special Education Teaching/","Burlington Schools","https://www.applitrack.com/bighorn1/onlineapp/JobPostings/view.asp?all=1","Big Horn School District 1","2026-04-03"
11,"School Counselor (Grades 6-12) RMMHS","2026-02-19","Student Support Services/","Rocky Mountain Middle/High School","https://www.applitrack.com/bighorn1/onlineapp/JobPostings/view.asp?all=1","Big Horn School District 1","2026-04-03"
12,"Sub Nurse","2020-09-23","Student Support Services/","Big Horn Co School District 1","https://www.applitrack.com/bighorn1/onlineapp/JobPostings/view.asp?all=1","Big Horn School District 1","2026-04-03"
13,"Sub - Teacher","2020-09-23","Substitute/","Big Horn Co School District 1","https://www.applitrack.com/bighorn1/onlineapp/JobPostings/view.asp?all=1","Big Horn School District 1","2026-04-03"
14,"Sub- Custodial/Cook/Secretary","2020-09-23","Support Staff/","Big Horn Co School District 1","https://www.applitrack.com/bighorn1/onlineapp/JobPostings/view.asp?all=1","Big Horn School District 1","2026-04-03"
15,"Sub - Paraprofessional","2020-09-23","Support Staff/","Big Horn Co School District 1","https://www.applitrack.com/bighorn1/onlineapp/JobPostings/view.asp?all=1","Big Horn School District 1","2026-04-03"
16,"Sub- Route Bus Driver - Burlington","2020-09-23","Support Staff/","Bus Barn - South","https://www.applitrack.com/bighorn1/onlineapp/JobPostings/view.asp?all=1","Big Horn School District 1","2026-04-03"
17,"Sub- Route Bus Driver - Cowley","2020-09-23","Support Staff/","Bus Barn - North","https://www.applitrack.com/bighorn1/onlineapp/JobPostings/view.asp?all=1","Big Horn School District 1","2026-04-03"
18,"Food Services Staff","2026-04-01","Food Services/","Big Horn County School District #2","https://www.applitrack.com/bgh2/onlineapp/default.aspx?all=1","Big Horn School District 2","2026-04-03"
19,"Family and Consumer Science Teacher - Middle and High School","2026-03-04","High School Teaching/","Big Horn County School District #2","https://www.applitrack.com/bgh2/onlineapp/default.aspx?all=1","Big Horn School District 2","2026-04-03"
20,"Substitute Teacher","2022-03-30","Substitute/","Big Horn County School District #2","https://www.applitrack.com/bgh2/onlineapp/default.aspx?all=1","Big Horn School District 2","2026-04-03"
21,"Substitute Route and Activity Bus Drivers","2022-03-29","Transportation","Big Horn County School District #2","https://www.applitrack.com/bgh2/onlineapp/default.aspx?all=1","Big Horn School District 2","2026-04-03"
22,"Route Bus Driver","2025-05-27","Transportation/","Big Horn County School District #2","https://www.applitrack.com/bgh2/onlineapp/default.aspx?all=1","Big Horn School District 2","2026-04-03"
23,"Middle School English-Language Arts Teacher","2026-03-16","Middle School Teaching","Greybull Middle School","https://www.applitrack.com/bighorn/onlineapp/default.aspx?all=1","Big Horn School District 3","2026-04-03"
24,"Paraprofessional- Elementary School","2026-03-25","Support Staff/","Greybull Elementary School(High-Needs School)","https://www.applitrack.com/bighorn/onlineapp/default.aspx?all=1","Big Horn School District 3","2026-04-03"
25,"Substitute Teacher","2017-07-05","Substitute/","District Wide","https://www.applitrack.com/bighorn/onlineapp/default.aspx?all=1","Big Horn School District 3","2026-04-03"
26,"Substitute Bus Driver / Activity Driver","2024-12-17","Transportation/","Transportation","https://www.applitrack.com/bighorn/onlineapp/default.aspx?all=1","Big Horn School District 3","2026-04-03"
27,"Assistant Middle School Track Coach","2026-02-18","Athletics/Activities","Riverside Middle School","https://www.applitrack.com/bgh4/onlineapp/default.aspx?all=1","Big Horn School District 4","2026-04-03"
28,"Drivers Ed Teacher","2026-01-12","High School Teaching","Riverside High School","https://www.applitrack.com/bgh4/onlineapp/default.aspx?all=1","Big Horn School District 4","2026-04-03"
29,"Secondary English Teacher","2026-02-11","High School Teaching/","RMS/RHS","https://www.applitrack.com/bgh4/onlineapp/default.aspx?all=1","Big Horn School District 4","2026-04-03"
30,"21 CCLC After School Program Activity Leaders","2020-01-21","Student Support Services","Laura Irwin Elementary","https://www.applitrack.com/bgh4/onlineapp/default.aspx?all=1","Big Horn School District 4","2026-04-03"
31,"Bus Driver","2022-01-07","Support Staff","District","https://www.applitrack.com/bgh4/onlineapp/default.aspx?all=1","Big Horn School District 4","2026-04-03"
32,"Substitute","2025-07-21","Support Staff","District","https://www.applitrack.com/bgh4/onlineapp/default.aspx?all=1","Big Horn School District 4","2026-04-03"
33,"Lifeguard","2025-08-12","Aquatics/","Rawlins Pool","https://www.applitrack.com/crb1/onlineapp/jobpostings/view.asp?all=1","Carbon County School District 1","2026-04-03"
34,"Head Girls Basketball Coach","2026-03-12","Athletics/Activities/","Rawlins High School","https://www.applitrack.com/crb1/onlineapp/jobpostings/view.asp?all=1","Carbon County School District 1","2026-04-03"
35,"Asst Volleyball Coach","2025-10-27","Athletics/Activities/","Rawlins Middle School","https://www.applitrack.com/crb1/onlineapp/jobpostings/view.asp?all=1","Carbon County School District 1","2026-04-03"
36,"Asst. Football Coach","2025-11-11","Athletics/Activities/","Rawlins Middle School","https://www.applitrack.com/crb1/onlineapp/jobpostings/view.asp?all=1","Carbon County School District 1","2026-04-03"
37,"Head High School Volleyball Coach","2026-01-19","Athletics/Activities/","Little Snake River Valley School","https://www.applitrack.com/crb1/onlineapp/jobpostings/view.asp?all=1","Carbon County School District 1","2026-04-03"
38,"Asst High School Volleyball Coach","2026-01-19","Athletics/Activities/","Little Snake River Valley School","https://www.applitrack.com/crb1/onlineapp/jobpostings/view.asp?all=1","Carbon County School District 1","2026-04-03"
39,"STEM Teacher","2026-02-10","Elementary School Teaching","Rawlins Elementary School","https://www.applitrack.com/crb1/onlineapp/jobpostings/view.asp?all=1","Carbon County School District 1","2026-04-03"
40,"Elementary Teacher Grades 2-5","2026-03-31","Elementary School Teaching","Rawlins Elementary School","https://www.applitrack.com/crb1/onlineapp/jobpostings/view.asp?all=1","Carbon County School District 1","2026-04-03"
41,"Substitute Food Service","2025-10-09","Food Service/","Food Service","https://www.applitrack.com/crb1/onlineapp/jobpostings/view.asp?all=1","Carbon County School District 1","2026-04-03"
42,"Substitute Custodian","2025-07-29","Maintenance/Custodial","District","https://www.applitrack.com/crb1/onlineapp/jobpostings/view.asp?all=1","Carbon County School District 1","2026-04-03"
43,"Special Education Resource Teacher","2026-03-10","Special Education","Rawlins Elementary School","https://www.applitrack.com/crb1/onlineapp/jobpostings/view.asp?all=1","Carbon County School District 1","2026-04-03"
44,"Substitute Teacher","2025-07-29","Substitute/","District","https://www.applitrack.com/crb1/onlineapp/jobpostings/view.asp?all=1","Carbon County School District 1","2026-04-03"
45,"Building (Office) Para Professional","2026-03-10","Support Staff/","Rawlins High School","https://www.applitrack.com/crb1/onlineapp/jobpostings/view.asp?all=1","Carbon County School District 1","2026-04-03"
46,"Substitute Bus Driver","2025-07-29","Transportation","District","https://www.applitrack.com/crb1/onlineapp/jobpostings/view.asp?all=1","Carbon County School District 1","2026-04-03"
47,"Bus Driver","2023-09-22","Transportation/","District","https://www.applitrack.com/crb1/onlineapp/jobpostings/view.asp?all=1","Carbon County School District 1","2026-04-03"
48,"High School Assistant Boys Basketball Coach","2025-03-12","Athletics/Activities/","H-E-M Junior/Senior High School","https://www.applitrack.com/crb2/onlineapp/default.aspx?all=1","Carbon County School District 2","2026-04-03"
49,"Head High School Speech Coach","2025-06-09","Athletics/Activities/","Saratoga Middle High School","https://www.applitrack.com/crb2/onlineapp/default.aspx?all=1","Carbon County School District 2","2026-04-03"
50,"First Assistant (Head) Middle School Boys Basketball Coach","2026-02-25","Athletics/Activities/","Encampment K-12","https://www.applitrack.com/crb2/onlineapp/default.aspx?all=1","Carbon County School District 2","2026-04-03"
51,"Other Assistant Middle School Boys Basketball Coach","2026-02-25","Athletics/Activities/","Encampment K-12","https://www.applitrack.com/crb2/onlineapp/default.aspx?all=1","Carbon County School District 2","2026-04-03"
52,"Assistant High School Volleyball Coach","2026-03-03","Athletics/Activities/","H-E-M Junior/Senior High School","https://www.applitrack.com/crb2/onlineapp/default.aspx?all=1","Carbon County School District 2","2026-04-03"
53,"Other Assistant Middle School Volleyball Coach","2026-03-06","Athletics/Activities/","H-E-M Junior/Senior High School","https://www.applitrack.com/crb2/onlineapp/default.aspx?all=1","Carbon County School District 2","2026-04-03"
54,"Assistant High School Girls Basketball Coach","2026-03-10","Athletics/Activities/","Saratoga Middle High School","https://www.applitrack.com/crb2/onlineapp/default.aspx?all=1","Carbon County School District 2","2026-04-03"
55,"Other Assistant Middle School Girls Basketball Coach","2026-03-10","Athletics/Activities/","Saratoga Middle High School","https://www.applitrack.com/crb2/onlineapp/default.aspx?all=1","Carbon County School District 2","2026-04-03"
56,"Other Assistant Middle School Football Coach","2026-03-10","Athletics/Activities/","Saratoga Middle High School","https://www.applitrack.com/crb2/onlineapp/default.aspx?all=1","Carbon County School District 2","2026-04-03"
57,"First Assistant (Head) Middle School Boys Basketball Coach","2026-03-10","Athletics/Activities/","Saratoga Middle High School","https://www.applitrack.com/crb2/onlineapp/default.aspx?all=1","Carbon County School District 2","2026-04-03"
58,"Other Assistant Middle School Track Coach","2026-03-16","Athletics/Activities/","H-E-M Junior/Senior High School","https://www.applitrack.com/crb2/onlineapp/default.aspx?all=1","Carbon County School District 2","2026-04-03"
59,"Half Time or Full Time Math Teacher","2026-03-09","High School Teaching/","Saratoga Middle High School","https://www.applitrack.com/crb2/onlineapp/default.aspx?all=1","Carbon County School District 2","2026-04-03"
60,"6-12 Band Teacher","2026-01-13","High School Teaching/","Saratoga Middle High School","https://www.applitrack.com/crb2/onlineapp/default.aspx?all=1","Carbon County School District 2","2026-04-03"
61,"K-12 Music Teacher","2026-03-09","K-12 Teacher/","Encampment K-12","https://www.applitrack.com/crb2/onlineapp/default.aspx?all=1","Carbon County School District 2","2026-04-03"
62,"Elementary School Counselor","2026-01-28","Student Support Services/","Hanna Elementary School","https://www.applitrack.com/crb2/onlineapp/default.aspx?all=1","Carbon County School District 2","2026-04-03"
63,"Occupational Therapist(s)","2023-12-22","Student Support Services/","CCSD#2","https://www.applitrack.com/crb2/onlineapp/default.aspx?all=1","Carbon County School District 2","2026-04-03"
64,"Speech Language Pathologist(s)","2022-03-04","Student Support Services/","CCSD#2","https://www.applitrack.com/crb2/onlineapp/default.aspx?all=1","Carbon County School District 2","2026-04-03"
65,"Substitute Bus Driver 2025/2026 School Year","2025-07-15","Substitute/","CCSD#2","https://www.applitrack.com/crb2/onlineapp/default.aspx?all=1","Carbon County School District 2","2026-04-03"
66,"Substitute Classroom/Special Education Aide 2025/2026 School Year","2025-07-15","Substitute/","CCSD#2","https://www.applitrack.com/crb2/onlineapp/default.aspx?all=1","Carbon County School District 2","2026-04-03"
67,"Substitute Cook Helpers 2025/2026 School Year","2025-07-15","Substitute/","CCSD#2","https://www.applitrack.com/crb2/onlineapp/default.aspx?all=1","Carbon County School District 2","2026-04-03"
68,"Substitute Custodian 2025/2026 School Year","2025-07-15","Substitute/","CCSD#2","https://www.applitrack.com/crb2/onlineapp/default.aspx?all=1","Carbon County School District 2","2026-04-03"
69,"Substitute Teacher 2025/2026 School Year","2025-07-15","Substitute/","CCSD#2","https://www.applitrack.com/crb2/onlineapp/default.aspx?all=1","Carbon County School District 2","2026-04-03"
70,"Route Bus Driver","2025-12-02","Support Staff/","Encampment K-12","https://www.applitrack.com/crb2/onlineapp/default.aspx?all=1","Carbon County School District 2","2026-04-03"
71,"Music Classroom Aide-Saratoga Schools","2026-02-17","Support Staff/","Saratoga Elementary School","https://www.applitrack.com/crb2/onlineapp/default.aspx?all=1","Carbon County School District 2","2026-04-03"
72,"HS Assistant Volleyball Coach","2026-02-18","Athletics/Activities/","Glenrock Jr/Sr High School","https://www.applitrack.com/converse2/onlineapp/default.aspx?all=1","Converse County School Distrcit 2","2026-04-03"
73,"Junior High School (7-8) Head Football Coach","2026-04-02","Athletics/Activities/","Glenrock Jr/Sr High School","https://www.applitrack.com/converse2/onlineapp/default.aspx?all=1","Converse County School Distrcit 2","2026-04-03"
74,"JH Assistant Girls Basketball Coach","2026-04-02","Athletics/Activities/","Glenrock Jr/Sr High School","https://www.applitrack.com/converse2/onlineapp/default.aspx?all=1","Converse County School Distrcit 2","2026-04-03"
75,"Elementary Classroom Teacher (5th Grade)","2026-02-11","Elementary School Teaching/","Glenrock Intermediate School","https://www.applitrack.com/converse2/onlineapp/default.aspx?all=1","Converse County School Distrcit 2","2026-04-03"
76,"K-6 Music Teacher","2025-12-08","Elementary School Teaching/","Grant Elementary School","https://www.applitrack.com/converse2/onlineapp/default.aspx?all=1","Converse County School Distrcit 2","2026-04-03"
77,"Elementary Classroom Teacher (2nd Grade)","2026-04-02","Elementary School Teaching/","Grant Elementary School","https://www.applitrack.com/converse2/onlineapp/default.aspx?all=1","Converse County School Distrcit 2","2026-04-03"
78,"Elementary Classroom Teacher (3rd Grade)","2026-02-23","Elementary School Teaching/","Grant Elementary School","https://www.applitrack.com/converse2/onlineapp/default.aspx?all=1","Converse County School Distrcit 2","2026-04-03"
79,"Elementary Teacher (Title I)","2026-02-23","Elementary School Teaching/","Grant Elementary School","https://www.applitrack.com/converse2/onlineapp/default.aspx?all=1","Converse County School Distrcit 2","2026-04-03"
80,"Food Service Worker - Cook (Part -Time, 14 hrs)","2025-12-02","Food Service/","Converse County School District #2","https://www.applitrack.com/converse2/onlineapp/default.aspx?all=1","Converse County School Distrcit 2","2026-04-03"
81,"Food Service Van Driver - (Part -Time)","2026-03-09","Food Service/","Converse County School District #2","https://www.applitrack.com/converse2/onlineapp/default.aspx?all=1","Converse County School Distrcit 2","2026-04-03"
82,"Secondary Math Teacher (9-12)","2026-03-31","High School Teaching/","Glenrock Jr/Sr High School","https://www.applitrack.com/converse2/onlineapp/default.aspx?all=1","Converse County School Distrcit 2","2026-04-03"
83,"Band/Choir Teacher (7-12)","2026-02-10","High School Teaching/","Glenrock Jr/Sr High School","https://www.applitrack.com/converse2/onlineapp/default.aspx?all=1","Converse County School Distrcit 2","2026-04-03"
84,"Social Studies Teacher (Grades 9-12)","2026-02-10","High School Teaching/","Glenrock Jr/Sr High School","https://www.applitrack.com/converse2/onlineapp/default.aspx?all=1","Converse County School Distrcit 2","2026-04-03"
85,"Junior High Language Arts Teacher (Grades 7-8)","2026-02-25","Junior High Teaching/","Glenrock Jr/Sr High School","https://www.applitrack.com/converse2/onlineapp/default.aspx?all=1","Converse County School Distrcit 2","2026-04-03"
86,"K-6 School Counselor/Social Worker","2026-03-03","Student Support Services Certified/","Grant Elementary School","https://www.applitrack.com/converse2/onlineapp/default.aspx?all=1","Converse County School Distrcit 2","2026-04-03"
87,"Substitute Teacher/Aid/Cook/Custodian/Bus Driver/Summer Help","2019-03-26","Substitute/","Converse County School District #2","https://www.applitrack.com/converse2/onlineapp/default.aspx?all=1","Converse County School Distrcit 2","2026-04-03"
88,"Technology Director","2026-02-23","Technology/","Converse County School District #2","https://www.applitrack.com/converse2/onlineapp/default.aspx?all=1","Converse County School Distrcit 2","2026-04-03"
89,"Bus Driver (Route, Activity, Sub)","2023-04-13","Transportation/","Converse County School District #2","https://www.applitrack.com/converse2/onlineapp/default.aspx?all=1","Converse County School Distrcit 2","2026-04-03"
90,"DHS Boys Soccer Coach Aide","2026-03-27","Athletics/Activities/Extra Duty/","Activities Department","https://www.applitrack.com/ccsd1/onlineapp/default.aspx?all=1","Converse County School District 1","2026-04-03"
91,"DHS Girls Soccer Coach Aide","2026-03-27","Athletics/Activities/Extra Duty/","Activities Department","https://www.applitrack.com/ccsd1/onlineapp/default.aspx?all=1","Converse County School District 1","2026-04-03"
92,"DIS Secretary","2026-03-24","Clerical/Secretarial/","Douglas Intermediate School","https://www.applitrack.com/ccsd1/onlineapp/default.aspx?all=1","Converse County School District 1","2026-04-03"
93,"Maintenance - Summer Crew","2026-03-23","Maintenance/Custodial/","Maintenance","https://www.applitrack.com/ccsd1/onlineapp/default.aspx?all=1","Converse County School District 1","2026-04-03"
94,"DMS Science Teacher","2026-03-03","Middle School Teaching/","Douglas Middle School","https://www.applitrack.com/ccsd1/onlineapp/default.aspx?all=1","Converse County School District 1","2026-04-03"
95,"DRC Lifeguard Supervisor","2026-03-09","Recreation/","Douglas Recreation Center","https://www.applitrack.com/ccsd1/onlineapp/default.aspx?all=1","Converse County School District 1","2026-04-03"
96,"Part-Time Recreation Center Building Monitor","2026-02-23","Recreation/","Douglas Recreation Center","https://www.applitrack.com/ccsd1/onlineapp/default.aspx?all=1","Converse County School District 1","2026-04-03"
97,"Recreation/Nutrition Secretary","2026-03-24","Recreation/","Douglas Recreation Center","https://www.applitrack.com/ccsd1/onlineapp/default.aspx?all=1","Converse County School District 1","2026-04-03"
98,"Elementary SPED Teacher","2026-01-21","Student Support Services","Elementary Schools","https://www.applitrack.com/ccsd1/onlineapp/default.aspx?all=1","Converse County School District 1","2026-04-03"
99,"Secondary SPED Teacher","2026-01-21","Student Support Services","Douglas Middle/High School","https://www.applitrack.com/ccsd1/onlineapp/default.aspx?all=1","Converse County School District 1","2026-04-03"
100,"Special Education Functional Life Skills Teacher (Grades 6-8)","2026-03-26","Student Support Services/","Douglas Middle School","https://www.applitrack.com/ccsd1/onlineapp/default.aspx?all=1","Converse County School District 1","2026-04-03"
101,"School Psychologist","2026-03-12","Student Support Services/","Converse County School District #1","https://www.applitrack.com/ccsd1/onlineapp/default.aspx?all=1","Converse County School District 1","2026-04-03"
102,"STEAM Camp Coaches","2026-03-27","Student Support Services/","Student Support Services","https://www.applitrack.com/ccsd1/onlineapp/default.aspx?all=1","Converse County School District 1","2026-04-03"
103,"Classified Substitute Positions","2025-07-29","Substitute","Central Administration","https://www.applitrack.com/ccsd1/onlineapp/default.aspx?all=1","Converse County School District 1","2026-04-03"
104,"Food Service Substitute","2025-12-03","Substitute","Central Administration","https://www.applitrack.com/ccsd1/onlineapp/default.aspx?all=1","Converse County School District 1","2026-04-03"
105,"DRC Substitute Recreation Monitor","2026-01-12","Substitute","Douglas Recreation Center","https://www.applitrack.com/ccsd1/onlineapp/default.aspx?all=1","Converse County School District 1","2026-04-03"
106,"Substitute Custodian","2025-08-19","Substitute/","Maintenance","https://www.applitrack.com/ccsd1/onlineapp/default.aspx?all=1","Converse County School District 1","2026-04-03"
107,"Certified Substitute","2025-07-29","Substitute/","Central Administration","https://www.applitrack.com/ccsd1/onlineapp/default.aspx?all=1","Converse County School District 1","2026-04-03"
108,"Substitute Bus Monitor/Paraprofessional","2025-07-29","Support Staff/","Transportation","https://www.applitrack.com/ccsd1/onlineapp/default.aspx?all=1","Converse County School District 1","2026-04-03"
109,"Substitute Bus Driver","2025-07-29","Transportation/","Transportation","https://www.applitrack.com/ccsd1/onlineapp/default.aspx?all=1","Converse County School District 1","2026-04-03"
110,"Bus Driver","2025-07-28","Transportation/","Transportation","https://www.applitrack.com/ccsd1/onlineapp/default.aspx?all=1","Converse County School District 1","2026-04-03"
111,"Substitute Crossing Guard","2025-07-29","Transportation/","Transportation","https://www.applitrack.com/ccsd1/onlineapp/default.aspx?all=1","Converse County School District 1","2026-04-03"
112,"Crossing Guard","2026-03-23","Transportation/","Transportation","https://www.applitrack.com/ccsd1/onlineapp/default.aspx?all=1","Converse County School District 1","2026-04-03"
113,"Assistant 8th Volleyball Coach","2025-05-22","Athletics/Activities/","Lander Middle School","https://www.applitrack.com/fremontwy/onlineapp/jobpostings/view.asp?all=1","Fremont County School District 1","2026-04-03"
114,"Assistant Wrestling Coach","2025-09-26","Athletics/Activities/","Lander Middle School","https://www.applitrack.com/fremontwy/onlineapp/jobpostings/view.asp?all=1","Fremont County School District 1","2026-04-03"
115,"Head 7th Volleyball Coach","2025-12-16","Athletics/Activities/","Lander Middle School","https://www.applitrack.com/fremontwy/onlineapp/jobpostings/view.asp?all=1","Fremont County School District 1","2026-04-03"
116,"Head 8th Volleyball Coach","2025-12-19","Athletics/Activities/","Lander Middle School","https://www.applitrack.com/fremontwy/onlineapp/jobpostings/view.asp?all=1","Fremont County School District 1","2026-04-03"
117,"Music Teacher (Instrumental)","2026-03-13","Certified Teaching/","LVHS/LMS","https://www.applitrack.com/fremontwy/onlineapp/jobpostings/view.asp?all=1","Fremont County School District 1","2026-04-03"
118,"Science Teacher","2026-03-12","Certified Teaching/","Lander Middle School","https://www.applitrack.com/fremontwy/onlineapp/jobpostings/view.asp?all=1","Fremont County School District 1","2026-04-03"
119,"Special Education Coordinator","2026-02-13","Certified Teaching/","Baldwin Creek Elementary & Pathfinder High School","https://www.applitrack.com/fremontwy/onlineapp/jobpostings/view.asp?all=1","Fremont County School District 1","2026-04-03"
120,"Special Education Teacher - Resource","2026-03-23","Certified Teaching/","Lander Middle School","https://www.applitrack.com/fremontwy/onlineapp/jobpostings/view.asp?all=1","Fremont County School District 1","2026-04-03"
121,"Special Education Teacher - Behavior","2026-03-24","Certified Teaching/","Lander Valley High School","https://www.applitrack.com/fremontwy/onlineapp/jobpostings/view.asp?all=1","Fremont County School District 1","2026-04-03"
122,"Speech-Language Pathologist","2026-03-05","Student Support Services/","District-wide","https://www.applitrack.com/fremontwy/onlineapp/jobpostings/view.asp?all=1","Fremont County School District 1","2026-04-03"
123,"Substitute Custodian (at-will)","2025-06-11","Substitute/","District-wide","https://www.applitrack.com/fremontwy/onlineapp/jobpostings/view.asp?all=1","Fremont County School District 1","2026-04-03"
124,"Substitute Nurse (at-will)","2025-06-11","Substitute/","District-wide","https://www.applitrack.com/fremontwy/onlineapp/jobpostings/view.asp?all=1","Fremont County School District 1","2026-04-03"
125,"Substitute Nutritional Service Worker (at-will)","2025-06-11","Substitute/","District-wide","https://www.applitrack.com/fremontwy/onlineapp/jobpostings/view.asp?all=1","Fremont County School District 1","2026-04-03"
126,"Substitute - classrooms (at-will)","2025-06-11","Substitute/","District-wide","https://www.applitrack.com/fremontwy/onlineapp/jobpostings/view.asp?all=1","Fremont County School District 1","2026-04-03"
127,"Substitute Bus/Activity Driver (at-will)","2025-06-11","Substitute/","Central Services","https://www.applitrack.com/fremontwy/onlineapp/jobpostings/view.asp?all=1","Fremont County School District 1","2026-04-03"
128,"Summer ESY Paraprofessional","2026-03-16","Temporary/","District-wide","https://www.applitrack.com/fremontwy/onlineapp/jobpostings/view.asp?all=1","Fremont County School District 1","2026-04-03"
129,"Summer ESY Speech-Language Pathologist","2026-03-16","Temporary/","District-wide","https://www.applitrack.com/fremontwy/onlineapp/jobpostings/view.asp?all=1","Fremont County School District 1","2026-04-03"
130,"Summer ESY Special Education Teachers","2026-03-16","Temporary/","District-wide","https://www.applitrack.com/fremontwy/onlineapp/jobpostings/view.asp?all=1","Fremont County School District 1","2026-04-03"
131,"Adaptive PE Teacher","2026-03-18","Temporary/","District-wide","https://www.applitrack.com/fremontwy/onlineapp/jobpostings/view.asp?all=1","Fremont County School District 1","2026-04-03"
132,"Lights On Summer Program Site Coordinator","2026-03-16","Temporary/","Lights On","https://www.applitrack.com/fremontwy/onlineapp/jobpostings/view.asp?all=1","Fremont County School District 1","2026-04-03"
133,"Lights On Classroom Helper - High School Students May Apply","2026-03-16","Temporary/","Lights On","https://www.applitrack.com/fremontwy/onlineapp/jobpostings/view.asp?all=1","Fremont County School District 1","2026-04-03"
134,"Lights On Summer Classroom Helper","2026-03-16","Temporary/","Lights On","https://www.applitrack.com/fremontwy/onlineapp/jobpostings/view.asp?all=1","Fremont County School District 1","2026-04-03"
135,"Lights On Summer Pre-K Classroom Helper","2026-03-16","Temporary/","Lights On","https://www.applitrack.com/fremontwy/onlineapp/jobpostings/view.asp?all=1","Fremont County School District 1","2026-04-03"
136,"Lights On Summer Classroom Leader","2026-03-16","Temporary/","Lights On","https://www.applitrack.com/fremontwy/onlineapp/jobpostings/view.asp?all=1","Fremont County School District 1","2026-04-03"
137,"Lights On Summer One-on-One Paraprofessional","2026-03-16","Temporary/","Lights On","https://www.applitrack.com/fremontwy/onlineapp/jobpostings/view.asp?all=1","Fremont County School District 1","2026-04-03"
138,"Lights On Summer Pre-K Teacher","2026-03-16","Temporary/","Lights On","https://www.applitrack.com/fremontwy/onlineapp/jobpostings/view.asp?all=1","Fremont County School District 1","2026-04-03"
139,"Summer Food Service - 7 Hrs/Day at BCE","2026-03-16","Temporary/","Baldwin Creek Elementary","https://www.applitrack.com/fremontwy/onlineapp/jobpostings/view.asp?all=1","Fremont County School District 1","2026-04-03"
140,"Summer Food Service - 6 Hrs/Day at BCE, LVHS, PHS","2026-03-16","Temporary/","Baldwin Creek Elementary & Pathfinder High School","https://www.applitrack.com/fremontwy/onlineapp/jobpostings/view.asp?all=1","Fremont County School District 1","2026-04-03"
141,"Summer Food Service - 3 Hrs/Day at BCE","2026-03-16","Temporary/","Baldwin Creek Elementary","https://www.applitrack.com/fremontwy/onlineapp/jobpostings/view.asp?all=1","Fremont County School District 1","2026-04-03"
142,"High School Online Coordinator - Summer Position","2026-03-18","Temporary/","Lander Valley High School","https://www.applitrack.com/fremontwy/onlineapp/jobpostings/view.asp?all=1","Fremont County School District 1","2026-04-03"
143,"Summer School SPED Paraprofessionals - LVHS (Multiple Positions)","2026-03-18","Temporary/","Lander Valley High School","https://www.applitrack.com/fremontwy/onlineapp/jobpostings/view.asp?all=1","Fremont County School District 1","2026-04-03"
144,"LVHS Jump Start Teachers (Multiple Positions)","2026-03-18","Temporary/","Lander Valley High School","https://www.applitrack.com/fremontwy/onlineapp/jobpostings/view.asp?all=1","Fremont County School District 1","2026-04-03"
145,"Summer School Teachers","2026-03-19","Temporary/","Pathfinder High School","https://www.applitrack.com/fremontwy/onlineapp/jobpostings/view.asp?all=1","Fremont County School District 1","2026-04-03"
146,"Summer School Teachers - LVHS (Multiple Positions)","2026-03-18","Temporary/","Lander Valley High School","https://www.applitrack.com/fremontwy/onlineapp/jobpostings/view.asp?all=1","Fremont County School District 1","2026-04-03"
147,"Business Manager (Open until filled)","2026-03-19","Administration/","Fremont County School District 21","https://www.applitrack.com/fortwashakieschool/onlineapp/default.aspx?all=1","Fremont County School District 21","2026-04-03"
148,"High School English Teacher 2026-2027 School Year - Open Until Filled","2026-03-31","High School Teaching/","Fort Washakie High School","https://www.applitrack.com/fortwashakieschool/onlineapp/default.aspx?all=1","Fremont County School District 21","2026-04-03"
149,"Substitute Custodians","2021-09-28","Maintenance/Custodial/","Fort Washakie Elementary","https://www.applitrack.com/fortwashakieschool/onlineapp/default.aspx?all=1","Fremont County School District 21","2026-04-03"
150,"Substitute Cooks","2025-10-06","Student Support Services/","Fort Washakie Elementary","https://www.applitrack.com/fortwashakieschool/onlineapp/default.aspx?all=1","Fremont County School District 21","2026-04-03"
151,"Special Education Teachers (Grades K-12)","2026-03-24","Student Support Services/","Fort Washakie Middle School","https://www.applitrack.com/fortwashakieschool/onlineapp/default.aspx?all=1","Fremont County School District 21","2026-04-03"
152,"Substitute Teacher","2023-09-12","Substitute/","Fort Washakie Elementary","https://www.applitrack.com/fortwashakieschool/onlineapp/default.aspx?all=1","Fremont County School District 21","2026-04-03"
153,"Paraprofessional (Special Education)","2026-03-24","Support Staff/","Fremont County School District 21","https://www.applitrack.com/fortwashakieschool/onlineapp/default.aspx?all=1","Fremont County School District 21","2026-04-03"
154,"Secondary English Teacher","2026-02-17","High School Teaching/","Shoshoni JH/HS","https://www.applitrack.com/fremont24/onlineapp/default.aspx?all=1","Fremont County School District 24","2026-04-03"
155,"Bus Driver Substitutes 2025-2026","2025-08-08","Substitute/","K-12 Schoolwide","https://www.applitrack.com/fremont24/onlineapp/default.aspx?all=1","Fremont County School District 24","2026-04-03"
156,"Cooks Helper Substitutes 2025-2026","2025-08-08","Substitute/","District Office","https://www.applitrack.com/fremont24/onlineapp/default.aspx?all=1","Fremont County School District 24","2026-04-03"
157,"Custodian Substitutes 2025-2026","2025-08-08","Substitute/","District Wide","https://www.applitrack.com/fremont24/onlineapp/default.aspx?all=1","Fremont County School District 24","2026-04-03"
158,"Substitute School Nurse 2025-2026","2025-08-08","Substitute/","K-12 Schoolwide","https://www.applitrack.com/fremont24/onlineapp/default.aspx?all=1","Fremont County School District 24","2026-04-03"
159,"Substitute Teacher 2025-2026","2025-08-08","Substitute/","K-12 Schoolwide","https://www.applitrack.com/fremont24/onlineapp/default.aspx?all=1","Fremont County School District 24","2026-04-03"
160,"Substitute Daycare Assistant 2025-2026","2025-08-08","Substitute/","K-12 Schoolwide","https://www.applitrack.com/fremont24/onlineapp/default.aspx?all=1","Fremont County School District 24","2026-04-03"
162,"High School Assistant Volleyball Coach","2025-03-24","Athletics/Activities","Wind River High School","https://www.applitrack.com/fre6/onlineapp/default.aspx?all=1","Fremont County School District 6","2026-04-03"
163,"HS Boys Boasketball Coach HEAD","2026-03-11","Athletics/Activities","Wind River Middle/High School","https://www.applitrack.com/fre6/onlineapp/default.aspx?all=1","Fremont County School District 6","2026-04-03"
164,"HS Volleyball Coach ASSISTANT","2026-03-11","Athletics/Activities","Wind River Middle/High School","https://www.applitrack.com/fre6/onlineapp/default.aspx?all=1","Fremont County School District 6","2026-04-03"
165,"Assistant HS Girls Basketball Coach","2026-03-26","Athletics/Activities","Wind River High School","https://www.applitrack.com/fre6/onlineapp/default.aspx?all=1","Fremont County School District 6","2026-04-03"
166,"Substitute Teacher","2024-08-20","Substitute/","Wind River Schools","https://www.applitrack.com/fre6/onlineapp/default.aspx?all=1","Fremont County School District 6","2026-04-03"
167,"Substitute Para/Custodian/Food Service","2024-11-14","Substitute/","Wind River Schools","https://www.applitrack.com/fre6/onlineapp/default.aspx?all=1","Fremont County School District 6","2026-04-03"
168,"Curriculum and Assessment Director","2026-03-12","Administration","District Wide","https://www.applitrack.com/fremont14/onlineapp/default.aspx?all=1","Fremont County School District 14","2026-04-03"
169,"Elementary Teacher","2026-03-25","Elementary School Teaching","Wyoming Indian Elementary School","https://www.applitrack.com/fremont14/onlineapp/default.aspx?all=1","Fremont County School District 14","2026-04-03"
170,"Pre-K Classroom Teacher","2026-02-12","Elementary School Teaching","Wyoming Indian Elementary School","https://www.applitrack.com/fremont14/onlineapp/default.aspx?all=1","Fremont County School District 14","2026-04-03"
171,"Secondary Reading Interventionist Teacher","2026-02-13","High School Teaching","Wyoming Indian High School","https://www.applitrack.com/fremont14/onlineapp/default.aspx?all=1","Fremont County School District 14","2026-04-03"
172,"High School Mathematics Teacher","2026-02-20","High School Teaching/","Wyoming Indian High School","https://www.applitrack.com/fremont14/onlineapp/default.aspx?all=1","Fremont County School District 14","2026-04-03"
173,"Middle School Alternative Classroom Teacher","2026-03-03","Middle School Teaching","Wyoming Indian Middle School","https://www.applitrack.com/fremont14/onlineapp/default.aspx?all=1","Fremont County School District 14","2026-04-03"
174,"Middle School ELA Teacher","2026-03-25","Middle School Teaching/","Wyoming Indian Middle School","https://www.applitrack.com/fremont14/onlineapp/default.aspx?all=1","Fremont County School District 14","2026-04-03"
175,"School Nurse","2026-03-12","Student Health Services/","District Wide","https://www.applitrack.com/fremont14/onlineapp/default.aspx?all=1","Fremont County School District 14","2026-04-03"
176,"Substitute School Nurse","2020-07-23","Student Health Services/","District Wide","https://www.applitrack.com/fremont14/onlineapp/default.aspx?all=1","Fremont County School District 14","2026-04-03"
177,"Middle School Counselor","2026-02-12","Student Support Services/","Wyoming Indian Middle School","https://www.applitrack.com/fremont14/onlineapp/default.aspx?all=1","Fremont County School District 14","2026-04-03"
178,"Substitute Teacher - Classroom","2018-10-09","Substitute Certified/","District Wide","https://www.applitrack.com/fremont14/onlineapp/default.aspx?all=1","Fremont County School District 14","2026-04-03"
179,"Substitute School Secretary","2026-02-06","Substitute Non Certified","District Wide","https://www.applitrack.com/fremont14/onlineapp/default.aspx?all=1","Fremont County School District 14","2026-04-03"
180,"Substitute Cook","2018-10-10","Substitute Non Certified/","District Wide","https://www.applitrack.com/fremont14/onlineapp/default.aspx?all=1","Fremont County School District 14","2026-04-03"
181,"Substitute Custodian","2019-09-09","Substitute Non Certified/","District Wide","https://www.applitrack.com/fremont14/onlineapp/default.aspx?all=1","Fremont County School District 14","2026-04-03"
182,"High School Special Education Teacher","2026-02-12","Support Staff/","Wyoming Indian High School","https://www.applitrack.com/fremont14/onlineapp/default.aspx?all=1","Fremont County School District 14","2026-04-03"
183,"Technology Director","2026-03-12","Technology/","District Wide","https://www.applitrack.com/fremont14/onlineapp/default.aspx?all=1","Fremont County School District 14","2026-04-03"
184,"Bus Driver","2023-09-18","Transportation/","District Wide","https://www.applitrack.com/fremont14/onlineapp/default.aspx?all=1","Fremont County School District 14","2026-04-03"
185,"Substitute Bus Driver","2021-07-09","Transportation/","District Wide","https://www.applitrack.com/fremont14/onlineapp/default.aspx?all=1","Fremont County School District 14","2026-04-03"
187,"Elementary Teacher","2026-04-01","Elementary School Teaching/","Parkside Elementary School","https://www.applitrack.com/park1/onlineapp/default.aspx?all=1","Park County School District 1","2026-04-03"
188,"Learning Center Teacher - Powell High School","2026-04-02","High School Teaching","Powell High School","https://www.applitrack.com/park1/onlineapp/default.aspx?all=1","Park County School District 1","2026-04-03"
189,"Language Arts/English","2026-03-25","Middle School Teaching/","Powell Middle School","https://www.applitrack.com/park1/onlineapp/default.aspx?all=1","Park County School District 1","2026-04-03"
190,"Occupational Therapist","2026-03-26","Student Support Services/","Special Services Cottage","https://www.applitrack.com/park1/onlineapp/default.aspx?all=1","Park County School District 1","2026-04-03"
191,"Substitute School Nurse","2025-09-18","Student Support Services/","District-Wide K-12","https://www.applitrack.com/park1/onlineapp/default.aspx?all=1","Park County School District 1","2026-04-03"
192,"Substitute Teacher","2024-07-03","Substitute/","District-Wide K-12","https://www.applitrack.com/park1/onlineapp/default.aspx?all=1","Park County School District 1","2026-04-03"
193,"Substitute Custodian","2024-07-03","Substitute Support Services/","District-Wide K-12","https://www.applitrack.com/park1/onlineapp/default.aspx?all=1","Park County School District 1","2026-04-03"
194,"Substitute Para-Educator","2024-07-03","Substitute Support Services/","District-Wide K-12","https://www.applitrack.com/park1/onlineapp/default.aspx?all=1","Park County School District 1","2026-04-03"
195,"Substitute Bus Driver","2021-09-27","Transportation/","Transportation Department","https://www.applitrack.com/park1/onlineapp/default.aspx?all=1","Park County School District 1","2026-04-03"
196,"Head Girls Volleyball Coach","2026-02-13","Athletics/Activities/","Cody High School","https://www.applitrack.com/park6/onlineapp/default.aspx?all=1","Park County School District 6","2026-04-03"
197,"Head Wrestling Coach","2026-03-18","Athletics/Activities/","Cody High School","https://www.applitrack.com/park6/onlineapp/default.aspx?all=1","Park County School District 6","2026-04-03"
198,"Elementary Classroom Teacher","2026-03-27","Elementary School Teaching","Eastside Elementary School","https://www.applitrack.com/park6/onlineapp/default.aspx?all=1","Park County School District 6","2026-04-03"
199,"Kinderboost/Kindergarten Teacher (Part Time)","2026-03-27","Elementary School Teaching","District Office","https://www.applitrack.com/park6/onlineapp/default.aspx?all=1","Park County School District 6","2026-04-03"
200,"Health and Physical Education Teacher","2026-03-27","High School Teaching/","Cody High School","https://www.applitrack.com/park6/onlineapp/default.aspx?all=1","Park County School District 6","2026-04-03"
201,"Administrative Assistant - Athletics and Activities","2026-03-27","Secretarial/Clerical/","Cody High School","https://www.applitrack.com/park6/onlineapp/default.aspx?all=1","Park County School District 6","2026-04-03"
202,"Speech Therapist/Speech Pathologist","2026-02-06","Student Support Services","Cody High School","https://www.applitrack.com/park6/onlineapp/default.aspx?all=1","Park County School District 6","2026-04-03"
203,"Elementary School Guidance Counselor","2026-03-18","Student Support Services/","Sunset Elementary School","https://www.applitrack.com/park6/onlineapp/default.aspx?all=1","Park County School District 6","2026-04-03"
204,"High School Guidance Counselor","2026-03-27","Student Support Services/","Heart Mountain Academy","https://www.applitrack.com/park6/onlineapp/default.aspx?all=1","Park County School District 6","2026-04-03"
205,"Board Certified Behavior Analyst","2025-02-07","Student Support Services/","All Schools","https://www.applitrack.com/park6/onlineapp/default.aspx?all=1","Park County School District 6","2026-04-03"
206,"Life Skills Teacher","2026-03-27","Student Support Services/","Cody High School","https://www.applitrack.com/park6/onlineapp/default.aspx?all=1","Park County School District 6","2026-04-03"
207,"ASD Special Education Teacher","2026-03-27","Student Support Services/","Cody Middle School","https://www.applitrack.com/park6/onlineapp/default.aspx?all=1","Park County School District 6","2026-04-03"
208,"Elementary Special Education Resource Teacher","2026-03-13","Student Support Services/","Sunset Elementary School","https://www.applitrack.com/park6/onlineapp/default.aspx?all=1","Park County School District 6","2026-04-03"
209,"Elementary Special Education Resource Teacher","2026-02-06","Student Support Services/","Eastside Elementary School","https://www.applitrack.com/park6/onlineapp/default.aspx?all=1","Park County School District 6","2026-04-03"
210,"Substitute Paraeducator (Aide) 2025-2026 School Year","2025-07-16","Substitute/","All Schools","https://www.applitrack.com/park6/onlineapp/default.aspx?all=1","Park County School District 6","2026-04-03"
211,"Substitute Custodian 2025-2026 School Year","2025-07-16","Substitute/","All Schools","https://www.applitrack.com/park6/onlineapp/default.aspx?all=1","Park County School District 6","2026-04-03"
212,"Substitute Nurse 2025-2026 School Year","2025-07-16","Substitute/","All Schools","https://www.applitrack.com/park6/onlineapp/default.aspx?all=1","Park County School District 6","2026-04-03"
213,"Substitute Teacher 2025-2026 School Year","2025-07-16","Substitute/","All Schools","https://www.applitrack.com/park6/onlineapp/default.aspx?all=1","Park County School District 6","2026-04-03"
214,"Special Education Life Skills Paraeducator","2026-01-27","Support Staff/","Cody High School","https://www.applitrack.com/park6/onlineapp/default.aspx?all=1","Park County School District 6","2026-04-03"
215,"Route Driver","2025-07-16","Transportation","All Schools","https://www.applitrack.com/park6/onlineapp/default.aspx?all=1","Park County School District 6","2026-04-03"
216,"Bus Aide","2025-07-16","Transportation","All Schools","https://www.applitrack.com/park6/onlineapp/default.aspx?all=1","Park County School District 6","2026-04-03"
217,"Tongue River Elementary Classroom Teacher","2026-03-23","Elementary School Teaching/","Tongue River Elementary","https://www.applitrack.com/sheridanwy/onlineapp/default.aspx?all=1","Sheridan County School District 1","2026-04-03"
218,"BHHS Activities Director","2026-03-05","Athletics/Activities/","Big Horn High School","https://www.applitrack.com/sheridanwy/onlineapp/default.aspx?all=1","Sheridan County School District 1","2026-04-03"
219,"TRMS Assistant Track Coach","2026-02-04","Athletics/Activities/","Tongue River Middle School","https://www.applitrack.com/sheridanwy/onlineapp/default.aspx?all=1","Sheridan County School District 1","2026-04-03"
220,"TRMS Assistant Cross-Country Coach","2026-02-04","Athletics/Activities/","Tongue River Middle School","https://www.applitrack.com/sheridanwy/onlineapp/default.aspx?all=1","Sheridan County School District 1","2026-04-03"
221,"TRMS Assistant Volleyball Coach","2026-02-04","Athletics/Activities/","Tongue River Middle School","https://www.applitrack.com/sheridanwy/onlineapp/default.aspx?all=1","Sheridan County School District 1","2026-04-03"
222,"Big Horn Custodian","2025-12-08","Maintenance/Custodial/","Big Horn High School","https://www.applitrack.com/sheridanwy/onlineapp/default.aspx?all=1","Sheridan County School District 1","2026-04-03"
223,"Bus Driver","2025-04-01","Transportation/","District-Wide","https://www.applitrack.com/sheridanwy/onlineapp/default.aspx?all=1","Sheridan County School District 1","2026-04-03"
224,"TRMS Assistant Girls Basketball Coach","2025-05-20","Athletics/Activities/","Tongue River Middle School","https://www.applitrack.com/sheridanwy/onlineapp/default.aspx?all=1","Sheridan County School District 1","2026-04-03"
225,"TRHS Assistant Volleyball Coach","2025-05-28","Athletics/Activities/","Tongue River High School","https://www.applitrack.com/sheridanwy/onlineapp/default.aspx?all=1","Sheridan County School District 1","2026-04-03"
226,"TRHS Assistant Track Coach","2025-06-03","Athletics/Activities/","Tongue River High School","https://www.applitrack.com/sheridanwy/onlineapp/default.aspx?all=1","Sheridan County School District 1","2026-04-03"
227,"BHMS Assistant Football Coach","2025-07-28","Athletics/Activities/","Big Horn Middle School","https://www.applitrack.com/sheridanwy/onlineapp/default.aspx?all=1","Sheridan County School District 1","2026-04-03"
228,"TRMS Assistant Robotics Coach","2025-08-12","Athletics/Activities/","Tongue River Middle School","https://www.applitrack.com/sheridanwy/onlineapp/default.aspx?all=1","Sheridan County School District 1","2026-04-03"
229,"BHMS Assistant Boys Wrestling Coach","2025-09-08","Athletics/Activities/","Big Horn Middle School","https://www.applitrack.com/sheridanwy/onlineapp/default.aspx?all=1","Sheridan County School District 1","2026-04-03"
230,"TRHS Head Cross-Country Coach","2025-11-18","Athletics/Activities/","Tongue River High School","https://www.applitrack.com/sheridanwy/onlineapp/default.aspx?all=1","Sheridan County School District 1","2026-04-03"
231,"BHMS Head Football Coach","2026-01-08","Athletics/Activities/","Big Horn Middle School","https://www.applitrack.com/sheridanwy/onlineapp/default.aspx?all=1","Sheridan County School District 1","2026-04-03"
232,"TRMS Assistant Boys Basketball Coach","2024-08-14","Athletics/Activities/","Tongue River Middle School","https://www.applitrack.com/sheridanwy/onlineapp/default.aspx?all=1","Sheridan County School District 1","2026-04-03"
233,"Substitute - Support Staff","2018-07-03","Substitute/","District-Wide","https://www.applitrack.com/sheridanwy/onlineapp/default.aspx?all=1","Sheridan County School District 1","2026-04-03"
234,"Substitute - Nurse","2025-09-04","Substitute/","TR Schools","https://www.applitrack.com/sheridanwy/onlineapp/default.aspx?all=1","Sheridan County School District 1","2026-04-03"
235,"Substitute - Teacher","2018-07-09","Substitute/","District-Wide","https://www.applitrack.com/sheridanwy/onlineapp/default.aspx?all=1","Sheridan County School District 1","2026-04-03"
236,"Sheridan High School Assistant Band Coach","2025-12-19","Activities","Sheridan High School","https://www.applitrack.com/scsd2/OnlineApp/default.aspx?all=1","Sheridan County School District 2","2026-04-03"
237,"Sheridan High School Marching Band Color Guard Coach","2026-01-29","Activities","Sheridan High School","https://www.applitrack.com/scsd2/OnlineApp/default.aspx?all=1","Sheridan County School District 2","2026-04-03"
238,"Assistant Wrestling Coach - Sheridan Junior High School","2026-01-14","Athletic Coaches","Sheridan Junior High School","https://www.applitrack.com/scsd2/OnlineApp/default.aspx?all=1","Sheridan County School District 2","2026-04-03"
239,"Assistant Basketball Coach - 9th Grade B Team - Sheridan High School","2026-02-10","Athletic Coaches","Sheridan High School","https://www.applitrack.com/scsd2/OnlineApp/default.aspx?all=1","Sheridan County School District 2","2026-04-03"
240,"Assistant Cross Country Coach - Sheridan Junior High School","2026-03-11","Athletic Coaches","Sheridan Junior High School","https://www.applitrack.com/scsd2/OnlineApp/default.aspx?all=1","Sheridan County School District 2","2026-04-03"
241,"Girls Assistant Volleyball Coach - 7th Grade B Team - Sheridan Junior High School","2026-03-12","Athletic Coaches","Sheridan Junior High School","https://www.applitrack.com/scsd2/OnlineApp/default.aspx?all=1","Sheridan County School District 2","2026-04-03"
242,"Girls Basketball Coach - 7th Grade C Team - Sheridan Junior High School","2026-03-12","Athletic Coaches","Sheridan Junior High School","https://www.applitrack.com/scsd2/OnlineApp/default.aspx?all=1","Sheridan County School District 2","2026-04-03"
243,"Head Football Coach - 7th Grade Boys - Sheridan Junior High School","2026-01-29","Athletic Coaches/","Sheridan Junior High School","https://www.applitrack.com/scsd2/OnlineApp/default.aspx?all=1","Sheridan County School District 2","2026-04-03"
244,"Head Volleyball Coach - Sheridan High School","2026-02-11","Athletic Coaches/","Sheridan High School","https://www.applitrack.com/scsd2/OnlineApp/default.aspx?all=1","Sheridan County School District 2","2026-04-03"
245,"Activities Director - Sheridan High School","2026-02-23","Directors/","Sheridan High School","https://www.applitrack.com/scsd2/OnlineApp/default.aspx?all=1","Sheridan County School District 2","2026-04-03"
246,"Special Education Teacher - District Position","2026-02-26","Elementary School Teaching","District Wide","https://www.applitrack.com/scsd2/OnlineApp/default.aspx?all=1","Sheridan County School District 2","2026-04-03"
247,"Classroom Teacher - Kindergarten-2nd - Grade Highland Park Elementary","2026-03-04","Elementary School Teaching","Highland Park","https://www.applitrack.com/scsd2/OnlineApp/default.aspx?all=1","Sheridan County School District 2","2026-04-03"
248,"Second Cook - Sheridan Junior High School","2026-01-28","Food Services Staff/","Sheridan Junior High School","https://www.applitrack.com/scsd2/OnlineApp/default.aspx?all=1","Sheridan County School District 2","2026-04-03"
249,"High School Computer Science/Business Teacher (Grades 9-12) - Sheridan High School","2025-10-30","High School Teaching","Sheridan High School","https://www.applitrack.com/scsd2/OnlineApp/default.aspx?all=1","Sheridan County School District 2","2026-04-03"
250,"High School English Teacher - Sheridan High School","2026-02-10","High School Teaching/","Sheridan High School","https://www.applitrack.com/scsd2/OnlineApp/default.aspx?all=1","Sheridan County School District 2","2026-04-03"
251,"Spanish/EL Teacher - Sheridan High School","2026-03-11","High School Teaching/","Sheridan High School","https://www.applitrack.com/scsd2/OnlineApp/default.aspx?all=1","Sheridan County School District 2","2026-04-03"
252,"School Nurse - Sheridan Junior High School","2026-03-02","Nurses/","Sheridan Junior High School","https://www.applitrack.com/scsd2/OnlineApp/default.aspx?all=1","Sheridan County School District 2","2026-04-03"
253,"Pre-K Paraprofessional - Highland Park Elementary","2026-03-09","Paraprofessionals","Highland Park","https://www.applitrack.com/scsd2/OnlineApp/default.aspx?all=1","Sheridan County School District 2","2026-04-03"
254,"Special Education Paraprofessional - Sheridan Junior High School","2026-03-23","Paraprofessionals","Sheridan Junior High School","https://www.applitrack.com/scsd2/OnlineApp/default.aspx?all=1","Sheridan County School District 2","2026-04-03"
255,"Pre-K Paraprofessional - Woodland Park Elementary","2026-03-26","Paraprofessionals","District Wide","https://www.applitrack.com/scsd2/OnlineApp/default.aspx?all=1","Sheridan County School District 2","2026-04-03"
256,"School Principal - Sagebrush Elementary","2026-03-09","Principal/","Sagebrush","https://www.applitrack.com/scsd2/OnlineApp/default.aspx?all=1","Sheridan County School District 2","2026-04-03"
257,"Substitute Teacher (for prior SCSD2 Teachers only)","2025-07-01","Prior Employee/","District Wide","https://www.applitrack.com/scsd2/OnlineApp/default.aspx?all=1","Sheridan County School District 2","2026-04-03"
258,"Seasonal Grounds Worker - Districtwide","2026-01-16","Seasonal Staff","District Wide","https://www.applitrack.com/scsd2/OnlineApp/default.aspx?all=1","Sheridan County School District 2","2026-04-03"
259,"Seasonal Bus Mechanic","2026-03-27","Seasonal Staff","Bus Barn","https://www.applitrack.com/scsd2/OnlineApp/default.aspx?all=1","Sheridan County School District 2","2026-04-03"
260,"Seasonal Inventory Lead","2026-03-27","Seasonal Staff","Bus Barn","https://www.applitrack.com/scsd2/OnlineApp/default.aspx?all=1","Sheridan County School District 2","2026-04-03"
261,"Seasonal Database Technician - Districtwide","2026-03-12","Seasonal Staff","District Wide","https://www.applitrack.com/scsd2/OnlineApp/default.aspx?all=1","Sheridan County School District 2","2026-04-03"
262,"Speech Language Pathologist - Districtwide","2026-02-23","Special Services Staff/",NA,"https://www.applitrack.com/scsd2/OnlineApp/default.aspx?all=1","Sheridan County School District 2","2026-04-03"
263,"Substitute Cooks Helper - Districtwide","2024-08-23","Substitutes","District Wide","https://www.applitrack.com/scsd2/OnlineApp/default.aspx?all=1","Sheridan County School District 2","2026-04-03"
264,"Substitute Custodian - Districtwide","2024-08-29","Substitutes","District Wide","https://www.applitrack.com/scsd2/OnlineApp/default.aspx?all=1","Sheridan County School District 2","2026-04-03"
265,"Substitute Bus Paraprofessional - Districtwide","2025-04-28","Substitutes","Bus Barn","https://www.applitrack.com/scsd2/OnlineApp/default.aspx?all=1","Sheridan County School District 2","2026-04-03"
266,"Substitute Paraprofessional","2024-07-10","Substitutes","District Wide","https://www.applitrack.com/scsd2/OnlineApp/default.aspx?all=1","Sheridan County School District 2","2026-04-03"
267,"Substitute School Nurse","2024-07-10","Substitutes","District Wide","https://www.applitrack.com/scsd2/OnlineApp/default.aspx?all=1","Sheridan County School District 2","2026-04-03"
268,"Substitute Teacher","2025-07-01","Substitutes/","District Wide","https://www.applitrack.com/scsd2/OnlineApp/default.aspx?all=1","Sheridan County School District 2","2026-04-03"
269,"Substitute Bus Driver","2025-10-07","Transportation Staff","Bus Barn","https://www.applitrack.com/scsd2/OnlineApp/default.aspx?all=1","Sheridan County School District 2","2026-04-03"
270,"RSHS JV Cheer Coach","2026-03-02","Athletics/Activities/","Rock Springs High School","https://www.applitrack.com/sweetwater/onlineapp/default.aspx?all=1","Sweetwater County School District 1","2026-04-03"
271,"Farson Assistant HS/Head MS Football Coach","2026-02-23","Athletics/Activities/","Farson-Eden High School","https://www.applitrack.com/sweetwater/onlineapp/default.aspx?all=1","Sweetwater County School District 1","2026-04-03"
272,"RSHS Assistant Coach - Football (3)","2026-02-10","Athletics/Activities/","Rock Springs High School","https://www.applitrack.com/sweetwater/onlineapp/default.aspx?all=1","Sweetwater County School District 1","2026-04-03"
273,"RSJH Assistant Football Coach - 7th Grade","2026-02-10","Athletics/Activities/","Rock Springs Junior High","https://www.applitrack.com/sweetwater/onlineapp/default.aspx?all=1","Sweetwater County School District 1","2026-04-03"
274,"Farson MS Head Track Coach","2026-02-18","Athletics/Activities/","Farson-Eden Middle School","https://www.applitrack.com/sweetwater/onlineapp/default.aspx?all=1","Sweetwater County School District 1","2026-04-03"
275,"RSHS Assistant Girls Basketball Coach - Freshman","2026-03-11","Athletics/Activities/","Rock Springs High School","https://www.applitrack.com/sweetwater/onlineapp/default.aspx?all=1","Sweetwater County School District 1","2026-04-03"
276,"RSHS Assistant Indoor Track Coach","2026-03-10","Athletics/Activities/","Rock Springs High School","https://www.applitrack.com/sweetwater/onlineapp/default.aspx?all=1","Sweetwater County School District 1","2026-04-03"
277,"Farson Assistant MS Track Coach","2026-03-17","Athletics/Activities/","Farson-Eden Middle School","https://www.applitrack.com/sweetwater/onlineapp/default.aspx?all=1","Sweetwater County School District 1","2026-04-03"
278,"RSHS Assistant Boys Basketball Coach - Freshman","2026-03-19","Athletics/Activities/","Rock Springs High School","https://www.applitrack.com/sweetwater/onlineapp/default.aspx?all=1","Sweetwater County School District 1","2026-04-03"
279,"FEMS-FEHS Assistant Coach - Football","2025-03-03","Athletics/Activities/","Farson-Eden High School","https://www.applitrack.com/sweetwater/onlineapp/default.aspx?all=1","Sweetwater County School District 1","2026-04-03"
280,"RSHS Assistant Coach - Volleyball - Freshman","2026-01-13","Athletics/Activities/","Rock Springs High School","https://www.applitrack.com/sweetwater/onlineapp/default.aspx?all=1","Sweetwater County School District 1","2026-04-03"
281,"RSJH 8th Grade Head Coach - Volleyball","2026-02-09","Athletics/Activities/","Rock Springs Junior High School","https://www.applitrack.com/sweetwater/onlineapp/default.aspx?all=1","Sweetwater County School District 1","2026-04-03"
282,"Athletic Trainer","2026-03-03","Certified Staff/","Rock Springs High School","https://www.applitrack.com/sweetwater/onlineapp/default.aspx?all=1","Sweetwater County School District 1","2026-04-03"
283,"Elementary Teacher 4th Grade","2026-03-04","Certified Staff/","Eastside Elementary","https://www.applitrack.com/sweetwater/onlineapp/default.aspx?all=1","Sweetwater County School District 1","2026-04-03"
284,"Elementary Teacher 2nd Grade","2026-03-12","Certified Staff/","Stagecoach Elementary","https://www.applitrack.com/sweetwater/onlineapp/default.aspx?all=1","Sweetwater County School District 1","2026-04-03"
285,"Elementary Teacher 6th Grade (2)","2026-03-18","Certified Staff/","Pilot Butte Elementary","https://www.applitrack.com/sweetwater/onlineapp/default.aspx?all=1","Sweetwater County School District 1","2026-04-03"
286,"EL Teacher","2025-11-04","Certified Staff/","Rock Springs High School","https://www.applitrack.com/sweetwater/onlineapp/default.aspx?all=1","Sweetwater County School District 1","2026-04-03"
287,"English/Language Arts","2025-12-12","Certified Staff/","Farson-Eden High School","https://www.applitrack.com/sweetwater/onlineapp/default.aspx?all=1","Sweetwater County School District 1","2026-04-03"
288,"Graduation Coach - Grant Funded","2025-11-04","Certified Staff/","Rock Springs High School","https://www.applitrack.com/sweetwater/onlineapp/default.aspx?all=1","Sweetwater County School District 1","2026-04-03"
289,"Guidance Counselor","2026-01-07","Certified Staff/","Rock Springs High School","https://www.applitrack.com/sweetwater/onlineapp/default.aspx?all=1","Sweetwater County School District 1","2026-04-03"
290,"Library Media Specialist K-3 (Stagecoach and Wamsutter)","2025-11-03","Certified Staff/","District Wide","https://www.applitrack.com/sweetwater/onlineapp/default.aspx?all=1","Sweetwater County School District 1","2026-04-03"
291,"Math Teacher","2025-11-05","Certified Staff/","Rock Springs High School","https://www.applitrack.com/sweetwater/onlineapp/default.aspx?all=1","Sweetwater County School District 1","2026-04-03"
292,"Music Teacher 4-6 (4)","2025-11-06","Certified Staff/","District Wide","https://www.applitrack.com/sweetwater/onlineapp/default.aspx?all=1","Sweetwater County School District 1","2026-04-03"
293,"Music Teacher K-3 (2)","2025-11-06","Certified Staff/","District Wide","https://www.applitrack.com/sweetwater/onlineapp/default.aspx?all=1","Sweetwater County School District 1","2026-04-03"
294,"School Nurse","2026-02-24","Certified Staff/","District Wide","https://www.applitrack.com/sweetwater/onlineapp/default.aspx?all=1","Sweetwater County School District 1","2026-04-03"
295,"School Psychologist (5)","2026-03-31","Certified Staff/","District Wide","https://www.applitrack.com/sweetwater/onlineapp/default.aspx?all=1","Sweetwater County School District 1","2026-04-03"
296,"Social Worker","2026-03-31","Certified Staff/","Stagecoach Elementary","https://www.applitrack.com/sweetwater/onlineapp/default.aspx?all=1","Sweetwater County School District 1","2026-04-03"
297,"Social Worker","2025-11-06","Certified Staff/","Rock Springs High School","https://www.applitrack.com/sweetwater/onlineapp/default.aspx?all=1","Sweetwater County School District 1","2026-04-03"
298,"Resource Teacher (4)","2025-11-05","Certified Staff/","Rock Springs High School","https://www.applitrack.com/sweetwater/onlineapp/default.aspx?all=1","Sweetwater County School District 1","2026-04-03"
299,"Resource Teacher","2025-11-03","Certified Staff/","Desert Elementary (Wamsutter)","https://www.applitrack.com/sweetwater/onlineapp/default.aspx?all=1","Sweetwater County School District 1","2026-04-03"
300,"Special Education - Resource Teacher (2)","2025-11-04","Certified Staff/","Eastside Elementary","https://www.applitrack.com/sweetwater/onlineapp/default.aspx?all=1","Sweetwater County School District 1","2026-04-03"
301,"Resource Teacher","2025-11-04","Certified Staff/","Overland Elementary","https://www.applitrack.com/sweetwater/onlineapp/default.aspx?all=1","Sweetwater County School District 1","2026-04-03"
302,"Resource Teacher","2025-11-04","Certified Staff/","Pilot Butte Elementary","https://www.applitrack.com/sweetwater/onlineapp/default.aspx?all=1","Sweetwater County School District 1","2026-04-03"
303,"Alternative Behavior Program Teacher","2025-11-04","Certified Staff/","Rock Springs High School","https://www.applitrack.com/sweetwater/onlineapp/default.aspx?all=1","Sweetwater County School District 1","2026-04-03"
304,"Alternative Communication Program (ACP) Teacher","2025-11-04","Certified Staff/","Rock Springs High School","https://www.applitrack.com/sweetwater/onlineapp/default.aspx?all=1","Sweetwater County School District 1","2026-04-03"
305,"Alternative Academic-Daily Living Skills Program Teacher","2025-10-22","Certified Staff/","Rock Springs High School","https://www.applitrack.com/sweetwater/onlineapp/default.aspx?all=1","Sweetwater County School District 1","2026-04-03"
306,"Alternative Behavior Program (ABP)","2025-11-05","Certified Staff/","Sage Elementary","https://www.applitrack.com/sweetwater/onlineapp/default.aspx?all=1","Sweetwater County School District 1","2026-04-03"
307,"Alternative Behavior Program (ABP) Teacher","2026-03-12","Certified Staff/","Stagecoach Elementary","https://www.applitrack.com/sweetwater/onlineapp/default.aspx?all=1","Sweetwater County School District 1","2026-04-03"
308,"Alternative Communications Program (ACP) Teacher","2026-03-10","Certified Staff/","Rock Springs Junior High","https://www.applitrack.com/sweetwater/onlineapp/default.aspx?all=1","Sweetwater County School District 1","2026-04-03"
309,"Alternative Communications Program","2026-02-11","Certified Staff/","Stagecoach Elementary","https://www.applitrack.com/sweetwater/onlineapp/default.aspx?all=1","Sweetwater County School District 1","2026-04-03"
310,"Speech and Language Pathologist (3)","2026-03-31","Certified Staff/","District Wide","https://www.applitrack.com/sweetwater/onlineapp/default.aspx?all=1","Sweetwater County School District 1","2026-04-03"
311,"Title One Teacher","2026-02-17","Certified Staff/","Eastside Elementary","https://www.applitrack.com/sweetwater/onlineapp/default.aspx?all=1","Sweetwater County School District 1","2026-04-03"
312,"Bus Driver/Classroom Paraprofessional","2025-08-11","Combined Positions/","Desert Elementary (Wamsutter)","https://www.applitrack.com/sweetwater/onlineapp/default.aspx?all=1","Sweetwater County School District 1","2026-04-03"
313,"Substitute - Head Start","2018-06-12","Head Start","Overland Elementary","https://www.applitrack.com/sweetwater/onlineapp/default.aspx?all=1","Sweetwater County School District 1","2026-04-03"
314,"Maintenance Technician","2026-01-06","Maintenance/Custodial","Maintenance","https://www.applitrack.com/sweetwater/onlineapp/default.aspx?all=1","Sweetwater County School District 1","2026-04-03"
315,"Project Supervisor","2026-03-31","Maintenance/Custodial","Maintenance","https://www.applitrack.com/sweetwater/onlineapp/default.aspx?all=1","Sweetwater County School District 1","2026-04-03"
316,"Custodian","2026-03-03","Maintenance/Custodial/","Overland Elementary","https://www.applitrack.com/sweetwater/onlineapp/default.aspx?all=1","Sweetwater County School District 1","2026-04-03"
317,"Activities Lead/ Full Time Custodian","2026-03-03","Maintenance/Custodial/","District Wide","https://www.applitrack.com/sweetwater/onlineapp/default.aspx?all=1","Sweetwater County School District 1","2026-04-03"
318,"Nutrition Services Assistant","2026-01-27","Nutrition Services/","Rock Springs High School","https://www.applitrack.com/sweetwater/onlineapp/default.aspx?all=1","Sweetwater County School District 1","2026-04-03"
319,"Nutrition Services Substitute","2024-07-18","Nutrition Services/","District Wide","https://www.applitrack.com/sweetwater/onlineapp/default.aspx?all=1","Sweetwater County School District 1","2026-04-03"
320,"Classroom Paraprofessional","2026-02-24","Paraprofessional/","Farson Schools","https://www.applitrack.com/sweetwater/onlineapp/default.aspx?all=1","Sweetwater County School District 1","2026-04-03"
321,"ELL Paraprofessional","2026-01-29","Paraprofessional/","Desert View Elementary","https://www.applitrack.com/sweetwater/onlineapp/default.aspx?all=1","Sweetwater County School District 1","2026-04-03"
322,"ELL Paraprofessional","2026-03-23","Paraprofessional/","Walnut Elementary","https://www.applitrack.com/sweetwater/onlineapp/default.aspx?all=1","Sweetwater County School District 1","2026-04-03"
323,"ELL Paraprofessional","2025-12-01","Paraprofessional/","Rock Springs Junior High School","https://www.applitrack.com/sweetwater/onlineapp/default.aspx?all=1","Sweetwater County School District 1","2026-04-03"
324,"Itinerant Paraprofessional/Testing Assistant","2026-01-20","Paraprofessional/","District Wide","https://www.applitrack.com/sweetwater/onlineapp/default.aspx?all=1","Sweetwater County School District 1","2026-04-03"
325,"Resource Room Paraprofessional (3)","2025-08-21","Paraprofessional/","Rock Springs Satellite High School","https://www.applitrack.com/sweetwater/onlineapp/default.aspx?all=1","Sweetwater County School District 1","2026-04-03"
326,"Resource Room Paraprofessional (2)","2025-09-10","Paraprofessional/","Rock Springs High School","https://www.applitrack.com/sweetwater/onlineapp/default.aspx?all=1","Sweetwater County School District 1","2026-04-03"
327,"Resource Paraprofessional","2026-03-17","Paraprofessional/","Sage Elementary","https://www.applitrack.com/sweetwater/onlineapp/default.aspx?all=1","Sweetwater County School District 1","2026-04-03"
328,"Alternate Academic Special Programs One-on-One Paraprofessional","2026-03-16","Paraprofessional/","Eastside Elementary","https://www.applitrack.com/sweetwater/onlineapp/default.aspx?all=1","Sweetwater County School District 1","2026-04-03"
329,"One-On-One Paraprofessional","2026-03-16","Paraprofessional/","Eastside Elementary","https://www.applitrack.com/sweetwater/onlineapp/default.aspx?all=1","Sweetwater County School District 1","2026-04-03"
330,"One-On-One Paraprofessional","2026-03-30","Paraprofessional/","Pilot Butte Elementary","https://www.applitrack.com/sweetwater/onlineapp/default.aspx?all=1","Sweetwater County School District 1","2026-04-03"
331,"Special Programs (Alternative Academics Program) Paraprofessional","2026-03-23","Paraprofessional/","Rock Springs High School","https://www.applitrack.com/sweetwater/onlineapp/default.aspx?all=1","Sweetwater County School District 1","2026-04-03"
332,"Special Programs Paraprofessional (Alternative Communications Program)","2026-02-18","Paraprofessional/","Rock Springs Junior High School","https://www.applitrack.com/sweetwater/onlineapp/default.aspx?all=1","Sweetwater County School District 1","2026-04-03"
333,"Alternative Behavior Special Programs One-on-One Paraprofessional","2026-03-05","Paraprofessional/","Eastside Elementary","https://www.applitrack.com/sweetwater/onlineapp/default.aspx?all=1","Sweetwater County School District 1","2026-04-03"
334,"Full-Time High School Special Education Paraprofessional and Daycare Assistant - Overland/RSHS","2024-11-04","Paraprofessional/","Overland/RSHS","https://www.applitrack.com/sweetwater/onlineapp/default.aspx?all=1","Sweetwater County School District 1","2026-04-03"
335,"Full-Time High School Special Education Paraprofessional and Daycare Assistant - Overland/RSHS","2025-11-11","Paraprofessional/","Overland/RSHS","https://www.applitrack.com/sweetwater/onlineapp/default.aspx?all=1","Sweetwater County School District 1","2026-04-03"
336,"Special Programs One-on-One Paraprofessional","2025-11-24","Paraprofessional/","Rock Springs High School","https://www.applitrack.com/sweetwater/onlineapp/default.aspx?all=1","Sweetwater County School District 1","2026-04-03"
337,"Certified Substitute School Nurse","2019-10-03","Substitute","District Wide","https://www.applitrack.com/sweetwater/onlineapp/default.aspx?all=1","Sweetwater County School District 1","2026-04-03"
338,"BOCES Part Time Building Substitute Teacher (2) - One Year Only","2025-06-05","Substitute/","Overland Elementary","https://www.applitrack.com/sweetwater/onlineapp/default.aspx?all=1","Sweetwater County School District 1","2026-04-03"
339,"2025-2026 Substitute Teacher - Part-Time","2025-07-07","Substitute/","District Wide","https://www.applitrack.com/sweetwater/onlineapp/default.aspx?all=1","Sweetwater County School District 1","2026-04-03"
340,"Over The Road Activity Bus Driver","2025-11-03","Transportation/","Transportation","https://www.applitrack.com/sweetwater/onlineapp/default.aspx?all=1","Sweetwater County School District 1","2026-04-03"
341,"Bus Aide","2026-02-04","Transportation/","Transportation","https://www.applitrack.com/sweetwater/onlineapp/default.aspx?all=1","Sweetwater County School District 1","2026-04-03"
342,"Part-Time Bus Driver (26 Hours/Week)","2026-01-19","Transportation/","Transportation","https://www.applitrack.com/sweetwater/onlineapp/default.aspx?all=1","Sweetwater County School District 1","2026-04-03"
343,"GRHS Assistant Girls Soccer Coach","2025-06-05","Athletics/Activities/","Green River High School","https://www.applitrack.com/swcsd2/onlineapp/default.aspx?all=1","Sweetwater County School District 2","2026-04-03"
344,"GRHS Head Football Coach","2026-03-26","Athletics/Activities/","Green River High School","https://www.applitrack.com/swcsd2/onlineapp/default.aspx?all=1","Sweetwater County School District 2","2026-04-03"
345,"GRHS Head Boys Swimming Diving Coach","2026-03-26","Athletics/Activities/","Green River High School","https://www.applitrack.com/swcsd2/onlineapp/default.aspx?all=1","Sweetwater County School District 2","2026-04-03"
346,"GRHS Head Girls Swimming Diving Coach","2026-03-26","Athletics/Activities/","Green River High School","https://www.applitrack.com/swcsd2/onlineapp/default.aspx?all=1","Sweetwater County School District 2","2026-04-03"
347,"GRHS Head Cheer Coach","2026-03-26","Athletics/Activities/","Green River High School","https://www.applitrack.com/swcsd2/onlineapp/default.aspx?all=1","Sweetwater County School District 2","2026-04-03"
348,"Half-Time Drama Teacher - One Year Only","2026-03-23","High School Teaching/","Green River High School","https://www.applitrack.com/swcsd2/onlineapp/default.aspx?all=1","Sweetwater County School District 2","2026-04-03"
349,"Social Studies Teacher","2026-03-25","High School Teaching/","Green River High School","https://www.applitrack.com/swcsd2/onlineapp/default.aspx?all=1","Sweetwater County School District 2","2026-04-03"
350,"Special Education Teacher (Grades 9-12)","2026-03-23","High School Teaching/","Green River High School","https://www.applitrack.com/swcsd2/onlineapp/default.aspx?all=1","Sweetwater County School District 2","2026-04-03"
351,"Substitute Custodian","2025-07-10","Maintenance/Custodial/","Maintenance Department","https://www.applitrack.com/swcsd2/onlineapp/default.aspx?all=1","Sweetwater County School District 2","2026-04-03"
352,"Special Education Teachers (Grades 6-8)","2026-03-25","Middle School Teaching/","Lincoln Middle School","https://www.applitrack.com/swcsd2/onlineapp/default.aspx?all=1","Sweetwater County School District 2","2026-04-03"
353,"Substitute Nutrition Services","2025-07-10","Nutrition Services/","Nutrition Services Department","https://www.applitrack.com/swcsd2/onlineapp/default.aspx?all=1","Sweetwater County School District 2","2026-04-03"
354,"English Language Learning Paraprofessional","2025-10-13","Paraprofessional/","Monroe Elementary School","https://www.applitrack.com/swcsd2/onlineapp/default.aspx?all=1","Sweetwater County School District 2","2026-04-03"
355,"Student Summer Maintenance Worker","2026-03-19","Student Maintenance Worker/","Maintenance Department","https://www.applitrack.com/swcsd2/onlineapp/default.aspx?all=1","Sweetwater County School District 2","2026-04-03"
356,"Substitute Teacher","2025-07-10","Substitute/","Central Office","https://www.applitrack.com/swcsd2/onlineapp/default.aspx?all=1","Sweetwater County School District 2","2026-04-03"
357,"Substitute Teacher Aide","2025-07-10","Substitute/","Central Office","https://www.applitrack.com/swcsd2/onlineapp/default.aspx?all=1","Sweetwater County School District 2","2026-04-03"
358,"ELL Paraprofessional","2026-04-01","Support Staff/","Lincoln Middle School","https://www.applitrack.com/swcsd2/onlineapp/default.aspx?all=1","Sweetwater County School District 2","2026-04-03"
359,"Substitute Mechanic","2026-03-26","Transportation","Transportation Department","https://www.applitrack.com/swcsd2/onlineapp/default.aspx?all=1","Sweetwater County School District 2","2026-04-03"
360,"Bus Aide","2026-04-01","Transportation/","Transportation Department","https://www.applitrack.com/swcsd2/onlineapp/default.aspx?all=1","Sweetwater County School District 2","2026-04-03"
361,"Bus Driver","2026-04-01","Transportation/","Transportation Department","https://www.applitrack.com/swcsd2/onlineapp/default.aspx?all=1","Sweetwater County School District 2","2026-04-03"
362,"Substitute Bus Driver","2025-07-10","Transportation/","Transportation Department","https://www.applitrack.com/swcsd2/onlineapp/default.aspx?all=1","Sweetwater County School District 2","2026-04-03"
363,"High School Head Boys Basketball Coach","2026-03-18","Athletics/Activities/","TCSD Schools","https://www.applitrack.com/tcsd/onlineapp/default.aspx?all=1","Teton County School District 1","2026-04-03"
364,"Elementary ELL Teacher","2026-03-06","Elementary School Teaching/","Colter Elementary School","https://www.applitrack.com/tcsd/onlineapp/default.aspx?all=1","Teton County School District 1","2026-04-03"
365,"K-5 Elementary Teacher","2026-03-16","Elementary School Teaching/","Jackson Elementary School","https://www.applitrack.com/tcsd/onlineapp/default.aspx?all=1","Teton County School District 1","2026-04-03"
366,"K-5 Elementary Teacher","2026-03-16","Elementary School Teaching/","Colter Elementary School","https://www.applitrack.com/tcsd/onlineapp/default.aspx?all=1","Teton County School District 1","2026-04-03"
367,"K-2 Elementary Dual Immersion Teacher-Spanish Instruction","2026-02-25","Elementary School Teaching/","Munger Mountain Elementary","https://www.applitrack.com/tcsd/onlineapp/default.aspx?all=1","Teton County School District 1","2026-04-03"
368,"3-5 Elementary Dual Immersion Teacher-Spanish Instruction","2026-02-25","Elementary School Teaching/","Munger Mountain Elementary","https://www.applitrack.com/tcsd/onlineapp/default.aspx?all=1","Teton County School District 1","2026-04-03"
369,"K-5 Elementary Dual Immersion Teacher-English Instruction","2026-02-25","Elementary School Teaching/","Munger Mountain Elementary","https://www.applitrack.com/tcsd/onlineapp/default.aspx?all=1","Teton County School District 1","2026-04-03"
370,"Elementary Music Teacher","2026-02-27","Elementary School Teaching/","Munger Mountain Elementary","https://www.applitrack.com/tcsd/onlineapp/default.aspx?all=1","Teton County School District 1","2026-04-03"
371,"CTE Teacher-Business, Financial Literacy, Marketing, Entrepreneurship","2026-02-27","High School Teaching/","Jackson Hole High School","https://www.applitrack.com/tcsd/onlineapp/default.aspx?all=1","Teton County School District 1","2026-04-03"
372,"Performing Arts Teacher","2026-03-18","High School Teaching/","Jackson Hole High School","https://www.applitrack.com/tcsd/onlineapp/default.aspx?all=1","Teton County School District 1","2026-04-03"
373,"High School Social Studies Teacher","2026-03-13","High School Teaching/","Jackson Hole High School","https://www.applitrack.com/tcsd/onlineapp/default.aspx?all=1","Teton County School District 1","2026-04-03"
374,"Middle School Music Teacher/Band Director","2026-02-26","Middle School Teaching/","Jackson Hole Middle School","https://www.applitrack.com/tcsd/onlineapp/default.aspx?all=1","Teton County School District 1","2026-04-03"
375,"Middle School STEM Teacher","2026-03-13","Middle School Teaching/","Jackson Hole Middle School","https://www.applitrack.com/tcsd/onlineapp/default.aspx?all=1","Teton County School District 1","2026-04-03"
376,"Middle School Social Studies Teacher","2026-02-25","Middle School Teaching/","Jackson Hole Middle School","https://www.applitrack.com/tcsd/onlineapp/default.aspx?all=1","Teton County School District 1","2026-04-03"
377,"Instructional Para","2025-12-18","Paraprofessional/","Kelly Elementary School","https://www.applitrack.com/tcsd/onlineapp/default.aspx?all=1","Teton County School District 1","2026-04-03"
378,"Special Education Paraprofessional Grades K-5","2026-02-04","Paraprofessional/","Munger Mountain Elementary","https://www.applitrack.com/tcsd/onlineapp/default.aspx?all=1","Teton County School District 1","2026-04-03"
379,"Special Education Paraprofessional(s) Grades 6-12","2025-09-18","Paraprofessional/","Jackson Hole High School","https://www.applitrack.com/tcsd/onlineapp/default.aspx?all=1","Teton County School District 1","2026-04-03"
380,"9-12 Secondary Special Education Teacher","2026-02-19","Student Support Services","Jackson Hole High School","https://www.applitrack.com/tcsd/onlineapp/default.aspx?all=1","Teton County School District 1","2026-04-03"
381,"School Counselor","2026-02-25","Student Support Services/","Jackson Hole High School","https://www.applitrack.com/tcsd/onlineapp/default.aspx?all=1","Teton County School District 1","2026-04-03"
382,"School Counselor","2026-02-25","Student Support Services/","Jackson Hole Middle School","https://www.applitrack.com/tcsd/onlineapp/default.aspx?all=1","Teton County School District 1","2026-04-03"
383,"Substitute Teachers/Nurses","2020-02-11","Substitute/","TCSD Schools","https://www.applitrack.com/tcsd/onlineapp/default.aspx?all=1","Teton County School District 1","2026-04-03"
384,"Long Term Sub Elementary Social Worker/School Counselor","2026-02-25","Substitute/","Munger Mountain Elementary","https://www.applitrack.com/tcsd/onlineapp/default.aspx?all=1","Teton County School District 1","2026-04-03"
385,"Long Term Sub Kindergarten Dual Immersion Teacher-Spanish Instruction","2026-02-25","Substitute/","Munger Mountain Elementary","https://www.applitrack.com/tcsd/onlineapp/default.aspx?all=1","Teton County School District 1","2026-04-03"
386,"Substitute Para/Secretary","2020-02-11","Substitute/","TCSD Schools","https://www.applitrack.com/tcsd/onlineapp/default.aspx?all=1","Teton County School District 1","2026-04-03"
387,"Walking School Bus","2025-10-29","Transportation/","Transportation","https://www.applitrack.com/tcsd/onlineapp/default.aspx?all=1","Teton County School District 1","2026-04-03"
388,"Substitute Bus Drivers","2019-10-29","Transportation/","Transportation","https://www.applitrack.com/tcsd/onlineapp/default.aspx?all=1","Teton County School District 1","2026-04-03"
389,"Dean of Students","2026-03-25","Administration/","Evanston High School","https://www.applitrack.com/uinta/onlineapp/jobpostings/view.asp?all=1","Uinta County School District 1","2026-04-03"
390,"Director of Special Education","2026-03-16","Administration - District Level/","Education Service Center","https://www.applitrack.com/uinta/onlineapp/jobpostings/view.asp?all=1","Uinta County School District 1","2026-04-03"
391,"Instrumental Music/Strings Teacher","2026-03-10","District Wide Schools/","District Wide","https://www.applitrack.com/uinta/onlineapp/jobpostings/view.asp?all=1","Uinta County School District 1","2026-04-03"
392,"Elementary Teacher","2026-03-09","Elementary School Teaching/","District Wide","https://www.applitrack.com/uinta/onlineapp/jobpostings/view.asp?all=1","Uinta County School District 1","2026-04-03"
393,"Secondary English Language Arts Teacher","2026-02-12","High School / Secondary Teaching/","Evanston High School","https://www.applitrack.com/uinta/onlineapp/jobpostings/view.asp?all=1","Uinta County School District 1","2026-04-03"
394,"Secondary Math Teacher","2026-02-12","High School / Secondary Teaching/","Evanston High School & Davis Middle School","https://www.applitrack.com/uinta/onlineapp/jobpostings/view.asp?all=1","Uinta County School District 1","2026-04-03"
395,"Custodian","2026-03-20","Maintenance/Custodial/","Evanston High School","https://www.applitrack.com/uinta/onlineapp/jobpostings/view.asp?all=1","Uinta County School District 1","2026-04-03"
396,"Industrial Technology Teacher","2026-03-10","Middle School Teaching/","Davis Middle School","https://www.applitrack.com/uinta/onlineapp/jobpostings/view.asp?all=1","Uinta County School District 1","2026-04-03"
397,"Secondary Social Studies Teacher","2026-03-17","Middle School Teaching/","Evanston Middle School","https://www.applitrack.com/uinta/onlineapp/jobpostings/view.asp?all=1","Uinta County School District 1","2026-04-03"
398,"Executive Assistant - Office of the Superintendent","2026-02-04","Secretarial/Clerical/","Education Service Center","https://www.applitrack.com/uinta/onlineapp/jobpostings/view.asp?all=1","Uinta County School District 1","2026-04-03"
399,"SPED Elementary Resource Teacher","2026-03-25","Student Support Services/","Clark Elementary","https://www.applitrack.com/uinta/onlineapp/jobpostings/view.asp?all=1","Uinta County School District 1","2026-04-03"
400,"Speech-Language Pathologist","2026-01-30","Student Support Services/","District Wide","https://www.applitrack.com/uinta/onlineapp/jobpostings/view.asp?all=1","Uinta County School District 1","2026-04-03"
401,"Bus Drivers and Substitute Bus Drivers","2026-01-09","Support Staff/","Transportation","https://www.applitrack.com/uinta/onlineapp/jobpostings/view.asp?all=1","Uinta County School District 1","2026-04-03"
402,"Full-time and Part-time Classroom Aides and SPED Paraprofessionals","2025-07-16","Support Staff/","District Wide","https://www.applitrack.com/uinta/onlineapp/jobpostings/view.asp?all=1","Uinta County School District 1","2026-04-03"
403,"Alternative High School Principal / Counselor","2026-03-24","Administration/","White Hawk Academy","https://www.applitrack.com/washakie1/onlineapp/default.aspx?all=1","Washakie County School District 1","2026-04-03"
404,"Full-Time Lifeguard","2025-12-09","Aquatic Center Staff/","Worland Aquatic Center","https://www.applitrack.com/washakie1/onlineapp/default.aspx?all=1","Washakie County School District 1","2026-04-03"
405,"Lifeguard - HS Student","2024-01-08","Aquatic Center Staff/","Worland Aquatic Center","https://www.applitrack.com/washakie1/onlineapp/default.aspx?all=1","Washakie County School District 1","2026-04-03"
406,"HS Assistant Cheer Coach","2025-04-29","Athletics/Activities","Worland High School","https://www.applitrack.com/washakie1/onlineapp/default.aspx?all=1","Washakie County School District 1","2026-04-03"
407,"HS Assistant Volleyball Coach","2026-03-26","Athletics/Activities","Worland High School","https://www.applitrack.com/washakie1/onlineapp/default.aspx?all=1","Washakie County School District 1","2026-04-03"
408,"HS Assistant Indoor Track Coach","2026-03-26","Athletics/Activities","Worland High School","https://www.applitrack.com/washakie1/onlineapp/default.aspx?all=1","Washakie County School District 1","2026-04-03"
409,"HS Assistant Boys Basketball Coach","2026-03-26","Athletics/Activities","Worland High School","https://www.applitrack.com/washakie1/onlineapp/default.aspx?all=1","Washakie County School District 1","2026-04-03"
410,"HS Head Girls Wrestling Coach","2026-03-26","Athletics/Activities","Worland High School","https://www.applitrack.com/washakie1/onlineapp/default.aspx?all=1","Washakie County School District 1","2026-04-03"
411,"MS Assistant Volleyball Coach","2026-03-26","Athletics/Activities","Worland Middle School","https://www.applitrack.com/washakie1/onlineapp/default.aspx?all=1","Washakie County School District 1","2026-04-03"
412,"MS Assistant Football Coach","2026-03-26","Athletics/Activities","Worland Middle School","https://www.applitrack.com/washakie1/onlineapp/default.aspx?all=1","Washakie County School District 1","2026-04-03"
413,"MS Assistant Wrestling Coach","2026-03-26","Athletics/Activities","Worland Middle School","https://www.applitrack.com/washakie1/onlineapp/default.aspx?all=1","Washakie County School District 1","2026-04-03"
414,"MS Head Cross Country Coach","2026-03-26","Athletics/Activities","Worland Middle School","https://www.applitrack.com/washakie1/onlineapp/default.aspx?all=1","Washakie County School District 1","2026-04-03"
415,"MS Head Volleyball Coach","2026-03-26","Athletics/Activities","Worland Middle School","https://www.applitrack.com/washakie1/onlineapp/default.aspx?all=1","Washakie County School District 1","2026-04-03"
416,"HS Assistant Girls Basketball Coach","2026-03-27","Athletics/Activities","Worland High School","https://www.applitrack.com/washakie1/onlineapp/default.aspx?all=1","Washakie County School District 1","2026-04-03"
417,"Elementary Teacher","2025-12-09","Elementary School Teaching","08/05/2026","https://www.applitrack.com/washakie1/onlineapp/default.aspx?all=1","Washakie County School District 1","2026-04-03"
418,"Special Education Life Skills Teacher","2026-01-27","Elementary School Teaching","08/03/2026","https://www.applitrack.com/washakie1/onlineapp/default.aspx?all=1","Washakie County School District 1","2026-04-03"
419,"Alternative High School Teacher","2025-12-16","High School Teaching","White Hawk Academy","https://www.applitrack.com/washakie1/onlineapp/default.aspx?all=1","Washakie County School District 1","2026-04-03"
420,"Secondary Social Studies Teacher (with coaching available)","2026-03-06","High School Teaching/",NA,"https://www.applitrack.com/washakie1/onlineapp/default.aspx?all=1","Washakie County School District 1","2026-04-03"
421,"Middle School Mathematics Teacher","2026-03-30","Middle School Teaching","Worland Middle School","https://www.applitrack.com/washakie1/onlineapp/default.aspx?all=1","Washakie County School District 1","2026-04-03"
422,"Secondary Science Teacher","2026-03-10","Middle School Teaching/","Worland Middle School","https://www.applitrack.com/washakie1/onlineapp/default.aspx?all=1","Washakie County School District 1","2026-04-03"
423,"SLP-Assistant","2025-05-14","Special Education Services","Education Resource Center","https://www.applitrack.com/washakie1/onlineapp/default.aspx?all=1","Washakie County School District 1","2026-04-03"
424,"Special Education Teacher","2025-12-02","Special Education Services","08/03/2026","https://www.applitrack.com/washakie1/onlineapp/default.aspx?all=1","Washakie County School District 1","2026-04-03"
425,"Speech Language Pathologist","2024-12-18","Special Education Services","Education Resource Center","https://www.applitrack.com/washakie1/onlineapp/default.aspx?all=1","Washakie County School District 1","2026-04-03"
426,"Elementary Counselor","2026-03-04","Student Support Services/","East Side Elementary","https://www.applitrack.com/washakie1/onlineapp/default.aspx?all=1","Washakie County School District 1","2026-04-03"
427,"Substitute Bus Driver","2021-07-01","Substitute/","Bus Barn","https://www.applitrack.com/washakie1/onlineapp/default.aspx?all=1","Washakie County School District 1","2026-04-03"
428,"Substitute Cook","2020-11-04","Substitute/","District","https://www.applitrack.com/washakie1/onlineapp/default.aspx?all=1","Washakie County School District 1","2026-04-03"
429,"Substitute Housekeeper","2019-01-21","Substitute/",NA,"https://www.applitrack.com/washakie1/onlineapp/default.aspx?all=1","Washakie County School District 1","2026-04-03"
430,"Substitute Paraeducator","2016-03-02","Substitute/",NA,"https://www.applitrack.com/washakie1/onlineapp/default.aspx?all=1","Washakie County School District 1","2026-04-03"
431,"Substitute Teacher","2016-03-02","Substitute/",NA,"https://www.applitrack.com/washakie1/onlineapp/default.aspx?all=1","Washakie County School District 1","2026-04-03"
432,"Special Education Teacher","2026-03-18","Certified","Dubois K-12 School","https://fremont2.tedk12.com/hire/index.aspx","Fremont County School District 2","2026-04-03"
433,"Administrative Assistant: K-12 Secretary","2026-03-18","Classified","Dubois K-12 School","https://fremont2.tedk12.com/hire/index.aspx","Fremont County School District 2","2026-04-03"
434,"2025-2026 Drama Club Sponsor Assistant","2025-12-22","Coaching","Dubois K-12 School","https://fremont2.tedk12.com/hire/index.aspx","Fremont County School District 2","2026-04-03"
435,"Substitute Custodian/Food Service","2025-02-01","Classified","Dubois K-12 School","https://fremont2.tedk12.com/hire/index.aspx","Fremont County School District 2","2026-04-03"
436,"Substitute Bus Driver","2024-04-01","Classified","Bus Barn","https://fremont2.tedk12.com/hire/index.aspx","Fremont County School District 2","2026-04-03"
437,"Substitute - Classified -  Para/Secretary","2024-04-01","Classified","Dubois K-12 School","https://fremont2.tedk12.com/hire/index.aspx","Fremont County School District 2","2026-04-03"
438,"Substitute Teaching","2024-04-01","Substitute","Dubois K-12 School","https://fremont2.tedk12.com/hire/index.aspx","Fremont County School District 2","2026-04-03"
439,"HIGH SCHOOL TEACHER (BUSINESS)","2026-03-27","INSTRUCTION","RIVERTON HIGH SCHOOL","https://fremont25.tedk12.com/hire/index.aspx","Fremont County School District 25","2026-04-03"
440,"2026-2027 PARAPROFESSIONAL POOL","2026-03-27","STUDENT SUPPORT","DISTRICT","https://fremont25.tedk12.com/hire/index.aspx","Fremont County School District 25","2026-04-03"
441,"FINANCE SECRETARY","2026-03-25","ADMINISTRATIVE SUPPORT","RIVERTON HIGH SCHOOL","https://fremont25.tedk12.com/hire/index.aspx","Fremont County School District 25","2026-04-03"
442,"HIGH SCHOOL HEAD COACH (GIRLS BASKETBALL)","2026-03-24","COACH","RIVERTON HIGH SCHOOL","https://fremont25.tedk12.com/hire/index.aspx","Fremont County School District 25","2026-04-03"
443,"HIGH SCHOOL ASSISTANT COACH (GIRLS BASKETBALL)","2026-03-24","COACH","RIVERTON HIGH SCHOOL","https://fremont25.tedk12.com/hire/index.aspx","Fremont County School District 25","2026-04-03"
444,"PARA (SPED IDEAL)","2026-03-23","CLASSROOM SUPPORT","RENDEZVOUS ELEMENTARY","https://fremont25.tedk12.com/hire/index.aspx","Fremont County School District 25","2026-04-03"
445,"SUBSTITUTE BUS DRIVER","2026-03-20","TEMPORARY","BUS GARAGE - TRANSPORTATION","https://fremont25.tedk12.com/hire/index.aspx","Fremont County School District 25","2026-04-03"
446,"HIGH SCHOOL TEACHER (SPED)","2026-03-20","INSTRUCTION","RIVERTON HIGH SCHOOL","https://fremont25.tedk12.com/hire/index.aspx","Fremont County School District 25","2026-04-03"
447,"COTA","2026-03-19","STUDENT SUPPORT","ALTERNATIVE/SPECIAL SERVICES","https://fremont25.tedk12.com/hire/index.aspx","Fremont County School District 25","2026-04-03"
448,"CUSTODIAN FLOATER","2026-03-11","NON INSTRUCTIONAL SUPPORT","DISTRICT","https://fremont25.tedk12.com/hire/index.aspx","Fremont County School District 25","2026-04-03"
449,"LAWN CREW","2026-03-11","TEMPORARY","MAINTANENCE","https://fremont25.tedk12.com/hire/index.aspx","Fremont County School District 25","2026-04-03"
450,"TEACHER (THEATER)","2026-03-06","INSTUCTIONAL LEADER","RIVERTON HIGH SCHOOL","https://fremont25.tedk12.com/hire/index.aspx","Fremont County School District 25","2026-04-03"
451,"COUNSELOR","2026-02-27","SERVICE PROVIDER","RIVERTON HIGH SCHOOL","https://fremont25.tedk12.com/hire/index.aspx","Fremont County School District 25","2026-04-03"
452,"MIDDLE SCHOOL ASSISTANT COACH (CROSS COUNTRY)","2026-02-24","COACH","RIVERTON MIDDLE SCHOOL","https://fremont25.tedk12.com/hire/index.aspx","Fremont County School District 25","2026-04-03"
453,"DAYCARE ASSISTANT","2026-02-23","STUDENT SUPPORT","ASPEN ELEMENTARY","https://fremont25.tedk12.com/hire/index.aspx","Fremont County School District 25","2026-04-03"
454,"PARA (SPED)","2026-02-23","CLASSROOM SUPPORT","WILLOW CREEK","https://fremont25.tedk12.com/hire/index.aspx","Fremont County School District 25","2026-04-03"
455,"MIDDLE SCHOOL COACH (ASSISTANT VOLLEYBALL)","2026-02-20","COACH","RIVERTON MIDDLE SCHOOL","https://fremont25.tedk12.com/hire/index.aspx","Fremont County School District 25","2026-04-03"
456,"PARA (SPED BSP)","2026-02-18","CLASSROOM SUPPORT","RENDEZVOUS ELEMENTARY","https://fremont25.tedk12.com/hire/index.aspx","Fremont County School District 25","2026-04-03"
457,"SPEECH LANGUAGE PATHOLOGIST","2026-02-09","SERVICE PROVIDER","DISTRICT","https://fremont25.tedk12.com/hire/index.aspx","Fremont County School District 25","2026-04-03"
458,"SCHOOL PSYCHOLOGIST","2026-02-09","SERVICE PROVIDER","ALTERNATIVE/SPECIAL SERVICES","https://fremont25.tedk12.com/hire/index.aspx","Fremont County School District 25","2026-04-03"
459,"CASE MANAGER (SPED)","2026-02-02","STUDENT SUPPORT","DISTRICT","https://fremont25.tedk12.com/hire/index.aspx","Fremont County School District 25","2026-04-03"
460,"OCCUPATIONAL THERAPIST","2026-01-22","SERVICE PROVIDER","DISTRICT","https://fremont25.tedk12.com/hire/index.aspx","Fremont County School District 25","2026-04-03"
461,"HIGH SCHOOL ASSISTANT COACH (VOLLEYBALL)","2025-12-22","COACH","RIVERTON HIGH SCHOOL","https://fremont25.tedk12.com/hire/index.aspx","Fremont County School District 25","2026-04-03"
462,"NATIVE AMERICAN EDUCATION STUDENT AMBASSADOR","2025-12-12","TEMPORARY","DISTRICT","https://fremont25.tedk12.com/hire/index.aspx","Fremont County School District 25","2026-04-03"
463,"BUS AIDE","2025-10-17","NON INSTRUCTIONAL SUPPORT","BUS GARAGE - TRANSPORTATION","https://fremont25.tedk12.com/hire/index.aspx","Fremont County School District 25","2026-04-03"
464,"BUS DRIVER (PART TIME)","2025-10-17","NON INSTRUCTIONAL SUPPORT","BUS GARAGE - TRANSPORTATION","https://fremont25.tedk12.com/hire/index.aspx","Fremont County School District 25","2026-04-03"
465,"SUBSTITUTE PARA","2025-09-26","CLASSROOM SUPPORT","DISTRICT","https://fremont25.tedk12.com/hire/index.aspx","Fremont County School District 25","2026-04-03"
466,"HIGH SCHOOL ASSISTANT COACH (CHEER)","2025-03-23","COACH","RIVERTON HIGH SCHOOL","https://fremont25.tedk12.com/hire/index.aspx","Fremont County School District 25","2026-04-03"
467,"SUBSTITUTE INTERPRETER FOR DEAF/HARD OF HEARING STUDENTS","2025-01-16","STUDENT SUPPORT","DISTRICT","https://fremont25.tedk12.com/hire/index.aspx","Fremont County School District 25","2026-04-03"
468,"SUBSTITUTE CUSTODIAN","2024-09-17","NON INSTRUCTIONAL SUPPORT","DISTRICT","https://fremont25.tedk12.com/hire/index.aspx","Fremont County School District 25","2026-04-03"
469,"SUBSTITUTE DAYCARE ASSISTANT","2024-07-22","STUDENT SUPPORT","DISTRICT","https://fremont25.tedk12.com/hire/index.aspx","Fremont County School District 25","2026-04-03"
470,"SUBSTITUTE NURSE","2024-07-18","SERVICE PROVIDER","DISTRICT","https://fremont25.tedk12.com/hire/index.aspx","Fremont County School District 25","2026-04-03"
471,"SUBSTITUTE TEACHER","2024-07-18","INSTRUCTION","DISTRICT","https://fremont25.tedk12.com/hire/index.aspx","Fremont County School District 25","2026-04-03"
472,"LIFEGUARD","2024-03-01","NON INSTRUCTIONAL SUPPORT","RIVERTON AQUATICS CENTER","https://fremont25.tedk12.com/hire/index.aspx","Fremont County School District 25","2026-04-03"
473,"DESK CLERK","2024-03-01","NON INSTRUCTIONAL SUPPORT","RIVERTON AQUATICS CENTER","https://fremont25.tedk12.com/hire/index.aspx","Fremont County School District 25","2026-04-03"
474,"SUBSTITUTE BUS DRIVER","2023-11-06","NON INSTRUCTIONAL SUPPORT","BUS GARAGE - TRANSPORTATION","https://fremont25.tedk12.com/hire/index.aspx","Fremont County School District 25","2026-04-03"
475,"Teacher - Secondary Math - Torrington Middle School","2026-04-02","Secondary Certified","Torrington Middle School","https://goshen.tedk12.com/hire/index.aspx#aJobListings","Goshen County School District 1","2026-04-03"
476,"Summer Mower - Temporary District Position","2026-03-30","Maintenance","District Maintenance","https://goshen.tedk12.com/hire/index.aspx#aJobListings","Goshen County School District 1","2026-04-03"
477,"Substitute Cook","2026-03-04","Food Service","District Food Services","https://goshen.tedk12.com/hire/index.aspx#aJobListings","Goshen County School District 1","2026-04-03"
478,"Speech Language Pathologist - District","2026-03-01","Specialist - Certified","Office of Special Services","https://goshen.tedk12.com/hire/index.aspx#aJobListings","Goshen County School District 1","2026-04-03"
479,"Bus Driver/ Sub Bus Driver","2026-01-01","Bus Driver","Transportation Services","https://goshen.tedk12.com/hire/index.aspx#aJobListings","Goshen County School District 1","2026-04-03"
480,"Future Administrative Positions","2026-01-01","Administrative - building","Central Administration Office","https://goshen.tedk12.com/hire/index.aspx#aJobListings","Goshen County School District 1","2026-04-03"
481,"Future Substitute Teacher Positions","2026-01-01","Substitute","Central Administration Office","https://goshen.tedk12.com/hire/index.aspx#aJobListings","Goshen County School District 1","2026-04-03"
482,"Future Classified Positions","2026-01-01","Support","Central Administration Office","https://goshen.tedk12.com/hire/index.aspx#aJobListings","Goshen County School District 1","2026-04-03"
483,"Future Certified Positions","2026-01-01","K-12","Central Administration Office","https://goshen.tedk12.com/hire/index.aspx#aJobListings","Goshen County School District 1","2026-04-03"
484,"Junior High Coach","2026-03-19","Moorcroft Secondary","Moorcroft, Wyoming","https://crook1.schoolspring.com/","Crook County School District 1","2026-04-03"
485,"Maintenance","2026-03-19","Moorcroft Elementary","Moorcroft, Wyoming","https://crook1.schoolspring.com/","Crook County School District 1","2026-04-03"
486,"Route Bus Driver","2026-03-09","Sundance Secondary","Sundance, Wyoming","https://crook1.schoolspring.com/","Crook County School District 1","2026-04-03"
487,"Special Education Teacher","2026-02-24","Moorcroft Elementary","Moorcroft, Wyoming","https://crook1.schoolspring.com/","Crook County School District 1","2026-04-03"
488,"Activities Director/Supervisor","2026-02-11","Sundance Secondary","Sundance, Wyoming","https://crook1.schoolspring.com/","Crook County School District 1","2026-04-03"
489,"Route Bus Driver","2026-02-11","Moorcroft Secondary","Moorcroft, Wyoming","https://crook1.schoolspring.com/","Crook County School District 1","2026-04-03"
490,"Route Bus Driver","2026-01-19","Sundance Secondary","Sundance, Wyoming","https://crook1.schoolspring.com/","Crook County School District 1","2026-04-03"
491,"Substitute Custodian","2025-08-06","Sundance Secondary","Sundance, Wyoming","https://crook1.schoolspring.com/","Crook County School District 1","2026-04-03"
492,"Substitute Custodian","2025-08-06","Moorcroft Secondary","Moorcroft, Wyoming","https://crook1.schoolspring.com/","Crook County School District 1","2026-04-03"
493,"Substitute Custodian","2025-08-06","Hulett K-12","Hulett, Wyoming","https://crook1.schoolspring.com/","Crook County School District 1","2026-04-03"
494,"Substitute Teacher","2025-08-06","Sundance Elementary","Sundance, Wyoming","https://crook1.schoolspring.com/","Crook County School District 1","2026-04-03"
495,"Substitute Teacher","2025-08-06","Moorcroft Elementary","Moorcroft, Wyoming","https://crook1.schoolspring.com/","Crook County School District 1","2026-04-03"
496,"Substitute Teacher","2025-08-06","Hulett K-12","Hulett, Wyoming","https://crook1.schoolspring.com/","Crook County School District 1","2026-04-03"
497,"Substitute & Activity Bus Drivers","2025-08-06","Sundance Secondary","Sundance, Wyoming","https://crook1.schoolspring.com/","Crook County School District 1","2026-04-03"
498,"Substitute & Activity Bus Drivers","2025-08-06","Moorcroft Secondary","Moorcroft, Wyoming","https://crook1.schoolspring.com/","Crook County School District 1","2026-04-03"
499,"Substitute & Activity Bus Drivers","2025-08-06","Hulett K-12","Hulett, Wyoming","https://crook1.schoolspring.com/","Crook County School District 1","2026-04-03"
500,"Substitute Transportation Assistant [S051]","2026-04-01","Laramie County School District 1","Cheyenne, Wyoming","https://laramie1.schoolspring.com/","Laramie County School District 1","2026-04-03"
501,"Substitute Transportation Driver [S050]","2026-04-01","Laramie County School District 1","Cheyenne, Wyoming","https://laramie1.schoolspring.com/","Laramie County School District 1","2026-04-03"
502,"Reading Strategies Teacher [TB08]","2026-04-01","MCCORMICK JUNIOR HIGH SCHOOL","Cheyenne, Wyoming","https://laramie1.schoolspring.com/","Laramie County School District 1","2026-04-03"
503,"Secondary Math Teacher [TC23]","2026-04-01","SOUTH HIGH SCHOOL","Cheyenne, Wyoming","https://laramie1.schoolspring.com/","Laramie County School District 1","2026-04-03"
504,"Secondary English Teacher [TC11]","2026-04-01","CENTRAL HIGH SCHOOL","Cheyenne, Wyoming","https://laramie1.schoolspring.com/","Laramie County School District 1","2026-04-03"
505,"Tech Ed 8th Grade Wood Shop Teacher [TC48]","2026-03-30","CAREY JUNIOR HIGH SCHOOL","Cheyenne, Wyoming","https://laramie1.schoolspring.com/","Laramie County School District 1","2026-04-03"
506,"Family and Consumer Science Teacher [TC13]","2026-03-30","JOHNSON JUNIOR HIGH SCHOOL","Cheyenne, Wyoming","https://laramie1.schoolspring.com/","Laramie County School District 1","2026-04-03"
507,"Agriculture Education Teacher, FFA Advisor [TC02]","2026-03-30","CENTRAL HIGH SCHOOL","Cheyenne, Wyoming","https://laramie1.schoolspring.com/","Laramie County School District 1","2026-04-03"
508,"Office Manager","2026-03-20","PODER ACADEMY ELEMENTARY","Cheyenne, Wyoming","https://laramie1.schoolspring.com/","Laramie County School District 1","2026-04-03"
509,"Assistant Cross Country Coach [C082]","2026-03-17","SOUTH HIGH SCHOOL","Cheyenne, Wyoming","https://laramie1.schoolspring.com/","Laramie County School District 1","2026-04-03"
510,"Assistant Principal - Junior High [BA05]","2026-03-13","CAREY JUNIOR HIGH SCHOOL","Cheyenne, Wyoming","https://laramie1.schoolspring.com/","Laramie County School District 1","2026-04-03"
511,"Assistant Tennis Coach [C132]","2026-03-06","EAST HIGH SCHOOL","Cheyenne, Wyoming","https://laramie1.schoolspring.com/","Laramie County School District 1","2026-04-03"
512,"Head Cheer Coach [C106]","2026-03-06","SOUTH HIGH SCHOOL","Cheyenne, Wyoming","https://laramie1.schoolspring.com/","Laramie County School District 1","2026-04-03"
513,"Elementary Assistant Track Coach [C190]","2026-03-05","SADDLE RIDGE ELEMENTARY SCHOOL","Cheyenne, Wyoming","https://laramie1.schoolspring.com/","Laramie County School District 1","2026-04-03"
514,"Elementary Assistant Track Coach [C190]","2026-03-05","PRAIRIE WIND ELEMENTARY SCHOOL","Cheyenne, Wyoming","https://laramie1.schoolspring.com/","Laramie County School District 1","2026-04-03"
515,"Elementary Assistant Track Coach [C190]","2026-03-05","DEMING ELEMENTARY SCHOOL","Cheyenne, Wyoming","https://laramie1.schoolspring.com/","Laramie County School District 1","2026-04-03"
516,"Elementary Assistant Track Coach [C190]","2026-03-04","BUFFALO RIDGE ELEMENTARY SCHL","Cheyenne, Wyoming","https://laramie1.schoolspring.com/","Laramie County School District 1","2026-04-03"
517,"Elementary Assistant Track Coach [C190]","2026-03-04","ANDERSON ELEMENTARY SCHOOL","Cheyenne, Wyoming","https://laramie1.schoolspring.com/","Laramie County School District 1","2026-04-03"
518,"Elementary Head Track Coach [C188]","2026-03-04","ANDERSON ELEMENTARY SCHOOL","Cheyenne, Wyoming","https://laramie1.schoolspring.com/","Laramie County School District 1","2026-04-03"
519,"Elementary Assistant Track Coach [C190]","2026-03-04","DILDINE ELEMENTARY SCHOOL","Cheyenne, Wyoming","https://laramie1.schoolspring.com/","Laramie County School District 1","2026-04-03"
520,"Elementary Assistant Track Coach [C190]","2026-03-04","JESSUP ELEMENTARY SCHOOL","Cheyenne, Wyoming","https://laramie1.schoolspring.com/","Laramie County School District 1","2026-04-03"
521,"Elementary Assistant Track Coach [C190]","2026-03-04","PIONEER PARK ELEMENTARY SCHOOL","Cheyenne, Wyoming","https://laramie1.schoolspring.com/","Laramie County School District 1","2026-04-03"
522,"Elementary Assistant Track Coach [C190]","2026-03-04","HEBARD ELEMENTARY SCHOOL","Cheyenne, Wyoming","https://laramie1.schoolspring.com/","Laramie County School District 1","2026-04-03"
523,"Elementary Head Track Coach [C188]","2026-03-04","HEBARD ELEMENTARY SCHOOL","Cheyenne, Wyoming","https://laramie1.schoolspring.com/","Laramie County School District 1","2026-04-03"
524,"Elementary Assistant Track Coach [C190]","2026-03-04","GOINS ELEMENTARY SCHOOL","Cheyenne, Wyoming","https://laramie1.schoolspring.com/","Laramie County School District 1","2026-04-03"
525,"Elementary Head Track Coach [C188]","2026-03-04","GOINS ELEMENTARY SCHOOL","Cheyenne, Wyoming","https://laramie1.schoolspring.com/","Laramie County School District 1","2026-04-03"
526,"Elementary Assistant Track Coach [C190]","2026-03-04","GILCHRIST ELEMENTARY SCHOOL","Cheyenne, Wyoming","https://laramie1.schoolspring.com/","Laramie County School District 1","2026-04-03"
527,"Elementary Assistant Track Coach [C190]","2026-03-04","FAIRVIEW ELEMENTARY SCHOOL","Cheyenne, Wyoming","https://laramie1.schoolspring.com/","Laramie County School District 1","2026-04-03"
528,"Elementary Head Track Coach [C188]","2026-03-04","FAIRVIEW ELEMENTARY SCHOOL","Cheyenne, Wyoming","https://laramie1.schoolspring.com/","Laramie County School District 1","2026-04-03"
529,"Elementary Assistant Track Coach [C190]","2026-03-04","COLE ELEMENTARY SCHOOL","Cheyenne, Wyoming","https://laramie1.schoolspring.com/","Laramie County School District 1","2026-04-03"
530,"Elementary Head Track Coach [C188]","2026-03-04","COLE ELEMENTARY SCHOOL","Cheyenne, Wyoming","https://laramie1.schoolspring.com/","Laramie County School District 1","2026-04-03"
531,"Elementary Assistant Track Coach [C190]","2026-03-04","BAIN ELEMENTARY SCHOOL","Cheyenne, Wyoming","https://laramie1.schoolspring.com/","Laramie County School District 1","2026-04-03"
532,"Elementary Head Track Coach [C188]","2026-03-04","BAIN ELEMENTARY SCHOOL","Cheyenne, Wyoming","https://laramie1.schoolspring.com/","Laramie County School District 1","2026-04-03"
533,"Elementary Assistant Track Coach [C190]","2026-03-04","BAGGS ELEMENTARY SCHOOL","Cheyenne, Wyoming","https://laramie1.schoolspring.com/","Laramie County School District 1","2026-04-03"
534,"Elementary Head Track Coach [C188]","2026-03-04","BAGGS ELEMENTARY SCHOOL","Cheyenne, Wyoming","https://laramie1.schoolspring.com/","Laramie County School District 1","2026-04-03"
535,"Elementary Assistant Track Coach [C190]","2026-03-04","ARP ELEMENTARY SCHOOL","Cheyenne, Wyoming","https://laramie1.schoolspring.com/","Laramie County School District 1","2026-04-03"
536,"Elementary Head Track Coach [C188]","2026-03-04","ARP ELEMENTARY SCHOOL","Cheyenne, Wyoming","https://laramie1.schoolspring.com/","Laramie County School District 1","2026-04-03"
537,"Elementary Assistant Track Coach [C190]","2026-03-04","ALTA VISTA ELEMENTARY SCHOOL","Cheyenne, Wyoming","https://laramie1.schoolspring.com/","Laramie County School District 1","2026-04-03"
538,"Paraeducator Special Education [XP08]","2026-03-04","ROSSMAN ELEMENTARY SCHOOL","Cheyenne, Wyoming","https://laramie1.schoolspring.com/","Laramie County School District 1","2026-04-03"
539,"Paraeducator Special Education [XP08]","2026-03-02","AFFLERBACH ELEMENTARY SCHOOL","Cheyenne, Wyoming","https://laramie1.schoolspring.com/","Laramie County School District 1","2026-04-03"
540,"School Nurse - 2026/2027 Contract Year","2026-02-19","PODER/PASS ACADEMY","Cheyenne, Wyoming","https://laramie1.schoolspring.com/","Laramie County School District 1","2026-04-03"
541,"Middle School Science Teacher (7th and 8th) - 2026/2027 Contract Year","2026-02-19","PODER ACADEMY SECONDARY (PASS)","Cheyenne, Wyoming","https://laramie1.schoolspring.com/","Laramie County School District 1","2026-04-03"
542,"Secondary Math Teacher - 2026/2027 Contract Year","2026-02-19","PODER ACADEMY SECONDARY (PASS)","Cheyenne, Wyoming","https://laramie1.schoolspring.com/","Laramie County School District 1","2026-04-03"
543,"Building Interventionist/Sub - 2026/2027 contract year","2026-02-19","PODER ACADEMY SECONDARY (PASS)","Cheyenne, Wyoming","https://laramie1.schoolspring.com/","Laramie County School District 1","2026-04-03"
544,"SPED Teacher","2026-02-17","PODER ACADEMY ELEMENTARY","Cheyenne, Wyoming","https://laramie1.schoolspring.com/","Laramie County School District 1","2026-04-03"
545,"Paraeducator Special Needs Life Skills [XP09]","2026-02-17","EAST HIGH SCHOOL","Cheyenne, Wyoming","https://laramie1.schoolspring.com/","Laramie County School District 1","2026-04-03"
546,"Occupational Therapist [XT06]","2026-02-17","Laramie County School District 1","Cheyenne, Wyoming","https://laramie1.schoolspring.com/","Laramie County School District 1","2026-04-03"
547,"Custodial-Head Class 4 - Remainder of the 2025/2026 Contract Year only[CU07]","2026-02-17","DEMING ELEMENTARY SCHOOL","Cheyenne, Wyoming","https://laramie1.schoolspring.com/","Laramie County School District 1","2026-04-03"
548,"Custodial-Assistant Head Custodian - Class 5 [CU02]","2026-02-17","SOUTH HIGH SCHOOL","Cheyenne, Wyoming","https://laramie1.schoolspring.com/","Laramie County School District 1","2026-04-03"
549,"Custodial - Head Class 5 [CU02]","2026-02-17","MCCORMICK JUNIOR HIGH SCHOOL","Cheyenne, Wyoming","https://laramie1.schoolspring.com/","Laramie County School District 1","2026-04-03"
550,"Custodial - Head Class 5 [CU02]","2026-02-17","JOHNSON JUNIOR HIGH SCHOOL","Cheyenne, Wyoming","https://laramie1.schoolspring.com/","Laramie County School District 1","2026-04-03"
551,"School Custodian/Maintenance","2026-02-09","PODER ACADEMY SECONDARY (PASS)","Cheyenne, Wyoming","https://laramie1.schoolspring.com/","Laramie County School District 1","2026-04-03"
552,"Enrollment Marketing and Community Outreach Coordinator","2026-02-09","PODER/PASS ACADEMY","Cheyenne, Wyoming","https://laramie1.schoolspring.com/","Laramie County School District 1","2026-04-03"
553,"Physical Therapy Assistant [XI03]","2026-02-09","Laramie County School District 1","Cheyenne, Wyoming","https://laramie1.schoolspring.com/","Laramie County School District 1","2026-04-03"
554,"Student Sweeper [ST05]","2026-02-06","MCCORMICK JUNIOR HIGH SCHOOL","Cheyenne, Wyoming","https://laramie1.schoolspring.com/","Laramie County School District 1","2026-04-03"
555,"Elementary K-6 Teacher","2026-02-05","PODER ACADEMY ELEMENTARY","Cheyenne, Wyoming","https://laramie1.schoolspring.com/","Laramie County School District 1","2026-04-03"
556,"Physical Education","2026-02-05","PODER ACADEMY ELEMENTARY","Cheyenne, Wyoming","https://laramie1.schoolspring.com/","Laramie County School District 1","2026-04-03"
557,"Sub-Custodian [S010]","2026-02-03","Laramie County School District 1","Cheyenne, Wyoming","https://laramie1.schoolspring.com/","Laramie County School District 1","2026-04-03"
558,"Custodial - Head Class 4 [CU07]","2026-02-02","TRIUMPH HIGH SCHOOL","Cheyenne, Wyoming","https://laramie1.schoolspring.com/","Laramie County School District 1","2026-04-03"
559,"Custodial - Head Class 5 [CU08]","2026-01-16","CAREY JUNIOR HIGH SCHOOL","Cheyenne, Wyoming","https://laramie1.schoolspring.com/","Laramie County School District 1","2026-04-03"
560,"We The People Sponsor","2025-11-18","SOUTH HIGH SCHOOL","Cheyenne, Wyoming","https://laramie1.schoolspring.com/","Laramie County School District 1","2026-04-03"
561,"Student Sweeper [ST05]","2025-11-07","AFFLERBACH ELEMENTARY SCHOOL","Cheyenne, Wyoming","https://laramie1.schoolspring.com/","Laramie County School District 1","2026-04-03"
562,"Student Sweeper [ST05]","2025-11-07","ARP ELEMENTARY SCHOOL","Cheyenne, Wyoming","https://laramie1.schoolspring.com/","Laramie County School District 1","2026-04-03"
563,"Student Sweeper [ST05]","2025-11-07","BAGGS ELEMENTARY SCHOOL","Cheyenne, Wyoming","https://laramie1.schoolspring.com/","Laramie County School District 1","2026-04-03"
564,"Student Sweeper [ST05]","2025-11-07","BUFFALO RIDGE ELEMENTARY SCHL","Cheyenne, Wyoming","https://laramie1.schoolspring.com/","Laramie County School District 1","2026-04-03"
565,"Student Sweeper [ST05]","2025-11-07","DILDINE ELEMENTARY SCHOOL","Cheyenne, Wyoming","https://laramie1.schoolspring.com/","Laramie County School District 1","2026-04-03"
566,"Student Sweeper [ST05]","2025-11-07","GILCHRIST ELEMENTARY SCHOOL","Cheyenne, Wyoming","https://laramie1.schoolspring.com/","Laramie County School District 1","2026-04-03"
567,"Student Sweeper [ST05]","2025-11-07","HENDERSON ELEMENTARY SCHOOL","Cheyenne, Wyoming","https://laramie1.schoolspring.com/","Laramie County School District 1","2026-04-03"
568,"Student Sweeper [ST05]","2025-11-07","PRAIRIE WIND ELEMENTARY SCHOOL","Cheyenne, Wyoming","https://laramie1.schoolspring.com/","Laramie County School District 1","2026-04-03"
569,"Student Sweeper [ST05]","2025-11-07","CAREY JUNIOR HIGH SCHOOL","Cheyenne, Wyoming","https://laramie1.schoolspring.com/","Laramie County School District 1","2026-04-03"
570,"Physical Therapist [XT07]","2025-10-23","Laramie County School District 1","Cheyenne, Wyoming","https://laramie1.schoolspring.com/","Laramie County School District 1","2026-04-03"
571,"Paraprofessional","2025-10-20","PODER ACADEMY SECONDARY (PASS)","Cheyenne, Wyoming","https://laramie1.schoolspring.com/","Laramie County School District 1","2026-04-03"
572,"Assistant - Speech Language Pathology [XI02]","2025-09-11","HOBBS ELEMENTARY SCHOOL","Cheyenne, Wyoming","https://laramie1.schoolspring.com/","Laramie County School District 1","2026-04-03"
573,"Speech Language Pathologist [XT14]","2025-08-08","Laramie County School District 1","Cheyenne, Wyoming","https://laramie1.schoolspring.com/","Laramie County School District 1","2026-04-03"
574,"Applicant Pool - Substitute Teacher [S035]","2025-07-31","SUBSTITUTE TEACHERS","Cheyenne, Wyoming","https://laramie1.schoolspring.com/","Laramie County School District 1","2026-04-03"
575,"Paraeducator Sign Support [XP05]","2025-06-26","BUILDING TO BE DETERMINED","Cheyenne, Wyoming","https://laramie1.schoolspring.com/","Laramie County School District 1","2026-04-03"
576,"School Psychologist [XA01]","2025-06-17","BUILDING TO BE DETERMINED","Cheyenne, Wyoming","https://laramie1.schoolspring.com/","Laramie County School District 1","2026-04-03"
577,"CMS Football Coach","2026-04-02","Centennial Middle School","Casper, Wyoming","https://natronaschools.schoolspring.com/","Natrona School District 1","2026-04-03"
578,"Paradise Valley Special Education Resource Teacher Beginning the 2026-27 School Year","2026-04-01","Paradise Valley Elementary","Casper, Wyoming","https://natronaschools.schoolspring.com/","Natrona School District 1","2026-04-03"
579,"District Custodian","2026-04-01","Plant/Maintenance","Casper, Wyoming","https://natronaschools.schoolspring.com/","Natrona School District 1","2026-04-03"
580,"Seasonal Grounds Worker","2026-04-01","Plant/Maintenance","Casper, Wyoming","https://natronaschools.schoolspring.com/","Natrona School District 1","2026-04-03"
581,"Administrative Specialist for Enrollment","2026-04-01","Human Resources","Casper, Wyoming","https://natronaschools.schoolspring.com/","Natrona School District 1","2026-04-03"
582,"KWHS Registrar","2026-04-01","Kelly Walsh High School","Casper, Wyoming","https://natronaschools.schoolspring.com/","Natrona School District 1","2026-04-03"
583,"Day School Special Education Resource Teacher to Begin 2026-27 School Year","2026-03-31","Day School at University Park","Casper, Wyoming","https://natronaschools.schoolspring.com/","Natrona School District 1","2026-04-03"
584,"Southridge Elementary- 1st Grade for the 2026-2027 School Year Only","2026-03-31","Southridge Elementary","Casper, Wyoming","https://natronaschools.schoolspring.com/","Natrona School District 1","2026-04-03"
585,"Evansville Classroom Teacher for the 2026-27 School Year Only","2026-03-31","Evansville Elementary","Evansville, Wyoming","https://natronaschools.schoolspring.com/","Natrona School District 1","2026-04-03"
586,"Poison Spider PE Teacher/Tutor for the 2026-27 School Year Only","2026-03-31","Poison Spider K-8","Casper, Wyoming","https://natronaschools.schoolspring.com/","Natrona School District 1","2026-04-03"
587,"CYMS Classroom Teacher - CTE Manufacturing Technology Beginning for the 2026-2027 School Year","2026-03-31","CY Middle School","Casper, Wyoming","https://natronaschools.schoolspring.com/","Natrona School District 1","2026-04-03"
588,"CCA Girls Soccer Aide","2026-03-30","Casper Classical Academy","Casper, Wyoming","https://natronaschools.schoolspring.com/","Natrona School District 1","2026-04-03"
589,"Cottonwood Special Education Teacher beginning 2026-2027","2026-03-30","Cottonwood Elementary","Casper, Wyoming","https://natronaschools.schoolspring.com/","Natrona School District 1","2026-04-03"
590,"Lincoln 3rd Grade Teacher for the 26-27 School Year Only","2026-03-30","Lincoln Elementary","Casper, Wyoming","https://natronaschools.schoolspring.com/","Natrona School District 1","2026-04-03"
591,"Lincoln 5th Grade Teacher for the 26-27 School Year Only","2026-03-30","Lincoln Elementary","Casper, Wyoming","https://natronaschools.schoolspring.com/","Natrona School District 1","2026-04-03"
592,"Lincoln Art Teacher for the 26-27 School Year Only","2026-03-30","Lincoln Elementary","Casper, Wyoming","https://natronaschools.schoolspring.com/","Natrona School District 1","2026-04-03"
593,"Chief Financial Officer","2026-03-27","Natrona County School District","Casper, Wyoming","https://natronaschools.schoolspring.com/","Natrona School District 1","2026-04-03"
594,"Posion Spider Track Coach Aide","2026-03-25","Poison Spider K-8","Casper, Wyoming","https://natronaschools.schoolspring.com/","Natrona School District 1","2026-04-03"
595,"Poison Spider Head Track Coach","2026-03-25","Poison Spider K-8","Casper, Wyoming","https://natronaschools.schoolspring.com/","Natrona School District 1","2026-04-03"
596,"RHS Special Education Resource Teacher to Begin the 26-27 School Year","2026-03-25","Roosevelt High School","Casper, Wyoming","https://natronaschools.schoolspring.com/","Natrona School District 1","2026-04-03"
597,"Fort Caspar Academy Special Education Resource Teacher Beginning the 2026-27 School Year","2026-03-23","Fort Caspar Academy","Casper, Wyoming","https://natronaschools.schoolspring.com/","Natrona School District 1","2026-04-03"
598,"Assistant Summer Marching Band Director","2026-03-23","Curriculum and Instruction","Casper, Wyoming","https://natronaschools.schoolspring.com/","Natrona School District 1","2026-04-03"
599,"Poison Spider Special Education Resource Teacher to Begin 26-27 School Year","2026-03-23","Poison Spider K-8","Casper, Wyoming","https://natronaschools.schoolspring.com/","Natrona School District 1","2026-04-03"
600,"Midwest Middle School ELA Teacher for the 26-27 School Year Only","2026-03-23","Midwest Schools","Midwest, Wyoming","https://natronaschools.schoolspring.com/","Natrona School District 1","2026-04-03"
601,"CCA Social Studies Teacher for the 26-27 School Year Only","2026-03-23","Casper Classical Academy","Casper, Wyoming","https://natronaschools.schoolspring.com/","Natrona School District 1","2026-04-03"
602,"Dean Morgan Math Teacher for the 26-27 School Year Only","2026-03-23","Dean Morgan Middle School","Casper, Wyoming","https://natronaschools.schoolspring.com/","Natrona School District 1","2026-04-03"
603,"CCA Special Education Teacher Resource beginning 26-27 school year","2026-03-23","Casper Classical Academy","Casper, Wyoming","https://natronaschools.schoolspring.com/","Natrona School District 1","2026-04-03"
604,"Dean Morgan Special Education Teacher beginning 26-27 school year","2026-03-23","Dean Morgan Middle School","Casper, Wyoming","https://natronaschools.schoolspring.com/","Natrona School District 1","2026-04-03"
605,"Centennial Special Education Resource Teacher- Beginning 26-27 School Year","2026-03-23","Centennial Middle School","Casper, Wyoming","https://natronaschools.schoolspring.com/","Natrona School District 1","2026-04-03"
606,"KWHS Special Education Teacher beginning for the 2026-27 School Year","2026-03-20","Kelly Walsh High School","Casper, Wyoming","https://natronaschools.schoolspring.com/","Natrona School District 1","2026-04-03"
607,"CYMS Classroom Teacher- Fine Arts (Art) for the 2026-2027 School Year Only","2026-03-20","CY Middle School","Casper, Wyoming","https://natronaschools.schoolspring.com/","Natrona School District 1","2026-04-03"
608,"Southridge Elementary-Special Education Teacher Beginning for the 2026-2027 School Year","2026-03-20","Southridge Elementary","Casper, Wyoming","https://natronaschools.schoolspring.com/","Natrona School District 1","2026-04-03"
609,"District Special Education Teacher to begin the 2026-2027 School Year","2026-03-20","Special Education Services Center","Casper, Wyoming","https://natronaschools.schoolspring.com/","Natrona School District 1","2026-04-03"
610,"CCA Track Aide","2026-03-20","Casper Classical Academy","Casper, Wyoming","https://natronaschools.schoolspring.com/","Natrona School District 1","2026-04-03"
611,"Audiologist to begin the 2026-2027 School Year","2026-03-19","Special Education Services Center","Casper, Wyoming","https://natronaschools.schoolspring.com/","Natrona School District 1","2026-04-03"
612,"CMS Head Track Coach","2026-03-19","Centennial Middle School","Casper, Wyoming","https://natronaschools.schoolspring.com/","Natrona School District 1","2026-04-03"
613,"CYMS Golf Aide","2026-03-19","CY Middle School","Casper, Wyoming","https://natronaschools.schoolspring.com/","Natrona School District 1","2026-04-03"
614,"Physical Therapist to begin 2026-2027 School Year","2026-03-18","Special Education Services Center","Casper, Wyoming","https://natronaschools.schoolspring.com/","Natrona School District 1","2026-04-03"
615,"Centennial Track Aide","2026-03-13","Centennial Middle School","Casper, Wyoming","https://natronaschools.schoolspring.com/","Natrona School District 1","2026-04-03"
616,"District Assistant Elementary Principal to begin the 2026-27 School Year","2026-03-03","Curriculum and Instruction","Casper, Wyoming","https://natronaschools.schoolspring.com/","Natrona School District 1","2026-04-03"
617,"School Psychologist to begin 2026-2027 School Year","2026-03-03","Special Education Services Center","Casper, Wyoming","https://natronaschools.schoolspring.com/","Natrona School District 1","2026-04-03"
618,"NCHS Head Volleyball Coach","2026-02-23","Natrona County High School","Casper, Wyoming","https://natronaschools.schoolspring.com/","Natrona School District 1","2026-04-03"
619,"KWHS Student Information Technology Worker","2026-02-20","Kelly Walsh High School","Casper, Wyoming","https://natronaschools.schoolspring.com/","Natrona School District 1","2026-04-03"
620,"NCHS Student Information Technology Worker","2026-02-20","Natrona County High School","Casper, Wyoming","https://natronaschools.schoolspring.com/","Natrona School District 1","2026-04-03"
621,"Substitute Bus Driver","2026-02-13","Transportation","Casper, Wyoming","https://natronaschools.schoolspring.com/","Natrona School District 1","2026-04-03"
622,"CMS Soccer Aide","2026-02-03","Centennial Middle School","Casper, Wyoming","https://natronaschools.schoolspring.com/","Natrona School District 1","2026-04-03"
623,"Verda James Elementary Dual Language Immersion (Spanish) Teacher Beginning the 2026-27 School Year","2026-02-02","Verda James Elementary","Casper, Wyoming","https://natronaschools.schoolspring.com/","Natrona School District 1","2026-04-03"
624,"Centennial Head Girls Soccer Coach","2026-01-16","Centennial Middle School","Casper, Wyoming","https://natronaschools.schoolspring.com/","Natrona School District 1","2026-04-03"
625,"KWHS - Marine Instructor (MI) OR Senior ROTC Marine Instructor (SMI)","2025-07-10","Kelly Walsh High School","Casper, Wyoming","https://natronaschools.schoolspring.com/","Natrona School District 1","2026-04-03"
626,"Education Interpreter","2025-05-01","Special Education Services Center","Casper, Wyoming","https://natronaschools.schoolspring.com/","Natrona School District 1","2026-04-03"
627,"Substitute Custodian","2025-01-29","Human Resources","Casper, Wyoming","https://natronaschools.schoolspring.com/","Natrona School District 1","2026-04-03"
628,"Custodian","2026-03-23","Burns Jr./Sr. High School","Burns, Wyoming","https://laramie2.schoolspring.com/","Laramie County School District 2","2026-04-03"
629,"Technology Coordinator","2026-03-18","LARAMIE COUNTY SD #2","Pine Bluffs, Wyoming","https://laramie2.schoolspring.com/","Laramie County School District 2","2026-04-03"
630,"District PowerSchool Administrator","2026-03-17","LARAMIE COUNTY SD #2","Pine Bluffs, Wyoming","https://laramie2.schoolspring.com/","Laramie County School District 2","2026-04-03"
631,"School Psychologist 2026-2027 School Year","2026-03-12","LARAMIE COUNTY SD #2","Pine Bluffs, Wyoming","https://laramie2.schoolspring.com/","Laramie County School District 2","2026-04-03"
632,"Speech-Language Pathologist 2026-27 School Year","2026-03-12","LARAMIE COUNTY SD #2","Pine Bluffs, Wyoming","https://laramie2.schoolspring.com/","Laramie County School District 2","2026-04-03"
633,"Part Time Elementary Teacher 2026-27 School Year","2026-03-12","Albin Elementary","Albin, Wyoming","https://laramie2.schoolspring.com/","Laramie County School District 2","2026-04-03"
634,"Summer Groundskeeper","2026-03-10","Pine Bluffs Jr./Sr. High School","Pine Bluffs, Wyoming","https://laramie2.schoolspring.com/","Laramie County School District 2","2026-04-03"
635,"World Language Teacher 2026-2027 school year","2026-03-02","Burns Jr./Sr. High School","Burns, Wyoming","https://laramie2.schoolspring.com/","Laramie County School District 2","2026-04-03"
636,"Assistant High School Football Coach","2026-02-24","Burns Jr./Sr. High School","Burns, Wyoming","https://laramie2.schoolspring.com/","Laramie County School District 2","2026-04-03"
637,"Secondary Math Teacher for 2026-2027 School Year","2026-02-18","Burns Jr./Sr. High School","Burns, Wyoming","https://laramie2.schoolspring.com/","Laramie County School District 2","2026-04-03"
638,"Elementary Teacher 2026-27 School Year","2026-02-02","LARAMIE COUNTY SD #2","Pine Bluffs, Wyoming","https://laramie2.schoolspring.com/","Laramie County School District 2","2026-04-03"
639,"Industrial Arts Teacher 2026-27 School Year","2026-01-08","Pine Bluffs Jr./Sr. High School","Pine Bluffs, Wyoming","https://laramie2.schoolspring.com/","Laramie County School District 2","2026-04-03"
640,"Assistant JH Volleyball Numbers Coach","2025-12-02","Burns Jr./Sr. High School","Burns, Wyoming","https://laramie2.schoolspring.com/","Laramie County School District 2","2026-04-03"
641,"Substitute School Nurse","2025-09-15","LARAMIE COUNTY SD #2","Pine Bluffs, Wyoming","https://laramie2.schoolspring.com/","Laramie County School District 2","2026-04-03"
642,"ELL Parent Translator Contactor","2025-09-15","LARAMIE COUNTY SD #2","Pine Bluffs, Wyoming","https://laramie2.schoolspring.com/","Laramie County School District 2","2026-04-03"
643,"Assistant JH Football Coach","2025-08-05","Burns Jr./Sr. High School","Burns, Wyoming","https://laramie2.schoolspring.com/","Laramie County School District 2","2026-04-03"
644,"ELL Paraprofessional","2025-06-10","LARAMIE COUNTY SD #2","Pine Bluffs, Wyoming","https://laramie2.schoolspring.com/","Laramie County School District 2","2026-04-03"
645,"Sub Paraprofessional","2025-01-30","LARAMIE COUNTY SD #2","Pine Bluffs, Wyoming","https://laramie2.schoolspring.com/","Laramie County School District 2","2026-04-03"
646,"Sub Custodian","2025-01-30","LARAMIE COUNTY SD #2","Pine Bluffs, Wyoming","https://laramie2.schoolspring.com/","Laramie County School District 2","2026-04-03"
647,"Substitute Cook","2025-01-30","LARAMIE COUNTY SD #2","Pine Bluffs, Wyoming","https://laramie2.schoolspring.com/","Laramie County School District 2","2026-04-03"
648,"Substitute Teacher","2025-01-30","LARAMIE COUNTY SD #2","Pine Bluffs, Wyoming","https://laramie2.schoolspring.com/","Laramie County School District 2","2026-04-03"
649,"Substitute Bus Driver","2025-01-30","LARAMIE COUNTY SD #2","Pine Bluffs, Wyoming","https://laramie2.schoolspring.com/","Laramie County School District 2","2026-04-03"
650,"HIGH SCHOOL TEACHER (BUSINESS)","2026-03-27","RIVERTON HIGH SCHOOL","Riverton, Wyoming","https://fremont25.schoolspring.com/","Fremont County School District 25","2026-04-03"
651,"2026-2027 PARAPROFESSIONAL POOL","2026-03-27","Fremont County School District 25","Riverton, Wyoming","https://fremont25.schoolspring.com/","Fremont County School District 25","2026-04-03"
652,"FINANCE SECRETARY","2026-03-25","RIVERTON HIGH SCHOOL","Riverton, Wyoming","https://fremont25.schoolspring.com/","Fremont County School District 25","2026-04-03"
653,"HIGH SCHOOL HEAD COACH (GIRLS BASKETBALL)","2026-03-24","RIVERTON HIGH SCHOOL","Riverton, Wyoming","https://fremont25.schoolspring.com/","Fremont County School District 25","2026-04-03"
654,"HIGH SCHOOL ASSISTANT COACH (GIRLS BASKETBALL)","2026-03-24","RIVERTON HIGH SCHOOL","Riverton, Wyoming","https://fremont25.schoolspring.com/","Fremont County School District 25","2026-04-03"
655,"PARA (SPED IDEAL)","2026-03-23","RENDEZVOUS ELEMENTARY","Riverton, Wyoming","https://fremont25.schoolspring.com/","Fremont County School District 25","2026-04-03"
656,"SUBSTITUTE BUS DRIVER","2026-03-20","BUS GARAGE - TRANSPORTATION","Riverton, Wyoming","https://fremont25.schoolspring.com/","Fremont County School District 25","2026-04-03"
657,"HIGH SCHOOL TEACHER (SPED)","2026-03-20","RIVERTON HIGH SCHOOL","Riverton, Wyoming","https://fremont25.schoolspring.com/","Fremont County School District 25","2026-04-03"
658,"COTA","2026-03-19","ALTERNATIVE/SPECIAL SERVICES","Riverton, Wyoming","https://fremont25.schoolspring.com/","Fremont County School District 25","2026-04-03"
659,"CUSTODIAN FLOATER","2026-03-11","Fremont County School District 25","Riverton, Wyoming","https://fremont25.schoolspring.com/","Fremont County School District 25","2026-04-03"
660,"LAWN CREW","2026-03-11","MAINTANENCE","Riverton, Wyoming","https://fremont25.schoolspring.com/","Fremont County School District 25","2026-04-03"
661,"TEACHER (THEATER)","2026-03-06","RIVERTON HIGH SCHOOL","Riverton, Wyoming","https://fremont25.schoolspring.com/","Fremont County School District 25","2026-04-03"
662,"COUNSELOR","2026-02-27","RIVERTON HIGH SCHOOL","Riverton, Wyoming","https://fremont25.schoolspring.com/","Fremont County School District 25","2026-04-03"
663,"MIDDLE SCHOOL ASSISTANT COACH (CROSS COUNTRY)","2026-02-24","RIVERTON MIDDLE SCHOOL","Riverton, Wyoming","https://fremont25.schoolspring.com/","Fremont County School District 25","2026-04-03"
664,"DAYCARE ASSISTANT","2026-02-23","ASPEN ELEMENTARY","Riverton, Wyoming","https://fremont25.schoolspring.com/","Fremont County School District 25","2026-04-03"
665,"PARA (SPED)","2026-02-23","WILLOW CREEK","Riverton, Wyoming","https://fremont25.schoolspring.com/","Fremont County School District 25","2026-04-03"
666,"MIDDLE SCHOOL COACH (ASSISTANT VOLLEYBALL)","2026-02-20","RIVERTON MIDDLE SCHOOL","Riverton, Wyoming","https://fremont25.schoolspring.com/","Fremont County School District 25","2026-04-03"
667,"PARA (SPED BSP)","2026-02-18","RENDEZVOUS ELEMENTARY","Riverton, Wyoming","https://fremont25.schoolspring.com/","Fremont County School District 25","2026-04-03"
668,"SPEECH LANGUAGE PATHOLOGIST","2026-02-09","Fremont County School District 25","Riverton, Wyoming","https://fremont25.schoolspring.com/","Fremont County School District 25","2026-04-03"
669,"SCHOOL PSYCHOLOGIST","2026-02-09","ALTERNATIVE/SPECIAL SERVICES","Riverton, Wyoming","https://fremont25.schoolspring.com/","Fremont County School District 25","2026-04-03"
670,"CASE MANAGER (SPED)","2026-02-02","Fremont County School District 25","Riverton, Wyoming","https://fremont25.schoolspring.com/","Fremont County School District 25","2026-04-03"
671,"OCCUPATIONAL THERAPIST","2026-01-22","Fremont County School District 25","Riverton, Wyoming","https://fremont25.schoolspring.com/","Fremont County School District 25","2026-04-03"
672,"HIGH SCHOOL ASSISTANT COACH (VOLLEYBALL)","2025-12-22","RIVERTON HIGH SCHOOL","Riverton, Wyoming","https://fremont25.schoolspring.com/","Fremont County School District 25","2026-04-03"
673,"NATIVE AMERICAN EDUCATION STUDENT AMBASSADOR","2025-12-12","Fremont County School District 25","Riverton, Wyoming","https://fremont25.schoolspring.com/","Fremont County School District 25","2026-04-03"
674,"BUS AIDE","2025-10-17","BUS GARAGE - TRANSPORTATION","Riverton, Wyoming","https://fremont25.schoolspring.com/","Fremont County School District 25","2026-04-03"
675,"BUS DRIVER (PART TIME)","2025-10-17","BUS GARAGE - TRANSPORTATION","Riverton, Wyoming","https://fremont25.schoolspring.com/","Fremont County School District 25","2026-04-03"
676,"SUBSTITUTE PARA","2025-09-26","Fremont County School District 25","Riverton, Wyoming","https://fremont25.schoolspring.com/","Fremont County School District 25","2026-04-03"
677,"HIGH SCHOOL ASSISTANT COACH (CHEER)","2025-03-23","RIVERTON HIGH SCHOOL","Riverton, Wyoming","https://fremont25.schoolspring.com/","Fremont County School District 25","2026-04-03"
678,"SUBSTITUTE INTERPRETER FOR DEAF/HARD OF HEARING STUDENTS","2025-01-16","Fremont County School District 25","Riverton, Wyoming","https://fremont25.schoolspring.com/","Fremont County School District 25","2026-04-03"
679,"SUBSTITUTE CUSTODIAN","2024-09-17","Fremont County School District 25","Riverton, Wyoming","https://fremont25.schoolspring.com/","Fremont County School District 25","2026-04-03"
680,"SUBSTITUTE DAYCARE ASSISTANT","2024-07-22","Fremont County School District 25","Riverton, Wyoming","https://fremont25.schoolspring.com/","Fremont County School District 25","2026-04-03"
681,"SUBSTITUTE TEACHER","2024-07-18","Fremont County School District 25","Riverton, Wyoming","https://fremont25.schoolspring.com/","Fremont County School District 25","2026-04-03"
682,"SUBSTITUTE NURSE","2024-07-18","Fremont County School District 25","Riverton, Wyoming","https://fremont25.schoolspring.com/","Fremont County School District 25","2026-04-03"
683,"LIFEGUARD","2024-03-01","RIVERTON AQUATICS CENTER","Riverton, Wyoming","https://fremont25.schoolspring.com/","Fremont County School District 25","2026-04-03"
684,"DESK CLERK","2024-03-01","RIVERTON AQUATICS CENTER","Riverton, Wyoming","https://fremont25.schoolspring.com/","Fremont County School District 25","2026-04-03"
685,"SUBSTITUTE BUS DRIVER","2023-11-06","BUS GARAGE - TRANSPORTATION","Riverton, Wyoming","https://fremont25.schoolspring.com/","Fremont County School District 25","2026-04-03"
686,"Special Education Teacher","2026-04-01","Linford Elementary School","Laramie, Wyoming","https://acsd1.schoolspring.com/","Albany Count School District 1","2026-04-03"
687,"Special Education Teacher","2026-04-01","Albany County School District 1","Laramie, Wyoming","https://acsd1.schoolspring.com/","Albany Count School District 1","2026-04-03"
688,"Elementary Teacher","2026-04-01","Slade Elementary School","Laramie, Wyoming","https://acsd1.schoolspring.com/","Albany Count School District 1","2026-04-03"
689,"Instructional Facilitator","2026-04-01","Albany County School District 1","Laramie, Wyoming","https://acsd1.schoolspring.com/","Albany Count School District 1","2026-04-03"
690,"Nurse Educator","2026-03-27","Whiting High School","Laramie, Wyoming","https://acsd1.schoolspring.com/","Albany Count School District 1","2026-04-03"
691,"Paraprofessional - Specialized Populations","2026-03-27","Albany County School District 1","Laramie, Wyoming","https://acsd1.schoolspring.com/","Albany Count School District 1","2026-04-03"
692,"Elementary Art Teacher","2026-03-25","Linford Elementary School","Laramie, Wyoming","https://acsd1.schoolspring.com/","Albany Count School District 1","2026-04-03"
693,"High School English Teacher","2026-03-24","Rock River High School","Rock River, Wyoming","https://acsd1.schoolspring.com/","Albany Count School District 1","2026-04-03"
694,"Middle School Social Studies Teacher","2026-03-24","Laramie Middle School","Laramie, Wyoming","https://acsd1.schoolspring.com/","Albany Count School District 1","2026-04-03"
695,"Middle School Project Lead the Way/STEM Teacher","2026-03-24","Laramie Middle School","Laramie, Wyoming","https://acsd1.schoolspring.com/","Albany Count School District 1","2026-04-03"
696,"Elementary Extensions Program Art Instructor","2026-03-23","Albany County School District 1","Laramie, Wyoming","https://acsd1.schoolspring.com/","Albany Count School District 1","2026-04-03"
697,"Special Education Co-Teacher (Math)","2026-03-13","Laramie High School","Laramie, Wyoming","https://acsd1.schoolspring.com/","Albany Count School District 1","2026-04-03"
698,"High School Spanish/ELL Teacher","2026-03-13","Albany County School District 1","Laramie, Wyoming","https://acsd1.schoolspring.com/","Albany Count School District 1","2026-04-03"
699,"English Language Learner Teacher","2026-03-13","Albany County School District 1","Laramie, Wyoming","https://acsd1.schoolspring.com/","Albany Count School District 1","2026-04-03"
700,"Special Education Teacher","2026-03-12","Indian Paintbrush Elementary School","Laramie, Wyoming","https://acsd1.schoolspring.com/","Albany Count School District 1","2026-04-03"
701,"Director of Special Education","2026-03-12","Albany County School District 1","Laramie, Wyoming","https://acsd1.schoolspring.com/","Albany Count School District 1","2026-04-03"
702,"High School Science Teacher","2026-03-12","Whiting High School","Laramie, Wyoming","https://acsd1.schoolspring.com/","Albany Count School District 1","2026-04-03"
703,"Speech - Language Pathologist","2026-03-09","Albany County School District 1","Laramie, Wyoming","https://acsd1.schoolspring.com/","Albany Count School District 1","2026-04-03"
704,"High School Assistant Football Coach","2026-03-04","Laramie High School","Laramie, Wyoming","https://acsd1.schoolspring.com/","Albany Count School District 1","2026-04-03"
705,"High School Assistant Golf Coach","2026-03-04","Laramie High School","Laramie, Wyoming","https://acsd1.schoolspring.com/","Albany Count School District 1","2026-04-03"
706,"Certified Physical Therapy Assistant","2026-03-02","Albany County School District 1","Laramie, Wyoming","https://acsd1.schoolspring.com/","Albany Count School District 1","2026-04-03"
707,"Certified Occupational Therapy Assistant","2026-03-02","Albany County School District 1","Laramie, Wyoming","https://acsd1.schoolspring.com/","Albany Count School District 1","2026-04-03"
708,"Substitute Teacher","2025-07-31","Albany County School District 1","Laramie, Wyoming","https://acsd1.schoolspring.com/","Albany Count School District 1","2026-04-03"
709,"Substitute Custodian","2025-07-21","Albany County School District 1","Laramie, Wyoming","https://acsd1.schoolspring.com/","Albany Count School District 1","2026-04-03"
710,"Bus Aide","2025-06-05","Albany County School District 1","Laramie, Wyoming","https://acsd1.schoolspring.com/","Albany Count School District 1","2026-04-03"
711,"Bus Driver","2025-06-05","Albany County School District 1","Laramie, Wyoming","https://acsd1.schoolspring.com/","Albany Count School District 1","2026-04-03"
712,"Second Grade Teacher","2026-04-01","WAGONWHEEL ELEMENTARY","Gillette, Wyoming","https://campbell.schoolspring.com/","Campbell County Scholl District 1","2026-04-03"
713,"Reading Recovery Teacher","2026-04-01","ROZET ELEMENTARY","Rozet, Wyoming","https://campbell.schoolspring.com/","Campbell County Scholl District 1","2026-04-03"
714,"Title I Family Resource Coordinator","2026-04-01","CAMPBELL COUNTY SCHOOL DISTRICT #1","Gillette, Wyoming","https://campbell.schoolspring.com/","Campbell County Scholl District 1","2026-04-03"
715,"Custodian","2026-04-01","ROZET ELEMENTARY","Rozet, Wyoming","https://campbell.schoolspring.com/","Campbell County Scholl District 1","2026-04-03"
716,"Fifth Grade Teacher","2026-04-01","COTTONWOOD ELEMENTARY","Wright, Wyoming","https://campbell.schoolspring.com/","Campbell County Scholl District 1","2026-04-03"
717,"School Counselor","2026-04-01","TWIN SPRUCE JUNIOR HIGH SCHOOL","Gillette, Wyoming","https://campbell.schoolspring.com/","Campbell County Scholl District 1","2026-04-03"
718,"Custodian","2026-04-01","THUNDER BASIN HIGH SCHOOL","Gillette, Wyoming","https://campbell.schoolspring.com/","Campbell County Scholl District 1","2026-04-03"
719,"Wright - Summer Lawn Crew","2026-04-01","WRIGHT JR./SR. HIGH SCHOOL","Wright, Wyoming","https://campbell.schoolspring.com/","Campbell County Scholl District 1","2026-04-03"
720,"Exceptional Child Specialist/Resource Room","2026-04-01","WESTWOOD HIGH SCHOOL","Gillette, Wyoming","https://campbell.schoolspring.com/","Campbell County Scholl District 1","2026-04-03"
721,"Instructional Facilitator","2026-04-01","SAGE VALLEY JUNIOR HIGH SCHOOL","Gillette, Wyoming","https://campbell.schoolspring.com/","Campbell County Scholl District 1","2026-04-03"
722,"ESL (English as a Second Language) Teacher Assistant","2026-04-01","CAMPBELL COUNTY HIGH SCHOOL","Gillette, Wyoming","https://campbell.schoolspring.com/","Campbell County Scholl District 1","2026-04-03"
723,"Foreign Language Teacher - German","2026-03-31","CAMPBELL COUNTY HIGH SCHOOL","Gillette, Wyoming","https://campbell.schoolspring.com/","Campbell County Scholl District 1","2026-04-03"
724,"Foreign Language Teacher - Spanish","2026-03-31","CAMPBELL COUNTY HIGH SCHOOL","Gillette, Wyoming","https://campbell.schoolspring.com/","Campbell County Scholl District 1","2026-04-03"
725,"Sixth Grade Teacher","2026-03-30","STOCKTRAIL ELEMENTARY","Gillette, Wyoming","https://campbell.schoolspring.com/","Campbell County Scholl District 1","2026-04-03"
726,"English Teacher","2026-03-27","CAMPBELL COUNTY HIGH SCHOOL","Gillette, Wyoming","https://campbell.schoolspring.com/","Campbell County Scholl District 1","2026-04-03"
727,"Dual Language Immersion Teacher - Spanish","2026-03-27","STOCKTRAIL ELEMENTARY","Gillette, Wyoming","https://campbell.schoolspring.com/","Campbell County Scholl District 1","2026-04-03"
728,"Secretary to Elementary Principal","2026-03-26","WAGONWHEEL ELEMENTARY","Gillette, Wyoming","https://campbell.schoolspring.com/","Campbell County Scholl District 1","2026-04-03"
729,"Exceptional Child Specialist/Resource Room","2026-03-26","CONESTOGA ELEMENTARY","Gillette, Wyoming","https://campbell.schoolspring.com/","Campbell County Scholl District 1","2026-04-03"
730,"Special Programs Education Assistant","2026-03-26","WAGONWHEEL ELEMENTARY","Gillette, Wyoming","https://campbell.schoolspring.com/","Campbell County Scholl District 1","2026-04-03"
731,"Technology Assistant","2026-03-26","HILLCREST ELEMENTARY","Gillette, Wyoming","https://campbell.schoolspring.com/","Campbell County Scholl District 1","2026-04-03"
732,"BUS ASSISTANT - SPECIAL PROGRAMS","2026-03-25","CAMPBELL COUNTY SCHOOL DISTRICT #1","Gillette, Wyoming","https://campbell.schoolspring.com/","Campbell County Scholl District 1","2026-04-03"
733,"Student Custodian","2026-03-25","CAMPBELL COUNTY HIGH SCHOOL","Gillette, Wyoming","https://campbell.schoolspring.com/","Campbell County Scholl District 1","2026-04-03"
734,"School Counselor","2026-03-25","PRAIRIE WIND ELEMENTARY","Gillette, Wyoming","https://campbell.schoolspring.com/","Campbell County Scholl District 1","2026-04-03"
735,"Nutrition Service Assistant","2026-03-25","CAMPBELL COUNTY SCHOOL DISTRICT #1","Gillette, Wyoming","https://campbell.schoolspring.com/","Campbell County Scholl District 1","2026-04-03"
736,"BUS DRIVER/BUS DRIVER IN TRAINING","2026-03-24","CAMPBELL COUNTY SCHOOL DISTRICT #1","Gillette, Wyoming","https://campbell.schoolspring.com/","Campbell County Scholl District 1","2026-04-03"
737,"English Teacher","2026-03-10","THUNDER BASIN HIGH SCHOOL","Gillette, Wyoming","https://campbell.schoolspring.com/","Campbell County Scholl District 1","2026-04-03"
738,"Teacher of the Visually Impaired","2026-03-05","CAMPBELL COUNTY SCHOOL DISTRICT #1","Gillette, Wyoming","https://campbell.schoolspring.com/","Campbell County Scholl District 1","2026-04-03"
739,"Emotionally Disabled Special Programs Education Assistant","2026-03-04","CAMPBELL COUNTY HIGH SCHOOL","Gillette, Wyoming","https://campbell.schoolspring.com/","Campbell County Scholl District 1","2026-04-03"
740,"Vocational Job Coach","2026-03-04","THUNDER BASIN HIGH SCHOOL","Gillette, Wyoming","https://campbell.schoolspring.com/","Campbell County Scholl District 1","2026-04-03"
741,"Speech/Language Pathologist","2026-02-27","CAMPBELL COUNTY SCHOOL DISTRICT #1","Gillette, Wyoming","https://campbell.schoolspring.com/","Campbell County Scholl District 1","2026-04-03"
742,"Special Programs Education Assistant/ASD","2026-02-09","LAKEVIEW ELEMENTARY","Gillette, Wyoming","https://campbell.schoolspring.com/","Campbell County Scholl District 1","2026-04-03"
743,"Special Programs Education Assistant","2026-01-29","CAMPBELL COUNTY HIGH SCHOOL","Gillette, Wyoming","https://campbell.schoolspring.com/","Campbell County Scholl District 1","2026-04-03"
744,"Special Programs Education Assistant","2026-01-26","ROZET ELEMENTARY","Rozet, Wyoming","https://campbell.schoolspring.com/","Campbell County Scholl District 1","2026-04-03"
745,"Special Programs Education Assistant","2026-01-21","BUFFALO RIDGE ELEMENTARY SCHOOL","Gillette, Wyoming","https://campbell.schoolspring.com/","Campbell County Scholl District 1","2026-04-03"
746,"Special Programs Education Assistant","2026-01-20","RAWHIDE ELEMENTARY","Gillette, Wyoming","https://campbell.schoolspring.com/","Campbell County Scholl District 1","2026-04-03"
747,"Emotionally Disabled Special Programs Education Assistant","2026-01-14","PAINTBRUSH ELEMENTARY","Gillette, Wyoming","https://campbell.schoolspring.com/","Campbell County Scholl District 1","2026-04-03"
748,"Special Programs Education Assistant for Students with High Needs","2025-12-19","HILLCREST ELEMENTARY","Gillette, Wyoming","https://campbell.schoolspring.com/","Campbell County Scholl District 1","2026-04-03"
749,"Teacher for the Deaf and Hard of Hearing","2025-12-19","CAMPBELL COUNTY SCHOOL DISTRICT #1","Gillette, Wyoming","https://campbell.schoolspring.com/","Campbell County Scholl District 1","2026-04-03"
750,"Orientation and Mobility Specialist","2025-12-19","CAMPBELL COUNTY SCHOOL DISTRICT #1","Gillette, Wyoming","https://campbell.schoolspring.com/","Campbell County Scholl District 1","2026-04-03"
751,"Special Programs Education Assistant","2025-11-26","HILLCREST ELEMENTARY","Gillette, Wyoming","https://campbell.schoolspring.com/","Campbell County Scholl District 1","2026-04-03"
752,"Wright - Safety Patrol","2025-10-29","CAMPBELL COUNTY SCHOOL DISTRICT #1","Gillette, Wyoming","https://campbell.schoolspring.com/","Campbell County Scholl District 1","2026-04-03"
753,"Safety Patrol","2025-10-29","CAMPBELL COUNTY SCHOOL DISTRICT #1","Gillette, Wyoming","https://campbell.schoolspring.com/","Campbell County Scholl District 1","2026-04-03"
754,"Safety Patrol","2025-10-29","CAMPBELL COUNTY SCHOOL DISTRICT #1","Gillette, Wyoming","https://campbell.schoolspring.com/","Campbell County Scholl District 1","2026-04-03"
755,"Special Programs Education Assistant","2025-10-24","PAINTBRUSH ELEMENTARY","Gillette, Wyoming","https://campbell.schoolspring.com/","Campbell County Scholl District 1","2026-04-03"
756,"Hearing Impaired Interpreter","2025-09-03","PRONGHORN ELEMENTARY","Gillette, Wyoming","https://campbell.schoolspring.com/","Campbell County Scholl District 1","2026-04-03"
757,"Substitute School Nurse","2025-06-11","CAMPBELL COUNTY SCHOOL DISTRICT #1","Los Angeles, California","https://campbell.schoolspring.com/","Campbell County Scholl District 1","2026-04-03"
758,"Substitute Teacher","2025-06-11","CAMPBELL COUNTY SCHOOL DISTRICT #1","Los Angeles, California","https://campbell.schoolspring.com/","Campbell County Scholl District 1","2026-04-03"
759,"SCHOOL PSYCHOLOGIST INTERN","2025-01-31","CAMPBELL COUNTY SCHOOL DISTRICT #1","Gillette, Wyoming","https://campbell.schoolspring.com/","Campbell County Scholl District 1","2026-04-03"
760,"Sample Classified Position","2010-02-16","CAMPBELL COUNTY SCHOOL DISTRICT #1","Gillette, Wyoming","https://campbell.schoolspring.com/","Campbell County Scholl District 1","2026-04-03"
761,"Sample Certified Position","2010-02-16","CAMPBELL COUNTY SCHOOL DISTRICT #1","Gillette, Wyoming","https://campbell.schoolspring.com/","Campbell County Scholl District 1","2026-04-03"
762,"Routing and Dispatch Secretary",NA,"Classified","Star Valley High School","https://lcsd2.org/employment-opportunities/","Lincoln County School District 2","2026-04-03"
763,"Bus Driver",NA,"Classified","Star Valley High School","https://lcsd2.org/employment-opportunities/","Lincoln County School District 2","2026-04-03"
764,"Aide Pool",NA,"Classified","Star Valley High School","https://lcsd2.org/employment-opportunities/","Lincoln County School District 2","2026-04-03"
765,"Food Service Worker",NA,"Classified","Star Valley High School","https://lcsd2.org/employment-opportunities/","Lincoln County School District 2","2026-04-03"
766,"Groundskeeper",NA,"Classified","Star Valley High School","https://lcsd2.org/employment-opportunities/","Lincoln County School District 2","2026-04-03"
767,"PE/Health Teacher",NA,"Certified","Cokeville","https://lcsd2.org/employment-opportunities/","Lincoln County School District 2","2026-04-03"
768,"Certified Media Specialist",NA,"Certified","Star Valley High School","https://lcsd2.org/employment-opportunities/","Lincoln County School District 2","2026-04-03"
769,"Teacher of the Deaf",NA,"Certified","District","https://lcsd2.org/employment-opportunities/","Lincoln County School District 2","2026-04-03"
770,"Special Education Teacher",NA,"Certified","District","https://lcsd2.org/employment-opportunities/","Lincoln County School District 2","2026-04-03"
771,"Speech Language Pathologist",NA,"Certified","District","https://lcsd2.org/employment-opportunities/","Lincoln County School District 2","2026-04-03"
772,"Substitute School Nurse",NA,"Classified","Star Valley","https://lcsd2.org/employment-opportunities/","Lincoln County School District 2","2026-04-03"
773,"Certified Substitute Teacher Pool",NA,"Substitutes","Star Valley","https://lcsd2.org/employment-opportunities/","Lincoln County School District 2","2026-04-03"
774,"Certified Substitute Teacher Pool",NA,"Substitutes","Cokeville","https://lcsd2.org/employment-opportunities/","Lincoln County School District 2","2026-04-03"
775,"Substitute Bus Driver",NA,"Classified","Star Valley","https://lcsd2.org/employment-opportunities/","Lincoln County School District 2","2026-04-03"
776,"Substitute Bus Driver",NA,"Classified","Star Valley","https://lcsd2.org/employment-opportunities/","Lincoln County School District 2","2026-04-03"
777,"Substitute Bus Aide",NA,"Classified","Star Valley","https://lcsd2.org/employment-opportunities/","Lincoln County School District 2","2026-04-03"
778,"Substitute Food Service Worker",NA,"Classified","District","https://lcsd2.org/employment-opportunities/","Lincoln County School District 2","2026-04-03"
779,"Assistant Cheer Advisor",NA,"Coaching","Star Valley","https://lcsd2.org/employment-opportunities/","Lincoln County School District 2","2026-04-03"
780,"Head Boys Wrestling Coach",NA,"Coaching","Star Valley","https://lcsd2.org/employment-opportunities/","Lincoln County School District 2","2026-04-03"
781,"Assistant Football Coach",NA,"Coaching","Star Valley","https://lcsd2.org/employment-opportunities/","Lincoln County School District 2","2026-04-03"
782,"Head Volleyball Coach",NA,"Coaching","Cokeville","https://lcsd2.org/employment-opportunities/","Lincoln County School District 2","2026-04-03"
783,"Volunteer Coach/Advisor",NA,"Coaching","District","https://lcsd2.org/employment-opportunities/","Lincoln County School District 2","2026-04-03"
784,"Elementary Principal",NA,"Certified","District","https://www.growingluskleaders.org/page/human-resources","Niobrara County School District 1","2026-04-03"
785,"7–12 Guidance Counselor",NA,"Certified","District","https://www.growingluskleaders.org/page/human-resources","Niobrara County School District 1","2026-04-03"
786,"7–12 Science Teacher",NA,"Certified","District","https://www.growingluskleaders.org/page/human-resources","Niobrara County School District 1","2026-04-03"
787,"Elementary Teacher",NA,"Certified","District","https://www.growingluskleaders.org/page/human-resources","Niobrara County School District 1","2026-04-03"
788,"Music/Band Teacher",NA,"Certified","District","https://www.growingluskleaders.org/page/human-resources","Niobrara County School District 1","2026-04-03"
789,"SPED Teacher",NA,"Certified","District","https://www.growingluskleaders.org/page/human-resources","Niobrara County School District 1","2026-04-03"
790,"Business Manager",NA,"Classified","District","https://www.growingluskleaders.org/page/human-resources","Niobrara County School District 1","2026-04-03"
791,"Head High School Football Coach",NA,"Coaching","District","https://www.growingluskleaders.org/page/human-resources","Niobrara County School District 1","2026-04-03"
792,"Head High School Volleyball Coach",NA,"Coaching","District","https://www.growingluskleaders.org/page/human-resources","Niobrara County School District 1","2026-04-03"
793,"Maintenance Worker",NA,"Classified","District","https://www.growingluskleaders.org/page/human-resources","Niobrara County School District 1","2026-04-03"
794,"Bus Driver Substitute",NA,"Classified","District","https://www.growingluskleaders.org/page/human-resources","Niobrara County School District 1","2026-04-03"
795,"Custodial Substitute",NA,"Classified","District","https://www.growingluskleaders.org/page/human-resources","Niobrara County School District 1","2026-04-03"
796,"Special Education Paraprofessional",NA,"Classified","District","https://pcsd16.com/271372_2","Park County School District 16","2026-04-03"
797,"Substitutes for all Postions",NA,"Substitute","PCSD#1 Schools, Glendo and Wheatland","https://www.platte1.org/89574_1","Platte County School District 1","2026-04-03"
798,"Substitutes for Custodians",NA,"Classified","District","https://www.platte1.org/89574_1","Platte County School District 1","2026-04-03"
799,"Special Educaton Teacher",NA,"Certified","District Wide","https://www.platte1.org/89574_1","Platte County School District 1","2026-04-03"
800,"Special Educaton Teacher",NA,"Certified","District Wide","https://www.platte1.org/89574_1","Platte County School District 1","2026-04-03"
801,"Special Educaton Teacher",NA,"Certified","District Wide","https://www.platte1.org/89574_1","Platte County School District 1","2026-04-03"
802,"Middle School Ag Teacher/FFA Advisor",NA,"Certified","District Wide","https://www.platte1.org/89574_1","Platte County School District 1","2026-04-03"
803,"Food Service Director",NA,"Certified","District Wide","https://www.platte1.org/89574_1","Platte County School District 1","2026-04-03"
804,"Assistant Volleyball Coach",NA,"Coaching","District Wide","https://www.platte1.org/89574_1","Platte County School District 1","2026-04-03"
805,"Assistant Football Coach",NA,"Coaching","District Wide","https://www.platte1.org/89574_1","Platte County School District 1","2026-04-03"
806,"Secretary/Para",NA,"Classified","District Wide","https://www.platte1.org/89574_1","Platte County School District 1","2026-04-03"
807,"Substitute Activity Drivers",NA,"Classified","District","https://www.guernseysunrise.org/page/employment","Platte County School District 2","2026-04-03"
808,"Substitute Certified Teachers",NA,"Substitute","District","https://www.guernseysunrise.org/page/employment","Platte County School District 2","2026-04-03"
809,"Substitute Paraeducators",NA,"Classified","District","https://www.guernseysunrise.org/page/employment","Platte County School District 2","2026-04-03"
810,"Full Time Elementary Teacher",NA,"Certified","District","https://www.sheridan3.com/page/hr-and-career-opportunities","Sheridan County School District 3","2026-04-03"
811,"K-12 Counselor/Teacher",NA,"Certified","District","https://www.sheridan3.com/page/hr-and-career-opportunities","Sheridan County School District 3","2026-04-03"
812,"Bus Driver",NA,"Classified","District","https://www.sheridan3.com/page/hr-and-career-opportunities","Sheridan County School District 3","2026-04-03"
813,"Ag Teacher 2026-2027",NA,"Certified","District","https://www.sub1.org/en-US/employment-and-human-resources-f26202d3","Sublette County School District 1","2026-04-03"
814,"Assistant Football Coaching - High School 3/20/2026",NA,"Coaching","District","https://www.sub1.org/en-US/employment-and-human-resources-f26202d3","Sublette County School District 1","2026-04-03"
815,"Auto MechanicsTeacher 2026-2027",NA,"Certified","District","https://www.sub1.org/en-US/employment-and-human-resources-f26202d3","Sublette County School District 1","2026-04-03"
816,"HS Math Teacher 2/13/2026",NA,"Certified","District","https://www.sub1.org/en-US/employment-and-human-resources-f26202d3","Sublette County School District 1","2026-04-03"
817,"Head Football Coaching - High School 3/20/2026",NA,"Coaching","District","https://www.sub1.org/en-US/employment-and-human-resources-f26202d3","Sublette County School District 1","2026-04-03"
818,"Middle School Math Teacher 03-26-2026",NA,"Certified","District","https://www.sub1.org/en-US/employment-and-human-resources-f26202d3","Sublette County School District 1","2026-04-03"
819,"Middle School Volleyball Coach 2025-03-12.docx",NA,"Coaching","District","https://www.sub1.org/en-US/employment-and-human-resources-f26202d3","Sublette County School District 1","2026-04-03"
820,"Substitute Bus Driver",NA,"Classified","District","https://www.sub1.org/en-US/employment-and-human-resources-f26202d3","Sublette County School District 1","2026-04-03"
821,"Substitute School Nurse",NA,"Classified","District","https://www.sub1.org/en-US/employment-and-human-resources-f26202d3","Sublette County School District 1","2026-04-03"
822,"Substitutes",NA,"Classified","District","https://www.sub1.org/en-US/employment-and-human-resources-f26202d3","Sublette County School District 1","2026-04-03"
823,"WeldingTeacher 2026-2027",NA,"Certified","District","https://www.sub1.org/en-US/employment-and-human-resources-f26202d3","Sublette County School District 1","2026-04-03"
824,"K-12 Special Education Teacher",NA,"Certified","District","https://www.uinta4.com/departments/business_office/job_opportunities/current_openings","Uinta County School District 4","2026-04-03"
825,"Secondary Math Teacher",NA,"Certified","District","https://www.uinta4.com/departments/business_office/job_opportunities/current_openings","Uinta County School District 4","2026-04-03"
826,"Bus Assistant- part time",NA,"Classified","District","https://www.uinta4.com/departments/business_office/job_opportunities/current_openings","Uinta County School District 4","2026-04-03"
827,"Substitutes- all positions",NA,"Substitute","District","https://www.uinta4.com/departments/business_office/job_opportunities/current_openings","Uinta County School District 4","2026-04-03"
828,"Aquatic Center Director",NA,"Classified","District","https://sites.google.com/lymanschools.org/ucsd6/home/job-openings?authuser=0","Uinta County School District 6","2026-04-03"
829,"Substitute Bus Drivers",NA,"Classified","District","https://sites.google.com/lymanschools.org/ucsd6/home/job-openings?authuser=0","Uinta County School District 6","2026-04-03"
830,"Substitute School Bus Aides",NA,"Classified","District","https://sites.google.com/lymanschools.org/ucsd6/home/job-openings?authuser=0","Uinta County School District 6","2026-04-03"
831,"Head HS Cross Country Coach",NA,"Coaching","District","https://sites.google.com/lymanschools.org/ucsd6/home/job-openings?authuser=0","Uinta County School District 6","2026-04-03"
832,"Head HS Boys Swim Coach",NA,"Coaching","District","https://sites.google.com/lymanschools.org/ucsd6/home/job-openings?authuser=0","Uinta County School District 6","2026-04-03"
833,"Always in need of substitutes",NA,"Substitute","District","https://sites.google.com/lymanschools.org/ucsd6/home/job-openings?authuser=0","Uinta County School District 6","2026-04-03"
834,"K–12 Principal (2026–27 School Year)",NA,"Certified","District","https://www.wsh2.k12.wy.us/apps/pages/index.jsp?uREC_ID=440610&type=d&pREC_ID=1008214","Washakie County School District 2","2026-04-03"
835,"K–12 Music Teacher (2026–27 School Year)",NA,"Certified","District","https://www.wsh2.k12.wy.us/apps/pages/index.jsp?uREC_ID=440610&type=d&pREC_ID=1008214","Washakie County School District 2","2026-04-03"
836,"Elementary Teacher (Grade 3) (2026–27 School Year)",NA,"Certified","District","https://www.wsh2.k12.wy.us/apps/pages/index.jsp?uREC_ID=440610&type=d&pREC_ID=1008214","Washakie County School District 2","2026-04-03"
837,"High School Girls Basketball Coach",NA,"Coaching","District","https://www.wsh2.k12.wy.us/apps/pages/index.jsp?uREC_ID=440610&type=d&pREC_ID=1008214","Washakie County School District 2","2026-04-03"
838,"BusinessManager",NA,"Classified","District","https://www.wcsd1.org/apps/pages/Career_Opportunities","Weston County School District 1","2026-04-03"
839,"Middle School Principal Position",NA,"Certified","District","https://www.wcsd1.org/apps/pages/Career_Opportunities","Weston County School District 1","2026-04-03"
840,"Elementary Counselor Position",NA,"Certified","District","https://www.wcsd1.org/apps/pages/Career_Opportunities","Weston County School District 1","2026-04-03"
841,"Special Education Case Manager Job Description",NA,"Certified","District","https://www.wcsd1.org/apps/pages/Career_Opportunities","Weston County School District 1","2026-04-03"
842,"Special Education Paraprofessional Positions",NA,"Classified","District","https://www.wcsd1.org/apps/pages/Career_Opportunities","Weston County School District 1","2026-04-03"
843,"Head Boys and Girls Swimming Coach",NA,"Coaching","District","https://www.wcsd1.org/apps/pages/Career_Opportunities","Weston County School District 1","2026-04-03"
844,"Head Cross Country Coach",NA,"Coaching","District","https://www.wcsd1.org/apps/pages/Career_Opportunities","Weston County School District 1","2026-04-03"
845,"AssistantBoysSoccerCoach",NA,"Coaching","District","https://www.wcsd1.org/apps/pages/Career_Opportunities","Weston County School District 1","2026-04-03"
846,"MS Head Girls Soccer Coach",NA,"Coaching","District","https://www.wcsd1.org/apps/pages/Career_Opportunities","Weston County School District 1","2026-04-03"
847,"Middle School Football Coach",NA,"Coaching","District","https://www.wcsd1.org/apps/pages/Career_Opportunities","Weston County School District 1","2026-04-03"
848,"Route Bus Drivers",NA,"Classified","District","https://www.wcsd1.org/apps/pages/Career_Opportunities","Weston County School District 1","2026-04-03"
849,"Substitutes",NA,"Substitute","District","https://www.wcsd1.org/apps/pages/Career_Opportunities","Weston County School District 1","2026-04-03"
850,"Custodial-Kitchensubs",NA,"Classified","District","https://www.wcsd1.org/apps/pages/Career_Opportunities","Weston County School District 1","2026-04-03"
851,"Sub Bus Drivers",NA,"Classified","District","https://www.wcsd1.org/apps/pages/Career_Opportunities","Weston County School District 1","2026-04-03"
852,"Middle School Social Studies Teacher (6–8)",NA,"Certified","District","https://www.weston7.org/o/wcsd/page/employment","Weston County School District 7","2026-04-03"
853,"Substitute Teacher",NA,"Substitute","District","https://www.weston7.org/o/wcsd/page/employment","Weston County School District 7","2026-04-03"
854,"Substitute Paraprofessional",NA,"Classified","District","https://www.weston7.org/o/wcsd/page/employment","Weston County School District 7","2026-04-03"
855,"Substitute Custodian",NA,"Classified","District","https://www.weston7.org/o/wcsd/page/employment","Weston County School District 7","2026-04-03"
856,"Substitute Bus Driver (CDL preferred but willing to train)",NA,"Classified","District","https://www.weston7.org/o/wcsd/page/employment","Weston County School District 7","2026-04-03"
857,"Substitute Lunchroom Cook",NA,"Classified","District","https://www.weston7.org/o/wcsd/page/employment","Weston County School District 7","2026-04-03"
858,"Substitute employees in all areas – bus driving (will provide paid training)",NA,"Classified","District","https://www.weston7.org/o/wcsd/page/employment","Weston County School District 7","2026-04-03"
859,"Substitute employees in all areas – custodial",NA,"Classified","District","https://www.weston7.org/o/wcsd/page/employment","Weston County School District 7","2026-04-03"
860,"Substitute employees in all areas – cook",NA,"Classified","District","https://www.weston7.org/o/wcsd/page/employment","Weston County School District 7","2026-04-03"
861,"Substitute employees in all areas – special education aides",NA,"Substitute","District","https://www.weston7.org/o/wcsd/page/employment","Weston County School District 7","2026-04-03"
862,"Substitute employees in all areas – classroom teacher subs",NA,"Classified","District","https://www.weston7.org/o/wcsd/page/employment","Weston County School District 7","2026-04-03"
863,"Daycare Director",NA,"Full Time","Non-Certified","https://jobs.redroverk12.com/org/hotsprings1/opening/158975","Hot Springs County School District 1","2026-04-03"
864,"Substitute Paraprofessional",NA,"Substitute","Substitute","https://jobs.redroverk12.com/org/hotsprings1/opening/128737","Hot Springs County School District 1","2026-04-03"
865,"Child Nutrition Cook",NA,"Part Time","Classified","https://jobs.redroverk12.com/org/hotsprings1/opening/151103","Hot Springs County School District 1","2026-04-03"
866,"Life Skills Teacher",NA,"Full Time","Certified","https://jobs.redroverk12.com/org/hotsprings1/opening/149723","Hot Springs County School District 1","2026-04-03"
867,"Head Cross Country Coach",NA,"Seasonal","Certified","https://jobs.redroverk12.com/org/hotsprings1/opening/148308","Hot Springs County School District 1","2026-04-03"
868,"Head High School Volleyball Coach",NA,"Seasonal","Certified","https://jobs.redroverk12.com/org/hotsprings1/opening/148302","Hot Springs County School District 1","2026-04-03"
869,"Daycare Support Staff",NA,"Full Time","Classified","https://jobs.redroverk12.com/org/hotsprings1/opening/148304","Hot Springs County School District 1","2026-04-03"
870,"Substitute Teacher",NA,"Substitute","Substitute","https://jobs.redroverk12.com/org/hotsprings1/opening/128617","Hot Springs County School District 1","2026-04-03"
871,"CCMS Head Girls Basketball Coach",NA,"Seasonal","Head Coach","https://jobs.redroverk12.com/org/jcsd1/opening/159555","Johnson County School District 1","2026-04-03"
872,"Special Education Teacher",NA,"Full Time","Special Education Teacher","https://jobs.redroverk12.com/org/jcsd1/opening/158234","Johnson County School District 1","2026-04-03"
873,"Head Volleyball Coach",NA,"Seasonal","Head Coach","https://jobs.redroverk12.com/org/jcsd1/opening/157764","Johnson County School District 1","2026-04-03"
874,"School Psychologist",NA,"Full Time","Psychologist","https://jobs.redroverk12.com/org/jcsd1/opening/157541","Johnson County School District 1","2026-04-03"
875,"Custodian",NA,"Full Time","Custodian","https://jobs.redroverk12.com/org/jcsd1/opening/156788","Johnson County School District 1","2026-04-03"
876,"Sp Ed Teacher for Behaviorally Challenged Students",NA,"Full Time","Special Education Teacher","https://jobs.redroverk12.com/org/jcsd1/opening/154159","Johnson County School District 1","2026-04-03"
877,"Food Service Warehouse Transport",NA,"Full Time","Food Warehouse Transport","https://jobs.redroverk12.com/org/jcsd1/opening/155290","Johnson County School District 1","2026-04-03"
878,"Teacher of the Deaf & Hard of Hearing",NA,"Full Time","Teacher","https://jobs.redroverk12.com/org/jcsd1/opening/153129","Johnson County School District 1","2026-04-03"
879,"Sign Language Interpreter",NA,"Full Time","Sign Language Interpreter","https://jobs.redroverk12.com/org/jcsd1/opening/150867","Johnson County School District 1","2026-04-03"
880,"Food Prep Tech",NA,"Part Time","Food Service Tech Prep","https://jobs.redroverk12.com/org/jcsd1/opening/145949","Johnson County School District 1","2026-04-03"
881,"Paraprofessional Substitute",NA,"Substitute","Substitute Paraprofessional","https://jobs.redroverk12.com/org/jcsd1/opening/142219","Johnson County School District 1","2026-04-03"
882,"Custodian Staff Substitute",NA,"Substitute","Custodian","https://jobs.redroverk12.com/org/jcsd1/opening/137493","Johnson County School District 1","2026-04-03"
883,"Food Service Staff Substitute",NA,"Substitute","Food Service Tech Prep","https://jobs.redroverk12.com/org/jcsd1/opening/134419","Johnson County School District 1","2026-04-03"
884,"Substitute Teacher",NA,"Substitute","Substitute Teacher","https://jobs.redroverk12.com/org/jcsd1/opening/132190","Johnson County School District 1","2026-04-03"
885,"Substitute Buffalo Bus Route Driver",NA,"Substitute","Bus Driver","https://jobs.redroverk12.com/org/jcsd1/opening/131082","Johnson County School District 1","2026-04-03"
886,"Substitute Kaycee Bus Route Driver",NA,"Substitute","Bus Driver","https://jobs.redroverk12.com/org/jcsd1/opening/131059","Johnson County School District 1","2026-04-03"
887,"Assistant HS Football Coach",NA,"Seasonal","Coach/Sponsor","https://jobs.redroverk12.com/org/PCSD2/opening/151324","Platte County School District 2","2026-04-03"
888,"K-12 Art Teacher",NA,"Full Time","Teacher","https://jobs.redroverk12.com/org/PCSD2/opening/149113","Platte County School District 2","2026-04-03"
889,"Jr High Girls Volleyball Coach",NA,"Seasonal","Coach/Sponsor","https://jobs.redroverk12.com/org/PCSD2/opening/143316","Platte County School District 2","2026-04-03"
890,"PT LBES Custodian",NA,"Part Time","Custodian","https://jobs.redroverk12.com/org/SCSD9/opening/159554","Sublette County School District 9","2026-04-03"
891,"Assistant Football Coach",NA,"Seasonal","Coach","https://jobs.redroverk12.com/org/SCSD9/opening/155926","Sublette County School District 9","2026-04-03"
892,"Technology Integration and Support Specialist",NA,"Full Time","Technology","https://jobs.redroverk12.com/org/SCSD9/opening/151180","Sublette County School District 9","2026-04-03"
893,"K-5 Elementary Principal",NA,"Full Time","Principal","https://jobs.redroverk12.com/org/SCSD9/opening/151888","Sublette County School District 9","2026-04-03"
894,"Certified Substitute Teacher",NA,"Substitute","Teacher","https://jobs.redroverk12.com/org/SCSD9/opening/151690","Sublette County School District 9","2026-04-03"
895,"Substitute Bus Driver",NA,"Substitute","Bus Driver","https://jobs.redroverk12.com/org/SCSD9/opening/151630","Sublette County School District 9","2026-04-03"
