"X","title","date_posted","position","location","url","District","Archive_Date"
1,"Assistant Wrestling Coach - Girls / Boys - RMHS","4/21/2025","Athletics/ Activities/","Rocky Mountain Middle/High School","https://www.applitrack.com/bighorn1/onlineapp/JobPostings/view.asp?all=1","Big Horn School District 1","2025-10-03"
2,"(1500) Assistant MS Track Coach-Cowley","8/25/2025","Athletics/ Activities/","Rocky Mountain Middle/High School","https://www.applitrack.com/bighorn1/onlineapp/JobPostings/view.asp?all=1","Big Horn School District 1","2025-10-03"
3,"Middle School Assistant Boys Basketball Coach-Burlington","9/3/2025","Athletics/ Activities/","Burlington Schools","https://www.applitrack.com/bighorn1/onlineapp/JobPostings/view.asp?all=1","Big Horn School District 1","2025-10-03"
4,"Middle School Assistant Girls Basketball Coach-Burlington","9/3/2025","Athletics/ Activities/","Burlington Schools","https://www.applitrack.com/bighorn1/onlineapp/JobPostings/view.asp?all=1","Big Horn School District 1","2025-10-03"
5,"Sub Nurse","9/23/2020","Student Support Services/","Big Horn Co School District 1","https://www.applitrack.com/bighorn1/onlineapp/JobPostings/view.asp?all=1","Big Horn School District 1","2025-10-03"
6,"Sub - Teacher","9/23/2020","Substitute/","Big Horn Co School District 1","https://www.applitrack.com/bighorn1/onlineapp/JobPostings/view.asp?all=1","Big Horn School District 1","2025-10-03"
7,"Sub- Custodial/Cook/Secretary","9/23/2020","Support Staff/","Big Horn Co School District 1","https://www.applitrack.com/bighorn1/onlineapp/JobPostings/view.asp?all=1","Big Horn School District 1","2025-10-03"
8,"Sub - Paraprofessional","9/23/2020","Support Staff/","Big Horn Co School District 1","https://www.applitrack.com/bighorn1/onlineapp/JobPostings/view.asp?all=1","Big Horn School District 1","2025-10-03"
9,"Sub- Route Bus Driver - Burlington","9/23/2020","Support Staff/","Bus Barn - South","https://www.applitrack.com/bighorn1/onlineapp/JobPostings/view.asp?all=1","Big Horn School District 1","2025-10-03"
10,"Sub- Route Bus Driver - Cowley","9/23/2020","Support Staff/","Bus Barn - North","https://www.applitrack.com/bighorn1/onlineapp/JobPostings/view.asp?all=1","Big Horn School District 1","2025-10-03"
11,"High School Assistant Wrestling Coach","6/16/2025","Athletics/Activities","Lovell High School","https://www.applitrack.com/bgh2/onlineapp/default.aspx?all=1","Big Horn School District 2","2025-10-03"
12,"Food Services Staff","9/17/2025","Food Services/","Big Horn County School District #2","https://www.applitrack.com/bgh2/onlineapp/default.aspx?all=1","Big Horn School District 2","2025-10-03"
13,"Substitute Teacher","3/30/2022","Substitute/","Big Horn County School District #2","https://www.applitrack.com/bgh2/onlineapp/default.aspx?all=1","Big Horn School District 2","2025-10-03"
14,"Substitute Route and Activity Bus Drivers","3/29/2022","Transportation","Big Horn County School District #2","https://www.applitrack.com/bgh2/onlineapp/default.aspx?all=1","Big Horn School District 2","2025-10-03"
15,"Route Bus Driver","5/27/2025","Transportation/","Big Horn County School District #2","https://www.applitrack.com/bgh2/onlineapp/default.aspx?all=1","Big Horn School District 2","2025-10-03"
16,"Director of BOCES","8/16/2025","Administration","District Wide","https://www.applitrack.com/bighorn/onlineapp/default.aspx?all=1","Big Horn School District 3","2025-10-03"
17,"High School Assistant Track Coach","7/15/2025","Athletics/Activities","District Wide","https://www.applitrack.com/bighorn/onlineapp/default.aspx?all=1","Big Horn School District 3","2025-10-03"
18,"Middle School Assistant Boys Basketball Coach","6/11/2025","Athletics/Activities","District Wide","https://www.applitrack.com/bighorn/onlineapp/default.aspx?all=1","Big Horn School District 3","2025-10-03"
19,"Paraprofessional- Elementary School","6/3/2025","Support Staff/","Greybull Elementary School(High-Needs School)","https://www.applitrack.com/bighorn/onlineapp/default.aspx?all=1","Big Horn School District 3","2025-10-03"
20,"Substitute Teacher","7/5/2017","Substitute/","District Wide","https://www.applitrack.com/bighorn/onlineapp/default.aspx?all=1","Big Horn School District 3","2025-10-03"
21,"24-25 Substitute Bus Driver / Activity Driver","12/17/2024","Transportation/","Transportation","https://www.applitrack.com/bighorn/onlineapp/default.aspx?all=1","Big Horn School District 3","2025-10-03"
22,"Head Boys and Girls Track Coach","2/12/2025","Athletics/Activities","Riverside High School","https://www.applitrack.com/bgh4/onlineapp/default.aspx?all=1","Big Horn School District 4","2025-10-03"
23,"21 CCLC After School Program Activity Leaders","1/21/2020","Student Support Services","Laura Irwin Elementary","https://www.applitrack.com/bgh4/onlineapp/default.aspx?all=1","Big Horn School District 4","2025-10-03"
24,"Bus Driver","1/7/2022","Support Staff","District","https://www.applitrack.com/bgh4/onlineapp/default.aspx?all=1","Big Horn School District 4","2025-10-03"
25,"Substitute","7/21/2025","Support Staff","District","https://www.applitrack.com/bgh4/onlineapp/default.aspx?all=1","Big Horn School District 4","2025-10-03"
26,"Lifeguard","8/12/2025","Aquatics/","Rawlins Pool","https://www.applitrack.com/crb1/onlineapp/jobpostings/view.asp?all=1","Carbon County School District 1","2025-10-03"
27,"Shift Lead-Full Time","8/12/2025","Aquatics/","Rawlins Pool","https://www.applitrack.com/crb1/onlineapp/jobpostings/view.asp?all=1","Carbon County School District 1","2025-10-03"
28,"Shift Lead-Part Time","8/12/2025","Aquatics/","Rawlins Pool","https://www.applitrack.com/crb1/onlineapp/jobpostings/view.asp?all=1","Carbon County School District 1","2025-10-03"
29,"Asst. Musical Director","6/9/2025","Athletics/Activities/","Rawlins High School","https://www.applitrack.com/crb1/onlineapp/jobpostings/view.asp?all=1","Carbon County School District 1","2025-10-03"
30,"Asst. Boys and Girls Soccer Coach","6/9/2025","Athletics/Activities/","Rawlins Middle School","https://www.applitrack.com/crb1/onlineapp/jobpostings/view.asp?all=1","Carbon County School District 1","2025-10-03"
31,"2nd Asst. Swim Coach","6/12/2025","Athletics/Activities/","Rawlins Middle School","https://www.applitrack.com/crb1/onlineapp/jobpostings/view.asp?all=1","Carbon County School District 1","2025-10-03"
32,"2nd Asst. Track Coach","8/4/2025","Athletics/Activities/","Rawlins Middle School","https://www.applitrack.com/crb1/onlineapp/jobpostings/view.asp?all=1","Carbon County School District 1","2025-10-03"
33,"STEM Teacher","4/28/2025","Elementary School Teaching","Rawlins Elementary School","https://www.applitrack.com/crb1/onlineapp/jobpostings/view.asp?all=1","Carbon County School District 1","2025-10-03"
34,"Automotive Teacher","2/5/2025","High School Teaching/","Carbon County Higher Education Center","https://www.applitrack.com/crb1/onlineapp/jobpostings/view.asp?all=1","Carbon County School District 1","2025-10-03"
35,"Custodial - Substitute","2/16/2024","Maintenance/Custodial","Little Snake River Valley School","https://www.applitrack.com/crb1/onlineapp/jobpostings/view.asp?all=1","Carbon County School District 1","2025-10-03"
36,"Substitute Custodian","7/29/2025","Maintenance/Custodial","District","https://www.applitrack.com/crb1/onlineapp/jobpostings/view.asp?all=1","Carbon County School District 1","2025-10-03"
37,"ESL/ELL Teacher","4/16/2025","Middle School Teaching","Rawlins Middle School","https://www.applitrack.com/crb1/onlineapp/jobpostings/view.asp?all=1","Carbon County School District 1","2025-10-03"
38,"Substitute Teacher","7/29/2025","Substitute/","District","https://www.applitrack.com/crb1/onlineapp/jobpostings/view.asp?all=1","Carbon County School District 1","2025-10-03"
39,"Substitute Bus Driver","7/29/2025","Transportation","District","https://www.applitrack.com/crb1/onlineapp/jobpostings/view.asp?all=1","Carbon County School District 1","2025-10-03"
40,"Bus Driver","9/22/2023","Transportation/","District","https://www.applitrack.com/crb1/onlineapp/jobpostings/view.asp?all=1","Carbon County School District 1","2025-10-03"
41,"Substitute Bus Driver","9/22/2023","Transportation/","District","https://www.applitrack.com/crb1/onlineapp/jobpostings/view.asp?all=1","Carbon County School District 1","2025-10-03"
42,"Other Assistant Middle School Girls Basketball Coach","6/9/2025","Athletics/Activities/","Saratoga Middle High School","https://www.applitrack.com/crb2/onlineapp/default.aspx?all=1","Carbon County School District 2","2025-10-03"
43,"Assistant High School Wrestling Coach","6/9/2025","Athletics/Activities/","Saratoga Middle High School","https://www.applitrack.com/crb2/onlineapp/default.aspx?all=1","Carbon County School District 2","2025-10-03"
44,"Other Assistant Middle School Wrestling Coach","6/9/2025","Athletics/Activities/","Saratoga Middle High School","https://www.applitrack.com/crb2/onlineapp/default.aspx?all=1","Carbon County School District 2","2025-10-03"
45,"Head High School Speech Coach","6/9/2025","Athletics/Activities/","Saratoga Middle High School","https://www.applitrack.com/crb2/onlineapp/default.aspx?all=1","Carbon County School District 2","2025-10-03"
46,"High School Assistant Boys Basketball Coach","3/12/2025","Athletics/Activities/","H-E-M Junior/Senior High School","https://www.applitrack.com/crb2/onlineapp/default.aspx?all=1","Carbon County School District 2","2025-10-03"
47,"6-12 Band Teacher","3/31/2025","High School Teaching/","Saratoga Middle High School","https://www.applitrack.com/crb2/onlineapp/default.aspx?all=1","Carbon County School District 2","2025-10-03"
48,"Music Teacher","2/24/2025","High School Teaching/","Saratoga Middle High School","https://www.applitrack.com/crb2/onlineapp/default.aspx?all=1","Carbon County School District 2","2025-10-03"
49,"Elementary School Counselor","9/3/2025","Student Support Services/","Hanna Elementary School","https://www.applitrack.com/crb2/onlineapp/default.aspx?all=1","Carbon County School District 2","2025-10-03"
50,"Occupational Therapist(s)","12/22/2023","Student Support Services/","CCSD#2","https://www.applitrack.com/crb2/onlineapp/default.aspx?all=1","Carbon County School District 2","2025-10-03"
51,"Speech Language Pathologist(s)","3/4/2022","Student Support Services/","CCSD#2","https://www.applitrack.com/crb2/onlineapp/default.aspx?all=1","Carbon County School District 2","2025-10-03"
52,"Substitute Bus Driver 2025/2026 School Year","7/15/2025","Substitute/","CCSD#2","https://www.applitrack.com/crb2/onlineapp/default.aspx?all=1","Carbon County School District 2","2025-10-03"
53,"Substitute Classroom/Special Education Aide 2025/2026 School Year","7/15/2025","Substitute/","CCSD#2","https://www.applitrack.com/crb2/onlineapp/default.aspx?all=1","Carbon County School District 2","2025-10-03"
54,"Substitute Cook Helpers 2025/2026 School Year","7/15/2025","Substitute/","CCSD#2","https://www.applitrack.com/crb2/onlineapp/default.aspx?all=1","Carbon County School District 2","2025-10-03"
55,"Substitute Custodian 2025/2026 School Year","7/15/2025","Substitute/","CCSD#2","https://www.applitrack.com/crb2/onlineapp/default.aspx?all=1","Carbon County School District 2","2025-10-03"
56,"Substitute Teacher 2025/2026 School Year","7/15/2025","Substitute/","CCSD#2","https://www.applitrack.com/crb2/onlineapp/default.aspx?all=1","Carbon County School District 2","2025-10-03"
57,"Cooks Helper(s)","7/16/2025","Support Staff/","Saratoga Middle High School","https://www.applitrack.com/crb2/onlineapp/default.aspx?all=1","Carbon County School District 2","2025-10-03"
58,"Route/Activity Driver","9/2/2025","Support Staff/","Encampment K-12","https://www.applitrack.com/crb2/onlineapp/default.aspx?all=1","Carbon County School District 2","2025-10-03"
59,"Route/Activity Bus Driver(s)","2/24/2025","Support Staff/","Saratoga Middle High School","https://www.applitrack.com/crb2/onlineapp/default.aspx?all=1","Carbon County School District 2","2025-10-03"
60,"Special Education Aide","8/11/2025","Support Staff/","Saratoga Middle High School","https://www.applitrack.com/crb2/onlineapp/default.aspx?all=1","Carbon County School District 2","2025-10-03"
61,"High School Assistant Speech Sponsor","6/5/2025","Athletics/Activities/","Glenrock Jr/Sr High School","https://www.applitrack.com/converse2/onlineapp/default.aspx?all=1","Converse County School Distrcit 2","2025-10-03"
62,"High School Assistant Drama Sponsor","6/5/2025","Athletics/Activities/","Glenrock Jr/Sr High School","https://www.applitrack.com/converse2/onlineapp/default.aspx?all=1","Converse County School Distrcit 2","2025-10-03"
63,"High School FBLA Sponsor","6/5/2025","Athletics/Activities/","Glenrock Jr/Sr High School","https://www.applitrack.com/converse2/onlineapp/default.aspx?all=1","Converse County School Distrcit 2","2025-10-03"
64,"K-6 Music Teacher","7/14/2025","Elementary School Teaching/","Grant Elementary School","https://www.applitrack.com/converse2/onlineapp/default.aspx?all=1","Converse County School Distrcit 2","2025-10-03"
65,"Speech Therapist/Speech Pathologist","5/3/2024","Student Support Services Certified/","Converse County School District #2","https://www.applitrack.com/converse2/onlineapp/default.aspx?all=1","Converse County School Distrcit 2","2025-10-03"
66,"Library Clerk","8/20/2025","Student Support Services Classified/","Converse County School District #2","https://www.applitrack.com/converse2/onlineapp/default.aspx?all=1","Converse County School Distrcit 2","2025-10-03"
67,"HS Special Education Paraprofessional","9/18/2025","Student Support Services Classified/","Converse County School District #2","https://www.applitrack.com/converse2/onlineapp/default.aspx?all=1","Converse County School Distrcit 2","2025-10-03"
68,"Substitute Teacher/Aid/Cook/Custodian/Bus Driver/Summer Help","3/26/2019","Substitute/","Converse County School District #2","https://www.applitrack.com/converse2/onlineapp/default.aspx?all=1","Converse County School Distrcit 2","2025-10-03"
69,"Bus Driver (Route, Activity, Sub)","4/13/2023","Transportation/","Converse County School District #2","https://www.applitrack.com/converse2/onlineapp/default.aspx?all=1","Converse County School Distrcit 2","2025-10-03"
70,"Transportation Director","1/31/2025","Transportation/","Converse County School District #2","https://www.applitrack.com/converse2/onlineapp/default.aspx?all=1","Converse County School Distrcit 2","2025-10-03"
71,"Transportation Secretary/Dispatcher","9/24/2025","Transportation/","Converse County School District #2","https://www.applitrack.com/converse2/onlineapp/default.aspx?all=1","Converse County School Distrcit 2","2025-10-03"
72,"DHS Indoor Track Assistant Coach","10/1/2025","Athletics/Activities/Extra Duty/","Activities Department","https://www.applitrack.com/ccsd1/onlineapp/default.aspx?all=1","Converse County School District 1","2025-10-03"
73,"American Legion A Head Coach","9/10/2025","Recreation/","Douglas Recreation Center","https://www.applitrack.com/ccsd1/onlineapp/default.aspx?all=1","Converse County School District 1","2025-10-03"
74,"DRC Lifeguard","8/1/2025","Student/","Douglas Recreation Center","https://www.applitrack.com/ccsd1/onlineapp/default.aspx?all=1","Converse County School District 1","2025-10-03"
75,"Classified Substitute Positions","7/29/2025","Substitute","Central Administration","https://www.applitrack.com/ccsd1/onlineapp/default.aspx?all=1","Converse County School District 1","2025-10-03"
76,"Substitute Custodian","8/19/2025","Substitute/","Maintenance","https://www.applitrack.com/ccsd1/onlineapp/default.aspx?all=1","Converse County School District 1","2025-10-03"
77,"Certified Substitute","7/29/2025","Substitute/","Central Administration","https://www.applitrack.com/ccsd1/onlineapp/default.aspx?all=1","Converse County School District 1","2025-10-03"
78,"Substitute Bus Monitor/Paraprofessional","7/29/2025","Support Staff/","Transportation","https://www.applitrack.com/ccsd1/onlineapp/default.aspx?all=1","Converse County School District 1","2025-10-03"
79,"CCSD#1 Paraprofessionals","7/8/2025","Support Staff/","Converse County School District #1","https://www.applitrack.com/ccsd1/onlineapp/default.aspx?all=1","Converse County School District 1","2025-10-03"
80,"SPED Paraprofessional","9/19/2025","Support Staff/","Converse County School District #1","https://www.applitrack.com/ccsd1/onlineapp/default.aspx?all=1","Converse County School District 1","2025-10-03"
81,"DPS Part-Time SPED FLS/Behavioral Paraprofessional","9/29/2025","Support Staff/","Douglas Primary School","https://www.applitrack.com/ccsd1/onlineapp/default.aspx?all=1","Converse County School District 1","2025-10-03"
82,"Bus Driver","7/28/2025","Transportation/","Transportation","https://www.applitrack.com/ccsd1/onlineapp/default.aspx?all=1","Converse County School District 1","2025-10-03"
83,"Substitute Bus Driver","7/29/2025","Transportation/","Transportation","https://www.applitrack.com/ccsd1/onlineapp/default.aspx?all=1","Converse County School District 1","2025-10-03"
84,"Substitute Crossing Guard","7/29/2025","Transportation/","Transportation","https://www.applitrack.com/ccsd1/onlineapp/default.aspx?all=1","Converse County School District 1","2025-10-03"
85,"Assistant 7th Grade Boys Basketball Coach","5/22/2025","Athletics/Activities/","Lander Middle School","https://www.applitrack.com/fremontwy/onlineapp/jobpostings/view.asp?all=1","Fremont County School District 1","2025-10-03"
86,"Assistant 8th Volleyball Coach","5/22/2025","Athletics/Activities/","Lander Middle School","https://www.applitrack.com/fremontwy/onlineapp/jobpostings/view.asp?all=1","Fremont County School District 1","2025-10-03"
87,"Head Nordic Ski Coach (at-will)","6/6/2025","Athletics/Activities/","Lander Valley High School","https://www.applitrack.com/fremontwy/onlineapp/jobpostings/view.asp?all=1","Fremont County School District 1","2025-10-03"
88,"Assistant Nordic Ski Coach","6/12/2025","Athletics/Activities/","Lander Valley High School","https://www.applitrack.com/fremontwy/onlineapp/jobpostings/view.asp?all=1","Fremont County School District 1","2025-10-03"
89,"Special Olympics Coach","8/22/2025","Athletics/Activities/","District-wide","https://www.applitrack.com/fremontwy/onlineapp/jobpostings/view.asp?all=1","Fremont County School District 1","2025-10-03"
90,"Assistant Swim Coach","9/26/2025","Athletics/Activities/","Lander Middle School","https://www.applitrack.com/fremontwy/onlineapp/jobpostings/view.asp?all=1","Fremont County School District 1","2025-10-03"
91,"Assistant Wrestling Coach","9/26/2025","Athletics/Activities/","Lander Middle School","https://www.applitrack.com/fremontwy/onlineapp/jobpostings/view.asp?all=1","Fremont County School District 1","2025-10-03"
92,"Head Softball Coach","9/26/2025","Athletics/Activities/","Lander Valley High School","https://www.applitrack.com/fremontwy/onlineapp/jobpostings/view.asp?all=1","Fremont County School District 1","2025-10-03"
93,"Head Girls Wrestling Coach","9/26/2025","Athletics/Activities/","Lander Valley High School","https://www.applitrack.com/fremontwy/onlineapp/jobpostings/view.asp?all=1","Fremont County School District 1","2025-10-03"
94,"Assistant Nordic Ski Coach","9/4/2025","Athletics/Activities/","Lander Middle School","https://www.applitrack.com/fremontwy/onlineapp/jobpostings/view.asp?all=1","Fremont County School District 1","2025-10-03"
95,"Office Assistant - Student Services Secretary","9/24/2025","Secretarial/Clerical/","Lander Valley High School","https://www.applitrack.com/fremontwy/onlineapp/jobpostings/view.asp?all=1","Fremont County School District 1","2025-10-03"
96,"Substitute Custodian (at-will)","6/11/2025","Substitute/","District-wide","https://www.applitrack.com/fremontwy/onlineapp/jobpostings/view.asp?all=1","Fremont County School District 1","2025-10-03"
97,"Substitute Nurse (at-will)","6/11/2025","Substitute/","District-wide","https://www.applitrack.com/fremontwy/onlineapp/jobpostings/view.asp?all=1","Fremont County School District 1","2025-10-03"
98,"Substitute Nutritional Service Worker (at-will)","6/11/2025","Substitute/","District-wide","https://www.applitrack.com/fremontwy/onlineapp/jobpostings/view.asp?all=1","Fremont County School District 1","2025-10-03"
99,"Substitute - classrooms (at-will)","6/11/2025","Substitute/","District-wide","https://www.applitrack.com/fremontwy/onlineapp/jobpostings/view.asp?all=1","Fremont County School District 1","2025-10-03"
100,"Substitute Bus/Activity Driver (at-will)","6/11/2025","Substitute/","Central Services","https://www.applitrack.com/fremontwy/onlineapp/jobpostings/view.asp?all=1","Fremont County School District 1","2025-10-03"
101,"Lights On Early Bird Leader","9/30/2025","Temporary/","Lights On","https://www.applitrack.com/fremontwy/onlineapp/jobpostings/view.asp?all=1","Fremont County School District 1","2025-10-03"
102,"Bus Driver - Assigned Route","8/25/2025","Transportation / Warehouse/","District-wide","https://www.applitrack.com/fremontwy/onlineapp/jobpostings/view.asp?all=1","Fremont County School District 1","2025-10-03"
103,"Bus Driver","7/25/2025","Transportation / Warehouse/","District-wide","https://www.applitrack.com/fremontwy/onlineapp/jobpostings/view.asp?all=1","Fremont County School District 1","2025-10-03"
104,"MTSS (Multi-Tiered System of Support) Coordinator (K-8)","6/30/2025","Elementary School Teaching/","Fremont County School District 21","https://www.applitrack.com/fortwashakieschool/onlineapp/default.aspx?all=1","Fremont County School District 21","2025-10-03"
105,"Substitute Custodians","9/28/2021","Maintenance/Custodial/","Fort Washakie Elementary","https://www.applitrack.com/fortwashakieschool/onlineapp/default.aspx?all=1","Fremont County School District 21","2025-10-03"
106,"Substitute Cooks","9/28/2021","Student Support Services/","Fort Washakie Elementary","https://www.applitrack.com/fortwashakieschool/onlineapp/default.aspx?all=1","Fremont County School District 21","2025-10-03"
107,"Speech/Language Pathologist - Open until filled","7/23/2025","Student Support Services/","Fremont County School District 21","https://www.applitrack.com/fortwashakieschool/onlineapp/default.aspx?all=1","Fremont County School District 21","2025-10-03"
108,"Substitute Teacher","9/12/2023","Substitute/","Fort Washakie Elementary","https://www.applitrack.com/fortwashakieschool/onlineapp/default.aspx?all=1","Fremont County School District 21","2025-10-03"
109,"Paraprofessional","9/10/2024","Support Staff/","Fremont County School District 21","https://www.applitrack.com/fortwashakieschool/onlineapp/default.aspx?all=1","Fremont County School District 21","2025-10-03"
110,"Information Support Technician - Open until filled.","5/1/2025","Technology/","Fremont County School District 21","https://www.applitrack.com/fortwashakieschool/onlineapp/default.aspx?all=1","Fremont County School District 21","2025-10-03"
111,"Junior High Girls Basketball Head Coach 2025-2026","5/6/2025","Athletics/Activities/","Shoshoni JH/HS","https://www.applitrack.com/fremont24/onlineapp/default.aspx?all=1","Fremont County School District 24","2025-10-03"
112,"Junior High Girls Basketball Assistant Coach 2025 - 2026","8/25/2025","Athletics/Activities/","Shoshoni JH/HS","https://www.applitrack.com/fremont24/onlineapp/default.aspx?all=1","Fremont County School District 24","2025-10-03"
113,"Junior High Boys Wrestling Head Coach","8/25/2025","Athletics/Activities/","Shoshoni JH/HS","https://www.applitrack.com/fremont24/onlineapp/default.aspx?all=1","Fremont County School District 24","2025-10-03"
114,"Youth Girls Basketball Head Coach 2025-2026","8/25/2025","Athletics/Activities/","Shoshoni JH/HS","https://www.applitrack.com/fremont24/onlineapp/default.aspx?all=1","Fremont County School District 24","2025-10-03"
115,"Junior High Boys Wrestling Assistant Coach","8/25/2025","Athletics/Activities/","Shoshoni JH/HS","https://www.applitrack.com/fremont24/onlineapp/default.aspx?all=1","Fremont County School District 24","2025-10-03"
116,"Bus Driver Substitutes 2025-2026","8/8/2025","Substitute/","K-12 Schoolwide","https://www.applitrack.com/fremont24/onlineapp/default.aspx?all=1","Fremont County School District 24","2025-10-03"
117,"Cooks Helper Substitutes 2025-2026","8/8/2025","Substitute/","District Office","https://www.applitrack.com/fremont24/onlineapp/default.aspx?all=1","Fremont County School District 24","2025-10-03"
118,"Custodian Substitutes 2025-2026","8/8/2025","Substitute/","District Wide","https://www.applitrack.com/fremont24/onlineapp/default.aspx?all=1","Fremont County School District 24","2025-10-03"
119,"Substitute School Nurse 2025-2026","8/8/2025","Substitute/","K-12 Schoolwide","https://www.applitrack.com/fremont24/onlineapp/default.aspx?all=1","Fremont County School District 24","2025-10-03"
120,"Substitute Teacher 2025-2026","8/8/2025","Substitute/","K-12 Schoolwide","https://www.applitrack.com/fremont24/onlineapp/default.aspx?all=1","Fremont County School District 24","2025-10-03"
121,"Substitute Daycare Assistant 2025-2026","8/8/2025","Substitute/","K-12 Schoolwide","https://www.applitrack.com/fremont24/onlineapp/default.aspx?all=1","Fremont County School District 24","2025-10-03"
122,"Food Service Director","10/16/2024","Administration/","Fremont County School District 38","https://www.applitrack.com/fcsd38/onlineapp/default.aspx?all=1","Fremont County School District 38","2025-10-03"
123,"Music Teacher","4/2/2024","Certified Staff/","Fremont County School District 38","https://www.applitrack.com/fcsd38/onlineapp/default.aspx?all=1","Fremont County School District 38","2025-10-03"
124,"Music Teacher","4/6/2023","Certified Staff/","Fremont County School District 38","https://www.applitrack.com/fcsd38/onlineapp/default.aspx?all=1","Fremont County School District 38","2025-10-03"
125,"District Cultural Advocate","3/21/2023","Culture/","Fremont County School District 38","https://www.applitrack.com/fcsd38/onlineapp/default.aspx?all=1","Fremont County School District 38","2025-10-03"
126,"Elementary Teacher","1/26/2023","Elementary School Teaching/","Fremont County School District 38","https://www.applitrack.com/fcsd38/onlineapp/default.aspx?all=1","Fremont County School District 38","2025-10-03"
127,"High School Math Teacher","4/2/2024","High School Teaching/","Fremont County School District 38","https://www.applitrack.com/fcsd38/onlineapp/default.aspx?all=1","Fremont County School District 38","2025-10-03"
128,"Substitute Custodian","3/12/2020","Maintenance/Custodial/","Fremont County School District 38","https://www.applitrack.com/fcsd38/onlineapp/default.aspx?all=1","Fremont County School District 38","2025-10-03"
129,"Paraprofessional","3/21/2023","Paraprofessional/","Fremont County School District 38","https://www.applitrack.com/fcsd38/onlineapp/default.aspx?all=1","Fremont County School District 38","2025-10-03"
130,"Special Education Teacher","4/2/2024","Special Education/","Fremont County School District 38","https://www.applitrack.com/fcsd38/onlineapp/default.aspx?all=1","Fremont County School District 38","2025-10-03"
131,"Special Education Teacher","5/2/2023","Special Education/","Fremont County School District 38","https://www.applitrack.com/fcsd38/onlineapp/default.aspx?all=1","Fremont County School District 38","2025-10-03"
132,"K-12 Counselor","6/4/2024","Student Support Services/","Fremont County School District 38","https://www.applitrack.com/fcsd38/onlineapp/default.aspx?all=1","Fremont County School District 38","2025-10-03"
133,"Substitute Cook","3/19/2021","Substitute/","Fremont County School District 38","https://www.applitrack.com/fcsd38/onlineapp/default.aspx?all=1","Fremont County School District 38","2025-10-03"
134,"Substitute Teacher","8/18/2022","Substitute/","Fremont County School District 38","https://www.applitrack.com/fcsd38/onlineapp/default.aspx?all=1","Fremont County School District 38","2025-10-03"
135,"Bus Driver","5/25/2023","Transportation/","Fremont County School District 38","https://www.applitrack.com/fcsd38/onlineapp/default.aspx?all=1","Fremont County School District 38","2025-10-03"
136,"Bus Monitor","7/19/2023","Transportation/","Fremont County School District 38","https://www.applitrack.com/fcsd38/onlineapp/default.aspx?all=1","Fremont County School District 38","2025-10-03"
137,"Substitute Bus Driver","3/12/2020","Transportation/","Fremont County School District 38","https://www.applitrack.com/fcsd38/onlineapp/default.aspx?all=1","Fremont County School District 38","2025-10-03"
138,"High School Assistant Volleyball Coach","3/24/2025","Athletics/Activities","Wind River High School","https://www.applitrack.com/fre6/onlineapp/default.aspx?all=1","Fremont County School District 6","2025-10-03"
139,"Athletic Coach","8/21/2025","Athletics/Activities","Wind River Schools","https://www.applitrack.com/fre6/onlineapp/default.aspx?all=1","Fremont County School District 6","2025-10-03"
140,"Custodian","12/17/2024","Maintenance/Custodial/","Wind River Schools","https://www.applitrack.com/fre6/onlineapp/default.aspx?all=1","Fremont County School District 6","2025-10-03"
141,"Maintenance/Custodian","7/30/2025","Maintenance/Custodial/","Wind River Schools","https://www.applitrack.com/fre6/onlineapp/default.aspx?all=1","Fremont County School District 6","2025-10-03"
142,"Substitute Teacher","8/20/2024","Substitute/","Wind River Schools","https://www.applitrack.com/fre6/onlineapp/default.aspx?all=1","Fremont County School District 6","2025-10-03"
143,"Substitute Para/Custodian/Food Service","11/14/2024","Substitute/","Wind River Schools","https://www.applitrack.com/fre6/onlineapp/default.aspx?all=1","Fremont County School District 6","2025-10-03"
144,"Bus Driver","3/10/2025","Support Staff","Wind River Schools","https://www.applitrack.com/fre6/onlineapp/default.aspx?all=1","Fremont County School District 6","2025-10-03"
145,"Youth Assistant Girls Basketball Coach","5/15/2025","Athletics/Activities/","Wyoming Indian Elementary School","https://www.applitrack.com/fremont14/onlineapp/default.aspx?all=1","Fremont County School District 14","2025-10-03"
146,"Youth Assistant Boys Basketball Coach","9/17/2025","Athletics/Activities/","Wyoming Indian Elementary School","https://www.applitrack.com/fremont14/onlineapp/default.aspx?all=1","Fremont County School District 14","2025-10-03"
147,"Shoshone Language Teacher","8/7/2025","Elementary School Teaching","Wyoming Indian Elementary School","https://www.applitrack.com/fremont14/onlineapp/default.aspx?all=1","Fremont County School District 14","2025-10-03"
148,"Substitute School Nurse","7/23/2020","Student Health Services/","District Wide","https://www.applitrack.com/fremont14/onlineapp/default.aspx?all=1","Fremont County School District 14","2025-10-03"
149,"Substitute Teacher - Classroom","10/9/2018","Substitute Certified/","District Wide","https://www.applitrack.com/fremont14/onlineapp/default.aspx?all=1","Fremont County School District 14","2025-10-03"
150,"Substitute Cook","10/10/2018","Substitute Non Certified/","District Wide","https://www.applitrack.com/fremont14/onlineapp/default.aspx?all=1","Fremont County School District 14","2025-10-03"
151,"Substitute Custodian","9/9/2019","Substitute Non Certified/","District Wide","https://www.applitrack.com/fremont14/onlineapp/default.aspx?all=1","Fremont County School District 14","2025-10-03"
152,"High School Special Education Teacher","9/5/2025","Support Staff/","Wyoming Indian High School","https://www.applitrack.com/fremont14/onlineapp/default.aspx?all=1","Fremont County School District 14","2025-10-03"
153,"Special Education Paraprofessional","9/17/2025","Support Staff/","District Wide","https://www.applitrack.com/fremont14/onlineapp/default.aspx?all=1","Fremont County School District 14","2025-10-03"
154,"Bus Driver","9/18/2023","Transportation/","District Wide","https://www.applitrack.com/fremont14/onlineapp/default.aspx?all=1","Fremont County School District 14","2025-10-03"
155,"Substitute Bus Driver","7/9/2021","Transportation/","District Wide","https://www.applitrack.com/fremont14/onlineapp/default.aspx?all=1","Fremont County School District 14","2025-10-03"
156,"Grandparent Consultant","12/13/2022","Tutors/","District Wide","https://www.applitrack.com/fremont14/onlineapp/default.aspx?all=1","Fremont County School District 14","2025-10-03"
158,"English Teacher","9/24/2025","High School Teaching/","Powell High School","https://www.applitrack.com/park1/onlineapp/default.aspx?all=1","Park County School District 1","2025-10-03"
159,"Substitute School Nurse","9/18/2025","Student Support Services/","District-Wide K-12","https://www.applitrack.com/park1/onlineapp/default.aspx?all=1","Park County School District 1","2025-10-03"
160,"Substitute Teacher","7/3/2024","Substitute/","District-Wide K-12","https://www.applitrack.com/park1/onlineapp/default.aspx?all=1","Park County School District 1","2025-10-03"
161,"Substitute Custodian","7/3/2024","Substitute Support Services/","District-Wide K-12","https://www.applitrack.com/park1/onlineapp/default.aspx?all=1","Park County School District 1","2025-10-03"
162,"Substitute Para-Educator","7/3/2024","Substitute Support Services/","District-Wide K-12","https://www.applitrack.com/park1/onlineapp/default.aspx?all=1","Park County School District 1","2025-10-03"
163,"Activity Bus Driver","7/2/2025","Transportation/","Transportation Department","https://www.applitrack.com/park1/onlineapp/default.aspx?all=1","Park County School District 1","2025-10-03"
164,"Route Bus Driver - Clark Elementary School","7/30/2025","Transportation/","Clark Elementary School","https://www.applitrack.com/park1/onlineapp/default.aspx?all=1","Park County School District 1","2025-10-03"
165,"Route Bus Driver","9/27/2021","Transportation/","Transportation Department","https://www.applitrack.com/park1/onlineapp/default.aspx?all=1","Park County School District 1","2025-10-03"
166,"Middle School Volleyball Coach","5/2/2025","Athletics/Activities/","Cody Middle School","https://www.applitrack.com/park6/onlineapp/default.aspx?all=1","Park County School District 6","2025-10-03"
167,"CHS Color Guard Coach","9/2/2025","Athletics/Activities/","Cody High School","https://www.applitrack.com/park6/onlineapp/default.aspx?all=1","Park County School District 6","2025-10-03"
168,"School Nutrition Assistant (Part Time)","7/16/2025","Food Services/","Sunset Elementary School","https://www.applitrack.com/park6/onlineapp/default.aspx?all=1","Park County School District 6","2025-10-03"
169,"Custodian","9/10/2025","Maintenance/Custodial/","Cody High School","https://www.applitrack.com/park6/onlineapp/default.aspx?all=1","Park County School District 6","2025-10-03"
170,"Board Certified Behavior Analyst","2/7/2025","Student Support Services/","All Schools","https://www.applitrack.com/park6/onlineapp/default.aspx?all=1","Park County School District 6","2025-10-03"
171,"Substitute Paraeducator (Aide) 2025-2026 School Year","7/16/2025","Substitute/","All Schools","https://www.applitrack.com/park6/onlineapp/default.aspx?all=1","Park County School District 6","2025-10-03"
172,"Substitute Custodian 2025-2026 School Year","7/16/2025","Substitute/","All Schools","https://www.applitrack.com/park6/onlineapp/default.aspx?all=1","Park County School District 6","2025-10-03"
173,"Substitute Nurse 2025-2026 School Year","7/16/2025","Substitute/","All Schools","https://www.applitrack.com/park6/onlineapp/default.aspx?all=1","Park County School District 6","2025-10-03"
174,"Substitute Teacher 2025-2026 School Year","7/16/2025","Substitute/","All Schools","https://www.applitrack.com/park6/onlineapp/default.aspx?all=1","Park County School District 6","2025-10-03"
175,"ELL Para Educator - Part Time","8/19/2025","Support Staff/","All Schools","https://www.applitrack.com/park6/onlineapp/default.aspx?all=1","Park County School District 6","2025-10-03"
176,"Route Driver","7/16/2025","Transportation","All Schools","https://www.applitrack.com/park6/onlineapp/default.aspx?all=1","Park County School District 6","2025-10-03"
177,"Bus Aide","7/16/2025","Transportation","All Schools","https://www.applitrack.com/park6/onlineapp/default.aspx?all=1","Park County School District 6","2025-10-03"
178,"Crossing Guard","8/18/2025","Transportation/","All Schools","https://www.applitrack.com/park6/onlineapp/default.aspx?all=1","Park County School District 6","2025-10-03"
179,"TRMS Paraprofessional","8/18/2025","Support Staff/","Tongue River Middle School","https://www.applitrack.com/sheridanwy/onlineapp/default.aspx?all=1","Sheridan County School District 1","2025-10-03"
180,"TRE Special Education Paraprofessional","9/2/2025","Support Staff/","Tongue River Elementary","https://www.applitrack.com/sheridanwy/onlineapp/default.aspx?all=1","Sheridan County School District 1","2025-10-03"
181,"TRHS Special Education Paraprofessional","7/24/2025","Support Staff/","Tongue River High School","https://www.applitrack.com/sheridanwy/onlineapp/default.aspx?all=1","Sheridan County School District 1","2025-10-03"
182,"BHMS Assistant Football Coach","7/28/2025","Athletics/Activities/","Big Horn Middle School","https://www.applitrack.com/sheridanwy/onlineapp/default.aspx?all=1","Sheridan County School District 1","2025-10-03"
183,"TRMS Assistant Robotics Coach","8/12/2025","Athletics/Activities/","Tongue River Middle School","https://www.applitrack.com/sheridanwy/onlineapp/default.aspx?all=1","Sheridan County School District 1","2025-10-03"
184,"BHMS Assistant Wrestling Coach","9/8/2025","Athletics/Activities/","Big Horn Middle School","https://www.applitrack.com/sheridanwy/onlineapp/default.aspx?all=1","Sheridan County School District 1","2025-10-03"
185,"TRHS Assistant Boys Basketball Coach","6/3/2024","Athletics/Activities/","Tongue River High School","https://www.applitrack.com/sheridanwy/onlineapp/default.aspx?all=1","Sheridan County School District 1","2025-10-03"
186,"TRMS Assistant Boys Basketball Coach","8/14/2024","Athletics/Activities/","Tongue River Middle School","https://www.applitrack.com/sheridanwy/onlineapp/default.aspx?all=1","Sheridan County School District 1","2025-10-03"
187,"TRHS Head Track Coach","6/3/2025","Athletics/Activities/","Tongue River High School","https://www.applitrack.com/sheridanwy/onlineapp/default.aspx?all=1","Sheridan County School District 1","2025-10-03"
188,"TRHS Assistant Track Coach","6/3/2025","Athletics/Activities/","Tongue River High School","https://www.applitrack.com/sheridanwy/onlineapp/default.aspx?all=1","Sheridan County School District 1","2025-10-03"
189,"Bus Driver","4/1/2025","Transportation/","District-Wide","https://www.applitrack.com/sheridanwy/onlineapp/default.aspx?all=1","Sheridan County School District 1","2025-10-03"
190,"BHHS Assistant Volleyball Coach","4/8/2025","Athletics/Activities/","Big Horn High School","https://www.applitrack.com/sheridanwy/onlineapp/default.aspx?all=1","Sheridan County School District 1","2025-10-03"
191,"TRMS Assistant Girls Basketball Coach","5/20/2025","Athletics/Activities/","Tongue River Middle School","https://www.applitrack.com/sheridanwy/onlineapp/default.aspx?all=1","Sheridan County School District 1","2025-10-03"
192,"TRHS Assistant Volleyball Coach","5/28/2025","Athletics/Activities/","Tongue River High School","https://www.applitrack.com/sheridanwy/onlineapp/default.aspx?all=1","Sheridan County School District 1","2025-10-03"
193,"Substitute - Support Staff","7/3/2018","Substitute/","District-Wide","https://www.applitrack.com/sheridanwy/onlineapp/default.aspx?all=1","Sheridan County School District 1","2025-10-03"
194,"Substitute - Nurse","9/4/2025","Substitute/","TR Schools","https://www.applitrack.com/sheridanwy/onlineapp/default.aspx?all=1","Sheridan County School District 1","2025-10-03"
195,"Substitute - Teacher","7/9/2018","Substitute/","District-Wide","https://www.applitrack.com/sheridanwy/onlineapp/default.aspx?all=1","Sheridan County School District 1","2025-10-03"
196,"After School Program Paraprofessional - Highland Park Elementary","9/29/2025","After School Program/","Highland Park","https://www.applitrack.com/scsd2/OnlineApp/default.aspx?all=1","Sheridan County School District 2","2025-10-03"
197,"Girls Assistant Basketball C Coach - Sheridan Junior High School","9/19/2025","Athletic Coaches","Sheridan Junior High School","https://www.applitrack.com/scsd2/OnlineApp/default.aspx?all=1","Sheridan County School District 2","2025-10-03"
198,"Assistant Girls Basketball Coach - Sheridan High School","4/15/2025","Athletic Coaches","Sheridan High School","https://www.applitrack.com/scsd2/OnlineApp/default.aspx?all=1","Sheridan County School District 2","2025-10-03"
199,"Assistant Cross Country Coach- Sheridan Junior High School","5/12/2025","Athletic Coaches","Sheridan Junior High School","https://www.applitrack.com/scsd2/OnlineApp/default.aspx?all=1","Sheridan County School District 2","2025-10-03"
200,"9th Grade Boys Basketball B Team Assistant Coach - Sheridan High School","5/13/2025","Athletic Coaches","Sheridan High School","https://www.applitrack.com/scsd2/OnlineApp/default.aspx?all=1","Sheridan County School District 2","2025-10-03"
201,"7th Grade Volleyball B Coach- Sheridan Junior High School","7/24/2025","Athletic Coaches","Sheridan Junior High School","https://www.applitrack.com/scsd2/OnlineApp/default.aspx?all=1","Sheridan County School District 2","2025-10-03"
202,"Assistant Indoor Track Coach - Sheridan High School","9/10/2025","Athletic Coaches","Sheridan High School","https://www.applitrack.com/scsd2/OnlineApp/default.aspx?all=1","Sheridan County School District 2","2025-10-03"
203,"Assistant Outdoor Track Coach - Sheridan High School","9/10/2025","Athletic Coaches","Sheridan High School","https://www.applitrack.com/scsd2/OnlineApp/default.aspx?all=1","Sheridan County School District 2","2025-10-03"
204,"Elementary Reading Recovery / Special Education Teacher - Districtwide","8/4/2025","Elementary School Teaching","District Wide","https://www.applitrack.com/scsd2/OnlineApp/default.aspx?all=1","Sheridan County School District 2","2025-10-03"
205,"Cooks Helper - Sheridan Junior High School","9/16/2025","Food Services Staff/","Sheridan Junior High School","https://www.applitrack.com/scsd2/OnlineApp/default.aspx?all=1","Sheridan County School District 2","2025-10-03"
206,"English Language Paraprofessional and After School Coordinator - Highland Park Elementary","8/26/2025","Paraprofessionals","Highland Park","https://www.applitrack.com/scsd2/OnlineApp/default.aspx?all=1","Sheridan County School District 2","2025-10-03"
207,"Paraprofessional - John C. Schiffer Collaborative School","9/5/2025","Paraprofessionals","John C. Schiffer","https://www.applitrack.com/scsd2/OnlineApp/default.aspx?all=1","Sheridan County School District 2","2025-10-03"
208,"English Language Paraprofessional/ General Paraprofessional/ After School Program Paraprofessional","9/17/2025","Paraprofessionals","Woodland Park","https://www.applitrack.com/scsd2/OnlineApp/default.aspx?all=1","Sheridan County School District 2","2025-10-03"
209,"Paraprofessional - Special Education (Intensive Education Classroom) - Sheridan High School","6/18/2025","Paraprofessionals","Sheridan High School","https://www.applitrack.com/scsd2/OnlineApp/default.aspx?all=1","Sheridan County School District 2","2025-10-03"
210,"Special Education Paraprofessional - Sheridan Junior High School","10/2/2025","Paraprofessionals","Sheridan Junior High School","https://www.applitrack.com/scsd2/OnlineApp/default.aspx?all=1","Sheridan County School District 2","2025-10-03"
211,"Substitute Teacher (for prior SCSD2 Teachers only)","7/1/2025","Prior Employee/","District Wide","https://www.applitrack.com/scsd2/OnlineApp/default.aspx?all=1","Sheridan County School District 2","2025-10-03"
212,"Seasonal Grounds Worker - Districtwide","2/21/2025","Seasonal Staff","District Wide","https://www.applitrack.com/scsd2/OnlineApp/default.aspx?all=1","Sheridan County School District 2","2025-10-03"
213,"Substitute Paraprofessional","7/10/2024","Substitutes","District Wide","https://www.applitrack.com/scsd2/OnlineApp/default.aspx?all=1","Sheridan County School District 2","2025-10-03"
214,"Substitute School Nurse","7/10/2024","Substitutes","District Wide","https://www.applitrack.com/scsd2/OnlineApp/default.aspx?all=1","Sheridan County School District 2","2025-10-03"
215,"Substitute Cooks Helper - Districtwide","8/23/2024","Substitutes","District Wide","https://www.applitrack.com/scsd2/OnlineApp/default.aspx?all=1","Sheridan County School District 2","2025-10-03"
216,"Substitute Custodian - Districtwide","8/29/2024","Substitutes","District Wide","https://www.applitrack.com/scsd2/OnlineApp/default.aspx?all=1","Sheridan County School District 2","2025-10-03"
217,"Substitute Bus Paraprofessional - Districtwide","4/28/2025","Substitutes","Bus Barn","https://www.applitrack.com/scsd2/OnlineApp/default.aspx?all=1","Sheridan County School District 2","2025-10-03"
218,"Substitute Teacher","7/1/2025","Substitutes/","District Wide","https://www.applitrack.com/scsd2/OnlineApp/default.aspx?all=1","Sheridan County School District 2","2025-10-03"
219,"Bus Driver - Districtwide","2/11/2025","Transportation Staff","Bus Barn","https://www.applitrack.com/scsd2/OnlineApp/default.aspx?all=1","Sheridan County School District 2","2025-10-03"
221,"Facility Accounting and Operations Specialist I","7/8/2025","Administrative Support Services","Maintenance","https://www.applitrack.com/sweetwater/onlineapp/default.aspx?all=1","Sweetwater County School District 1","2025-10-03"
222,"Data Specialist/ Technician","9/15/2025","Administrative Support Services","Central Administration","https://www.applitrack.com/sweetwater/onlineapp/default.aspx?all=1","Sweetwater County School District 1","2025-10-03"
223,"FEMS Assistant Coach - Basketball - Girls","9/15/2025","Athletics/Activities/","Farson-Eden Middle School","https://www.applitrack.com/sweetwater/onlineapp/default.aspx?all=1","Sweetwater County School District 1","2025-10-03"
224,"RSJH Assistant Coach - Boys Basketball - 8th Grade","9/23/2025","Athletics/Activities/","Rock Springs Junior High","https://www.applitrack.com/sweetwater/onlineapp/default.aspx?all=1","Sweetwater County School District 1","2025-10-03"
225,"RSHS Assistant Coach - Girls Swim","4/30/2025","Athletics/Activities/","Rock Springs High School","https://www.applitrack.com/sweetwater/onlineapp/default.aspx?all=1","Sweetwater County School District 1","2025-10-03"
226,"RSHS Assistant Coach - Boys Swim","4/30/2025","Athletics/Activities/","Rock Springs High School","https://www.applitrack.com/sweetwater/onlineapp/default.aspx?all=1","Sweetwater County School District 1","2025-10-03"
227,"RSJH Assistant Coach - 7th Grade Girls Basketball","8/4/2025","Athletics/Activities/","Rock Springs Junior High","https://www.applitrack.com/sweetwater/onlineapp/default.aspx?all=1","Sweetwater County School District 1","2025-10-03"
228,"FEMS-FEHS Assistant Coach - Football","3/3/2025","Athletics/Activities/","Farson-Eden High School","https://www.applitrack.com/sweetwater/onlineapp/default.aspx?all=1","Sweetwater County School District 1","2025-10-03"
229,"RSHS Assistant Coach - Outdoor Track and Field","4/25/2025","Athletics/Activities/","Rock Springs High School","https://www.applitrack.com/sweetwater/onlineapp/default.aspx?all=1","Sweetwater County School District 1","2025-10-03"
230,"FEMS Head Coach - Basketball - Boys","8/5/2025","Athletics/Activities/","Farson-Eden Middle School","https://www.applitrack.com/sweetwater/onlineapp/default.aspx?all=1","Sweetwater County School District 1","2025-10-03"
231,"RSJH Head Coach - Girls Soccer - 7th Grade","8/26/2025","Athletics/Activities/","Rock Springs Junior High","https://www.applitrack.com/sweetwater/onlineapp/default.aspx?all=1","Sweetwater County School District 1","2025-10-03"
232,"RSJH Head Coach - Girls Soccer - 8th Grade","8/26/2025","Athletics/Activities/","Rock Springs Junior High","https://www.applitrack.com/sweetwater/onlineapp/default.aspx?all=1","Sweetwater County School District 1","2025-10-03"
233,"RSJH Head Coach - Boys Soccer - 7th Grade","8/26/2025","Athletics/Activities/","Rock Springs Junior High","https://www.applitrack.com/sweetwater/onlineapp/default.aspx?all=1","Sweetwater County School District 1","2025-10-03"
234,"RSJH Head Coach - Boys Soccer - 8th Grade","8/26/2025","Athletics/Activities/","Rock Springs Junior High","https://www.applitrack.com/sweetwater/onlineapp/default.aspx?all=1","Sweetwater County School District 1","2025-10-03"
235,"School Counselor","4/29/2025","Certified Staff/","Eastside Elementary","https://www.applitrack.com/sweetwater/onlineapp/default.aspx?all=1","Sweetwater County School District 1","2025-10-03"
236,"Band Teacher - Pilot Butte and Eastside Elementary","9/10/2025","Certified Staff/","District Wide","https://www.applitrack.com/sweetwater/onlineapp/default.aspx?all=1","Sweetwater County School District 1","2025-10-03"
237,"Music Teacher 4-6","1/21/2025","Certified Staff/","District Wide","https://www.applitrack.com/sweetwater/onlineapp/default.aspx?all=1","Sweetwater County School District 1","2025-10-03"
238,"Music Teacher K-3 (3) Part-Time or Full-Time","1/21/2025","Certified Staff/","District Wide","https://www.applitrack.com/sweetwater/onlineapp/default.aspx?all=1","Sweetwater County School District 1","2025-10-03"
239,"Social Worker","5/22/2025","Certified Staff/","Rock Springs High School","https://www.applitrack.com/sweetwater/onlineapp/default.aspx?all=1","Sweetwater County School District 1","2025-10-03"
240,"Bus Driver/Classroom Paraprofessional","8/11/2025","Combined Positions/","Desert Elementary (Wamsutter)","https://www.applitrack.com/sweetwater/onlineapp/default.aspx?all=1","Sweetwater County School District 1","2025-10-03"
241,"Bus Driver/Resource Room Paraprofessional","8/11/2025","Combined Positions/","Desert Elementary (Wamsutter)","https://www.applitrack.com/sweetwater/onlineapp/default.aspx?all=1","Sweetwater County School District 1","2025-10-03"
242,"Full-Time TANF Preschool Teacher Assistant","9/25/2025","Daycare/","Overland Elementary","https://www.applitrack.com/sweetwater/onlineapp/default.aspx?all=1","Sweetwater County School District 1","2025-10-03"
243,"Substitute - Head Start","6/12/2018","Head Start","Overland Elementary","https://www.applitrack.com/sweetwater/onlineapp/default.aspx?all=1","Sweetwater County School District 1","2025-10-03"
244,"Full-Time Custodian","8/19/2025","Maintenance/Custodial/","Eastside Elementary","https://www.applitrack.com/sweetwater/onlineapp/default.aspx?all=1","Sweetwater County School District 1","2025-10-03"
245,"Activities Lead/ Full Time Custodian","9/10/2025","Maintenance/Custodial/","District Wide","https://www.applitrack.com/sweetwater/onlineapp/default.aspx?all=1","Sweetwater County School District 1","2025-10-03"
246,"Lead Custodian","9/29/2025","Maintenance/Custodial/","Overland Elementary","https://www.applitrack.com/sweetwater/onlineapp/default.aspx?all=1","Sweetwater County School District 1","2025-10-03"
247,"Full-Time Custodian (2)","9/4/2025","Maintenance/Custodial/","Rock Springs High School","https://www.applitrack.com/sweetwater/onlineapp/default.aspx?all=1","Sweetwater County School District 1","2025-10-03"
248,"Lead Custodian","9/18/2025","Maintenance/Custodial/","Central Administration","https://www.applitrack.com/sweetwater/onlineapp/default.aspx?all=1","Sweetwater County School District 1","2025-10-03"
249,"Nutrition Services Assistant","7/16/2025","Nutrition Services/","Overland Elementary","https://www.applitrack.com/sweetwater/onlineapp/default.aspx?all=1","Sweetwater County School District 1","2025-10-03"
250,"Nutrition Services Secretary","9/18/2025","Nutrition Services/","Central Administration","https://www.applitrack.com/sweetwater/onlineapp/default.aspx?all=1","Sweetwater County School District 1","2025-10-03"
251,"Nutrition Services Substitute","7/18/2024","Nutrition Services/","District Wide","https://www.applitrack.com/sweetwater/onlineapp/default.aspx?all=1","Sweetwater County School District 1","2025-10-03"
252,"Accompanist","8/20/2025","Paraprofessional/","Rock Springs Junior High","https://www.applitrack.com/sweetwater/onlineapp/default.aspx?all=1","Sweetwater County School District 1","2025-10-03"
253,"ELL Paraprofessional","3/4/2025","Paraprofessional/","Rock Springs Junior High School","https://www.applitrack.com/sweetwater/onlineapp/default.aspx?all=1","Sweetwater County School District 1","2025-10-03"
254,"ELL Paraprofessional","6/4/2025","Paraprofessional/","Walnut Elementary","https://www.applitrack.com/sweetwater/onlineapp/default.aspx?all=1","Sweetwater County School District 1","2025-10-03"
255,"Special Education Paraprofessional (2)","4/2/2025","Paraprofessional/","Lowell School","https://www.applitrack.com/sweetwater/onlineapp/default.aspx?all=1","Sweetwater County School District 1","2025-10-03"
256,"Resource Paraprofessional","7/31/2025","Paraprofessional/","Rock Springs Junior High","https://www.applitrack.com/sweetwater/onlineapp/default.aspx?all=1","Sweetwater County School District 1","2025-10-03"
257,"Resource Room Paraprofessional","8/19/2025","Paraprofessional/","Walnut Elementary","https://www.applitrack.com/sweetwater/onlineapp/default.aspx?all=1","Sweetwater County School District 1","2025-10-03"
258,"Resource Room Paraprofessional (3)","8/21/2025","Paraprofessional/","Rock Springs Satellite High School","https://www.applitrack.com/sweetwater/onlineapp/default.aspx?all=1","Sweetwater County School District 1","2025-10-03"
259,"Resource Room Paraprofessional","9/10/2025","Paraprofessional/","Rock Springs High School","https://www.applitrack.com/sweetwater/onlineapp/default.aspx?all=1","Sweetwater County School District 1","2025-10-03"
260,"Resource Room Paraprofessional","9/29/2025","Paraprofessional/","Stagecoach Elementary","https://www.applitrack.com/sweetwater/onlineapp/default.aspx?all=1","Sweetwater County School District 1","2025-10-03"
261,"Special Programs One-on-One Paraprofessional","9/25/2025","Paraprofessional/","Sage Elementary","https://www.applitrack.com/sweetwater/onlineapp/default.aspx?all=1","Sweetwater County School District 1","2025-10-03"
262,"Special Programs One-on-One Paraprofessional","8/29/2025","Paraprofessional/","Sage Elementary","https://www.applitrack.com/sweetwater/onlineapp/default.aspx?all=1","Sweetwater County School District 1","2025-10-03"
263,"Alternate Academic Special Programs One-on-One Paraprofessional","9/9/2025","Paraprofessional/","Northpark Elementary","https://www.applitrack.com/sweetwater/onlineapp/default.aspx?all=1","Sweetwater County School District 1","2025-10-03"
264,"Alternate Academic Special Programs One-on-One Paraprofessional","9/10/2025","Paraprofessional/","Pilot Butte Elementary","https://www.applitrack.com/sweetwater/onlineapp/default.aspx?all=1","Sweetwater County School District 1","2025-10-03"
265,"Special Programs Paraprofessional (Alternative Behavior Program)","8/11/2025","Paraprofessional/","Sage Elementary","https://www.applitrack.com/sweetwater/onlineapp/default.aspx?all=1","Sweetwater County School District 1","2025-10-03"
266,"Alternative Communications Paraprofessional","8/11/2025","Paraprofessional/","Rock Springs High School","https://www.applitrack.com/sweetwater/onlineapp/default.aspx?all=1","Sweetwater County School District 1","2025-10-03"
267,"Special Programs Paraprofessional (Alternative Behavior Program)","8/11/2025","Paraprofessional/","Stagecoach Elementary","https://www.applitrack.com/sweetwater/onlineapp/default.aspx?all=1","Sweetwater County School District 1","2025-10-03"
268,"Special Programs Paraprofessional (Alternative Communications Program) (2)","7/31/2025","Paraprofessional/","Pilot Butte Elementary","https://www.applitrack.com/sweetwater/onlineapp/default.aspx?all=1","Sweetwater County School District 1","2025-10-03"
269,"Alternate Academic Special Programs One-on-One Paraprofessional","5/5/2025","Paraprofessional/","Rock Springs Junior High","https://www.applitrack.com/sweetwater/onlineapp/default.aspx?all=1","Sweetwater County School District 1","2025-10-03"
270,"Special Programs (Alternative Academics Program) Paraprofessional (2)","3/13/2025","Paraprofessional/","Rock Springs High School","https://www.applitrack.com/sweetwater/onlineapp/default.aspx?all=1","Sweetwater County School District 1","2025-10-03"
271,"Full-Time High School Special Education Paraprofessional and Daycare Assistant - Overland/RSHS","11/4/2024","Paraprofessional/","Overland/RSHS","https://www.applitrack.com/sweetwater/onlineapp/default.aspx?all=1","Sweetwater County School District 1","2025-10-03"
272,"Certified Substitute School Nurse","10/3/2019","Substitute","District Wide","https://www.applitrack.com/sweetwater/onlineapp/default.aspx?all=1","Sweetwater County School District 1","2025-10-03"
273,"Long Term Substitute Teacher - Alternative Behavior Program","9/24/2025","Substitute/","Pilot Butte Elementary","https://www.applitrack.com/sweetwater/onlineapp/default.aspx?all=1","Sweetwater County School District 1","2025-10-03"
274,"Long Term Substitute Teacher - Music 4-6 ( Part time @ ESE)","8/21/2025","Substitute/","Eastside Elementary","https://www.applitrack.com/sweetwater/onlineapp/default.aspx?all=1","Sweetwater County School District 1","2025-10-03"
275,"Long Term Substitute Teacher - 1st Grade","8/20/2025","Substitute/","Desert View Elementary","https://www.applitrack.com/sweetwater/onlineapp/default.aspx?all=1","Sweetwater County School District 1","2025-10-03"
276,"BOCES Full Time Building Substitute Teacher (1) - One Year Only","2/4/2025","Substitute/","Overland Elementary","https://www.applitrack.com/sweetwater/onlineapp/default.aspx?all=1","Sweetwater County School District 1","2025-10-03"
277,"BOCES Part Time Building Substitute Teacher (2) - One Year Only","6/5/2025","Substitute/","Overland Elementary","https://www.applitrack.com/sweetwater/onlineapp/default.aspx?all=1","Sweetwater County School District 1","2025-10-03"
278,"Substitute Teacher","7/7/2025","Substitute/","District Wide","https://www.applitrack.com/sweetwater/onlineapp/default.aspx?all=1","Sweetwater County School District 1","2025-10-03"
279,"Long Term Substitute Teacher - Music 4-6 (.75 PBE)","7/24/2025","Substitute/","Pilot Butte Elementary","https://www.applitrack.com/sweetwater/onlineapp/default.aspx?all=1","Sweetwater County School District 1","2025-10-03"
280,"Long Term Substitute Teacher - Music K-3 (.5 position) - Part-time","8/12/2025","Substitute/","Stagecoach Elementary","https://www.applitrack.com/sweetwater/onlineapp/default.aspx?all=1","Sweetwater County School District 1","2025-10-03"
281,"Bus Aide","4/23/2025","Transportation/","Transportation","https://www.applitrack.com/sweetwater/onlineapp/default.aspx?all=1","Sweetwater County School District 1","2025-10-03"
282,"Part-Time Bus Driver (26 Hours/Week)","9/5/2019","Transportation/","Transportation","https://www.applitrack.com/sweetwater/onlineapp/default.aspx?all=1","Sweetwater County School District 1","2025-10-03"
283,"Substitute Bus Driver","7/8/2025","Transportation/","Transportation","https://www.applitrack.com/sweetwater/onlineapp/default.aspx?all=1","Sweetwater County School District 1","2025-10-03"
284,"GRHS Assistant Boys Swim and Diving Coach","6/5/2025","Athletics/Activities/","Green River High School","https://www.applitrack.com/swcsd2/onlineapp/default.aspx?all=1","Sweetwater County School District 2","2025-10-03"
285,"GRHS Assistant Boys Soccer Coach","6/5/2025","Athletics/Activities/","Green River High School","https://www.applitrack.com/swcsd2/onlineapp/default.aspx?all=1","Sweetwater County School District 2","2025-10-03"
286,"GRHS Assistant Girls Soccer Coach","6/5/2025","Athletics/Activities/","Green River High School","https://www.applitrack.com/swcsd2/onlineapp/default.aspx?all=1","Sweetwater County School District 2","2025-10-03"
287,"LMS Head Co-Ed Soccer Coach","6/5/2025","Athletics/Activities/","Lincoln Middle School","https://www.applitrack.com/swcsd2/onlineapp/default.aspx?all=1","Sweetwater County School District 2","2025-10-03"
288,"LMS Assistant Co-Ed Soccer Coach","6/5/2025","Athletics/Activities/","Lincoln Middle School","https://www.applitrack.com/swcsd2/onlineapp/default.aspx?all=1","Sweetwater County School District 2","2025-10-03"
289,"GRHS Assistant Girls Basketball Coach","7/31/2025","Athletics/Activities/","Green River High School","https://www.applitrack.com/swcsd2/onlineapp/default.aspx?all=1","Sweetwater County School District 2","2025-10-03"
290,"Substitute Custodian","7/10/2025","Maintenance/Custodial/","Maintenance Department","https://www.applitrack.com/swcsd2/onlineapp/default.aspx?all=1","Sweetwater County School District 2","2025-10-03"
291,"Substitute Nutrition Services","7/10/2025","Nutrition Services/","Nutrition Services Department","https://www.applitrack.com/swcsd2/onlineapp/default.aspx?all=1","Sweetwater County School District 2","2025-10-03"
292,"Substitute Teacher","7/10/2025","Substitute/","Central Office","https://www.applitrack.com/swcsd2/onlineapp/default.aspx?all=1","Sweetwater County School District 2","2025-10-03"
293,"Substitute Teacher Aide","7/10/2025","Substitute/","Central Office","https://www.applitrack.com/swcsd2/onlineapp/default.aspx?all=1","Sweetwater County School District 2","2025-10-03"
294,"Substitute Mechanic","7/10/2025","Transportation","Transportation Department","https://www.applitrack.com/swcsd2/onlineapp/default.aspx?all=1","Sweetwater County School District 2","2025-10-03"
295,"Bus Aide","7/31/2025","Transportation/","Transportation Department","https://www.applitrack.com/swcsd2/onlineapp/default.aspx?all=1","Sweetwater County School District 2","2025-10-03"
296,"Substitute Bus Aide","7/10/2025","Transportation/","Transportation Department","https://www.applitrack.com/swcsd2/onlineapp/default.aspx?all=1","Sweetwater County School District 2","2025-10-03"
297,"Substitute Bus Driver","7/10/2025","Transportation/","Transportation Department","https://www.applitrack.com/swcsd2/onlineapp/default.aspx?all=1","Sweetwater County School District 2","2025-10-03"
298,"ATHLETIC TRAINER","7/15/2025","Athletics/Activities/","TCSD Schools","https://www.applitrack.com/tcsd/onlineapp/default.aspx?all=1","Teton County School District 1","2025-10-03"
299,"High School Head Softball Coach","8/7/2025","Athletics/Activities/","TCSD Schools","https://www.applitrack.com/tcsd/onlineapp/default.aspx?all=1","Teton County School District 1","2025-10-03"
300,"High School Assistant Nordic Skiing Coach","8/22/2025","Athletics/Activities/","TCSD Schools","https://www.applitrack.com/tcsd/onlineapp/default.aspx?all=1","Teton County School District 1","2025-10-03"
301,"High School Assistant Speech and Debate Coach","4/25/2025","Athletics/Activities/","TCSD Schools","https://www.applitrack.com/tcsd/onlineapp/default.aspx?all=1","Teton County School District 1","2025-10-03"
302,"High School Assistant Alpine Skiing Coach","5/20/2025","Athletics/Activities/","TCSD Schools","https://www.applitrack.com/tcsd/onlineapp/default.aspx?all=1","Teton County School District 1","2025-10-03"
303,"High School Assistant Girls Basketball Coach","6/3/2025","Athletics/Activities/","TCSD Schools","https://www.applitrack.com/tcsd/onlineapp/default.aspx?all=1","Teton County School District 1","2025-10-03"
304,"Middle School Assistant Track Coach","6/10/2025","Athletics/Activities/","TCSD Schools","https://www.applitrack.com/tcsd/onlineapp/default.aspx?all=1","Teton County School District 1","2025-10-03"
305,"Middle School Boys Assistant Basketball Coach","10/2/2025","Athletics/Activities/","TCSD Schools","https://www.applitrack.com/tcsd/onlineapp/default.aspx?all=1","Teton County School District 1","2025-10-03"
306,"Elementary Dual Immersion Teacher, 3rd Grade-Spanish Instruction","2/14/2025","Elementary School Teaching/","Munger Mountain Elementary","https://www.applitrack.com/tcsd/onlineapp/default.aspx?all=1","Teton County School District 1","2025-10-03"
307,"After School Program Teacher, Alta Elementary","6/16/2025","Extra Duty","Alta Elementary School","https://www.applitrack.com/tcsd/onlineapp/default.aspx?all=1","Teton County School District 1","2025-10-03"
308,"Substitute Custodians","10/29/2019","Maintenance/Custodial/","Facilities","https://www.applitrack.com/tcsd/onlineapp/default.aspx?all=1","Teton County School District 1","2025-10-03"
309,"Special Education Paraprofessional(s) Grades 6-12","9/18/2025","Paraprofessional/","TCSD Schools","https://www.applitrack.com/tcsd/onlineapp/default.aspx?all=1","Teton County School District 1","2025-10-03"
310,"Board Clerk/Superintendent Administrative Assistant","9/26/2025","Secretarial/Clerical/","District Office","https://www.applitrack.com/tcsd/onlineapp/default.aspx?all=1","Teton County School District 1","2025-10-03"
311,"Early Education Teacher, Birth to age 3","3/13/2025","Student Support Services/","TCSD Cubs","https://www.applitrack.com/tcsd/onlineapp/default.aspx?all=1","Teton County School District 1","2025-10-03"
312,"Permanent Support Specialist (Permanent Substitute)","10/21/2024","Substitute/","TCSD Schools","https://www.applitrack.com/tcsd/onlineapp/default.aspx?all=1","Teton County School District 1","2025-10-03"
313,"Substitute Teachers/Nurses","2/11/2020","Substitute/","TCSD Schools","https://www.applitrack.com/tcsd/onlineapp/default.aspx?all=1","Teton County School District 1","2025-10-03"
314,"Long Term Sub 5th Grade Dual Immersion Teacher-English Instruction","8/29/2025","Substitute/","Munger Mountain Elementary","https://www.applitrack.com/tcsd/onlineapp/default.aspx?all=1","Teton County School District 1","2025-10-03"
315,"Substitute Para/Secretary","2/11/2020","Substitute/","TCSD Schools","https://www.applitrack.com/tcsd/onlineapp/default.aspx?all=1","Teton County School District 1","2025-10-03"
316,"MORAN Route Driver","11/20/2024","Transportation/","Transportation","https://www.applitrack.com/tcsd/onlineapp/default.aspx?all=1","Teton County School District 1","2025-10-03"
317,"Route Bus Driver","10/29/2019","Transportation/","Transportation","https://www.applitrack.com/tcsd/onlineapp/default.aspx?all=1","Teton County School District 1","2025-10-03"
318,"Substitute Bus Drivers","10/29/2019","Transportation/","Transportation","https://www.applitrack.com/tcsd/onlineapp/default.aspx?all=1","Teton County School District 1","2025-10-03"
319,"Temporary Full-time School Nurse","9/29/2025","School Nurse/","District Wide","https://www.applitrack.com/uinta/onlineapp/jobpostings/view.asp?all=1","Uinta County School District 1","2025-10-03"
320,"Mechanic - Light Duty","9/2/2025","Support Staff/","Transportation","https://www.applitrack.com/uinta/onlineapp/jobpostings/view.asp?all=1","Uinta County School District 1","2025-10-03"
321,"Part-time Food Service Specialist","9/23/2025","Support Staff/","Evanston High School","https://www.applitrack.com/uinta/onlineapp/jobpostings/view.asp?all=1","Uinta County School District 1","2025-10-03"
322,"Temporary Part-time Piano Accompanist","8/23/2023","Support Staff/","Evanston High School","https://www.applitrack.com/uinta/onlineapp/jobpostings/view.asp?all=1","Uinta County School District 1","2025-10-03"
323,"Full-time and Part-time Classroom Aides and SPED Paraprofessionals","7/16/2025","Support Staff/","District Wide","https://www.applitrack.com/uinta/onlineapp/jobpostings/view.asp?all=1","Uinta County School District 1","2025-10-03"
324,"Lifeguard","9/16/2025","Aquatic Center Staff/","Worland Aquatic Center","https://www.applitrack.com/washakie1/onlineapp/default.aspx?all=1","Washakie County School District 1","2025-10-03"
325,"Lifeguard - HS Student","1/8/2024","Aquatic Center Staff/","Worland Aquatic Center","https://www.applitrack.com/washakie1/onlineapp/default.aspx?all=1","Washakie County School District 1","2025-10-03"
326,"HS Assistant Indoor Track Coach","4/29/2025","Athletics/Activities","Worland High School","https://www.applitrack.com/washakie1/onlineapp/default.aspx?all=1","Washakie County School District 1","2025-10-03"
327,"HS Assistant Cheer Coach","4/29/2025","Athletics/Activities","Worland High School","https://www.applitrack.com/washakie1/onlineapp/default.aspx?all=1","Washakie County School District 1","2025-10-03"
328,"Paraeducator - Part-Time","9/24/2025","Paraprofessional","08/18/2025","https://www.applitrack.com/washakie1/onlineapp/default.aspx?all=1","Washakie County School District 1","2025-10-03"
329,"SLP-Assistant","5/14/2025","Special Education Services","Education Resource Center","https://www.applitrack.com/washakie1/onlineapp/default.aspx?all=1","Washakie County School District 1","2025-10-03"
330,"Speech Language Pathologist","12/18/2024","Special Education Services","Education Resource Center","https://www.applitrack.com/washakie1/onlineapp/default.aspx?all=1","Washakie County School District 1","2025-10-03"
331,"Substitute Bus Driver","7/1/2021","Substitute/","Bus Barn","https://www.applitrack.com/washakie1/onlineapp/default.aspx?all=1","Washakie County School District 1","2025-10-03"
332,"Substitute Cook","11/4/2020","Substitute/","District","https://www.applitrack.com/washakie1/onlineapp/default.aspx?all=1","Washakie County School District 1","2025-10-03"
333,"Substitute Housekeeper","1/21/2019","Substitute/",NA,"https://www.applitrack.com/washakie1/onlineapp/default.aspx?all=1","Washakie County School District 1","2025-10-03"
334,"Substitute Paraeducator","3/2/2016","Substitute/",NA,"https://www.applitrack.com/washakie1/onlineapp/default.aspx?all=1","Washakie County School District 1","2025-10-03"
335,"Substitute Teacher","3/2/2016","Substitute/",NA,"https://www.applitrack.com/washakie1/onlineapp/default.aspx?all=1","Washakie County School District 1","2025-10-03"
336,"2025-2026 HS Track Assistant Coach","08/27/2025","Coaching","Dubois K-12 School","https://fremont2.tedk12.com/hire/index.aspx","Fremont County School District 2","2025-10-03"
337,"2025-2026 HS Wrestling Assistant Coach","08/05/2025","Coaching","Dubois K-12 School","https://fremont2.tedk12.com/hire/index.aspx","Fremont County School District 2","2025-10-03"
338,"2025-2026 MS Wrestling Assistant Coach","08/05/2025","Coaching","Dubois K-12 School","https://fremont2.tedk12.com/hire/index.aspx","Fremont County School District 2","2025-10-03"
339,"2025-2026 Drama Club Sponsor","05/23/2025","Coaching","Dubois K-12 School","https://fremont2.tedk12.com/hire/index.aspx","Fremont County School District 2","2025-10-03"
340,"Licensed Mental Health Counselor","04/17/2025","Certified","Dubois K-12 School","https://fremont2.tedk12.com/hire/index.aspx","Fremont County School District 2","2025-10-03"
341,"Substitute Custodian/Food Service","02/01/2025","Classified","Dubois K-12 School","https://fremont2.tedk12.com/hire/index.aspx","Fremont County School District 2","2025-10-03"
342,"Substitute Bus Driver","04/01/2024","Classified","Central Office","https://fremont2.tedk12.com/hire/index.aspx","Fremont County School District 2","2025-10-03"
343,"Substitute - Classified -  Para/Secretary","04/01/2024","Classified","Dubois K-12 School","https://fremont2.tedk12.com/hire/index.aspx","Fremont County School District 2","2025-10-03"
344,"Substitute Teaching","04/01/2024","Substitute","Dubois K-12 School","https://fremont2.tedk12.com/hire/index.aspx","Fremont County School District 2","2025-10-03"
345,"RENDEZVOUS ELEMENTARY PARA (BEHAVIOR SUPPORT PROGRAM)","09/30/2025","CLASSROOM SUPPORT","RENDEZVOUS ELEMENTARY","https://fremont25.tedk12.com/hire/index.aspx","Fremont County School District 25","2025-10-03"
346,"RENDEZVOUS ELEMENTARY PARA (TITLE I)","09/30/2025","CLASSROOM SUPPORT","RENDEZVOUS ELEMENTARY","https://fremont25.tedk12.com/hire/index.aspx","Fremont County School District 25","2025-10-03"
347,"SUBSTITUTE PARA","09/26/2025","CLASSROOM SUPPORT","DISTRICT","https://fremont25.tedk12.com/hire/index.aspx","Fremont County School District 25","2025-10-03"
348,"WILLOW CREEK ELEMENTARY PARA (BEHAVIOR SUPPORT PROGRAM)","09/23/2025","CLASSROOM SUPPORT","WILLOW CREEK","https://fremont25.tedk12.com/hire/index.aspx","Fremont County School District 25","2025-10-03"
349,"STEP UP DAY SCHOOL PARA (BEHAVIOR SUPPORT PROGRAM)","09/18/2025","CLASSROOM SUPPORT","FRONTIER ACADEMY","https://fremont25.tedk12.com/hire/index.aspx","Fremont County School District 25","2025-10-03"
350,"MIDDLE SCHOOL COACH (ASSISTANT TRACK)","08/21/2025","COACH","RIVERTON MIDDLE SCHOOL","https://fremont25.tedk12.com/hire/index.aspx","Fremont County School District 25","2025-10-03"
351,"MIDDLE SCHOOL ASSISTANT COACH (WRESTLING)","08/21/2025","COACH","RIVERTON MIDDLE SCHOOL","https://fremont25.tedk12.com/hire/index.aspx","Fremont County School District 25","2025-10-03"
352,"MIDDLE SCHOOL PARA (SPED LEARNING RESOURCE)","08/07/2025","CLASSROOM SUPPORT","RIVERTON MIDDLE SCHOOL","https://fremont25.tedk12.com/hire/index.aspx","Fremont County School District 25","2025-10-03"
353,"HIGH SCHOOL ASSISTANT COACH (WRESTLING)","07/31/2025","COACH","RIVERTON HIGH SCHOOL","https://fremont25.tedk12.com/hire/index.aspx","Fremont County School District 25","2025-10-03"
354,"HIGH SCHOOL ASSISTANT COACH (TRACK)","07/31/2025","COACH","RIVERTON HIGH SCHOOL","https://fremont25.tedk12.com/hire/index.aspx","Fremont County School District 25","2025-10-03"
355,"SPECIAL EDUCATION CERTIFIED HOMEBOUND TUTOR","02/06/2025","INSTRUCTION","DISTRICT","https://fremont25.tedk12.com/hire/index.aspx","Fremont County School District 25","2025-10-03"
356,"SUBSTITUTE INTERPRETER FOR DEAF/HARD OF HEARING STUDENTS","01/16/2025","STUDENT SUPPORT","DISTRICT","https://fremont25.tedk12.com/hire/index.aspx","Fremont County School District 25","2025-10-03"
357,"SUBSTITUTE CUSTODIAN","09/17/2024","NON INSTRUCTIONAL SUPPORT","DISTRICT","https://fremont25.tedk12.com/hire/index.aspx","Fremont County School District 25","2025-10-03"
358,"SUBSTITUTE DAYCARE ASSISTANT","07/22/2024","STUDENT SUPPORT","DISTRICT","https://fremont25.tedk12.com/hire/index.aspx","Fremont County School District 25","2025-10-03"
359,"SUBSTITUTE NURSE","07/18/2024","SERVICE PROVIDER","DISTRICT","https://fremont25.tedk12.com/hire/index.aspx","Fremont County School District 25","2025-10-03"
360,"SUBSTITUTE TEACHER","07/18/2024","INSTRUCTION","DISTRICT","https://fremont25.tedk12.com/hire/index.aspx","Fremont County School District 25","2025-10-03"
361,"SCHOOL PSYCHOLOGIST","03/15/2024","SERVICE PROVIDER","ALTERNATIVE/SPECIAL SERVICES","https://fremont25.tedk12.com/hire/index.aspx","Fremont County School District 25","2025-10-03"
362,"LIFEGUARD","03/01/2024","NON INSTRUCTIONAL SUPPORT","RIVERTON AQUATICS CENTER","https://fremont25.tedk12.com/hire/index.aspx","Fremont County School District 25","2025-10-03"
363,"DESK CLERK","03/01/2024","NON INSTRUCTIONAL SUPPORT","RIVERTON AQUATICS CENTER","https://fremont25.tedk12.com/hire/index.aspx","Fremont County School District 25","2025-10-03"
364,"SUBSTITUTE BUS DRIVER","11/06/2023","NON INSTRUCTIONAL SUPPORT","BUS GARAGE - TRANSPORTATION","https://fremont25.tedk12.com/hire/index.aspx","Fremont County School District 25","2025-10-03"
365,"BUS DRIVER","04/20/2023","NON INSTRUCTIONAL SUPPORT","BUS GARAGE - TRANSPORTATION","https://fremont25.tedk12.com/hire/index.aspx","Fremont County School District 25","2025-10-03"
366,"BUS AIDE","03/09/2023","STUDENT SUPPORT","BUS GARAGE - TRANSPORTATION","https://fremont25.tedk12.com/hire/index.aspx","Fremont County School District 25","2025-10-03"
367,"Transportation Aide - Torrington Route","09/19/2025","Transportation","Transportation Services","https://goshen.tedk12.com/hire/index.aspx#aJobListings","Goshen County School District 1","2025-10-03"
368,"Transportation Aide - Southeast Schools Route","09/18/2025","Transportation","Transportation Services","https://goshen.tedk12.com/hire/index.aspx#aJobListings","Goshen County School District 1","2025-10-03"
369,"Special Education Paraprofessional - Trail Elementary (2 Positions)","09/18/2025","Support","Trail Elementary School","https://goshen.tedk12.com/hire/index.aspx#aJobListings","Goshen County School District 1","2025-10-03"
370,"Special Education Paraprofessional - Torrington Middle School (2 Positions)","09/18/2025","Support","Torrington Middle School","https://goshen.tedk12.com/hire/index.aspx#aJobListings","Goshen County School District 1","2025-10-03"
371,"Teacher - Secondary Math - Torrington High School","09/18/2025","Secondary Certified","Torrington High School","https://goshen.tedk12.com/hire/index.aspx#aJobListings","Goshen County School District 1","2025-10-03"
372,"Teacher - Band (Torrington High School & Torrington Middle School) - Reposted","09/18/2025","Secondary Certified","Torrington Middle and High Schools","https://goshen.tedk12.com/hire/index.aspx#aJobListings","Goshen County School District 1","2025-10-03"
373,"Special Education Paraprofessional - Torrington High School (REPOSTED)","08/19/2025","Support","Torrington High School","https://goshen.tedk12.com/hire/index.aspx#aJobListings","Goshen County School District 1","2025-10-03"
374,"Social Worker/Counselor - District (REPOSTED) - 2 Positions","07/10/2025","Specialist - Certified","District Wide","https://goshen.tedk12.com/hire/index.aspx#aJobListings","Goshen County School District 1","2025-10-03"
375,"Bus Driver/ Sub Bus Driver","01/01/2025","Bus Driver","Transportation Services","https://goshen.tedk12.com/hire/index.aspx#aJobListings","Goshen County School District 1","2025-10-03"
376,"Future Administrative Positions","01/01/2025","Administrative - building","Central Administration Office","https://goshen.tedk12.com/hire/index.aspx#aJobListings","Goshen County School District 1","2025-10-03"
377,"Future Substitute Teacher Positions","01/01/2025","Substitute","Central Administration Office","https://goshen.tedk12.com/hire/index.aspx#aJobListings","Goshen County School District 1","2025-10-03"
378,"Future Classified Positions","01/01/2025","Support","Central Administration Office","https://goshen.tedk12.com/hire/index.aspx#aJobListings","Goshen County School District 1","2025-10-03"
379,"Future Certified Positions","01/01/2025","K-12","Central Administration Office","https://goshen.tedk12.com/hire/index.aspx#aJobListings","Goshen County School District 1","2025-10-03"
380,"Speech Language Pathologist - District","07/11/2023","Specialist - Certified","Office of Special Services","https://goshen.tedk12.com/hire/index.aspx#aJobListings","Goshen County School District 1","2025-10-03"
381,"Part-Time Custodian",NA,"Part-Time Custodian","Crook County School District 1","https://crook1.schoolspring.com/","Crook County School District 1","2025-10-03"
382,"Substitute Custodian",NA,"Substitute Custodian","Sundance Secondary","https://crook1.schoolspring.com/","Crook County School District 1","2025-10-03"
383,"Substitute Custodian",NA,"Substitute Custodian","Moorcroft Secondary","https://crook1.schoolspring.com/","Crook County School District 1","2025-10-03"
384,"Substitute Custodian",NA,"Substitute Custodian","Hulett K-12","https://crook1.schoolspring.com/","Crook County School District 1","2025-10-03"
385,"Substitute Teacher",NA,"Substitute Teacher","Sundance Elementary","https://crook1.schoolspring.com/","Crook County School District 1","2025-10-03"
386,"Substitute Teacher",NA,"Substitute Teacher","Moorcroft Elementary","https://crook1.schoolspring.com/","Crook County School District 1","2025-10-03"
387,"Substitute Teacher",NA,"Substitute Teacher","Hulett K-12","https://crook1.schoolspring.com/","Crook County School District 1","2025-10-03"
388,"Substitute & Activity Bus Drivers",NA,"Substitute & Activity Bus Drivers","Sundance Secondary","https://crook1.schoolspring.com/","Crook County School District 1","2025-10-03"
389,"Substitute & Activity Bus Drivers",NA,"Substitute & Activity Bus Drivers","Moorcroft Secondary","https://crook1.schoolspring.com/","Crook County School District 1","2025-10-03"
390,"Substitute & Activity Bus Drivers",NA,"Substitute & Activity Bus Drivers","Hulett K-12","https://crook1.schoolspring.com/","Crook County School District 1","2025-10-03"
391,"Cook",NA,"Cook","Hulett K-12","https://crook1.schoolspring.com/","Crook County School District 1","2025-10-03"
392,"Route Bus Driver",NA,"Route Bus Driver","Moorcroft Secondary","https://crook1.schoolspring.com/","Crook County School District 1","2025-10-03"
393,"Junior High Track Coach",NA,"Junior High Track Coach","Hulett K-12","https://crook1.schoolspring.com/","Crook County School District 1","2025-10-03"
394,"K-12 Music Teacher",NA,"K-12 Music Teacher","Hulett K-12","https://crook1.schoolspring.com/","Crook County School District 1","2025-10-03"
395,"Elementary Assistant Volleyball Coach",NA,"Elementary Assistant Volleyball Coach","MEADOWLARK ELEMENTARY SCHOOL","https://laramie1.schoolspring.com/","Laramie County School District 1","2025-10-03"
396,"Elementary Assistant Volleyball Coach",NA,"Elementary Assistant Volleyball Coach","FAIRVIEW ELEMENTARY SCHOOL","https://laramie1.schoolspring.com/","Laramie County School District 1","2025-10-03"
397,"Elementary Assistant Volleyball Coach",NA,"Elementary Assistant Volleyball Coach","COYOTE RIDGE ELEMENTARY SCHOOL","https://laramie1.schoolspring.com/","Laramie County School District 1","2025-10-03"
398,"Elementary Head Volleyball Coach",NA,"Elementary Head Volleyball Coach","MEADOWLARK ELEMENTARY SCHOOL","https://laramie1.schoolspring.com/","Laramie County School District 1","2025-10-03"
399,"Elementary Head Volleyball Coach",NA,"Elementary Head Volleyball Coach","COYOTE RIDGE ELEMENTARY SCHOOL","https://laramie1.schoolspring.com/","Laramie County School District 1","2025-10-03"
400,"Paraeducator General [PA07]",NA,"Paraeducator General [PA07]","ARP ELEMENTARY SCHOOL","https://laramie1.schoolspring.com/","Laramie County School District 1","2025-10-03"
401,"Paraeducator Special Education - 2025/2026 Contract year only [XP08]",NA,"Paraeducator Special Education - 2025/2026 Contract year only [XP08]","ARP ELEMENTARY SCHOOL","https://laramie1.schoolspring.com/","Laramie County School District 1","2025-10-03"
402,"Transportation Assistant [TR01]",NA,"Transportation Assistant [TR01]","Laramie County School District 1","https://laramie1.schoolspring.com/","Laramie County School District 1","2025-10-03"
403,"Bus Driver [TR04]",NA,"Bus Driver [TR04]","Laramie County School District 1","https://laramie1.schoolspring.com/","Laramie County School District 1","2025-10-03"
404,"School Menu Coordinator",NA,"School Menu Coordinator","Laramie County School District 1","https://laramie1.schoolspring.com/","Laramie County School District 1","2025-10-03"
405,"Elementary Head Volleyball Coach",NA,"Elementary Head Volleyball Coach","FAIRVIEW ELEMENTARY SCHOOL","https://laramie1.schoolspring.com/","Laramie County School District 1","2025-10-03"
406,"Early Childhood Special Education Teacher [XT20]","Oct 01, 2025 6:00 AM (UTC)","Early Childhood Special Education Teacher [XT20]","Laramie County School District 1","https://laramie1.schoolspring.com/","Laramie County School District 1","2025-10-03"
407,"Paraeducator Special Education [XP08]","Oct 01, 2025 6:00 AM (UTC)","Paraeducator Special Education [XP08]","BUFFALO RIDGE ELEMENTARY SCHL","https://laramie1.schoolspring.com/","Laramie County School District 1","2025-10-03"
408,"Paraeducator Resource Room [XP08]","Oct 01, 2025 6:00 AM (UTC)","Paraeducator Resource Room [XP08]","MCCORMICK JUNIOR HIGH SCHOOL","https://laramie1.schoolspring.com/","Laramie County School District 1","2025-10-03"
409,"Facility Technician - Integrated Trades","Oct 01, 2025 6:00 AM (UTC)","Facility Technician - Integrated Trades","Laramie County School District 1","https://laramie1.schoolspring.com/","Laramie County School District 1","2025-10-03"
410,"Head Indoor Track Coach","Sep 29, 2025 6:00 AM (UTC)","Head Indoor Track Coach","EAST HIGH SCHOOL","https://laramie1.schoolspring.com/","Laramie County School District 1","2025-10-03"
411,"Nutrition Services Aid [NU02]","Sep 29, 2025 6:00 AM (UTC)","Nutrition Services Aid [NU02]","CAREY/JOHNSON JHS","https://laramie1.schoolspring.com/","Laramie County School District 1","2025-10-03"
412,"Morning Strength & Conditioning Coach","Sep 29, 2025 6:00 AM (UTC)","Morning Strength & Conditioning Coach","MCCORMICK JUNIOR HIGH SCHOOL","https://laramie1.schoolspring.com/","Laramie County School District 1","2025-10-03"
413,"Nutrition Services Aid [NU02]","Sep 29, 2025 6:00 AM (UTC)","Nutrition Services Aid [NU02]","PIONEER PARK ELEMENTARY SCHOOL","https://laramie1.schoolspring.com/","Laramie County School District 1","2025-10-03"
414,"Nutrition Services Aid [NU02]","Sep 29, 2025 6:00 AM (UTC)","Nutrition Services Aid [NU02]","SOUTH HIGH SCHOOL","https://laramie1.schoolspring.com/","Laramie County School District 1","2025-10-03"
415,"Secretary - Department of Instruction [CS33]","Sep 23, 2025 6:00 AM (UTC)","Secretary - Department of Instruction [CS33]","Laramie County School District 1","https://laramie1.schoolspring.com/","Laramie County School District 1","2025-10-03"
416,"Paraeducator Special Education [XP08]","Sep 23, 2025 6:00 AM (UTC)","Paraeducator Special Education [XP08]","AFFLERBACH ELEMENTARY SCHOOL","https://laramie1.schoolspring.com/","Laramie County School District 1","2025-10-03"
417,"Assistant Speech and Debate Coach (50%)","Sep 23, 2025 6:00 AM (UTC)","Assistant Speech and Debate Coach (50%)","CENTRAL HIGH SCHOOL","https://laramie1.schoolspring.com/","Laramie County School District 1","2025-10-03"
418,"Nutrition Services Aid [NU02]","Sep 23, 2025 6:00 AM (UTC)","Nutrition Services Aid [NU02]","MCCORMICK JUNIOR HIGH SCHOOL","https://laramie1.schoolspring.com/","Laramie County School District 1","2025-10-03"
419,"Assistant Girls Basketball Coach","Sep 23, 2025 6:00 AM (UTC)","Assistant Girls Basketball Coach","JOHNSON JUNIOR HIGH SCHOOL","https://laramie1.schoolspring.com/","Laramie County School District 1","2025-10-03"
420,"Assistant Boys Basketball Coach","Sep 23, 2025 6:00 AM (UTC)","Assistant Boys Basketball Coach","JOHNSON JUNIOR HIGH SCHOOL","https://laramie1.schoolspring.com/","Laramie County School District 1","2025-10-03"
421,"Custodial - General Class 3 [CU05]","Sep 23, 2025 6:00 AM (UTC)","Custodial - General Class 3 [CU05]","ANDERSON ELEMENTARY SCHOOL","https://laramie1.schoolspring.com/","Laramie County School District 1","2025-10-03"
422,"Paraeducator In-School Suspension [PA09]","Sep 16, 2025 6:00 AM (UTC)","Paraeducator In-School Suspension [PA09]","SOUTH HIGH SCHOOL","https://laramie1.schoolspring.com/","Laramie County School District 1","2025-10-03"
423,"Mechanic - Transportation [TS21]","Sep 16, 2025 6:00 AM (UTC)","Mechanic - Transportation [TS21]","Laramie County School District 1","https://laramie1.schoolspring.com/","Laramie County School District 1","2025-10-03"
424,"Paraeducator General 2025/2026 Contract Year Only [PA14]","Sep 16, 2025 6:00 AM (UTC)","Paraeducator General 2025/2026 Contract Year Only [PA14]","SUNRISE ELEMENTARY SCHOOL","https://laramie1.schoolspring.com/","Laramie County School District 1","2025-10-03"
425,"General Music Teacher - Elementary and Secondary [TB03]","Sep 12, 2025 6:00 AM (UTC)","General Music Teacher - Elementary and Secondary [TB03]","ARP ELEMENTARY SCHOOL","https://laramie1.schoolspring.com/","Laramie County School District 1","2025-10-03"
426,"Occupational Therapist [XT06]","Sep 12, 2025 6:00 AM (UTC)","Occupational Therapist [XT06]","Laramie County School District 1","https://laramie1.schoolspring.com/","Laramie County School District 1","2025-10-03"
427,"Nutrition Services Aid [NU02]","Sep 11, 2025 6:00 AM (UTC)","Nutrition Services Aid [NU02]","JOHNSON JUNIOR HIGH SCHOOL","https://laramie1.schoolspring.com/","Laramie County School District 1","2025-10-03"
428,"Assistant - Speech Language Pathology [XI02]","Sep 11, 2025 6:00 AM (UTC)","Assistant - Speech Language Pathology [XI02]","HOBBS ELEMENTARY SCHOOL","https://laramie1.schoolspring.com/","Laramie County School District 1","2025-10-03"
429,"Nutrition Services Aid [NU02]","Sep 11, 2025 6:00 AM (UTC)","Nutrition Services Aid [NU02]","MCCORMICK JUNIOR HIGH SCHOOL","https://laramie1.schoolspring.com/","Laramie County School District 1","2025-10-03"
430,"Assistant Boys Basketball Coach","Sep 10, 2025 6:00 AM (UTC)","Assistant Boys Basketball Coach","CAREY JUNIOR HIGH SCHOOL","https://laramie1.schoolspring.com/","Laramie County School District 1","2025-10-03"
431,"Assistant Girls Basketball Coach","Sep 10, 2025 6:00 AM (UTC)","Assistant Girls Basketball Coach","CAREY JUNIOR HIGH SCHOOL","https://laramie1.schoolspring.com/","Laramie County School District 1","2025-10-03"
432,"Paraeducator Resource Room [XP08]","Sep 08, 2025 6:00 AM (UTC)","Paraeducator Resource Room [XP08]","SUNRISE ELEMENTARY SCHOOL","https://laramie1.schoolspring.com/","Laramie County School District 1","2025-10-03"
433,"Custodial - Head Class 4 [CU07]","Sep 08, 2025 6:00 AM (UTC)","Custodial - Head Class 4 [CU07]","JESSUP ELEMENTARY SCHOOL","https://laramie1.schoolspring.com/","Laramie County School District 1","2025-10-03"
434,"Student Sweeper - Custodial [ST05]","Sep 02, 2025 6:00 AM (UTC)","Student Sweeper - Custodial [ST05]","Laramie County School District 1","https://laramie1.schoolspring.com/","Laramie County School District 1","2025-10-03"
435,"ESP/Resource Room Paraeducator [XP08]","Sep 02, 2025 6:00 AM (UTC)","ESP/Resource Room Paraeducator [XP08]","JOHNSON JUNIOR HIGH SCHOOL","https://laramie1.schoolspring.com/","Laramie County School District 1","2025-10-03"
436,"Sub-Custodian [S010]","Sep 02, 2025 6:00 AM (UTC)","Sub-Custodian [S010]","Laramie County School District 1","https://laramie1.schoolspring.com/","Laramie County School District 1","2025-10-03"
437,"Special Education Teacher - 2025/2026 Contract Year Only [XT20]","Sep 02, 2025 6:00 AM (UTC)","Special Education Teacher - 2025/2026 Contract Year Only [XT20]","SOUTH HIGH SCHOOL","https://laramie1.schoolspring.com/","Laramie County School District 1","2025-10-03"
438,"Paraprofessional","Sep 02, 2025 6:00 AM (UTC)","Paraprofessional","PODER ACADEMY SECONDARY (PASS)","https://laramie1.schoolspring.com/","Laramie County School District 1","2025-10-03"
439,"Nutrition Services Aid [NU02]",NA,"Nutrition Services Aid [NU02]","JOHNSON JUNIOR HIGH SCHOOL","https://laramie1.schoolspring.com/","Laramie County School District 1","2025-10-03"
440,"Nutrition Services Aid [NU02]",NA,"Nutrition Services Aid [NU02]","EAST HIGH SCHOOL","https://laramie1.schoolspring.com/","Laramie County School District 1","2025-10-03"
441,"Paraeducator SNA Affective Needs [XP09]",NA,"Paraeducator SNA Affective Needs [XP09]","ADT (Adolescent Day Treatment)","https://laramie1.schoolspring.com/","Laramie County School District 1","2025-10-03"
442,"Paraeducator Special Needs [XP08]",NA,"Paraeducator Special Needs [XP08]","PRAIRIE WIND ELEMENTARY SCHOOL","https://laramie1.schoolspring.com/","Laramie County School District 1","2025-10-03"
443,"Speech Language Pathologist [XT14]",NA,"Speech Language Pathologist [XT14]","Laramie County School District 1","https://laramie1.schoolspring.com/","Laramie County School District 1","2025-10-03"
444,"Applicant Pool - Substitute Teacher [S035]",NA,"Applicant Pool - Substitute Teacher [S035]","SUBSTITUTE TEACHERS","https://laramie1.schoolspring.com/","Laramie County School District 1","2025-10-03"
445,"Substitute Nutrition [S020]",NA,"Substitute Nutrition [S020]","Laramie County School District 1","https://laramie1.schoolspring.com/","Laramie County School District 1","2025-10-03"
446,"Custodial - General Class 2 [CU04]",NA,"Custodial - General Class 2 [CU04]","CENTRAL HIGH SCHOOL","https://laramie1.schoolspring.com/","Laramie County School District 1","2025-10-03"
447,"Paraeducator Sign Support [XP05]",NA,"Paraeducator Sign Support [XP05]","BUILDING TO BE DETERMINED","https://laramie1.schoolspring.com/","Laramie County School District 1","2025-10-03"
448,"Educational Sign Language Interpreter",NA,"Educational Sign Language Interpreter","BUILDING TO BE DETERMINED","https://laramie1.schoolspring.com/","Laramie County School District 1","2025-10-03"
449,"Paraeducator Resource Room [XP08]",NA,"Paraeducator Resource Room [XP08]","CAREY JUNIOR HIGH SCHOOL","https://laramie1.schoolspring.com/","Laramie County School District 1","2025-10-03"
450,"Paraeducator Special Needs Life Skills [XP09]",NA,"Paraeducator Special Needs Life Skills [XP09]","MCCORMICK JUNIOR HIGH SCHOOL","https://laramie1.schoolspring.com/","Laramie County School District 1","2025-10-03"
451,"Afternoon Strength & Conditioning Coach",NA,"Afternoon Strength & Conditioning Coach","MCCORMICK JUNIOR HIGH SCHOOL","https://laramie1.schoolspring.com/","Laramie County School District 1","2025-10-03"
452,"School Psychologist [XA01]",NA,"School Psychologist [XA01]","BUILDING TO BE DETERMINED","https://laramie1.schoolspring.com/","Laramie County School District 1","2025-10-03"
453,"Paraeducator Special Needs PALS [XP09]",NA,"Paraeducator Special Needs PALS [XP09]","CENTRAL HIGH SCHOOL","https://laramie1.schoolspring.com/","Laramie County School District 1","2025-10-03"
454,"Paraeducator Special Needs PALS [XP09]",NA,"Paraeducator Special Needs PALS [XP09]","EAST HIGH SCHOOL","https://laramie1.schoolspring.com/","Laramie County School District 1","2025-10-03"
455,"Assistant Girls Wrestling Coach [C168]",NA,"Assistant Girls Wrestling Coach [C168]","MCCORMICK JUNIOR HIGH SCHOOL","https://laramie1.schoolspring.com/","Laramie County School District 1","2025-10-03"
456,"Assistant Boys Basketball Coach [C158]",NA,"Assistant Boys Basketball Coach [C158]","MCCORMICK JUNIOR HIGH SCHOOL","https://laramie1.schoolspring.com/","Laramie County School District 1","2025-10-03"
457,"Bus Driver 260-day","Oct 01, 2025 6:00 AM (UTC)","Bus Driver 260-day","Transportation","https://natronaschools.schoolspring.com/","Natrona School District 1","2025-10-03"
458,"Casper Mountain Science Program Intern","Oct 01, 2025 6:00 AM (UTC)","Casper Mountain Science Program Intern","Curriculum and Instruction","https://natronaschools.schoolspring.com/","Natrona School District 1","2025-10-03"
459,"NCHS Assistant Alpine Skiing Coach","Sep 30, 2025 6:00 AM (UTC)","NCHS Assistant Alpine Skiing Coach","Natrona County High School","https://natronaschools.schoolspring.com/","Natrona School District 1","2025-10-03"
460,"Bar Nunn Elementary Education Support Personnel/Cafeteria Technician","Sep 29, 2025 6:00 AM (UTC)","Bar Nunn Elementary Education Support Personnel/Cafeteria Technician","Bar Nunn Elementary","https://natronaschools.schoolspring.com/","Natrona School District 1","2025-10-03"
461,"NCHS Cafeteria Technician","Sep 29, 2025 6:00 AM (UTC)","NCHS Cafeteria Technician","Natrona County High School","https://natronaschools.schoolspring.com/","Natrona School District 1","2025-10-03"
462,"CYMS Part-Time Education Support Personnel","Sep 29, 2025 6:00 AM (UTC)","CYMS Part-Time Education Support Personnel","CY Middle School","https://natronaschools.schoolspring.com/","Natrona School District 1","2025-10-03"
463,"Centennial Education Support Personnel","Sep 29, 2025 6:00 AM (UTC)","Centennial Education Support Personnel","Centennial Middle School","https://natronaschools.schoolspring.com/","Natrona School District 1","2025-10-03"
464,"Park Education Support Personnel/ Office and Records","Sep 29, 2025 6:00 AM (UTC)","Park Education Support Personnel/ Office and Records","Park Elementary","https://natronaschools.schoolspring.com/","Natrona School District 1","2025-10-03"
465,"Dean Morgan Girls Basketball Aide","Sep 29, 2025 6:00 AM (UTC)","Dean Morgan Girls Basketball Aide","Dean Morgan Middle School","https://natronaschools.schoolspring.com/","Natrona School District 1","2025-10-03"
466,"Pineview Education Support Specialist / Education Support Personnel / Cafeteria Technician","Sep 26, 2025 6:00 AM (UTC)","Pineview Education Support Specialist / Education Support Personnel / Cafeteria Technician","Pineview Elementary","https://natronaschools.schoolspring.com/","Natrona School District 1","2025-10-03"
467,"Dean Morgan Custodian","Sep 26, 2025 6:00 AM (UTC)","Dean Morgan Custodian","Dean Morgan Middle School","https://natronaschools.schoolspring.com/","Natrona School District 1","2025-10-03"
468,"Dean Morgan Girls Basketball Coach","Sep 26, 2025 6:00 AM (UTC)","Dean Morgan Girls Basketball Coach","Dean Morgan Middle School","https://natronaschools.schoolspring.com/","Natrona School District 1","2025-10-03"
469,"Pineview Education Support Personnel / Education Support Specialist / Library Media Tech","Sep 24, 2025 6:00 AM (UTC)","Pineview Education Support Personnel / Education Support Specialist / Library Media Tech","Pineview Elementary","https://natronaschools.schoolspring.com/","Natrona School District 1","2025-10-03"
470,"Pineview Education Support Specialist / Education Support Personnel","Sep 24, 2025 6:00 AM (UTC)","Pineview Education Support Specialist / Education Support Personnel","Pineview Elementary","https://natronaschools.schoolspring.com/","Natrona School District 1","2025-10-03"
471,"Fort Caspar Academy Part-Time Education Support Personnel","Sep 23, 2025 6:00 AM (UTC)","Fort Caspar Academy Part-Time Education Support Personnel","Fort Caspar Academy","https://natronaschools.schoolspring.com/","Natrona School District 1","2025-10-03"
472,"Special Education Specialist","Sep 23, 2025 6:00 AM (UTC)","Special Education Specialist","Special Education Services Center","https://natronaschools.schoolspring.com/","Natrona School District 1","2025-10-03"
473,"KWHS Education Support Personnel","Sep 22, 2025 6:00 AM (UTC)","KWHS Education Support Personnel","Kelly Walsh High School","https://natronaschools.schoolspring.com/","Natrona School District 1","2025-10-03"
474,"CCA Education Support Personnel","Sep 22, 2025 6:00 AM (UTC)","CCA Education Support Personnel","Casper Classical Academy","https://natronaschools.schoolspring.com/","Natrona School District 1","2025-10-03"
475,"CCA Behavior and Substitute Support Personnel","Sep 19, 2025 6:00 AM (UTC)","CCA Behavior and Substitute Support Personnel","Casper Classical Academy","https://natronaschools.schoolspring.com/","Natrona School District 1","2025-10-03"
476,"Poison Spider Basketball Coach","Sep 18, 2025 6:00 AM (UTC)","Poison Spider Basketball Coach","Poison Spider K-8","https://natronaschools.schoolspring.com/","Natrona School District 1","2025-10-03"
477,"Journey Education Support Personnel/Cafeteria Technician","Sep 18, 2025 6:00 AM (UTC)","Journey Education Support Personnel/Cafeteria Technician","Journey Elementary","https://natronaschools.schoolspring.com/","Natrona School District 1","2025-10-03"
478,"Journey Education Support Personnel","Sep 18, 2025 6:00 AM (UTC)","Journey Education Support Personnel","Journey Elementary","https://natronaschools.schoolspring.com/","Natrona School District 1","2025-10-03"
479,"Assistant Director of Transportation","Sep 17, 2025 6:00 AM (UTC)","Assistant Director of Transportation","Transportation","https://natronaschools.schoolspring.com/","Natrona School District 1","2025-10-03"
480,"Paradise Valley Education Support Specialist (1 on 1)","Sep 16, 2025 6:00 AM (UTC)","Paradise Valley Education Support Specialist (1 on 1)","Paradise Valley Elementary","https://natronaschools.schoolspring.com/","Natrona School District 1","2025-10-03"
481,"NCHS Assistant Girls Soccer Coach","Sep 16, 2025 6:00 AM (UTC)","NCHS Assistant Girls Soccer Coach","Natrona County High School","https://natronaschools.schoolspring.com/","Natrona School District 1","2025-10-03"
482,"Director of Business Services","Sep 16, 2025 6:00 AM (UTC)","Director of Business Services","Business Services","https://natronaschools.schoolspring.com/","Natrona School District 1","2025-10-03"
483,"KWHS Education Support Personnel","Sep 12, 2025 6:00 AM (UTC)","KWHS Education Support Personnel","Kelly Walsh High School","https://natronaschools.schoolspring.com/","Natrona School District 1","2025-10-03"
484,"Senior Mechanic","Sep 11, 2025 6:00 AM (UTC)","Senior Mechanic","Transportation","https://natronaschools.schoolspring.com/","Natrona School District 1","2025-10-03"
485,"Manor Heights BASE-Education Support Specialist","Sep 10, 2025 6:00 AM (UTC)","Manor Heights BASE-Education Support Specialist","Manor Heights Elementary","https://natronaschools.schoolspring.com/","Natrona School District 1","2025-10-03"
486,"KWHS Speech and Debate Assistant Coach",NA,"KWHS Speech and Debate Assistant Coach","Kelly Walsh High School","https://natronaschools.schoolspring.com/","Natrona School District 1","2025-10-03"
487,"Paradise Valley Education Support Personnel/Cafeteria Technician",NA,"Paradise Valley Education Support Personnel/Cafeteria Technician","Paradise Valley Elementary","https://natronaschools.schoolspring.com/","Natrona School District 1","2025-10-03"
488,"Cottonwood Education Support Specialist -FLS",NA,"Cottonwood Education Support Specialist -FLS","Cottonwood Elementary","https://natronaschools.schoolspring.com/","Natrona School District 1","2025-10-03"
489,"CCA Swimming Coach",NA,"CCA Swimming Coach","Casper Classical Academy","https://natronaschools.schoolspring.com/","Natrona School District 1","2025-10-03"
490,"Midwest JH Girls Basketball Aide",NA,"Midwest JH Girls Basketball Aide","Midwest Schools","https://natronaschools.schoolspring.com/","Natrona School District 1","2025-10-03"
491,"Cottonwood Behavior and Substitute Support Personnel",NA,"Cottonwood Behavior and Substitute Support Personnel","Cottonwood Elementary","https://natronaschools.schoolspring.com/","Natrona School District 1","2025-10-03"
492,"CYMS At-Will Co-Curricular Basketball Aide",NA,"CYMS At-Will Co-Curricular Basketball Aide","CY Middle School","https://natronaschools.schoolspring.com/","Natrona School District 1","2025-10-03"
493,"CYMS At-Will Co-Curricular  Head Coach X-Country Skiing",NA,"CYMS At-Will Co-Curricular  Head Coach X-Country Skiing","CY Middle School","https://natronaschools.schoolspring.com/","Natrona School District 1","2025-10-03"
494,"CMS Education Support Specialist",NA,"CMS Education Support Specialist","Centennial Middle School","https://natronaschools.schoolspring.com/","Natrona School District 1","2025-10-03"
495,"Evansville Elementary Tutor for the 2025-2026 School Year Only",NA,"Evansville Elementary Tutor for the 2025-2026 School Year Only","Evansville Elementary","https://natronaschools.schoolspring.com/","Natrona School District 1","2025-10-03"
496,"Cafeteria Technician",NA,"Cafeteria Technician","Centennial Middle School","https://natronaschools.schoolspring.com/","Natrona School District 1","2025-10-03"
497,"Education Support Specialist/Education Support Personnel",NA,"Education Support Specialist/Education Support Personnel","Centennial Middle School","https://natronaschools.schoolspring.com/","Natrona School District 1","2025-10-03"
498,"Occupational Therapist beginning the 2025-2026 School Year",NA,"Occupational Therapist beginning the 2025-2026 School Year","Special Education Services Center","https://natronaschools.schoolspring.com/","Natrona School District 1","2025-10-03"
499,"CYMS At-Will Co-Curricular Wrestling Aide",NA,"CYMS At-Will Co-Curricular Wrestling Aide","CY Middle School","https://natronaschools.schoolspring.com/","Natrona School District 1","2025-10-03"
500,"Dean Morgan Education Support Personnel",NA,"Dean Morgan Education Support Personnel","Dean Morgan Middle School","https://natronaschools.schoolspring.com/","Natrona School District 1","2025-10-03"
501,"Dean Morgan Part Time Cafeteria Technician",NA,"Dean Morgan Part Time Cafeteria Technician","Dean Morgan Middle School","https://natronaschools.schoolspring.com/","Natrona School District 1","2025-10-03"
502,"Dean Morgan Substitute on Daily Assignment",NA,"Dean Morgan Substitute on Daily Assignment","Dean Morgan Middle School","https://natronaschools.schoolspring.com/","Natrona School District 1","2025-10-03"
503,"SESC - 1:1 School Nurse Beginning the 2025-2026 School Year",NA,"SESC - 1:1 School Nurse Beginning the 2025-2026 School Year","Special Education Services Center","https://natronaschools.schoolspring.com/","Natrona School District 1","2025-10-03"
504,"Verda James Education Support Personnel (Part-Time)",NA,"Verda James Education Support Personnel (Part-Time)","Verda James Elementary","https://natronaschools.schoolspring.com/","Natrona School District 1","2025-10-03"
505,"Verda James Education Support Personnel",NA,"Verda James Education Support Personnel","Verda James Elementary","https://natronaschools.schoolspring.com/","Natrona School District 1","2025-10-03"
506,"KWHS Boys Swimming Assistant Coach",NA,"KWHS Boys Swimming Assistant Coach","Kelly Walsh High School","https://natronaschools.schoolspring.com/","Natrona School District 1","2025-10-03"
507,"Fort Caspar Academy Cafeteria Specialist / Education Support Personnel",NA,"Fort Caspar Academy Cafeteria Specialist / Education Support Personnel","Fort Caspar Academy","https://natronaschools.schoolspring.com/","Natrona School District 1","2025-10-03"
508,"Fort Caspar Academy Education Support Specialist (FLS Classroom)",NA,"Fort Caspar Academy Education Support Specialist (FLS Classroom)","Fort Caspar Academy","https://natronaschools.schoolspring.com/","Natrona School District 1","2025-10-03"
509,"KWHS - Marine Instructor (MI) OR Senior ROTC Marine Instructor (SMI)",NA,"KWHS - Marine Instructor (MI) OR Senior ROTC Marine Instructor (SMI)","Kelly Walsh High School","https://natronaschools.schoolspring.com/","Natrona School District 1","2025-10-03"
510,"RHS Substitute on Daily Assignment",NA,"RHS Substitute on Daily Assignment","Roosevelt High School","https://natronaschools.schoolspring.com/","Natrona School District 1","2025-10-03"
511,"Classified Substitute 2025-26 School Year",NA,"Classified Substitute 2025-26 School Year","NCSD","https://natronaschools.schoolspring.com/","Natrona School District 1","2025-10-03"
512,"Substitute Teacher 2025-26 School Year",NA,"Substitute Teacher 2025-26 School Year","NCSD","https://natronaschools.schoolspring.com/","Natrona School District 1","2025-10-03"
513,"Special Education Teacher Beginning the 2025-2026 School Year",NA,"Special Education Teacher Beginning the 2025-2026 School Year","Special Education Services Center","https://natronaschools.schoolspring.com/","Natrona School District 1","2025-10-03"
514,"KWHS Education Support Specialist beginning for the 25-26 School Year",NA,"KWHS Education Support Specialist beginning for the 25-26 School Year","Kelly Walsh High School","https://natronaschools.schoolspring.com/","Natrona School District 1","2025-10-03"
515,"NCHS Education Support Personnel",NA,"NCHS Education Support Personnel","Natrona County High School","https://natronaschools.schoolspring.com/","Natrona School District 1","2025-10-03"
516,"NCHS Education Support Specialist/Education Support Personnel",NA,"NCHS Education Support Specialist/Education Support Personnel","Natrona County High School","https://natronaschools.schoolspring.com/","Natrona School District 1","2025-10-03"
517,"CYMS At-Will Co-Curricular-Football Coach Aide",NA,"CYMS At-Will Co-Curricular-Football Coach Aide","CY Middle School","https://natronaschools.schoolspring.com/","Natrona School District 1","2025-10-03"
518,"Bus Driver 175-day",NA,"Bus Driver 175-day","Transportation","https://natronaschools.schoolspring.com/","Natrona School District 1","2025-10-03"
519,"District Counselor/Social Worker to Begin the 2025-2026 School Year",NA,"District Counselor/Social Worker to Begin the 2025-2026 School Year","Special Education Services Center","https://natronaschools.schoolspring.com/","Natrona School District 1","2025-10-03"
520,"Education Interpreter",NA,"Education Interpreter","Special Education Services Center","https://natronaschools.schoolspring.com/","Natrona School District 1","2025-10-03"
521,"KWHS Assistant Girls Basketball Coach",NA,"KWHS Assistant Girls Basketball Coach","Kelly Walsh High School","https://natronaschools.schoolspring.com/","Natrona School District 1","2025-10-03"
522,"District Physical Therapist Beginning 2025-26 School Year",NA,"District Physical Therapist Beginning 2025-26 School Year","Special Education Services Center","https://natronaschools.schoolspring.com/","Natrona School District 1","2025-10-03"
523,"Lego League/ Robotics Activity",NA,"Lego League/ Robotics Activity","District Activities","https://natronaschools.schoolspring.com/","Natrona School District 1","2025-10-03"
524,"School Psychologist Beginning the 2025-2026 School Year",NA,"School Psychologist Beginning the 2025-2026 School Year","Special Education Services Center","https://natronaschools.schoolspring.com/","Natrona School District 1","2025-10-03"
525,"Substitute Custodian",NA,"Substitute Custodian","Human Resources","https://natronaschools.schoolspring.com/","Natrona School District 1","2025-10-03"
526,"Substitute Nurse",NA,"Substitute Nurse","Natrona County School District","https://natronaschools.schoolspring.com/","Natrona School District 1","2025-10-03"
527,"JH Boys basketball assistant coach","Oct 01, 2025 6:00 AM (UTC)","JH Boys basketball assistant coach","Burns Jr./Sr. High School","https://laramie2.schoolspring.com/","Laramie County School District 2","2025-10-03"
528,"JH Girls Wrestling Assistant Coach","Oct 01, 2025 6:00 AM (UTC)","JH Girls Wrestling Assistant Coach","Burns Jr./Sr. High School","https://laramie2.schoolspring.com/","Laramie County School District 2","2025-10-03"
529,"JH Girls Wrestling Assigned Head Coach","Oct 01, 2025 6:00 AM (UTC)","JH Girls Wrestling Assigned Head Coach","Burns Jr./Sr. High School","https://laramie2.schoolspring.com/","Laramie County School District 2","2025-10-03"
530,"HS Boys Wrestling (Numbers Coach)","Oct 01, 2025 6:00 AM (UTC)","HS Boys Wrestling (Numbers Coach)","Burns Jr./Sr. High School","https://laramie2.schoolspring.com/","Laramie County School District 2","2025-10-03"
531,"JH Boys Wrestling (Numbers Coach","Oct 01, 2025 6:00 AM (UTC)","JH Boys Wrestling (Numbers Coach","Burns Jr./Sr. High School","https://laramie2.schoolspring.com/","Laramie County School District 2","2025-10-03"
532,"Head Junior High Boys Basketball Coach","Sep 22, 2025 6:00 AM (UTC)","Head Junior High Boys Basketball Coach","Pine Bluffs Jr./Sr. High School","https://laramie2.schoolspring.com/","Laramie County School District 2","2025-10-03"
533,"Substitute School Nurse","Sep 15, 2025 6:00 AM (UTC)","Substitute School Nurse","LARAMIE COUNTY SD #2","https://laramie2.schoolspring.com/","Laramie County School District 2","2025-10-03"
534,"ELL Parent Translator Contactor","Sep 15, 2025 6:00 AM (UTC)","ELL Parent Translator Contactor","LARAMIE COUNTY SD #2","https://laramie2.schoolspring.com/","Laramie County School District 2","2025-10-03"
535,"Assistant JH Football Coach",NA,"Assistant JH Football Coach","Burns Jr./Sr. High School","https://laramie2.schoolspring.com/","Laramie County School District 2","2025-10-03"
536,"ELL Paraprofessional",NA,"ELL Paraprofessional","LARAMIE COUNTY SD #2","https://laramie2.schoolspring.com/","Laramie County School District 2","2025-10-03"
537,"JH Assistant Track Coach",NA,"JH Assistant Track Coach","Pine Bluffs Jr./Sr. High School","https://laramie2.schoolspring.com/","Laramie County School District 2","2025-10-03"
538,"Sub Paraprofessional",NA,"Sub Paraprofessional","LARAMIE COUNTY SD #2","https://laramie2.schoolspring.com/","Laramie County School District 2","2025-10-03"
539,"Sub Custodian",NA,"Sub Custodian","LARAMIE COUNTY SD #2","https://laramie2.schoolspring.com/","Laramie County School District 2","2025-10-03"
540,"Substitute Cook",NA,"Substitute Cook","LARAMIE COUNTY SD #2","https://laramie2.schoolspring.com/","Laramie County School District 2","2025-10-03"
541,"Substitute Teacher",NA,"Substitute Teacher","LARAMIE COUNTY SD #2","https://laramie2.schoolspring.com/","Laramie County School District 2","2025-10-03"
542,"Substitute Bus Driver",NA,"Substitute Bus Driver","LARAMIE COUNTY SD #2","https://laramie2.schoolspring.com/","Laramie County School District 2","2025-10-03"
543,"RENDEZVOUS ELEMENTARY PARA (BEHAVIOR SUPPORT PROGRAM)","Sep 30, 2025 6:00 AM (UTC)","RENDEZVOUS ELEMENTARY PARA (BEHAVIOR SUPPORT PROGRAM)","RENDEZVOUS ELEMENTARY","https://fremont25.schoolspring.com/","Fremont County School District 25","2025-10-03"
544,"RENDEZVOUS ELEMENTARY PARA (TITLE I)","Sep 30, 2025 6:00 AM (UTC)","RENDEZVOUS ELEMENTARY PARA (TITLE I)","RENDEZVOUS ELEMENTARY","https://fremont25.schoolspring.com/","Fremont County School District 25","2025-10-03"
545,"SUBSTITUTE PARA","Sep 26, 2025 6:00 AM (UTC)","SUBSTITUTE PARA","Fremont County School District 25","https://fremont25.schoolspring.com/","Fremont County School District 25","2025-10-03"
546,"WILLOW CREEK ELEMENTARY PARA (BEHAVIOR SUPPORT PROGRAM)","Sep 23, 2025 6:00 AM (UTC)","WILLOW CREEK ELEMENTARY PARA (BEHAVIOR SUPPORT PROGRAM)","WILLOW CREEK","https://fremont25.schoolspring.com/","Fremont County School District 25","2025-10-03"
547,"STEP UP DAY SCHOOL PARA (BEHAVIOR SUPPORT PROGRAM)","Sep 18, 2025 6:00 AM (UTC)","STEP UP DAY SCHOOL PARA (BEHAVIOR SUPPORT PROGRAM)","FRONTIER ACADEMY","https://fremont25.schoolspring.com/","Fremont County School District 25","2025-10-03"
548,"MIDDLE SCHOOL COACH (ASSISTANT TRACK)",NA,"MIDDLE SCHOOL COACH (ASSISTANT TRACK)","RIVERTON MIDDLE SCHOOL","https://fremont25.schoolspring.com/","Fremont County School District 25","2025-10-03"
549,"MIDDLE SCHOOL ASSISTANT COACH (WRESTLING)",NA,"MIDDLE SCHOOL ASSISTANT COACH (WRESTLING)","RIVERTON MIDDLE SCHOOL","https://fremont25.schoolspring.com/","Fremont County School District 25","2025-10-03"
550,"MIDDLE SCHOOL PARA (SPED LEARNING RESOURCE)",NA,"MIDDLE SCHOOL PARA (SPED LEARNING RESOURCE)","RIVERTON MIDDLE SCHOOL","https://fremont25.schoolspring.com/","Fremont County School District 25","2025-10-03"
551,"HIGH SCHOOL ASSISTANT COACH (WRESTLING)",NA,"HIGH SCHOOL ASSISTANT COACH (WRESTLING)","RIVERTON HIGH SCHOOL","https://fremont25.schoolspring.com/","Fremont County School District 25","2025-10-03"
552,"HIGH SCHOOL ASSISTANT COACH (TRACK)",NA,"HIGH SCHOOL ASSISTANT COACH (TRACK)","RIVERTON HIGH SCHOOL","https://fremont25.schoolspring.com/","Fremont County School District 25","2025-10-03"
553,"SPECIAL EDUCATION CERTIFIED HOMEBOUND TUTOR",NA,"SPECIAL EDUCATION CERTIFIED HOMEBOUND TUTOR","Fremont County School District 25","https://fremont25.schoolspring.com/","Fremont County School District 25","2025-10-03"
554,"SUBSTITUTE INTERPRETER FOR DEAF/HARD OF HEARING STUDENTS",NA,"SUBSTITUTE INTERPRETER FOR DEAF/HARD OF HEARING STUDENTS","Fremont County School District 25","https://fremont25.schoolspring.com/","Fremont County School District 25","2025-10-03"
555,"SUBSTITUTE CUSTODIAN","Sep 17, 2024 12:00 AM (UTC)","SUBSTITUTE CUSTODIAN","Fremont County School District 25","https://fremont25.schoolspring.com/","Fremont County School District 25","2025-10-03"
556,"SUBSTITUTE DAYCARE ASSISTANT",NA,"SUBSTITUTE DAYCARE ASSISTANT","Fremont County School District 25","https://fremont25.schoolspring.com/","Fremont County School District 25","2025-10-03"
557,"SUBSTITUTE TEACHER",NA,"SUBSTITUTE TEACHER","Fremont County School District 25","https://fremont25.schoolspring.com/","Fremont County School District 25","2025-10-03"
558,"SUBSTITUTE NURSE",NA,"SUBSTITUTE NURSE","Fremont County School District 25","https://fremont25.schoolspring.com/","Fremont County School District 25","2025-10-03"
559,"SCHOOL PSYCHOLOGIST",NA,"SCHOOL PSYCHOLOGIST","ALTERNATIVE/SPECIAL SERVICES","https://fremont25.schoolspring.com/","Fremont County School District 25","2025-10-03"
560,"LIFEGUARD",NA,"LIFEGUARD","RIVERTON AQUATICS CENTER","https://fremont25.schoolspring.com/","Fremont County School District 25","2025-10-03"
561,"DESK CLERK",NA,"DESK CLERK","RIVERTON AQUATICS CENTER","https://fremont25.schoolspring.com/","Fremont County School District 25","2025-10-03"
562,"SUBSTITUTE BUS DRIVER",NA,"SUBSTITUTE BUS DRIVER","BUS GARAGE - TRANSPORTATION","https://fremont25.schoolspring.com/","Fremont County School District 25","2025-10-03"
563,"BUS DRIVER",NA,"BUS DRIVER","BUS GARAGE - TRANSPORTATION","https://fremont25.schoolspring.com/","Fremont County School District 25","2025-10-03"
564,"BUS AIDE",NA,"BUS AIDE","BUS GARAGE - TRANSPORTATION","https://fremont25.schoolspring.com/","Fremont County School District 25","2025-10-03"
565,"High School Spanish Teacher","Oct 01, 2025 6:00 AM (UTC)","High School Spanish Teacher","Rock River High School","https://acsd1.schoolspring.com/","Albany Count School District 1","2025-10-03"
566,"Junior High School Boys' Assistant Basketball Coach","Sep 29, 2025 6:00 AM (UTC)","Junior High School Boys' Assistant Basketball Coach","Rock River Junior High","https://acsd1.schoolspring.com/","Albany Count School District 1","2025-10-03"
567,"Evening Custodian - High School","Sep 24, 2025 6:00 AM (UTC)","Evening Custodian - High School","Laramie High School","https://acsd1.schoolspring.com/","Albany Count School District 1","2025-10-03"
568,"Project Transitions Special Education Paraprofessional","Sep 19, 2025 6:00 AM (UTC)","Project Transitions Special Education Paraprofessional","Transition Academy","https://acsd1.schoolspring.com/","Albany Count School District 1","2025-10-03"
569,"Elementary Teacher - Isolated Location","Sep 15, 2025 6:00 AM (UTC)","Elementary Teacher - Isolated Location","Antelope Creek","https://acsd1.schoolspring.com/","Albany Count School District 1","2025-10-03"
570,"Middle School Boys' Wrestling Coach","Sep 08, 2025 6:00 AM (UTC)","Middle School Boys' Wrestling Coach","Laramie Middle School","https://acsd1.schoolspring.com/","Albany Count School District 1","2025-10-03"
571,"Sports Paraprofessional",NA,"Sports Paraprofessional","Laramie Middle School","https://acsd1.schoolspring.com/","Albany Count School District 1","2025-10-03"
572,"Monitor",NA,"Monitor","Slade Elementary School","https://acsd1.schoolspring.com/","Albany Count School District 1","2025-10-03"
573,"Monitor",NA,"Monitor","Spring Creek Elementary School","https://acsd1.schoolspring.com/","Albany Count School District 1","2025-10-03"
574,"Monitor",NA,"Monitor","Indian Paintbrush Elementary School","https://acsd1.schoolspring.com/","Albany Count School District 1","2025-10-03"
575,"Substitute Nurse",NA,"Substitute Nurse","Albany County School District 1","https://acsd1.schoolspring.com/","Albany Count School District 1","2025-10-03"
576,"Substitute Teacher",NA,"Substitute Teacher","Albany County School District 1","https://acsd1.schoolspring.com/","Albany Count School District 1","2025-10-03"
577,"High School Head Track Coach",NA,"High School Head Track Coach","Rock River High School","https://acsd1.schoolspring.com/","Albany Count School District 1","2025-10-03"
578,"Middle School Assistant Nordic Ski Coach",NA,"Middle School Assistant Nordic Ski Coach","Laramie Middle School","https://acsd1.schoolspring.com/","Albany Count School District 1","2025-10-03"
579,"High School Assistant Swimming/Diving Coach",NA,"High School Assistant Swimming/Diving Coach","Laramie High School","https://acsd1.schoolspring.com/","Albany Count School District 1","2025-10-03"
580,"Substitute Custodian",NA,"Substitute Custodian","Albany County School District 1","https://acsd1.schoolspring.com/","Albany Count School District 1","2025-10-03"
581,"Middle School Girls' Wrestling Coach",NA,"Middle School Girls' Wrestling Coach","Laramie Middle School","https://acsd1.schoolspring.com/","Albany Count School District 1","2025-10-03"
582,"Bus Aide",NA,"Bus Aide","Albany County School District 1","https://acsd1.schoolspring.com/","Albany Count School District 1","2025-10-03"
583,"Bus Driver",NA,"Bus Driver","Albany County School District 1","https://acsd1.schoolspring.com/","Albany Count School District 1","2025-10-03"
584,"Junior High Assistant Head Custodian","Oct 01, 2025 6:00 AM (UTC)","Junior High Assistant Head Custodian","SAGE VALLEY JUNIOR HIGH SCHOOL","https://campbell.schoolspring.com/","Campbell County Scholl District 1","2025-10-03"
585,"Special Programs Education Assistant for Students with High Needs","Oct 01, 2025 6:00 AM (UTC)","Special Programs Education Assistant for Students with High Needs","SAGE VALLEY JUNIOR HIGH SCHOOL","https://campbell.schoolspring.com/","Campbell County Scholl District 1","2025-10-03"
586,"ESL (English as a Second Language) Teacher Assistant","Oct 01, 2025 6:00 AM (UTC)","ESL (English as a Second Language) Teacher Assistant","HILLCREST ELEMENTARY","https://campbell.schoolspring.com/","Campbell County Scholl District 1","2025-10-03"
587,"Special Programs Education Assistant","Oct 01, 2025 6:00 AM (UTC)","Special Programs Education Assistant","PAINTBRUSH ELEMENTARY","https://campbell.schoolspring.com/","Campbell County Scholl District 1","2025-10-03"
588,"Special Programs Education Assistant","Oct 01, 2025 6:00 AM (UTC)","Special Programs Education Assistant","LAKEVIEW ELEMENTARY","https://campbell.schoolspring.com/","Campbell County Scholl District 1","2025-10-03"
589,"Asst Girls Soccer Coach","Oct 01, 2025 6:00 AM (UTC)","Asst Girls Soccer Coach","THUNDER BASIN HIGH SCHOOL","https://campbell.schoolspring.com/","Campbell County Scholl District 1","2025-10-03"
590,"0.5 Asst. HS Indoor Track Coach","Oct 01, 2025 6:00 AM (UTC)","0.5 Asst. HS Indoor Track Coach","THUNDER BASIN HIGH SCHOOL","https://campbell.schoolspring.com/","Campbell County Scholl District 1","2025-10-03"
591,"Asst. HS Indoor Track Coach","Oct 01, 2025 6:00 AM (UTC)","Asst. HS Indoor Track Coach","THUNDER BASIN HIGH SCHOOL","https://campbell.schoolspring.com/","Campbell County Scholl District 1","2025-10-03"
592,"Interpreter/Translator","Sep 29, 2025 6:00 AM (UTC)","Interpreter/Translator","CAMPBELL COUNTY HIGH SCHOOL","https://campbell.schoolspring.com/","Campbell County Scholl District 1","2025-10-03"
593,"Nutrition Service Assistant","Sep 26, 2025 6:00 AM (UTC)","Nutrition Service Assistant","CAMPBELL COUNTY SCHOOL DISTRICT #1","https://campbell.schoolspring.com/","Campbell County Scholl District 1","2025-10-03"
594,"Emotionally Disabled Special Programs Education Assistant","Sep 24, 2025 6:00 AM (UTC)","Emotionally Disabled Special Programs Education Assistant","CONESTOGA ELEMENTARY","https://campbell.schoolspring.com/","Campbell County Scholl District 1","2025-10-03"
595,"Custodian","Sep 24, 2025 6:00 AM (UTC)","Custodian","PRONGHORN ELEMENTARY","https://campbell.schoolspring.com/","Campbell County Scholl District 1","2025-10-03"
596,"Special Programs Education Assistant","Sep 24, 2025 6:00 AM (UTC)","Special Programs Education Assistant","MEADOWLARK ELEMENTARY","https://campbell.schoolspring.com/","Campbell County Scholl District 1","2025-10-03"
597,"Head Girls Outdoor Track Coach","Sep 24, 2025 6:00 AM (UTC)","Head Girls Outdoor Track Coach","THUNDER BASIN HIGH SCHOOL","https://campbell.schoolspring.com/","Campbell County Scholl District 1","2025-10-03"
598,"Special Programs Education Assistant/ASD","Sep 19, 2025 6:00 AM (UTC)","Special Programs Education Assistant/ASD","LAKEVIEW ELEMENTARY","https://campbell.schoolspring.com/","Campbell County Scholl District 1","2025-10-03"
599,"Assistant Cook","Sep 17, 2025 6:00 AM (UTC)","Assistant Cook","CAMPBELL COUNTY SCHOOL DISTRICT #1","https://campbell.schoolspring.com/","Campbell County Scholl District 1","2025-10-03"
600,"Special Programs Education Assistant for Students with High Needs","Sep 11, 2025 6:00 AM (UTC)","Special Programs Education Assistant for Students with High Needs","CAMPBELL COUNTY HIGH SCHOOL","https://campbell.schoolspring.com/","Campbell County Scholl District 1","2025-10-03"
601,"Skilled Maintenance Crafts - Mechanic","Sep 11, 2025 6:00 AM (UTC)","Skilled Maintenance Crafts - Mechanic","CAMPBELL COUNTY SCHOOL DISTRICT #1","https://campbell.schoolspring.com/","Campbell County Scholl District 1","2025-10-03"
602,"Special Programs Education Assistant","Sep 03, 2025 6:00 AM (UTC)","Special Programs Education Assistant","ROZET ELEMENTARY","https://campbell.schoolspring.com/","Campbell County Scholl District 1","2025-10-03"
603,"Special Programs Education Assistant","Sep 03, 2025 6:00 AM (UTC)","Special Programs Education Assistant","PRONGHORN ELEMENTARY","https://campbell.schoolspring.com/","Campbell County Scholl District 1","2025-10-03"
604,"Hearing Impaired Interpreter","Sep 03, 2025 6:00 AM (UTC)","Hearing Impaired Interpreter","PRONGHORN ELEMENTARY","https://campbell.schoolspring.com/","Campbell County Scholl District 1","2025-10-03"
605,"Dual Language Immersion Teacher - Spanish",NA,"Dual Language Immersion Teacher - Spanish","STOCKTRAIL ELEMENTARY","https://campbell.schoolspring.com/","Campbell County Scholl District 1","2025-10-03"
606,"Student Custodian",NA,"Student Custodian","TWIN SPRUCE JUNIOR HIGH SCHOOL","https://campbell.schoolspring.com/","Campbell County Scholl District 1","2025-10-03"
607,"Jr. Cheerleading Sponsor",NA,"Jr. Cheerleading Sponsor","WRIGHT JR./SR. HIGH SCHOOL","https://campbell.schoolspring.com/","Campbell County Scholl District 1","2025-10-03"
608,"JH Boys Basketball Coach",NA,"JH Boys Basketball Coach","WRIGHT JR./SR. HIGH SCHOOL","https://campbell.schoolspring.com/","Campbell County Scholl District 1","2025-10-03"
609,"Foreign Language Teacher - German",NA,"Foreign Language Teacher - German","CAMPBELL COUNTY HIGH SCHOOL","https://campbell.schoolspring.com/","Campbell County Scholl District 1","2025-10-03"
610,"Orientation and Mobility Specialist",NA,"Orientation and Mobility Specialist","CAMPBELL COUNTY SCHOOL DISTRICT #1","https://campbell.schoolspring.com/","Campbell County Scholl District 1","2025-10-03"
611,"Teacher for the Deaf and Hard of Hearing",NA,"Teacher for the Deaf and Hard of Hearing","CAMPBELL COUNTY SCHOOL DISTRICT #1","https://campbell.schoolspring.com/","Campbell County Scholl District 1","2025-10-03"
612,"SPEA for Students with Visual Impairment",NA,"SPEA for Students with Visual Impairment","CAMPBELL COUNTY SCHOOL DISTRICT #1","https://campbell.schoolspring.com/","Campbell County Scholl District 1","2025-10-03"
613,"ACTIVITY BUS DRIVER",NA,"ACTIVITY BUS DRIVER","CAMPBELL COUNTY SCHOOL DISTRICT #1","https://campbell.schoolspring.com/","Campbell County Scholl District 1","2025-10-03"
614,"BUS DRIVER/BUS DRIVER IN TRAINING",NA,"BUS DRIVER/BUS DRIVER IN TRAINING","CAMPBELL COUNTY SCHOOL DISTRICT #1","https://campbell.schoolspring.com/","Campbell County Scholl District 1","2025-10-03"
615,"Substitute School Nurse",NA,"Substitute School Nurse","CAMPBELL COUNTY SCHOOL DISTRICT #1","https://campbell.schoolspring.com/","Campbell County Scholl District 1","2025-10-03"
616,"Substitute Teacher",NA,"Substitute Teacher","CAMPBELL COUNTY SCHOOL DISTRICT #1","https://campbell.schoolspring.com/","Campbell County Scholl District 1","2025-10-03"
617,"7/8 Football Coach",NA,"7/8 Football Coach","WRIGHT JR./SR. HIGH SCHOOL","https://campbell.schoolspring.com/","Campbell County Scholl District 1","2025-10-03"
618,"SCHOOL PSYCHOLOGIST INTERN",NA,"SCHOOL PSYCHOLOGIST INTERN","CAMPBELL COUNTY SCHOOL DISTRICT #1","https://campbell.schoolspring.com/","Campbell County Scholl District 1","2025-10-03"
619,"Sample Classified Position",NA,"Sample Classified Position","CAMPBELL COUNTY SCHOOL DISTRICT #1","https://campbell.schoolspring.com/","Campbell County Scholl District 1","2025-10-03"
620,"Sample Certified Position",NA,"Sample Certified Position","CAMPBELL COUNTY SCHOOL DISTRICT #1","https://campbell.schoolspring.com/","Campbell County Scholl District 1","2025-10-03"
621,"Activity Bus Driver",NA,"Classified","Star Valley","https://lcsd2.org/employment-opportunities/","Lincoln County School District 2","2025-10-03"
622,"Bus Driver",NA,"Classified","Star Valley","https://lcsd2.org/employment-opportunities/","Lincoln County School District 2","2025-10-03"
623,"Snow Removal",NA,"Classified","Star Valley","https://lcsd2.org/employment-opportunities/","Lincoln County School District 2","2025-10-03"
624,"Snow Removal",NA,"Classified","Cokeville","https://lcsd2.org/employment-opportunities/","Lincoln County School District 2","2025-10-03"
625,"Special Education Aide",NA,"Classified","Osmond Elementary","https://lcsd2.org/employment-opportunities/","Lincoln County School District 2","2025-10-03"
626,"Special Education Aide",NA,"Classified","Star Valley Middle School","https://lcsd2.org/employment-opportunities/","Lincoln County School District 2","2025-10-03"
627,"Special Education Aide",NA,"Classified","Etna Elementary","https://lcsd2.org/employment-opportunities/","Lincoln County School District 2","2025-10-03"
628,"Title I Aide Part Time",NA,"Classified","Etna Elementary","https://lcsd2.org/employment-opportunities/","Lincoln County School District 2","2025-10-03"
629,"ELL Aide",NA,"Classified","Star Valley Middle School/Star Valley High School","https://lcsd2.org/employment-opportunities/","Lincoln County School District 2","2025-10-03"
630,"Food Service",NA,"Classified","Afton Elementary","https://lcsd2.org/employment-opportunities/","Lincoln County School District 2","2025-10-03"
631,"Custodian  Full Time",NA,"Classified","Star Valley","https://lcsd2.org/employment-opportunities/","Lincoln County School District 2","2025-10-03"
632,"Bus Aide  Part Time",NA,"Classified","Star Valley","https://lcsd2.org/employment-opportunities/","Lincoln County School District 2","2025-10-03"
633,"Speech Language Pathologist",NA,"Certified","District Wide","https://lcsd2.org/employment-opportunities/","Lincoln County School District 2","2025-10-03"
634,"Substitute School Nurse",NA,"Classified","Star Valley","https://lcsd2.org/employment-opportunities/","Lincoln County School District 2","2025-10-03"
635,"Certified Substitute Teacher Pool",NA,"Substitute","Star Valley","https://lcsd2.org/employment-opportunities/","Lincoln County School District 2","2025-10-03"
636,"Certified Substitute Teacher Pool",NA,"Substitute","Cokeville","https://lcsd2.org/employment-opportunities/","Lincoln County School District 2","2025-10-03"
637,"Substitute Custodians",NA,"Classified","District Wide","https://lcsd2.org/employment-opportunities/","Lincoln County School District 2","2025-10-03"
638,"Substitute Bus Drivers",NA,"Classified","Cokeville","https://lcsd2.org/employment-opportunities/","Lincoln County School District 2","2025-10-03"
639,"Substitute Bus Drivers",NA,"Classified","Star Valley","https://lcsd2.org/employment-opportunities/","Lincoln County School District 2","2025-10-03"
640,"Substitute Bus Aides",NA,"Classified","Star Valley","https://lcsd2.org/employment-opportunities/","Lincoln County School District 2","2025-10-03"
641,"Substitute Food Service (Cooks)",NA,"Classified","District Wide","https://lcsd2.org/employment-opportunities/","Lincoln County School District 2","2025-10-03"
642,"Girls Soccer Coach",NA,"Coaching","Star Valley Middle School","https://lcsd2.org/employment-opportunities/","Lincoln County School District 2","2025-10-03"
643,"Boys Soccer Coach",NA,"Coaching","Star Valley Middle School","https://lcsd2.org/employment-opportunities/","Lincoln County School District 2","2025-10-03"
644,"Boys Basketball Coach",NA,"Coaching","Cokeville Junior High School","https://lcsd2.org/employment-opportunities/","Lincoln County School District 2","2025-10-03"
645,"Volunteer Coach/Advisor",NA,"Coaching","District Wide","https://lcsd2.org/employment-opportunities/","Lincoln County School District 2","2025-10-03"
646,"Assistant High School Boys Basketball",NA,"Coaching","District","https://www.growingluskleaders.org/page/human-resources","Niobrara County School District 1","2025-10-03"
647,"Assistant High School Football",NA,"Coaching","District","https://www.growingluskleaders.org/page/human-resources","Niobrara County School District 1","2025-10-03"
648,"Assistant Middle School Volleyball",NA,"Coaching","District","https://www.growingluskleaders.org/page/human-resources","Niobrara County School District 1","2025-10-03"
649,"Yearbook Sponsor",NA,"Coaching","District","https://www.growingluskleaders.org/page/human-resources","Niobrara County School District 1","2025-10-03"
650,"BUS DRIVER SUBSTITUTES- District Wide",NA,"Classified","District","https://www.growingluskleaders.org/page/human-resources","Niobrara County School District 1","2025-10-03"
651,"CUSTODIAL SUBSTITUTE- District Wide",NA,"Classified","District","https://www.growingluskleaders.org/page/human-resources","Niobrara County School District 1","2025-10-03"
652,"MS Head Boys Basketball Coach",NA,"Coaching","District","https://pcsd16.com/271372_2","Park County School District 16","2025-10-03"
653,"HS Assistant Track Coach",NA,"Coaching","District","https://pcsd16.com/271372_2","Park County School District 16","2025-10-03"
654,"SPECIAL EDUCATION PARAPROFESSIONAL",NA,"Classified","District","https://pcsd16.com/271372_2","Park County School District 16","2025-10-03"
655,"Substitutes for all Postions",NA,"Substitute","PCSD#1 Schools, Glendo and Wheatland","https://www.platte1.org/377683_4","Platte County School District 1","2025-10-03"
656,"Head Softball Coach",NA,"Coaching","Wheatland High School","https://www.platte1.org/377683_4","Platte County School District 1","2025-10-03"
657,"Full Time Substitute Custodian",NA,"Classified","Glendo, WY","https://www.platte1.org/377683_4","Platte County School District 1","2025-10-03"
658,"Full Time Paraprofessional",NA,"Classified","Wheatland Middle School","https://www.platte1.org/377683_4","Platte County School District 1","2025-10-03"
659,"Assistant FFA Advisor",NA,"Certified","Wheatland Middle School","https://www.platte1.org/377683_4","Platte County School District 1","2025-10-03"
660,"Substitutes for Custodians",NA,"Classified","District","https://www.platte1.org/377683_4","Platte County School District 1","2025-10-03"
661,"Part-Time Paraprofessional",NA,"Classified","West Elementary","https://www.platte1.org/377683_4","Platte County School District 1","2025-10-03"
662,"Full-Time Paraprofessional",NA,"Classified","WHS/Peak HS","https://www.platte1.org/377683_4","Platte County School District 1","2025-10-03"
663,"Full-Time Custodian",NA,"Classified","PCSD#1 Schools","https://www.platte1.org/377683_4","Platte County School District 1","2025-10-03"
664,"Substitute Activity Bus Drivers",NA,"Classified","District","https://www.guernseysunrise.org/page/employment","Platte County School District 2","2025-10-03"
665,"Junior High Boys Basketball",NA,"Other","District","https://www.guernseysunrise.org/page/employment","Platte County School District 2","2025-10-03"
666,"Substitute Certified Teachers $180/Day",NA,"Substitute","District","https://www.guernseysunrise.org/page/employment","Platte County School District 2","2025-10-03"
667,"Substitute Paraeducators $100/Day",NA,"Classified","District","https://www.guernseysunrise.org/page/employment","Platte County School District 2","2025-10-03"
668,"Bus Driver",NA,"Classified","District","https://www.sheridan3.com/page/hr-and-career-opportunities","Sheridan County School District 3","2025-10-03"
669,"Certified Substitute Teachers ($150.00 per day (plus lunch) or $75.00 per 1/2 day)",NA,"Substitute","District","https://www.sheridan3.com/page/hr-and-career-opportunities","Sheridan County School District 3","2025-10-03"
670,"High School Assistant Volleyball",NA,"Coach","District","https://www.sheridan3.com/page/hr-and-career-opportunities","Sheridan County School District 3","2025-10-03"
671,"Bus Driver - Bus Driver",NA,"Classified","District","https://www.sub1.org/en-US/employment-and-human-resources-f26202d3","Sublette County School District 1","2025-10-03"
672,"Elementary Paraprofessional",NA,"Classified","District","https://www.sub1.org/en-US/employment-and-human-resources-f26202d3","Sublette County School District 1","2025-10-03"
673,"Food Service Worker - 2025-2026",NA,"Classified","District","https://www.sub1.org/en-US/employment-and-human-resources-f26202d3","Sublette County School District 1","2025-10-03"
674,"Food Service Workers - 2025-2026",NA,"Classified","District","https://www.sub1.org/en-US/employment-and-human-resources-f26202d3","Sublette County School District 1","2025-10-03"
675,"HS Girls Assistant Wrestling Coach - 25-26",NA,"Coach","District","https://www.sub1.org/en-US/employment-and-human-resources-f26202d3","Sublette County School District 1","2025-10-03"
676,"MS Girls Wrestling Coach 25-26",NA,"Coach","District","https://www.sub1.org/en-US/employment-and-human-resources-f26202d3","Sublette County School District 1","2025-10-03"
677,"Substitute Bus Driver",NA,"Classified","District","https://www.sub1.org/en-US/employment-and-human-resources-f26202d3","Sublette County School District 1","2025-10-03"
678,"Substitute School Nurse",NA,"Classified","District","https://www.sub1.org/en-US/employment-and-human-resources-f26202d3","Sublette County School District 1","2025-10-03"
679,"Substitutes",NA,"Substitute","District","https://www.sub1.org/en-US/employment-and-human-resources-f26202d3","Sublette County School District 1","2025-10-03"
680,"Track Coach- Middle School",NA,"Coach","District","https://www.sub1.org/en-US/employment-and-human-resources-f26202d3","Sublette County School District 1","2025-10-03"
681,"K-12 English Language Learner Aide",NA,"Classified","District","https://www.sublette9.org/apps/pages/index.jsp?uREC_ID=4445550&type=d&pREC_ID=2685329","Sublette County School District 9","2025-10-03"
682,"Middle School Basketball",NA,"Coaching","District","https://www.sublette9.org/apps/pages/index.jsp?uREC_ID=4445550&type=d&pREC_ID=2685329","Sublette County School District 9","2025-10-03"
683,"Middle School Asst. Track",NA,"Coaching","District","https://www.sublette9.org/apps/pages/index.jsp?uREC_ID=4445550&type=d&pREC_ID=2685329","Sublette County School District 9","2025-10-03"
684,"High School Assistant Track",NA,"Coaching","District","https://www.sublette9.org/apps/pages/index.jsp?uREC_ID=4445550&type=d&pREC_ID=2685329","Sublette County School District 9","2025-10-03"
685,"All kinds of Substitutes",NA,"Substitute","District","https://www.sublette9.org/apps/pages/index.jsp?uREC_ID=4445550&type=d&pREC_ID=2685329","Sublette County School District 9","2025-10-03"
686,"Full-Time Maintenance Worker",NA,"Classified","District","https://www.uinta4.com/departments/business_office/job_opportunities/current_openings","Uinta County School District 4","2025-10-03"
687,"Substitutes- all positions",NA,"Substitute","District","https://www.uinta4.com/departments/business_office/job_opportunities/current_openings","Uinta County School District 4","2025-10-03"
688,"Substitute Bus Drivers",NA,"Classified","District","https://sites.google.com/lymanschools.org/ucsd6/home/job-openings?authuser=0","Uinta County School District 6","2025-10-03"
689,"Substitute School Bus Aides",NA,"Classified","District","https://sites.google.com/lymanschools.org/ucsd6/home/job-openings?authuser=0","Uinta County School District 6","2025-10-03"
690,"High School Assitant Girls Wrestling Coach",NA,"Coaching","District","https://sites.google.com/lymanschools.org/ucsd6/home/job-openings?authuser=0","Uinta County School District 6","2025-10-03"
691,"High School Assistant Girls Basket Ball Coach",NA,"Coaching","District","https://sites.google.com/lymanschools.org/ucsd6/home/job-openings?authuser=0","Uinta County School District 6","2025-10-03"
692,"Middle School Girls Wrestling Coach",NA,"Coaching","District","https://sites.google.com/lymanschools.org/ucsd6/home/job-openings?authuser=0","Uinta County School District 6","2025-10-03"
693,"Middle School 8th Grade Volleyball Coach",NA,"Coaching","District","https://sites.google.com/lymanschools.org/ucsd6/home/job-openings?authuser=0","Uinta County School District 6","2025-10-03"
694,"Middle School Boys Basketball Coach",NA,"Coaching","District","https://sites.google.com/lymanschools.org/ucsd6/home/job-openings?authuser=0","Uinta County School District 6","2025-10-03"
695,"Always in need of substitutes",NA,"Substitute","District","https://sites.google.com/lymanschools.org/ucsd6/home/job-openings?authuser=0","Uinta County School District 6","2025-10-03"
696,"Substitute and activity BUS DRIVER",NA,"Classified","District","https://www.wsh2.k12.wy.us/apps/pages/index.jsp?uREC_ID=440610&type=d&pREC_ID=1008214","Washakie County School District 2","2025-10-03"
697,"High School Girls Basketball Coach",NA,"Coaching","District","https://www.wsh2.k12.wy.us/apps/pages/index.jsp?uREC_ID=440610&type=d&pREC_ID=1008214","Washakie County School District 2","2025-10-03"
698,"Special Education Case Manager Job Description",NA,"Certified","District","https://www.wcsd1.org/apps/pages/Career_Opportunities","Weston County School District 1","2025-10-03"
699,"Special Ed. Teacher position",NA,"Certified","District","https://www.wcsd1.org/apps/pages/Career_Opportunities","Weston County School District 1","2025-10-03"
700,"Paraprofessionals",NA,"Classified","District","https://www.wcsd1.org/apps/pages/Career_Opportunities","Weston County School District 1","2025-10-03"
701,"MS Girls Head and Assistant Wrestling Coach Positions",NA,"Coaching","District","https://www.wcsd1.org/apps/pages/Career_Opportunities","Weston County School District 1","2025-10-03"
702,"Route Bus Drivers",NA,"Classified","District","https://www.wcsd1.org/apps/pages/Career_Opportunities","Weston County School District 1","2025-10-03"
703,"Substitutes",NA,"Substitute","District","https://www.wcsd1.org/apps/pages/Career_Opportunities","Weston County School District 1","2025-10-03"
704,"Custodial-Kitchen subs",NA,"Classified","District","https://www.wcsd1.org/apps/pages/Career_Opportunities","Weston County School District 1","2025-10-03"
705,"Sub Bus Drive",NA,"Classified","District","https://www.wcsd1.org/apps/pages/Career_Opportunities","Weston County School District 1","2025-10-03"
706,"Bus Driver (CDL preferred but willing to train)",NA,"Classified","District","https://www.weston7.org/o/wcsd/page/employment","Weston County School District 7","2025-10-03"
707,"Special Education Para professional",NA,"Classified","District","https://www.weston7.org/o/wcsd/page/employment","Weston County School District 7","2025-10-03"
708,"Substitute Teacher",NA,"Substitute","District","https://www.weston7.org/o/wcsd/page/employment","Weston County School District 7","2025-10-03"
709,"Substitute Paraprofessional",NA,"Classified","District","https://www.weston7.org/o/wcsd/page/employment","Weston County School District 7","2025-10-03"
710,"Substitute Custodian",NA,"Classified","District","https://www.weston7.org/o/wcsd/page/employment","Weston County School District 7","2025-10-03"
711,"Substitute Bus Driver (CDL preferred but willing to train)",NA,"Classified","District","https://www.weston7.org/o/wcsd/page/employment","Weston County School District 7","2025-10-03"
712,"Substitute Lunchroom Cook",NA,"Classified","District","https://www.weston7.org/o/wcsd/page/employment","Weston County School District 7","2025-10-03"
713,"Substitute Special Education Aides",NA,"Classified","District","https://www.weston7.org/o/wcsd/page/employment","Weston County School District 7","2025-10-03"
714,"Substitute Teachers",NA,"Substitute","District","https://www.weston7.org/o/wcsd/page/employment","Weston County School District 7","2025-10-03"
715,"Transportation Assistant",NA,"Classified","District","https://jobs.redroverk12.com/org/hotsprings1","Hot Springs County School District 1","2025-10-03"
716,"Crossing Guard",NA,"Classified","District","https://jobs.redroverk12.com/org/hotsprings1","Hot Springs County School District 1","2025-10-03"
717,"Bus Driver",NA,"Classified","District","https://jobs.redroverk12.com/org/hotsprings1","Hot Springs County School District 1","2025-10-03"
718,"Child Nutrition Cook",NA,"Classified","District","https://jobs.redroverk12.com/org/hotsprings1","Hot Springs County School District 1","2025-10-03"
719,"Part-Time Custodian",NA,"Classified","District","https://jobs.redroverk12.com/org/hotsprings1","Hot Springs County School District 1","2025-10-03"
720,"Substitute Teacher",NA,"Classified","District","https://jobs.redroverk12.com/org/hotsprings1","Hot Springs County School District 1","2025-10-03"
721,"Paraprofessional",NA,"Classified","District","https://jobs.redroverk12.com/org/hotsprings1","Hot Springs County School District 1","2025-10-03"
722,"Temporary Part Time Secretary",NA,"Classified","New West High","https://jobs.redroverk12.com/org/jcsd1","Johnson County School District 1","2025-10-03"
723,"Asst. Track Coach",NA,"Coaching","Buffalo High School","https://jobs.redroverk12.com/org/jcsd1","Johnson County School District 1","2025-10-03"
724,"Custodial Staff Stubstitute",NA,"Classified","District","https://jobs.redroverk12.com/org/jcsd1","Johnson County School District 1","2025-10-03"
725,"Food Service Staff Substitutes",NA,"Classified","District","https://jobs.redroverk12.com/org/jcsd1","Johnson County School District 1","2025-10-03"
726,"Substitute Teacher",NA,"Substitute","District","https://jobs.redroverk12.com/org/jcsd1","Johnson County School District 1","2025-10-03"
727,"Substiture Buffalo Bus Route Driver",NA,"Classified","District","https://jobs.redroverk12.com/org/jcsd1","Johnson County School District 1","2025-10-03"
728,"Substitute Kaycee Bus Route Driver",NA,"Classified","District","https://jobs.redroverk12.com/org/jcsd1","Johnson County School District 1","2025-10-03"
729,"Asst. Boys Basketball Coach",NA,"Coaching","District","https://jobs.redroverk12.com/org/jcsd1","Johnson County School District 1","2025-10-03"
730,"Asst. Girls Basketball Coach",NA,"Coaching","District","https://jobs.redroverk12.com/org/jcsd1","Johnson County School District 1","2025-10-03"
731,"Asst. Girls Basketball Coach (high school level)",NA,"Coaching","District","https://jobs.redroverk12.com/org/jcsd1","Johnson County School District 1","2025-10-03"
732,"Asst. Track Coach",NA,"Coaching","District","https://jobs.redroverk12.com/org/jcsd1","Johnson County School District 1","2025-10-03"
