"X","title","date_posted","position","location","url","District","Archive_Date"
1,"Assistant Middle School Track Coach-Rocky","2026-05-13","Athletics/ Activities/","Rocky Mountain Middle/High School","https://www.applitrack.com/bighorn1/onlineapp/JobPostings/view.asp?all=1","Big Horn School District 1","2026-07-31"
2,"Assistant Volleyball Coach- Burlington","2026-05-14","Athletics/ Activities/","Burlington Schools","https://www.applitrack.com/bighorn1/onlineapp/JobPostings/view.asp?all=1","Big Horn School District 1","2026-07-31"
3,"Middle School Assistant Football Coach-Burlington","2026-06-03","Athletics/ Activities/","Burlington Schools","https://www.applitrack.com/bighorn1/onlineapp/JobPostings/view.asp?all=1","Big Horn School District 1","2026-07-31"
4,"Assistant Middle School Track Coach-Burlington","2026-06-03","Athletics/ Activities/","Burlington Schools","https://www.applitrack.com/bighorn1/onlineapp/JobPostings/view.asp?all=1","Big Horn School District 1","2026-07-31"
5,"High School Head Track Coach-Rocky","2026-06-08","Athletics/ Activities/","Rocky Mountain Middle/High School","https://www.applitrack.com/bighorn1/onlineapp/JobPostings/view.asp?all=1","Big Horn School District 1","2026-07-31"
6,"Assistant HS Track Coach-Burlington","2026-07-01","Athletics/ Activities/","Burlington Schools","https://www.applitrack.com/bighorn1/onlineapp/JobPostings/view.asp?all=1","Big Horn School District 1","2026-07-31"
7,"MS/HS Success Coordinator Paraprofessional-Burlington","2026-07-08","Paraprofessional/","Burlington Schools","https://www.applitrack.com/bighorn1/onlineapp/JobPostings/view.asp?all=1","Big Horn School District 1","2026-07-31"
8,"Sub Nurse","2020-09-23","Student Support Services/","Big Horn Co School District 1","https://www.applitrack.com/bighorn1/onlineapp/JobPostings/view.asp?all=1","Big Horn School District 1","2026-07-31"
9,"Sub - Teacher","2020-09-23","Substitute/","Big Horn Co School District 1","https://www.applitrack.com/bighorn1/onlineapp/JobPostings/view.asp?all=1","Big Horn School District 1","2026-07-31"
10,"Sub- Custodial/Cook/Secretary","2020-09-23","Support Staff/","Big Horn Co School District 1","https://www.applitrack.com/bighorn1/onlineapp/JobPostings/view.asp?all=1","Big Horn School District 1","2026-07-31"
11,"Sub - Paraprofessional","2020-09-23","Support Staff/","Big Horn Co School District 1","https://www.applitrack.com/bighorn1/onlineapp/JobPostings/view.asp?all=1","Big Horn School District 1","2026-07-31"
12,"Sub- Route Bus Driver - Burlington","2020-09-23","Support Staff/","Transportation","https://www.applitrack.com/bighorn1/onlineapp/JobPostings/view.asp?all=1","Big Horn School District 1","2026-07-31"
13,"Sub- Route Bus Driver - Cowley","2020-09-23","Support Staff/","Transportation","https://www.applitrack.com/bighorn1/onlineapp/JobPostings/view.asp?all=1","Big Horn School District 1","2026-07-31"
14,"Substitute Teacher","2022-03-30","Substitute/","Big Horn County School District #2","https://www.applitrack.com/bgh2/onlineapp/default.aspx?all=1","Big Horn School District 2","2026-07-31"
15,"Special Education Paraprofessional","2026-07-16","Support Staff/","Big Horn County School District #2","https://www.applitrack.com/bgh2/onlineapp/default.aspx?all=1","Big Horn School District 2","2026-07-31"
16,"Substitute Route and Activity Bus Drivers","2022-03-29","Transportation","Big Horn County School District #2","https://www.applitrack.com/bgh2/onlineapp/default.aspx?all=1","Big Horn School District 2","2026-07-31"
17,"Route Bus Driver","2025-05-27","Transportation/","Big Horn County School District #2","https://www.applitrack.com/bgh2/onlineapp/default.aspx?all=1","Big Horn School District 2","2026-07-31"
18,"Secondary Science Teacher","2026-07-15","High School Teaching/","Greybull High School","https://www.applitrack.com/bighorn/onlineapp/default.aspx?all=1","Big Horn School District 3","2026-07-31"
19,"Substitute Teacher","2017-07-05","Substitute/","District Wide","https://www.applitrack.com/bighorn/onlineapp/default.aspx?all=1","Big Horn School District 3","2026-07-31"
20,"Substitute Bus Driver / Activity Driver","2024-12-17","Transportation/","Transportation","https://www.applitrack.com/bighorn/onlineapp/default.aspx?all=1","Big Horn School District 3","2026-07-31"
21,"High School Assistant Volleyball Coach","2026-07-22","Athletics/Activities","Riverside High School","https://www.applitrack.com/bgh4/onlineapp/default.aspx?all=1","Big Horn School District 4","2026-07-31"
22,"21 CCLC After School Program Activity Leaders","2020-01-21","Student Support Services","Laura Irwin Elementary","https://www.applitrack.com/bgh4/onlineapp/default.aspx?all=1","Big Horn School District 4","2026-07-31"
23,"Bus Driver","2022-01-07","Support Staff","District","https://www.applitrack.com/bgh4/onlineapp/default.aspx?all=1","Big Horn School District 4","2026-07-31"
24,"Substitute","2025-07-21","Support Staff","District","https://www.applitrack.com/bgh4/onlineapp/default.aspx?all=1","Big Horn School District 4","2026-07-31"
25,"Lifeguard","2026-06-11","Aquatics/","Rawlins Aquatics Center","https://www.applitrack.com/crb1/onlineapp/jobpostings/view.asp?all=1","Carbon County School District 1","2026-07-31"
26,"Asst. High School Football Coach","2026-04-17","Athletics/Activities/","Little Snake River Valley School","https://www.applitrack.com/crb1/onlineapp/jobpostings/view.asp?all=1","Carbon County School District 1","2026-07-31"
27,"2nd Asst. Track Coach","2026-06-01","Athletics/Activities/","Rawlins Middle School","https://www.applitrack.com/crb1/onlineapp/jobpostings/view.asp?all=1","Carbon County School District 1","2026-07-31"
28,"2nd Asst Throwing Track Coach","2026-06-10","Athletics/Activities/","Rawlins Middle School","https://www.applitrack.com/crb1/onlineapp/jobpostings/view.asp?all=1","Carbon County School District 1","2026-07-31"
29,"Head Boys Soccer Coach","2026-07-06","Athletics/Activities/","Rawlins High School","https://www.applitrack.com/crb1/onlineapp/jobpostings/view.asp?all=1","Carbon County School District 1","2026-07-31"
30,"2nd Asst. Boys Wrestling Coach","2026-07-09","Athletics/Activities/","Rawlins Middle School","https://www.applitrack.com/crb1/onlineapp/jobpostings/view.asp?all=1","Carbon County School District 1","2026-07-31"
31,"Music Teacher","2026-04-15","Elementary School Teaching","Rawlins Elementary School","https://www.applitrack.com/crb1/onlineapp/jobpostings/view.asp?all=1","Carbon County School District 1","2026-07-31"
32,"Daycare Para Professional","2026-07-21","Elementary School Teaching/","District","https://www.applitrack.com/crb1/onlineapp/jobpostings/view.asp?all=1","Carbon County School District 1","2026-07-31"
33,"Substitute Food Service","2026-06-11","Food Service/","District","https://www.applitrack.com/crb1/onlineapp/jobpostings/view.asp?all=1","Carbon County School District 1","2026-07-31"
34,"Custodian","2026-07-21","Maintenance/Custodial","District","https://www.applitrack.com/crb1/onlineapp/jobpostings/view.asp?all=1","Carbon County School District 1","2026-07-31"
35,"Substitute Custodian","2026-06-11","Maintenance/Custodial/","Little Snake River Valley School","https://www.applitrack.com/crb1/onlineapp/jobpostings/view.asp?all=1","Carbon County School District 1","2026-07-31"
36,"Substitute Custodian","2026-06-11","Maintenance/Custodial/","District","https://www.applitrack.com/crb1/onlineapp/jobpostings/view.asp?all=1","Carbon County School District 1","2026-07-31"
37,"Special Education Para Professional","2026-07-23","Special Education/","Rawlins Middle School","https://www.applitrack.com/crb1/onlineapp/jobpostings/view.asp?all=1","Carbon County School District 1","2026-07-31"
38,"Substitute Teacher/ Para Professional","2026-06-11","Substitute/","District","https://www.applitrack.com/crb1/onlineapp/jobpostings/view.asp?all=1","Carbon County School District 1","2026-07-31"
39,"Building Para Professinal","2026-07-27","Support Staff/","Rawlins Elementary School","https://www.applitrack.com/crb1/onlineapp/jobpostings/view.asp?all=1","Carbon County School District 1","2026-07-31"
40,"Building (Office) Para Professional","2026-07-21","Support Staff/","Rawlins High School","https://www.applitrack.com/crb1/onlineapp/jobpostings/view.asp?all=1","Carbon County School District 1","2026-07-31"
41,"Substitute Bus Driver","2026-06-11","Transportation","District","https://www.applitrack.com/crb1/onlineapp/jobpostings/view.asp?all=1","Carbon County School District 1","2026-07-31"
42,"Bus Driver","2023-09-22","Transportation/","District","https://www.applitrack.com/crb1/onlineapp/jobpostings/view.asp?all=1","Carbon County School District 1","2026-07-31"
43,"2nd Assistant High School Football Coach","2026-05-29","Athletics/Activities/","Saratoga Middle High School","https://www.applitrack.com/crb2/onlineapp/default.aspx?all=1","Carbon County School District 2","2026-07-31"
44,"First Assistant Middle School Football Coach","2026-06-04","Athletics/Activities/","Saratoga Middle High School","https://www.applitrack.com/crb2/onlineapp/default.aspx?all=1","Carbon County School District 2","2026-07-31"
45,"Other Assistant Middle School Boys Wrestling Coach","2026-06-04","Athletics/Activities/","Saratoga Middle High School","https://www.applitrack.com/crb2/onlineapp/default.aspx?all=1","Carbon County School District 2","2026-07-31"
46,"Assistant High School Wrestling Coach","2026-06-04","Athletics/Activities/","Saratoga Middle High School","https://www.applitrack.com/crb2/onlineapp/default.aspx?all=1","Carbon County School District 2","2026-07-31"
47,"First Assistant (Head) Middle School Boys Basketball Coach","2026-02-25","Athletics/Activities/","Encampment K-12","https://www.applitrack.com/crb2/onlineapp/default.aspx?all=1","Carbon County School District 2","2026-07-31"
48,"Other Assistant Middle School Boys Basketball Coach","2026-02-25","Athletics/Activities/","Encampment K-12","https://www.applitrack.com/crb2/onlineapp/default.aspx?all=1","Carbon County School District 2","2026-07-31"
49,"Assistant High School Volleyball Coach","2026-03-03","Athletics/Activities/","H-E-M Junior/Senior High School","https://www.applitrack.com/crb2/onlineapp/default.aspx?all=1","Carbon County School District 2","2026-07-31"
50,"Other Assistant Middle School Volleyball Coach","2026-03-06","Athletics/Activities/","H-E-M Junior/Senior High School","https://www.applitrack.com/crb2/onlineapp/default.aspx?all=1","Carbon County School District 2","2026-07-31"
51,"Other Assistant Middle School Football Coach","2026-03-10","Athletics/Activities/","Saratoga Middle High School","https://www.applitrack.com/crb2/onlineapp/default.aspx?all=1","Carbon County School District 2","2026-07-31"
52,"High School Assistant Boys Basketball Coach","2025-03-12","Athletics/Activities/","H-E-M Junior/Senior High School","https://www.applitrack.com/crb2/onlineapp/default.aspx?all=1","Carbon County School District 2","2026-07-31"
53,"Other Assistant Middle School Football Coach","2026-07-06","Athletics/Activities/","Encampment K-12","https://www.applitrack.com/crb2/onlineapp/default.aspx?all=1","Carbon County School District 2","2026-07-31"
54,"Other Assistant Middle School Girls Basketball Coach","2026-07-06","Athletics/Activities/","Saratoga Middle High School","https://www.applitrack.com/crb2/onlineapp/default.aspx?all=1","Carbon County School District 2","2026-07-31"
55,"District Mechanic","2026-04-23","Other/","CCSD#2","https://www.applitrack.com/crb2/onlineapp/default.aspx?all=1","Carbon County School District 2","2026-07-31"
56,"Occupational Therapist(s)","2023-12-22","Student Support Services/","CCSD#2","https://www.applitrack.com/crb2/onlineapp/default.aspx?all=1","Carbon County School District 2","2026-07-31"
57,"School Psychologist","2026-05-22","Student Support Services/","CCSD#2","https://www.applitrack.com/crb2/onlineapp/default.aspx?all=1","Carbon County School District 2","2026-07-31"
58,"Substitute Bus Driver 2026/2027 School Year","2026-06-30","Substitute/","CCSD#2","https://www.applitrack.com/crb2/onlineapp/default.aspx?all=1","Carbon County School District 2","2026-07-31"
59,"Substitute Classroom/Special Education Aide 2026/2027 School Year","2026-06-30","Substitute/","CCSD#2","https://www.applitrack.com/crb2/onlineapp/default.aspx?all=1","Carbon County School District 2","2026-07-31"
60,"Substitute Cook Helpers 2026/2027 School Year","2026-06-30","Substitute/","CCSD#2","https://www.applitrack.com/crb2/onlineapp/default.aspx?all=1","Carbon County School District 2","2026-07-31"
61,"Substitute Custodian 2026/2027 School Year","2026-06-30","Substitute/","CCSD#2","https://www.applitrack.com/crb2/onlineapp/default.aspx?all=1","Carbon County School District 2","2026-07-31"
62,"Substitute Teacher 2026/2027 School Year","2026-06-30","Substitute/","CCSD#2","https://www.applitrack.com/crb2/onlineapp/default.aspx?all=1","Carbon County School District 2","2026-07-31"
63,"Route Bus Driver","2025-12-02","Support Staff/","Encampment K-12","https://www.applitrack.com/crb2/onlineapp/default.aspx?all=1","Carbon County School District 2","2026-07-31"
64,"JH Assistant Girls Basketball Coach","2026-04-02","Athletics/Activities/","Glenrock Jr/Sr High School","https://www.applitrack.com/converse2/onlineapp/default.aspx?all=1","Converse County School Distrcit 2","2026-07-31"
65,"High School Assistant Football Coach","2026-04-13","Athletics/Activities/","Glenrock Jr/Sr High School","https://www.applitrack.com/converse2/onlineapp/default.aspx?all=1","Converse County School Distrcit 2","2026-07-31"
66,"Food Service Worker - Cook (Part -Time)","2026-07-14","Food Service/","Converse County School District #2","https://www.applitrack.com/converse2/onlineapp/default.aspx?all=1","Converse County School Distrcit 2","2026-07-31"
67,"Food Service Van Driver - (Part -Time)","2026-07-14","Food Service/","Converse County School District #2","https://www.applitrack.com/converse2/onlineapp/default.aspx?all=1","Converse County School Distrcit 2","2026-07-31"
68,"Occupational Therapist","2026-04-22","Student Support Services Certified/","Converse County School District #2","https://www.applitrack.com/converse2/onlineapp/default.aspx?all=1","Converse County School Distrcit 2","2026-07-31"
69,"Daycare Assistant","2026-07-14","Student Support Services Classified/","Grant Elementary School","https://www.applitrack.com/converse2/onlineapp/default.aspx?all=1","Converse County School Distrcit 2","2026-07-31"
70,"Special Education Paraprofessional","2026-04-30","Student Support Services Classified/","Converse County School District #2","https://www.applitrack.com/converse2/onlineapp/default.aspx?all=1","Converse County School Distrcit 2","2026-07-31"
71,"Substitute Teacher/Aid/Cook/Custodian/Bus Driver/Summer Help","2019-03-26","Substitute/","Converse County School District #2","https://www.applitrack.com/converse2/onlineapp/default.aspx?all=1","Converse County School Distrcit 2","2026-07-31"
72,"DMS Volleyball Aide","2026-07-01","Athletics/Activities/Extra Duty/","Activities Department","https://www.applitrack.com/ccsd1/onlineapp/default.aspx?all=1","Converse County School District 1","2026-07-31"
73,"DMS Custodian","2026-05-26","Maintenance/Custodial/","Maintenance","https://www.applitrack.com/ccsd1/onlineapp/default.aspx?all=1","Converse County School District 1","2026-07-31"
74,"DRC Lifeguard","2026-06-01","Student/","Douglas Recreation Center","https://www.applitrack.com/ccsd1/onlineapp/default.aspx?all=1","Converse County School District 1","2026-07-31"
75,"Occupational Therapist","2026-06-02","Student Support Services","Converse County School District #1","https://www.applitrack.com/ccsd1/onlineapp/default.aspx?all=1","Converse County School District 1","2026-07-31"
76,"Elementary SPED Teacher","2026-01-21","Student Support Services","Elementary Schools","https://www.applitrack.com/ccsd1/onlineapp/default.aspx?all=1","Converse County School District 1","2026-07-31"
77,"Secondary SPED Teacher","2026-01-21","Student Support Services","Douglas Middle/High School","https://www.applitrack.com/ccsd1/onlineapp/default.aspx?all=1","Converse County School District 1","2026-07-31"
78,"Certified Occupational Therapy Assistant (COTA)","2026-05-06","Student Support Services","Converse County School District #1","https://www.applitrack.com/ccsd1/onlineapp/default.aspx?all=1","Converse County School District 1","2026-07-31"
79,"CCSD#1 Paraprofessionals","2026-07-09","Support Staff/","Converse County School District #1","https://www.applitrack.com/ccsd1/onlineapp/default.aspx?all=1","Converse County School District 1","2026-07-31"
80,"Crossing Guard","2026-06-23","Transportation/","Transportation","https://www.applitrack.com/ccsd1/onlineapp/default.aspx?all=1","Converse County School District 1","2026-07-31"
81,"Substitute Crossing Guard","2026-06-23","Transportation/","Transportation","https://www.applitrack.com/ccsd1/onlineapp/default.aspx?all=1","Converse County School District 1","2026-07-31"
82,"Head 7th Volleyball Coach","2025-12-16","Athletics/Activities/","Lander Middle School","https://www.applitrack.com/fremontwy/onlineapp/jobpostings/view.asp?all=1","Fremont County School District 1","2026-07-31"
83,"Math Teacher","2026-07-21","Certified Teaching/","Pathfinder High School","https://www.applitrack.com/fremontwy/onlineapp/jobpostings/view.asp?all=1","Fremont County School District 1","2026-07-31"
84,"Special Education Life Skills Paraprofessional (Multiple Positions Available)","2026-07-29","Paraprofessional/","Baldwin Creek Elementary","https://www.applitrack.com/fremontwy/onlineapp/jobpostings/view.asp?all=1","Fremont County School District 1","2026-07-31"
85,"Special Education Paraprofessional","2026-07-07","Paraprofessional/","Gannett Peak Elementary","https://www.applitrack.com/fremontwy/onlineapp/jobpostings/view.asp?all=1","Fremont County School District 1","2026-07-31"
86,"SPED Behavior Paraprofessional (Multiple Positions)","2026-07-07","Paraprofessional/","Lander Middle School","https://www.applitrack.com/fremontwy/onlineapp/jobpostings/view.asp?all=1","Fremont County School District 1","2026-07-31"
87,"Extended Resource SPED Paraprofessional","2026-07-21","Paraprofessional/","Lander Valley High School","https://www.applitrack.com/fremontwy/onlineapp/jobpostings/view.asp?all=1","Fremont County School District 1","2026-07-31"
88,"Substitute - Classroom (At-will)","2026-07-06","Substitute/","District-wide","https://www.applitrack.com/fremontwy/onlineapp/jobpostings/view.asp?all=1","Fremont County School District 1","2026-07-31"
89,"Substitute Bus/Activity Driver (at-will)","2025-06-11","Substitute/","Central Services","https://www.applitrack.com/fremontwy/onlineapp/jobpostings/view.asp?all=1","Fremont County School District 1","2026-07-31"
90,"Substitute Bus/ Activity Driver (At-Will)","2026-07-06","Substitute/","Central Services","https://www.applitrack.com/fremontwy/onlineapp/jobpostings/view.asp?all=1","Fremont County School District 1","2026-07-31"
91,"Non-CDL Route Driver","2026-07-06","Transportation / Warehouse/","District-wide","https://www.applitrack.com/fremontwy/onlineapp/jobpostings/view.asp?all=1","Fremont County School District 1","2026-07-31"
92,"Special Education Director - Open Until Filled","2026-05-29","Administration/","Fremont County School District 21","https://www.applitrack.com/fortwashakieschool/onlineapp/default.aspx?all=1","Fremont County School District 21","2026-07-31"
93,"Northern Arapaho Language Teachers - Open Until Filled","2026-05-08","Elementary School Teaching/","Fremont County School District 21","https://www.applitrack.com/fortwashakieschool/onlineapp/default.aspx?all=1","Fremont County School District 21","2026-07-31"
94,"Substitute Cooks","2025-10-06","Student Support Services/","Fort Washakie Elementary","https://www.applitrack.com/fortwashakieschool/onlineapp/default.aspx?all=1","Fremont County School District 21","2026-07-31"
95,"Special Education Teachers - Open Until Filled.","2026-03-24","Student Support Services/","Fort Washakie Elementary","https://www.applitrack.com/fortwashakieschool/onlineapp/default.aspx?all=1","Fremont County School District 21","2026-07-31"
96,"Substitute Teacher","2023-09-12","Substitute/","Fort Washakie Elementary","https://www.applitrack.com/fortwashakieschool/onlineapp/default.aspx?all=1","Fremont County School District 21","2026-07-31"
97,"Paraprofessional (Special Education)","2026-03-24","Support Staff/","Fremont County School District 21","https://www.applitrack.com/fortwashakieschool/onlineapp/default.aspx?all=1","Fremont County School District 21","2026-07-31"
100,"High School Assistant Volleyball Coach","2025-03-24","Athletics/Activities","Wind River High School","https://www.applitrack.com/fre6/onlineapp/default.aspx?all=1","Fremont County School District 6","2026-07-31"
101,"HS Boys Boasketball Coach HEAD","2026-03-11","Athletics/Activities","Wind River Middle/High School","https://www.applitrack.com/fre6/onlineapp/default.aspx?all=1","Fremont County School District 6","2026-07-31"
102,"Assistant HS Girls Basketball Coach","2026-03-26","Athletics/Activities","Wind River High School","https://www.applitrack.com/fre6/onlineapp/default.aspx?all=1","Fremont County School District 6","2026-07-31"
103,"Assistant High School Boys Basketball Coach","2026-04-22","Athletics/Activities","Wind River Schools","https://www.applitrack.com/fre6/onlineapp/default.aspx?all=1","Fremont County School District 6","2026-07-31"
104,"Assistant HS Football Coach","2026-04-22","Athletics/Activities","Wind River Schools","https://www.applitrack.com/fre6/onlineapp/default.aspx?all=1","Fremont County School District 6","2026-07-31"
105,"Head HS Girls Basketball Coach","2026-05-13","Athletics/Activities","Wind River Middle/High School","https://www.applitrack.com/fre6/onlineapp/default.aspx?all=1","Fremont County School District 6","2026-07-31"
106,"Head HS Wrestling Coach","2026-05-15","Athletics/Activities","Wind River Middle/High School","https://www.applitrack.com/fre6/onlineapp/default.aspx?all=1","Fremont County School District 6","2026-07-31"
107,"Youth Volleyball Coach","2026-05-20","Athletics/Activities","Wind River Elementary","https://www.applitrack.com/fre6/onlineapp/default.aspx?all=1","Fremont County School District 6","2026-07-31"
108,"Grounds Keeper/Custodian","2026-04-23","Maintenance/Custodial/","Wind River Schools","https://www.applitrack.com/fre6/onlineapp/default.aspx?all=1","Fremont County School District 6","2026-07-31"
109,"Custodian","2026-05-12","Maintenance/Custodial/","Wind River Schools","https://www.applitrack.com/fre6/onlineapp/default.aspx?all=1","Fremont County School District 6","2026-07-31"
110,"Title 1 Paraprofessional","2026-06-23","Paraprofessional/","Wind River Elementary","https://www.applitrack.com/fre6/onlineapp/default.aspx?all=1","Fremont County School District 6","2026-07-31"
111,"Substitute Teacher","2024-08-20","Substitute/","Wind River Schools","https://www.applitrack.com/fre6/onlineapp/default.aspx?all=1","Fremont County School District 6","2026-07-31"
112,"Substitute Para/Custodian/Food Service","2024-11-14","Substitute/","Wind River Schools","https://www.applitrack.com/fre6/onlineapp/default.aspx?all=1","Fremont County School District 6","2026-07-31"
113,"Bus Driver","2026-05-19","Support Staff","Wind River Schools","https://www.applitrack.com/fre6/onlineapp/default.aspx?all=1","Fremont County School District 6","2026-07-31"
114,"Assistant High School Girls Basketball Coach","2026-05-15","Athletics/Activities/","Wyoming Indian High School","https://www.applitrack.com/fremont14/onlineapp/default.aspx?all=1","Fremont County School District 14","2026-07-31"
115,"High School Assistant Volleyball Coach","2026-05-15","Athletics/Activities/","Wyoming Indian High School","https://www.applitrack.com/fremont14/onlineapp/default.aspx?all=1","Fremont County School District 14","2026-07-31"
116,"High School Head Robotics Coach","2026-06-16","Athletics/Activities/","Wyoming Indian High School","https://www.applitrack.com/fremont14/onlineapp/default.aspx?all=1","Fremont County School District 14","2026-07-31"
117,"High School Assistant Robotics Coach","2026-06-16","Athletics/Activities/","Wyoming Indian High School","https://www.applitrack.com/fremont14/onlineapp/default.aspx?all=1","Fremont County School District 14","2026-07-31"
118,"Substitute School Nurse","2020-07-23","Student Health Services/","District Wide","https://www.applitrack.com/fremont14/onlineapp/default.aspx?all=1","Fremont County School District 14","2026-07-31"
119,"Substitute Teacher - Classroom","2018-10-09","Substitute Certified/","District Wide","https://www.applitrack.com/fremont14/onlineapp/default.aspx?all=1","Fremont County School District 14","2026-07-31"
120,"Substitute School Secretary","2026-02-06","Substitute Non Certified","District Wide","https://www.applitrack.com/fremont14/onlineapp/default.aspx?all=1","Fremont County School District 14","2026-07-31"
121,"Substitute Cook","2018-10-10","Substitute Non Certified/","District Wide","https://www.applitrack.com/fremont14/onlineapp/default.aspx?all=1","Fremont County School District 14","2026-07-31"
122,"Substitute Custodian","2019-09-09","Substitute Non Certified/","District Wide","https://www.applitrack.com/fremont14/onlineapp/default.aspx?all=1","Fremont County School District 14","2026-07-31"
123,"Bus Driver","2023-09-18","Transportation/","District Wide","https://www.applitrack.com/fremont14/onlineapp/default.aspx?all=1","Fremont County School District 14","2026-07-31"
124,"Substitute Bus Driver","2021-07-09","Transportation/","District Wide","https://www.applitrack.com/fremont14/onlineapp/default.aspx?all=1","Fremont County School District 14","2026-07-31"
126,"Freshman Football Coach","2026-06-01","Athletics/Activities/","Powell High School","https://www.applitrack.com/park1/onlineapp/default.aspx?all=1","Park County School District 1","2026-07-31"
127,"Associate Custodian - Night Shift","2026-06-18","Maintenance/Custodial/","Powell Middle School","https://www.applitrack.com/park1/onlineapp/default.aspx?all=1","Park County School District 1","2026-07-31"
128,"Clerk/Paraeducator","2026-07-16","Para-Educator","Powell Virtual School","https://www.applitrack.com/park1/onlineapp/default.aspx?all=1","Park County School District 1","2026-07-31"
129,"Bus Paraeducator","2026-06-17","Para-Educator","Transportation Department","https://www.applitrack.com/park1/onlineapp/default.aspx?all=1","Park County School District 1","2026-07-31"
130,"Job Coach Paraeducator","2026-06-25","Para-Educator/","Powell High School","https://www.applitrack.com/park1/onlineapp/default.aspx?all=1","Park County School District 1","2026-07-31"
131,"IMC Clerk","2026-07-20","Para-Educator/","Powell High School","https://www.applitrack.com/park1/onlineapp/default.aspx?all=1","Park County School District 1","2026-07-31"
132,"Elementary Paraeducators","2026-06-17","Para-Educator/","Parkside Elementary School","https://www.applitrack.com/park1/onlineapp/default.aspx?all=1","Park County School District 1","2026-07-31"
133,"Elementary Paraeducators","2026-06-17","Para-Educator/","Southside Elementary School","https://www.applitrack.com/park1/onlineapp/default.aspx?all=1","Park County School District 1","2026-07-31"
134,"Elementary Paraeducator","2026-06-17","Para-Educator/","Westside Elementary School","https://www.applitrack.com/park1/onlineapp/default.aspx?all=1","Park County School District 1","2026-07-31"
135,"Special Education Paraeducator","2026-06-17","Para-Educator/","Southside Elementary School","https://www.applitrack.com/park1/onlineapp/default.aspx?all=1","Park County School District 1","2026-07-31"
136,"Substitute School Nurse","2025-09-18","Student Support Services/","District-Wide K-12","https://www.applitrack.com/park1/onlineapp/default.aspx?all=1","Park County School District 1","2026-07-31"
137,"Substitute Custodian","2024-07-03","Substitute Support Services/","District-Wide K-12","https://www.applitrack.com/park1/onlineapp/default.aspx?all=1","Park County School District 1","2026-07-31"
138,"Substitute Bus Driver","2021-09-27","Transportation/","Transportation Department","https://www.applitrack.com/park1/onlineapp/default.aspx?all=1","Park County School District 1","2026-07-31"
139,"Bus Route Driver - Clark Elementary School - Clark, WY","2026-06-17","Transportation/","Transportation Department","https://www.applitrack.com/park1/onlineapp/default.aspx?all=1","Park County School District 1","2026-07-31"
140,"Route Bus Driver","2026-06-17","Transportation/","Transportation Department","https://www.applitrack.com/park1/onlineapp/default.aspx?all=1","Park County School District 1","2026-07-31"
141,"Assistant Girls Volleyball Coach (6) Positions","2026-06-01","Athletics/Activities/","Cody High School","https://www.applitrack.com/park6/onlineapp/default.aspx?all=1","Park County School District 6","2026-07-31"
142,"Middle School Volleyball Coach","2026-07-28","Athletics/Activities/","Cody Middle School","https://www.applitrack.com/park6/onlineapp/default.aspx?all=1","Park County School District 6","2026-07-31"
143,"High School Assistant Football Coach","2026-07-28","Athletics/Activities/","Cody High School","https://www.applitrack.com/park6/onlineapp/default.aspx?all=1","Park County School District 6","2026-07-31"
144,"Middle School Assistant Football Coach","2026-07-28","Athletics/Activities/","Cody Middle School","https://www.applitrack.com/park6/onlineapp/default.aspx?all=1","Park County School District 6","2026-07-31"
145,"School Nutrition Assistant (Part Time)","2026-07-21","Food Services/","Sunset Elementary School","https://www.applitrack.com/park6/onlineapp/default.aspx?all=1","Park County School District 6","2026-07-31"
146,"Custodian","2026-04-10","Maintenance/Custodial/","Cody High School","https://www.applitrack.com/park6/onlineapp/default.aspx?all=1","Park County School District 6","2026-07-31"
147,"Life Skills Teacher","2026-03-27","Student Support Services/","Cody High School","https://www.applitrack.com/park6/onlineapp/default.aspx?all=1","Park County School District 6","2026-07-31"
148,"ASD Special Education Teacher","2026-03-27","Student Support Services/","Cody Middle School","https://www.applitrack.com/park6/onlineapp/default.aspx?all=1","Park County School District 6","2026-07-31"
149,"ASD Special Education Teacher","2026-05-27","Student Support Services/","Livingston Elementary School","https://www.applitrack.com/park6/onlineapp/default.aspx?all=1","Park County School District 6","2026-07-31"
150,"Elementary Special Education Resource Teacher","2026-02-06","Student Support Services/","Eastside Elementary School","https://www.applitrack.com/park6/onlineapp/default.aspx?all=1","Park County School District 6","2026-07-31"
151,"Substitute Paraeducator (Aide) 2026-2027 School Year","2026-07-13","Substitute/","All Schools","https://www.applitrack.com/park6/onlineapp/default.aspx?all=1","Park County School District 6","2026-07-31"
152,"Substitute Nurse 2026-2027 School Year","2026-07-13","Substitute/","All Schools","https://www.applitrack.com/park6/onlineapp/default.aspx?all=1","Park County School District 6","2026-07-31"
153,"Substitute Custodian 2026-2027 School Year","2026-07-08","Substitute/","All Schools","https://www.applitrack.com/park6/onlineapp/default.aspx?all=1","Park County School District 6","2026-07-31"
154,"Substitute Teacher 2026-2027 School Year","2026-07-13","Substitute/","All Schools","https://www.applitrack.com/park6/onlineapp/default.aspx?all=1","Park County School District 6","2026-07-31"
155,"Special Education Behavior Paraeducator","2026-07-16","Support Staff/","All Schools","https://www.applitrack.com/park6/onlineapp/default.aspx?all=1","Park County School District 6","2026-07-31"
156,"Special Education Life Skills Paraeducator","2026-07-16","Support Staff/","All Schools","https://www.applitrack.com/park6/onlineapp/default.aspx?all=1","Park County School District 6","2026-07-31"
157,"Special Education Resource Paraeducator","2026-07-16","Support Staff/","All Schools","https://www.applitrack.com/park6/onlineapp/default.aspx?all=1","Park County School District 6","2026-07-31"
158,"ELL Para Educator - Part Time","2026-07-16","Support Staff/","All Schools","https://www.applitrack.com/park6/onlineapp/default.aspx?all=1","Park County School District 6","2026-07-31"
159,"Rural School Paraeducator","2026-06-17","Support Staff/","Valley Elementary School","https://www.applitrack.com/park6/onlineapp/default.aspx?all=1","Park County School District 6","2026-07-31"
160,"Kinderboost Elementary Para Educator (Part Time)","2026-07-28","Support Staff/","District Office","https://www.applitrack.com/park6/onlineapp/default.aspx?all=1","Park County School District 6","2026-07-31"
161,"Permanent Support Specialist - Special Education","2026-07-28","Support Staff/","District Wide","https://www.applitrack.com/park6/onlineapp/default.aspx?all=1","Park County School District 6","2026-07-31"
162,"Bus Aide","2026-07-16","Transportation","All Schools","https://www.applitrack.com/park6/onlineapp/default.aspx?all=1","Park County School District 6","2026-07-31"
163,"Route Driver","2026-07-16","Transportation","All Schools","https://www.applitrack.com/park6/onlineapp/default.aspx?all=1","Park County School District 6","2026-07-31"
164,"Crossing Guard","2026-07-16","Transportation/","All Schools","https://www.applitrack.com/park6/onlineapp/default.aspx?all=1","Park County School District 6","2026-07-31"
165,"TRE Cook","2026-06-08","Food Service/","Tongue River Elementary","https://www.applitrack.com/sheridanwy/onlineapp/default.aspx?all=1","Sheridan County School District 1","2026-07-31"
166,"Tongue River Custodian","2026-07-23","Maintenance/Custodial/","TR Schools","https://www.applitrack.com/sheridanwy/onlineapp/default.aspx?all=1","Sheridan County School District 1","2026-07-31"
167,"TRE Paraprofessional","2026-07-22","Support Staff/","Tongue River Elementary","https://www.applitrack.com/sheridanwy/onlineapp/default.aspx?all=1","Sheridan County School District 1","2026-07-31"
168,"TRMS Assistant Wrestling Coach","2026-06-29","Athletics/Activities/","Tongue River Middle School","https://www.applitrack.com/sheridanwy/onlineapp/default.aspx?all=1","Sheridan County School District 1","2026-07-31"
169,"TRMS Assistant Cross-Country Coach","2026-02-04","Athletics/Activities/","Tongue River Middle School","https://www.applitrack.com/sheridanwy/onlineapp/default.aspx?all=1","Sheridan County School District 1","2026-07-31"
170,"TRMS Assistant Volleyball Coach","2026-02-04","Athletics/Activities/","Tongue River Middle School","https://www.applitrack.com/sheridanwy/onlineapp/default.aspx?all=1","Sheridan County School District 1","2026-07-31"
171,"TRHS Assistant Boys Basketball Coach","2026-05-05","Athletics/Activities/","Tongue River High School","https://www.applitrack.com/sheridanwy/onlineapp/default.aspx?all=1","Sheridan County School District 1","2026-07-31"
172,"Big Horn Custodian","2025-12-08","Maintenance/Custodial/","Big Horn High School","https://www.applitrack.com/sheridanwy/onlineapp/default.aspx?all=1","Sheridan County School District 1","2026-07-31"
173,"Bus Driver","2025-04-01","Transportation/","District-Wide","https://www.applitrack.com/sheridanwy/onlineapp/default.aspx?all=1","Sheridan County School District 1","2026-07-31"
174,"TRMS Assistant Girls Basketball Coach","2025-05-20","Athletics/Activities/","Tongue River Middle School","https://www.applitrack.com/sheridanwy/onlineapp/default.aspx?all=1","Sheridan County School District 1","2026-07-31"
175,"TRHS Assistant Track Coach","2025-06-03","Athletics/Activities/","Tongue River High School","https://www.applitrack.com/sheridanwy/onlineapp/default.aspx?all=1","Sheridan County School District 1","2026-07-31"
176,"TRMS Assistant Robotics Coach","2025-08-12","Athletics/Activities/","Tongue River Middle School","https://www.applitrack.com/sheridanwy/onlineapp/default.aspx?all=1","Sheridan County School District 1","2026-07-31"
177,"Substitute - Support Staff","2018-07-03","Substitute/","District-Wide","https://www.applitrack.com/sheridanwy/onlineapp/default.aspx?all=1","Sheridan County School District 1","2026-07-31"
178,"Substitute - Teacher","2018-07-09","Substitute/","District-Wide","https://www.applitrack.com/sheridanwy/onlineapp/default.aspx?all=1","Sheridan County School District 1","2026-07-31"
179,"Spring Musical Director - Sheridan High School","2026-06-10","Activities","Sheridan High School","https://www.applitrack.com/scsd2/OnlineApp/default.aspx?all=1","Sheridan County School District 2","2026-07-31"
180,"After School Program Site Coordinator - Highland Park Elementary","2026-05-12","After School Program/","Highland Park","https://www.applitrack.com/scsd2/OnlineApp/default.aspx?all=1","Sheridan County School District 2","2026-07-31"
181,"Assistant Volleyball Coach - 8th Grade Girls - Sheridan Junior High School","2026-03-30","Athletic Coaches","Sheridan Junior High School","https://www.applitrack.com/scsd2/OnlineApp/default.aspx?all=1","Sheridan County School District 2","2026-07-31"
182,"Assistant Football Coach 8th Grade - Sheridan Junior High School","2026-04-21","Athletic Coaches","Sheridan Junior High School","https://www.applitrack.com/scsd2/OnlineApp/default.aspx?all=1","Sheridan County School District 2","2026-07-31"
183,"Assistant Basketball Coach - 9th Grade B Team - Sheridan High School","2026-02-10","Athletic Coaches","Sheridan High School","https://www.applitrack.com/scsd2/OnlineApp/default.aspx?all=1","Sheridan County School District 2","2026-07-31"
184,"Assistant Wrestling Coach - Sheridan Junior High School","2026-01-14","Athletic Coaches","Sheridan Junior High School","https://www.applitrack.com/scsd2/OnlineApp/default.aspx?all=1","Sheridan County School District 2","2026-07-31"
185,"Girls Assistant Volleyball Coach - 7th Grade B Team - Sheridan Junior High School","2026-03-12","Athletic Coaches","Sheridan Junior High School","https://www.applitrack.com/scsd2/OnlineApp/default.aspx?all=1","Sheridan County School District 2","2026-07-31"
186,"Girls Basketball Coach - 7th Grade C Team - Sheridan Junior High School","2026-03-12","Athletic Coaches","Sheridan Junior High School","https://www.applitrack.com/scsd2/OnlineApp/default.aspx?all=1","Sheridan County School District 2","2026-07-31"
187,"Sheridan High School Assistant Girls Soccer Coach","2026-06-08","Athletic Coaches","Sheridan High School","https://www.applitrack.com/scsd2/OnlineApp/default.aspx?all=1","Sheridan County School District 2","2026-07-31"
188,"SHS Assistant Softball Coach","2026-06-08","Athletic Coaches","Sheridan High School","https://www.applitrack.com/scsd2/OnlineApp/default.aspx?all=1","Sheridan County School District 2","2026-07-31"
189,"Assistant Indoor/Outdoor Track- Throws Coach","2026-07-07","Athletic Coaches","Sheridan High School","https://www.applitrack.com/scsd2/OnlineApp/default.aspx?all=1","Sheridan County School District 2","2026-07-31"
190,"Head Football Coach - 7th Grade Boys - Sheridan Junior High School","2026-01-29","Athletic Coaches/","Sheridan Junior High School","https://www.applitrack.com/scsd2/OnlineApp/default.aspx?all=1","Sheridan County School District 2","2026-07-31"
191,"Head Basketball Coach - Boys 7th Grade - Sheridan Junior High School","2026-04-21","Athletic Coaches/","Sheridan Junior High School","https://www.applitrack.com/scsd2/OnlineApp/default.aspx?all=1","Sheridan County School District 2","2026-07-31"
192,"Head 8th Grade Football Coach - Sheridan Junior High School","2026-05-06","Athletic Coaches/","Sheridan Junior High School","https://www.applitrack.com/scsd2/OnlineApp/default.aspx?all=1","Sheridan County School District 2","2026-07-31"
193,"Kitchen Supervisor - Henry A. Coffeen Elementary","2026-06-10","Food Services Staff/","Henry A. Coffeen","https://www.applitrack.com/scsd2/OnlineApp/default.aspx?all=1","Sheridan County School District 2","2026-07-31"
194,"Second Cook - Sheridan Junior High School","2026-06-10","Food Services Staff/","Sheridan Junior High School","https://www.applitrack.com/scsd2/OnlineApp/default.aspx?all=1","Sheridan County School District 2","2026-07-31"
195,"Title 1 Paraprofessional - Henry A. Coffeen Elementary","2026-07-10","Paraprofessionals","Henry A. Coffeen","https://www.applitrack.com/scsd2/OnlineApp/default.aspx?all=1","Sheridan County School District 2","2026-07-31"
196,"Special Education Paraprofessional - Henry A. Coffeen Elementary","2026-05-21","Paraprofessionals","Henry A. Coffeen","https://www.applitrack.com/scsd2/OnlineApp/default.aspx?all=1","Sheridan County School District 2","2026-07-31"
197,"English Language /Special Education Paraprofessional - Highland Park Elementary","2026-06-01","Paraprofessionals","Highland Park","https://www.applitrack.com/scsd2/OnlineApp/default.aspx?all=1","Sheridan County School District 2","2026-07-31"
198,"Substitute Teacher (for prior SCSD2 Teachers only)","2026-07-17","Prior Employee/","District Wide","https://www.applitrack.com/scsd2/OnlineApp/default.aspx?all=1","Sheridan County School District 2","2026-07-31"
199,"Seasonal Bus Mechanic","2026-03-27","Seasonal Staff","Bus Barn","https://www.applitrack.com/scsd2/OnlineApp/default.aspx?all=1","Sheridan County School District 2","2026-07-31"
200,"Substitute Custodian - Districtwide","2024-08-29","Substitutes","District Wide","https://www.applitrack.com/scsd2/OnlineApp/default.aspx?all=1","Sheridan County School District 2","2026-07-31"
201,"Substitute Bus Paraprofessional - Districtwide","2025-04-28","Substitutes","Bus Barn","https://www.applitrack.com/scsd2/OnlineApp/default.aspx?all=1","Sheridan County School District 2","2026-07-31"
202,"Substitute Paraprofessional - Districtwide","2026-07-17","Substitutes","District Wide","https://www.applitrack.com/scsd2/OnlineApp/default.aspx?all=1","Sheridan County School District 2","2026-07-31"
203,"Substitute School Nurse - Districtwide","2026-07-17","Substitutes","District Wide","https://www.applitrack.com/scsd2/OnlineApp/default.aspx?all=1","Sheridan County School District 2","2026-07-31"
204,"Substitute Teacher - Districtwide","2026-07-17","Substitutes/","District Wide","https://www.applitrack.com/scsd2/OnlineApp/default.aspx?all=1","Sheridan County School District 2","2026-07-31"
205,"IT Summer Intern","2026-06-04","Technology Staff/","Thore","https://www.applitrack.com/scsd2/OnlineApp/default.aspx?all=1","Sheridan County School District 2","2026-07-31"
206,"Bus Driver - Districtwide","2026-05-07","Transportation Staff","Bus Barn","https://www.applitrack.com/scsd2/OnlineApp/default.aspx?all=1","Sheridan County School District 2","2026-07-31"
207,"Substitute Bus Driver","2025-10-07","Transportation Staff","Bus Barn","https://www.applitrack.com/scsd2/OnlineApp/default.aspx?all=1","Sheridan County School District 2","2026-07-31"
208,"RSHS Head Activity Sponsor - FBLA","2026-07-02","Athletics/Activities/","Rock Springs High School","https://www.applitrack.com/sweetwater/onlineapp/default.aspx?all=1","Sweetwater County School District 1","2026-07-31"
209,"RSHS Assistant Coach - Boys Swim","2026-06-24","Athletics/Activities/","Rock Springs High School","https://www.applitrack.com/sweetwater/onlineapp/default.aspx?all=1","Sweetwater County School District 1","2026-07-31"
210,"RSHS Assistant Coach - Girls Swim","2026-06-24","Athletics/Activities/","Rock Springs High School","https://www.applitrack.com/sweetwater/onlineapp/default.aspx?all=1","Sweetwater County School District 1","2026-07-31"
211,"RSHS Assistant Outdoor Track Coach (2)","2026-05-12","Athletics/Activities/","Rock Springs High School","https://www.applitrack.com/sweetwater/onlineapp/default.aspx?all=1","Sweetwater County School District 1","2026-07-31"
212,"RSJH Assistant Coach - Swim","2026-06-01","Athletics/Activities/","Rock Springs Junior High School","https://www.applitrack.com/sweetwater/onlineapp/default.aspx?all=1","Sweetwater County School District 1","2026-07-31"
213,"RSHS Assistant Girls Basketball Coach - Freshman","2026-07-21","Athletics/Activities/","Rock Springs High School","https://www.applitrack.com/sweetwater/onlineapp/default.aspx?all=1","Sweetwater County School District 1","2026-07-31"
214,"FEMS-FEHS Assistant Coach - Football","2025-03-03","Athletics/Activities/","Farson-Eden High School","https://www.applitrack.com/sweetwater/onlineapp/default.aspx?all=1","Sweetwater County School District 1","2026-07-31"
215,"RSJH Assistant Football Coach - 7th Grade","2026-02-10","Athletics/Activities/","Rock Springs Junior High School","https://www.applitrack.com/sweetwater/onlineapp/default.aspx?all=1","Sweetwater County School District 1","2026-07-31"
216,"RSHS Assistant Indoor Track Coach (3)","2026-03-10","Athletics/Activities/","Rock Springs High School","https://www.applitrack.com/sweetwater/onlineapp/default.aspx?all=1","Sweetwater County School District 1","2026-07-31"
217,"RSHS Assistant Boys Basketball Coach - (2)","2026-03-19","Athletics/Activities/","Rock Springs High School","https://www.applitrack.com/sweetwater/onlineapp/default.aspx?all=1","Sweetwater County School District 1","2026-07-31"
218,"Farson/Eden MS Boys Assistant Basketball Coach","2026-04-21","Athletics/Activities/","Farson-Eden Middle School","https://www.applitrack.com/sweetwater/onlineapp/default.aspx?all=1","Sweetwater County School District 1","2026-07-31"
219,"RSJH Assistant Coach - Track and Field","2026-04-28","Athletics/Activities/","Rock Springs Junior High School","https://www.applitrack.com/sweetwater/onlineapp/default.aspx?all=1","Sweetwater County School District 1","2026-07-31"
220,"In-House General Counsel","2026-07-21","Certified Administrator/","Superintendent Office","https://www.applitrack.com/sweetwater/onlineapp/default.aspx?all=1","Sweetwater County School District 1","2026-07-31"
221,"Business Teacher","2026-07-22","Certified Staff/","Rock Springs High School","https://www.applitrack.com/sweetwater/onlineapp/default.aspx?all=1","Sweetwater County School District 1","2026-07-31"
222,"EL Teacher - Desert View / Overland","2026-07-28","Certified Staff/","Desert View Elementary","https://www.applitrack.com/sweetwater/onlineapp/default.aspx?all=1","Sweetwater County School District 1","2026-07-31"
223,"EL Teacher","2026-05-13","Certified Staff/","Eastside Elementary","https://www.applitrack.com/sweetwater/onlineapp/default.aspx?all=1","Sweetwater County School District 1","2026-07-31"
224,"English/Language Arts","2026-04-20","Certified Staff/","Rock Springs Junior High School","https://www.applitrack.com/sweetwater/onlineapp/default.aspx?all=1","Sweetwater County School District 1","2026-07-31"
225,"Family and Consumer Science Teacher","2026-07-08","Certified Staff/","Rock Springs Junior High School","https://www.applitrack.com/sweetwater/onlineapp/default.aspx?all=1","Sweetwater County School District 1","2026-07-31"
226,"Industrial Arts - Welding","2026-05-04","Certified Staff/","Rock Springs High School","https://www.applitrack.com/sweetwater/onlineapp/default.aspx?all=1","Sweetwater County School District 1","2026-07-31"
227,"Literacy Interventionist","2026-07-22","Certified Staff/","Rock Springs High School","https://www.applitrack.com/sweetwater/onlineapp/default.aspx?all=1","Sweetwater County School District 1","2026-07-31"
228,"Library Media Specialist K-3 (Stagecoach and Wamsutter)","2025-11-03","Certified Staff/","District Wide","https://www.applitrack.com/sweetwater/onlineapp/default.aspx?all=1","Sweetwater County School District 1","2026-07-31"
229,"Music Teacher 4-6 (2)","2025-11-06","Certified Staff/","District Wide","https://www.applitrack.com/sweetwater/onlineapp/default.aspx?all=1","Sweetwater County School District 1","2026-07-31"
230,"Music Teacher K-3 (2)","2025-11-06","Certified Staff/","District Wide","https://www.applitrack.com/sweetwater/onlineapp/default.aspx?all=1","Sweetwater County School District 1","2026-07-31"
231,"School Psychologist (5)","2026-03-31","Certified Staff/","District Wide","https://www.applitrack.com/sweetwater/onlineapp/default.aspx?all=1","Sweetwater County School District 1","2026-07-31"
232,"Social Studies Teacher","2026-07-21","Certified Staff/","Rock Springs High School","https://www.applitrack.com/sweetwater/onlineapp/default.aspx?all=1","Sweetwater County School District 1","2026-07-31"
233,"Social Worker","2026-05-20","Certified Staff/","Lowell School","https://www.applitrack.com/sweetwater/onlineapp/default.aspx?all=1","Sweetwater County School District 1","2026-07-31"
234,"At-Risk Coordinator","2026-06-10","Certified Staff/","Rock Springs High School","https://www.applitrack.com/sweetwater/onlineapp/default.aspx?all=1","Sweetwater County School District 1","2026-07-31"
235,"Resource Teacher (2)","2026-04-08","Certified Staff/","Rock Springs Junior High School","https://www.applitrack.com/sweetwater/onlineapp/default.aspx?all=1","Sweetwater County School District 1","2026-07-31"
236,"Resource Teacher","2025-11-03","Certified Staff/","Desert Elementary (Wamsutter)","https://www.applitrack.com/sweetwater/onlineapp/default.aspx?all=1","Sweetwater County School District 1","2026-07-31"
237,"Special Education - Resource Teacher (2)","2025-11-04","Certified Staff/","Eastside Elementary","https://www.applitrack.com/sweetwater/onlineapp/default.aspx?all=1","Sweetwater County School District 1","2026-07-31"
238,"Resource Teacher","2025-11-04","Certified Staff/","Overland Elementary","https://www.applitrack.com/sweetwater/onlineapp/default.aspx?all=1","Sweetwater County School District 1","2026-07-31"
239,"Resource Teacher","2025-11-04","Certified Staff/","Pilot Butte Elementary","https://www.applitrack.com/sweetwater/onlineapp/default.aspx?all=1","Sweetwater County School District 1","2026-07-31"
240,"Speech and Language Pathologist (3)","2026-03-31","Certified Staff/","District Wide","https://www.applitrack.com/sweetwater/onlineapp/default.aspx?all=1","Sweetwater County School District 1","2026-07-31"
241,"Full-Time Position: Custodian / Nutrition Services","2026-07-29","Combined Positions","Farson Schools","https://www.applitrack.com/sweetwater/onlineapp/default.aspx?all=1","Sweetwater County School District 1","2026-07-31"
242,"Full-Time Daycare Assistant and Preschool Teacher Assistant","2026-06-16","Daycare/","Overland Elementary","https://www.applitrack.com/sweetwater/onlineapp/default.aspx?all=1","Sweetwater County School District 1","2026-07-31"
243,"Family Advocate","2026-07-15","Head Start","Overland Elementary","https://www.applitrack.com/sweetwater/onlineapp/default.aspx?all=1","Sweetwater County School District 1","2026-07-31"
244,"Substitute - Head Start","2018-06-12","Head Start","Overland Elementary","https://www.applitrack.com/sweetwater/onlineapp/default.aspx?all=1","Sweetwater County School District 1","2026-07-31"
245,"Head Start Part-Time Building Aide","2026-07-14","Head Start/","Overland Elementary","https://www.applitrack.com/sweetwater/onlineapp/default.aspx?all=1","Sweetwater County School District 1","2026-07-31"
246,"Full-Time Custodian","2026-07-21","Maintenance/Custodial/","Rock Springs Junior High School","https://www.applitrack.com/sweetwater/onlineapp/default.aspx?all=1","Sweetwater County School District 1","2026-07-31"
247,"Full-Time Custodian","2026-06-02","Maintenance/Custodial/","Farson Schools","https://www.applitrack.com/sweetwater/onlineapp/default.aspx?all=1","Sweetwater County School District 1","2026-07-31"
248,"Lead Custodian","2026-07-27","Maintenance/Custodial/","Northpark Elementary","https://www.applitrack.com/sweetwater/onlineapp/default.aspx?all=1","Sweetwater County School District 1","2026-07-31"
249,"Accountant I","2026-07-27","Non-Certified Administrator/","Central Administration","https://www.applitrack.com/sweetwater/onlineapp/default.aspx?all=1","Sweetwater County School District 1","2026-07-31"
250,"Nutrition Services Manager","2026-05-19","Nutrition Services/","Rock Springs Junior High School","https://www.applitrack.com/sweetwater/onlineapp/default.aspx?all=1","Sweetwater County School District 1","2026-07-31"
251,"Nutrition Services Substitute","2026-06-09","Nutrition Services/","District Wide","https://www.applitrack.com/sweetwater/onlineapp/default.aspx?all=1","Sweetwater County School District 1","2026-07-31"
252,"Classroom Paraprofessional","2026-05-04","Paraprofessional/","Rock Springs High School","https://www.applitrack.com/sweetwater/onlineapp/default.aspx?all=1","Sweetwater County School District 1","2026-07-31"
253,"ELL Paraprofessional","2026-03-23","Paraprofessional/","Walnut Elementary","https://www.applitrack.com/sweetwater/onlineapp/default.aspx?all=1","Sweetwater County School District 1","2026-07-31"
254,"ELL Paraprofessional","2026-01-29","Paraprofessional/","Desert View Elementary","https://www.applitrack.com/sweetwater/onlineapp/default.aspx?all=1","Sweetwater County School District 1","2026-07-31"
255,"ELL Paraprofessional","2025-12-01","Paraprofessional/","Rock Springs Junior High School","https://www.applitrack.com/sweetwater/onlineapp/default.aspx?all=1","Sweetwater County School District 1","2026-07-31"
256,"Itinerant Paraprofessional/Testing Assistant (4)","2026-05-05","Paraprofessional/","District Wide","https://www.applitrack.com/sweetwater/onlineapp/default.aspx?all=1","Sweetwater County School District 1","2026-07-31"
257,"Resource Room Paraprofessional","2025-08-21","Paraprofessional/","Rock Springs Satellite High School","https://www.applitrack.com/sweetwater/onlineapp/default.aspx?all=1","Sweetwater County School District 1","2026-07-31"
258,"Resource Paraprofessional","2026-07-02","Paraprofessional/","Rock Springs Junior High","https://www.applitrack.com/sweetwater/onlineapp/default.aspx?all=1","Sweetwater County School District 1","2026-07-31"
259,"Resource Room Paraprofessional (3)","2026-06-02","Paraprofessional/","Rock Springs High School","https://www.applitrack.com/sweetwater/onlineapp/default.aspx?all=1","Sweetwater County School District 1","2026-07-31"
260,"Special Programs One-on-One Paraprofessional","2026-05-12","Paraprofessional/","Sage Elementary","https://www.applitrack.com/sweetwater/onlineapp/default.aspx?all=1","Sweetwater County School District 1","2026-07-31"
261,"One-On-One Paraprofessional","2026-05-18","Paraprofessional/","Rock Springs High School","https://www.applitrack.com/sweetwater/onlineapp/default.aspx?all=1","Sweetwater County School District 1","2026-07-31"
262,"Special Programs Paraprofessional (18-21 Program)","2026-06-02","Paraprofessional/","Lowell School","https://www.applitrack.com/sweetwater/onlineapp/default.aspx?all=1","Sweetwater County School District 1","2026-07-31"
263,"Special Programs Paraprofessional (Alternative Communications Program)","2026-07-14","Paraprofessional/","Rock Springs Junior High School","https://www.applitrack.com/sweetwater/onlineapp/default.aspx?all=1","Sweetwater County School District 1","2026-07-31"
264,"Alternate Behavior Paraprofessional","2026-04-16","Paraprofessional/","Sage Elementary","https://www.applitrack.com/sweetwater/onlineapp/default.aspx?all=1","Sweetwater County School District 1","2026-07-31"
265,"Alternate Academic Special Programs One-on-One Paraprofessional","2026-03-16","Paraprofessional/","Eastside Elementary","https://www.applitrack.com/sweetwater/onlineapp/default.aspx?all=1","Sweetwater County School District 1","2026-07-31"
266,"One-On-One Paraprofessional","2026-03-16","Paraprofessional/","Eastside Elementary","https://www.applitrack.com/sweetwater/onlineapp/default.aspx?all=1","Sweetwater County School District 1","2026-07-31"
267,"Special Programs Paraprofessional (Alternative Communications Program)","2026-02-18","Paraprofessional/","Rock Springs Junior High School","https://www.applitrack.com/sweetwater/onlineapp/default.aspx?all=1","Sweetwater County School District 1","2026-07-31"
268,"Certified Substitute School Nurse","2019-10-03","Substitute","District Wide","https://www.applitrack.com/sweetwater/onlineapp/default.aspx?all=1","Sweetwater County School District 1","2026-07-31"
269,"BOCES Part Time Building Substitute Teacher (2) - One Year Only","2025-06-05","Substitute/","Overland Elementary","https://www.applitrack.com/sweetwater/onlineapp/default.aspx?all=1","Sweetwater County School District 1","2026-07-31"
270,"2026-2027 Substitute Teacher - Part-Time","2026-07-06","Substitute/","District Wide","https://www.applitrack.com/sweetwater/onlineapp/default.aspx?all=1","Sweetwater County School District 1","2026-07-31"
271,"Bus Aide","2026-02-04","Transportation/","Transportation","https://www.applitrack.com/sweetwater/onlineapp/default.aspx?all=1","Sweetwater County School District 1","2026-07-31"
272,"Part-Time Bus Driver (26 Hours/Week)","2026-01-19","Transportation/","Transportation","https://www.applitrack.com/sweetwater/onlineapp/default.aspx?all=1","Sweetwater County School District 1","2026-07-31"
273,"Substitute Bus Driver","2026-07-28","Transportation/","Transportation","https://www.applitrack.com/sweetwater/onlineapp/default.aspx?all=1","Sweetwater County School District 1","2026-07-31"
274,"GRHS Asst Boys Swimming Diving Coach","2026-04-10","Athletics/Activities/","Green River High School","https://www.applitrack.com/swcsd2/onlineapp/default.aspx?all=1","Sweetwater County School District 2","2026-07-31"
275,"GRHS Assistant Girls Wrestling Coach","2026-04-10","Athletics/Activities/","Green River High School","https://www.applitrack.com/swcsd2/onlineapp/default.aspx?all=1","Sweetwater County School District 2","2026-07-31"
276,"Lincoln Middle School Assistant Boys Swimming Coach","2026-04-10","Athletics/Activities/","Green River High School","https://www.applitrack.com/swcsd2/onlineapp/default.aspx?all=1","Sweetwater County School District 2","2026-07-31"
277,"GRHS Asst Girls Swimming Diving Coach","2026-05-28","Athletics/Activities/","Green River High School","https://www.applitrack.com/swcsd2/onlineapp/default.aspx?all=1","Sweetwater County School District 2","2026-07-31"
278,"GRHS Assistant Boys Basketball Coach","2026-05-29","Athletics/Activities/","Green River High School","https://www.applitrack.com/swcsd2/onlineapp/default.aspx?all=1","Sweetwater County School District 2","2026-07-31"
279,"GRHS Assistant Girls Soccer Coach","2025-06-05","Athletics/Activities/","Green River High School","https://www.applitrack.com/swcsd2/onlineapp/default.aspx?all=1","Sweetwater County School District 2","2026-07-31"
280,"LMS Assistant Volleyball Coach","2026-07-21","Athletics/Activities/","Lincoln Middle School","https://www.applitrack.com/swcsd2/onlineapp/default.aspx?all=1","Sweetwater County School District 2","2026-07-31"
281,"LMS Head 7th Grade Volleyball Coach","2026-07-22","Athletics/Activities/","Lincoln Middle School","https://www.applitrack.com/swcsd2/onlineapp/default.aspx?all=1","Sweetwater County School District 2","2026-07-31"
282,"LMS Head 7th Grade Football Coach","2026-07-22","Athletics/Activities/","Lincoln Middle School","https://www.applitrack.com/swcsd2/onlineapp/default.aspx?all=1","Sweetwater County School District 2","2026-07-31"
283,"Industrial Art Work Based Learning GRIP Teacher","2026-07-27","High School Teaching/","Green River High School","https://www.applitrack.com/swcsd2/onlineapp/default.aspx?all=1","Sweetwater County School District 2","2026-07-31"
284,"Substitute Custodian","2026-07-10","Maintenance/Custodial/","Maintenance Department","https://www.applitrack.com/swcsd2/onlineapp/default.aspx?all=1","Sweetwater County School District 2","2026-07-31"
285,"Special Education Teachers (Grades 6-12)","2026-03-25","Middle School Teaching/","Location to be determined","https://www.applitrack.com/swcsd2/onlineapp/default.aspx?all=1","Sweetwater County School District 2","2026-07-31"
286,"Substitute Nutrition Service Worker","2026-07-10","Nutrition Services/","Nutrition Services Department","https://www.applitrack.com/swcsd2/onlineapp/default.aspx?all=1","Sweetwater County School District 2","2026-07-31"
287,"Substitute School Nurse","2026-05-11","Substitute/","Central Office","https://www.applitrack.com/swcsd2/onlineapp/default.aspx?all=1","Sweetwater County School District 2","2026-07-31"
288,"Substitute Teacher","2026-07-01","Substitute/","Central Office","https://www.applitrack.com/swcsd2/onlineapp/default.aspx?all=1","Sweetwater County School District 2","2026-07-31"
289,"Substitute Teacher Aide","2026-07-01","Substitute/","Central Office","https://www.applitrack.com/swcsd2/onlineapp/default.aspx?all=1","Sweetwater County School District 2","2026-07-31"
290,"Basic Life Skills Paraprofessional","2026-06-04","Support Staff/","Green River High School","https://www.applitrack.com/swcsd2/onlineapp/default.aspx?all=1","Sweetwater County School District 2","2026-07-31"
291,"Special Education Paraprofessionals","2026-06-05","Support Staff/","Green River High School","https://www.applitrack.com/swcsd2/onlineapp/default.aspx?all=1","Sweetwater County School District 2","2026-07-31"
292,"Special Education Paraprofessional","2026-06-10","Support Staff/","Truman Elementary School","https://www.applitrack.com/swcsd2/onlineapp/default.aspx?all=1","Sweetwater County School District 2","2026-07-31"
293,"Basic Life Skills Paraprofessional","2026-07-20","Support Staff/","Harrison Elementary School","https://www.applitrack.com/swcsd2/onlineapp/default.aspx?all=1","Sweetwater County School District 2","2026-07-31"
294,"Bus Aide","2026-07-10","Transportation/","Transportation Department","https://www.applitrack.com/swcsd2/onlineapp/default.aspx?all=1","Sweetwater County School District 2","2026-07-31"
295,"Bus Driver","2026-07-10","Transportation/","Transportation Department","https://www.applitrack.com/swcsd2/onlineapp/default.aspx?all=1","Sweetwater County School District 2","2026-07-31"
296,"Substitute Bus Aide","2026-07-10","Transportation/","Transportation Department","https://www.applitrack.com/swcsd2/onlineapp/default.aspx?all=1","Sweetwater County School District 2","2026-07-31"
297,"Substitute Bus Driver","2026-07-10","Transportation/","Transportation Department","https://www.applitrack.com/swcsd2/onlineapp/default.aspx?all=1","Sweetwater County School District 2","2026-07-31"
298,"Assistant Superintendent of Education","2026-07-22","Administration/","TCSD Schools","https://www.applitrack.com/tcsd/onlineapp/default.aspx?all=1","Teton County School District 1","2026-07-31"
299,"High School Assistant Nordic Skiing Coach","2026-04-15","Athletics/Activities/","TCSD Schools","https://www.applitrack.com/tcsd/onlineapp/default.aspx?all=1","Teton County School District 1","2026-07-31"
300,"Middle School Girls Assistant Basketball Coach","2026-04-24","Athletics/Activities/","TCSD Schools","https://www.applitrack.com/tcsd/onlineapp/default.aspx?all=1","Teton County School District 1","2026-07-31"
301,"High School Assistant Boys Basketball Coach","2026-05-19","Athletics/Activities/","TCSD Schools","https://www.applitrack.com/tcsd/onlineapp/default.aspx?all=1","Teton County School District 1","2026-07-31"
302,"Middle School Assistant Football Coach","2026-05-19","Athletics/Activities/","TCSD Schools","https://www.applitrack.com/tcsd/onlineapp/default.aspx?all=1","Teton County School District 1","2026-07-31"
303,"High School Assistant Speech and Debate Coach","2026-05-27","Athletics/Activities/","TCSD Schools","https://www.applitrack.com/tcsd/onlineapp/default.aspx?all=1","Teton County School District 1","2026-07-31"
304,"Middle School Girls Assistant Wrestling Coach (Anticipated)","2026-06-05","Athletics/Activities/","TCSD Schools","https://www.applitrack.com/tcsd/onlineapp/default.aspx?all=1","Teton County School District 1","2026-07-31"
305,"High School Head Nordic Skiing Coach","2026-06-08","Athletics/Activities/","TCSD Schools","https://www.applitrack.com/tcsd/onlineapp/default.aspx?all=1","Teton County School District 1","2026-07-31"
306,"High School Assistant Track Coach","2026-06-08","Athletics/Activities/","TCSD Schools","https://www.applitrack.com/tcsd/onlineapp/default.aspx?all=1","Teton County School District 1","2026-07-31"
307,"Instructional Paraprofessional","2025-12-18","Paraprofessional/","Kelly Elementary School","https://www.applitrack.com/tcsd/onlineapp/default.aspx?all=1","Teton County School District 1","2026-07-31"
308,"K-12 Special Education Paraprofessional(s)","2026-04-28","Paraprofessional/","TCSD Schools","https://www.applitrack.com/tcsd/onlineapp/default.aspx?all=1","Teton County School District 1","2026-07-31"
309,"Special Education Bus Aide","2026-07-23","Paraprofessional/","Wilson Elementary School","https://www.applitrack.com/tcsd/onlineapp/default.aspx?all=1","Teton County School District 1","2026-07-31"
310,"High School Administrative Assistant","2026-07-21","Secretarial/Clerical/","Jackson Hole High School","https://www.applitrack.com/tcsd/onlineapp/default.aspx?all=1","Teton County School District 1","2026-07-31"
311,"Special Education Permanent Support Specialist (Permanent Substitute)","2026-04-07","Substitute/","TCSD Schools","https://www.applitrack.com/tcsd/onlineapp/default.aspx?all=1","Teton County School District 1","2026-07-31"
312,"Substitute Teachers/Nurses","2020-02-11","Substitute/","TCSD Schools","https://www.applitrack.com/tcsd/onlineapp/default.aspx?all=1","Teton County School District 1","2026-07-31"
313,"Long Term Sub Elementary Social Worker/School Counselor","2026-06-08","Substitute/","Colter Elementary School","https://www.applitrack.com/tcsd/onlineapp/default.aspx?all=1","Teton County School District 1","2026-07-31"
314,"Substitute Para/Secretary","2020-02-11","Substitute/","TCSD Schools","https://www.applitrack.com/tcsd/onlineapp/default.aspx?all=1","Teton County School District 1","2026-07-31"
315,"Assistant High School Golf Coach","2026-05-05","Athletics/Activities/","Evanston High School","https://www.applitrack.com/uinta/onlineapp/jobpostings/view.asp?all=1","Uinta County School District 1","2026-07-31"
316,"Boys Wrestling Varsity Head Coach","2026-06-22","Athletics/Activities/","Evanston High School","https://www.applitrack.com/uinta/onlineapp/jobpostings/view.asp?all=1","Uinta County School District 1","2026-07-31"
317,"Substitute Custodians","2026-04-13","Maintenance/Custodial/","District Wide","https://www.applitrack.com/uinta/onlineapp/jobpostings/view.asp?all=1","Uinta County School District 1","2026-07-31"
318,"Temporary Part-time School Nurses","2026-07-09","School Nurse/","Aspen Elementary & Uinta Meadows Elementary","https://www.applitrack.com/uinta/onlineapp/jobpostings/view.asp?all=1","Uinta County School District 1","2026-07-31"
319,"Bus Drivers and Substitute Bus Drivers","2026-01-09","Support Staff/","Transportation","https://www.applitrack.com/uinta/onlineapp/jobpostings/view.asp?all=1","Uinta County School District 1","2026-07-31"
320,"Full-time and Part-time Aides and Special Education Paraprofessionals","2026-07-08","Support Staff/","District Wide","https://www.applitrack.com/uinta/onlineapp/jobpostings/view.asp?all=1","Uinta County School District 1","2026-07-31"
321,"Full-Time Lifeguard","2026-06-15","Aquatic Center Staff/","Worland Aquatic Center","https://www.applitrack.com/washakie1/onlineapp/default.aspx?all=1","Washakie County School District 1","2026-07-31"
322,"Lifeguard - Student","2024-01-08","Aquatic Center Staff/","Worland Aquatic Center","https://www.applitrack.com/washakie1/onlineapp/default.aspx?all=1","Washakie County School District 1","2026-07-31"
323,"MS Assistant Volleyball Coach","2026-03-26","Athletics/Activities","Worland Middle School","https://www.applitrack.com/washakie1/onlineapp/default.aspx?all=1","Washakie County School District 1","2026-07-31"
324,"HS Assistant Forensics (Speech/Debate) Coach","2026-06-01","Athletics/Activities","Worland High School","https://www.applitrack.com/washakie1/onlineapp/default.aspx?all=1","Washakie County School District 1","2026-07-31"
325,"HS Head Forensics (Speech/Debate) Coach","2026-06-01","Athletics/Activities","Worland High School","https://www.applitrack.com/washakie1/onlineapp/default.aspx?all=1","Washakie County School District 1","2026-07-31"
326,"Housekeeper, Full-Time","2026-07-23","Maintenance/Custodial/","Worland High School","https://www.applitrack.com/washakie1/onlineapp/default.aspx?all=1","Washakie County School District 1","2026-07-31"
327,"Secondary Reading Specialist","2026-04-15","Middle School Teaching/","Worland Middle School","https://www.applitrack.com/washakie1/onlineapp/default.aspx?all=1","Washakie County School District 1","2026-07-31"
328,"Full-Time Special Education Paraeducator (Life Skills)","2026-05-01","Paraprofessional","East Side Elementary","https://www.applitrack.com/washakie1/onlineapp/default.aspx?all=1","Washakie County School District 1","2026-07-31"
329,"Full-Time Special Education Paraeducator (Resource)","2026-05-01","Paraprofessional","East Side Elementary","https://www.applitrack.com/washakie1/onlineapp/default.aspx?all=1","Washakie County School District 1","2026-07-31"
330,"Full-Time Special Education Paraeducator (Behavior)","2026-05-01","Paraprofessional","South Side Elementary","https://www.applitrack.com/washakie1/onlineapp/default.aspx?all=1","Washakie County School District 1","2026-07-31"
331,"Full-Time Special Education Paraeducator (Life Skills)","2026-05-01","Paraprofessional","West Side Elementary","https://www.applitrack.com/washakie1/onlineapp/default.aspx?all=1","Washakie County School District 1","2026-07-31"
332,"Full-Time Special Education Paraeducator (Life Skills)","2026-05-05","Paraprofessional","South Side Elementary","https://www.applitrack.com/washakie1/onlineapp/default.aspx?all=1","Washakie County School District 1","2026-07-31"
333,"Part-Time Special Education Paraeducator (Resource)","2026-05-28","Paraprofessional","South Side Elementary","https://www.applitrack.com/washakie1/onlineapp/default.aspx?all=1","Washakie County School District 1","2026-07-31"
334,"Part-Time Special Education Paraeducator (Resource)","2026-05-28","Paraprofessional","Worland High School","https://www.applitrack.com/washakie1/onlineapp/default.aspx?all=1","Washakie County School District 1","2026-07-31"
335,"Full-Time Special Education Paraeducator","2026-06-03","Paraprofessional","Worland High School","https://www.applitrack.com/washakie1/onlineapp/default.aspx?all=1","Washakie County School District 1","2026-07-31"
336,"Speech Language Pathologist","2024-12-18","Special Education Services","Education Resource Center","https://www.applitrack.com/washakie1/onlineapp/default.aspx?all=1","Washakie County School District 1","2026-07-31"
337,"SLP-Assistant","2025-05-14","Special Education Services","Education Resource Center","https://www.applitrack.com/washakie1/onlineapp/default.aspx?all=1","Washakie County School District 1","2026-07-31"
338,"Substitute Bus Driver","2021-07-01","Substitute/","Bus Barn","https://www.applitrack.com/washakie1/onlineapp/default.aspx?all=1","Washakie County School District 1","2026-07-31"
339,"Substitute Cook","2020-11-04","Substitute/","District","https://www.applitrack.com/washakie1/onlineapp/default.aspx?all=1","Washakie County School District 1","2026-07-31"
340,"Substitute Housekeeper","2019-01-21","Substitute/",NA,"https://www.applitrack.com/washakie1/onlineapp/default.aspx?all=1","Washakie County School District 1","2026-07-31"
341,"Substitute Paraeducator","2016-03-02","Substitute/",NA,"https://www.applitrack.com/washakie1/onlineapp/default.aspx?all=1","Washakie County School District 1","2026-07-31"
342,"Substitute Teacher","2016-03-02","Substitute/",NA,"https://www.applitrack.com/washakie1/onlineapp/default.aspx?all=1","Washakie County School District 1","2026-07-31"
343,"Student Support Services","2026-07-23","Support Staff/","White Hawk Academy","https://www.applitrack.com/washakie1/onlineapp/default.aspx?all=1","Washakie County School District 1","2026-07-31"
344,"Route Bus Driver","2026-05-07","Transportation/","Bus Barn","https://www.applitrack.com/washakie1/onlineapp/default.aspx?all=1","Washakie County School District 1","2026-07-31"
345,"Full Time Assistant Cook","2026-07-14","Classified","Dubois K-12 School","https://fremont2.tedk12.com/hire/index.aspx","Fremont County School District 2","2026-07-31"
346,"2026-2027 HS Volleyball Assistant Coach","2026-07-13","Coaching","Dubois K-12 School","https://fremont2.tedk12.com/hire/index.aspx","Fremont County School District 2","2026-07-31"
347,"2026-2027 HS Volleyball Head Coach","2026-07-13","Coaching","Dubois K-12 School","https://fremont2.tedk12.com/hire/index.aspx","Fremont County School District 2","2026-07-31"
348,"2026-2027 MS Cross Country Assistant Coach","2026-07-08","Coaching","Dubois K-12 School","https://fremont2.tedk12.com/hire/index.aspx","Fremont County School District 2","2026-07-31"
349,"Route/Activities Bus Driver","2026-07-07","Classified","Bus Barn","https://fremont2.tedk12.com/hire/index.aspx","Fremont County School District 2","2026-07-31"
350,"Special Education Paraprofessional","2026-07-07","Classified","Dubois K-12 School","https://fremont2.tedk12.com/hire/index.aspx","Fremont County School District 2","2026-07-31"
351,"2026-2027 HS Girls Basketball Assistant Coach","2026-04-15","Coaching","Dubois K-12 School","https://fremont2.tedk12.com/hire/index.aspx","Fremont County School District 2","2026-07-31"
352,"Substitute Custodian/Food Service","2025-02-01","Classified","Dubois K-12 School","https://fremont2.tedk12.com/hire/index.aspx","Fremont County School District 2","2026-07-31"
353,"Substitute Bus Driver","2024-04-01","Classified","Bus Barn","https://fremont2.tedk12.com/hire/index.aspx","Fremont County School District 2","2026-07-31"
354,"Substitute - Classified -  Para/Secretary","2024-04-01","Classified","Dubois K-12 School","https://fremont2.tedk12.com/hire/index.aspx","Fremont County School District 2","2026-07-31"
355,"Substitute Teaching","2024-04-01","Substitute","Dubois K-12 School","https://fremont2.tedk12.com/hire/index.aspx","Fremont County School District 2","2026-07-31"
356,"Academic & Behavioral Specialist - Trail Elementary","2026-06-08","Elementary Certified","Trail Elementary School","https://goshen.tedk12.com/hire/index.aspx#aJobListings","Goshen County School District 1","2026-07-31"
357,"Substitute Cook","2026-03-04","Food Service","District Food Services","https://goshen.tedk12.com/hire/index.aspx#aJobListings","Goshen County School District 1","2026-07-31"
358,"Speech Language Pathologist - District","2026-03-01","Specialist - Certified","Office of Special Services","https://goshen.tedk12.com/hire/index.aspx#aJobListings","Goshen County School District 1","2026-07-31"
359,"Bus Driver/ Sub Bus Driver","2026-01-01","Bus Driver","Transportation Services","https://goshen.tedk12.com/hire/index.aspx#aJobListings","Goshen County School District 1","2026-07-31"
360,"Future Administrative Positions","2026-01-01","Administrative - building","Central Administration Office","https://goshen.tedk12.com/hire/index.aspx#aJobListings","Goshen County School District 1","2026-07-31"
361,"Future Substitute Teacher Positions","2026-01-01","Substitute","Central Administration Office","https://goshen.tedk12.com/hire/index.aspx#aJobListings","Goshen County School District 1","2026-07-31"
362,"Future Classified Positions","2026-01-01","Support","Central Administration Office","https://goshen.tedk12.com/hire/index.aspx#aJobListings","Goshen County School District 1","2026-07-31"
363,"Future Certified Positions","2026-01-01","K-12","Central Administration Office","https://goshen.tedk12.com/hire/index.aspx#aJobListings","Goshen County School District 1","2026-07-31"
364,"High Needs SPED Paraprofessional","2026-07-22","Sundance Secondary","Sundance, Wyoming","https://crook1.schoolspring.com/","Crook County School District 1","2026-07-31"
365,"Substitute Custodian","2026-06-05","Sundance Secondary","Sundance, Wyoming","https://crook1.schoolspring.com/","Crook County School District 1","2026-07-31"
366,"Substitute Custodian","2026-06-05","Moorcroft Secondary","Moorcroft, Wyoming","https://crook1.schoolspring.com/","Crook County School District 1","2026-07-31"
367,"Substitute Custodian","2026-06-05","Hulett K-12","Hulett, Wyoming","https://crook1.schoolspring.com/","Crook County School District 1","2026-07-31"
368,"Substitute Teacher","2026-06-05","Sundance Elementary","Sundance, Wyoming","https://crook1.schoolspring.com/","Crook County School District 1","2026-07-31"
369,"Substitute Teacher","2026-06-05","Moorcroft Elementary","Moorcroft, Wyoming","https://crook1.schoolspring.com/","Crook County School District 1","2026-07-31"
370,"Substitute Teacher","2026-06-05","Hulett K-12","Hulett, Wyoming","https://crook1.schoolspring.com/","Crook County School District 1","2026-07-31"
371,"Substitute & Activity Bus Drivers","2026-06-05","Sundance Secondary","Sundance, Wyoming","https://crook1.schoolspring.com/","Crook County School District 1","2026-07-31"
372,"Substitute & Activity Bus Drivers","2026-06-05","Moorcroft Secondary","Moorcroft, Wyoming","https://crook1.schoolspring.com/","Crook County School District 1","2026-07-31"
373,"Substitute & Activity Bus Drivers","2026-06-05","Hulett K-12","Hulett, Wyoming","https://crook1.schoolspring.com/","Crook County School District 1","2026-07-31"
374,"Part-Time Custodian - HS","2026-05-29","Hulett K-12","Hulett, Wyoming","https://crook1.schoolspring.com/","Crook County School District 1","2026-07-31"
375,"Assistant High School Boys Basketball Coach - MS","2026-05-29","Moorcroft Secondary","Moorcroft, Wyoming","https://crook1.schoolspring.com/","Crook County School District 1","2026-07-31"
376,"Assistant High School Girls Basketball Coach - Sundance","2026-05-27","Sundance Secondary","Sundance, Wyoming","https://crook1.schoolspring.com/","Crook County School District 1","2026-07-31"
377,"Assistant High School Football Coach - SS","2026-04-23","Sundance Secondary","Sundance, Wyoming","https://crook1.schoolspring.com/","Crook County School District 1","2026-07-31"
378,"Junior High Volleyball Coach - Sundance","2026-04-16","Sundance Secondary","Sundance, Wyoming","https://crook1.schoolspring.com/","Crook County School District 1","2026-07-31"
379,"Junior High Boys Basketball Coach","2026-04-16","Moorcroft Secondary","Moorcroft, Wyoming","https://crook1.schoolspring.com/","Crook County School District 1","2026-07-31"
380,"Head High School Track Coach - SS","2026-04-07","Sundance Secondary","Sundance, Wyoming","https://crook1.schoolspring.com/","Crook County School District 1","2026-07-31"
381,"Junior High Girls Wrestling Coach - SS","2026-04-07","Sundance Secondary","Sundance, Wyoming","https://crook1.schoolspring.com/","Crook County School District 1","2026-07-31"
382,"Junior High Girls Wrestling Coach - HS","2026-04-07","Hulett K-12","Hulett, Wyoming","https://crook1.schoolspring.com/","Crook County School District 1","2026-07-31"
383,"Junior High Boys Wrestling Coach - HS","2026-04-07","Hulett K-12","Hulett, Wyoming","https://crook1.schoolspring.com/","Crook County School District 1","2026-07-31"
384,"Assistant High School Football Coach - HS","2026-04-07","Hulett K-12","Hulett, Wyoming","https://crook1.schoolspring.com/","Crook County School District 1","2026-07-31"
385,"Route Bus Driver","2026-02-11","Moorcroft Secondary","Moorcroft, Wyoming","https://crook1.schoolspring.com/","Crook County School District 1","2026-07-31"
386,"Route Bus Driver - Hulett","2026-02-11","Hulett K-12","Hulett, Wyoming","https://crook1.schoolspring.com/","Crook County School District 1","2026-07-31"
387,"Route Bus Driver","2026-01-19","Sundance Secondary","Sundance, Wyoming","https://crook1.schoolspring.com/","Crook County School District 1","2026-07-31"
388,"Paraeducator Special Needs PALS [XP09]","2026-07-29","CENTRAL HIGH SCHOOL","Cheyenne, Wyoming","https://laramie1.schoolspring.com/","Laramie County School District 1","2026-07-31"
389,"CAP Academy Teacher [TC58]","2026-07-28","TRIUMPH HIGH SCHOOL","Cheyenne, Wyoming","https://laramie1.schoolspring.com/","Laramie County School District 1","2026-07-31"
390,"Accounts Receivable Specialist [CS57]","2026-07-27","Laramie County School District 1","Cheyenne, Wyoming","https://laramie1.schoolspring.com/","Laramie County School District 1","2026-07-31"
391,"Paraeducator Special Education [XP08]","2026-07-27","ARP ELEMENTARY SCHOOL","Cheyenne, Wyoming","https://laramie1.schoolspring.com/","Laramie County School District 1","2026-07-31"
392,"Paraeducator Title I - 2026/2027 Contract Year Only[PA14]","2026-07-27","ROSSMAN ELEMENTARY SCHOOL","Cheyenne, Wyoming","https://laramie1.schoolspring.com/","Laramie County School District 1","2026-07-31"
393,"Paraeducator Resource Room [XP08]","2026-07-27","HENDERSON ELEMENTARY SCHOOL","Cheyenne, Wyoming","https://laramie1.schoolspring.com/","Laramie County School District 1","2026-07-31"
394,"Assistant Golf Coach [C086]","2026-07-27","EAST HIGH SCHOOL","Cheyenne, Wyoming","https://laramie1.schoolspring.com/","Laramie County School District 1","2026-07-31"
395,"Paraeducator General [PA07]","2026-07-27","SUNRISE ELEMENTARY SCHOOL","Cheyenne, Wyoming","https://laramie1.schoolspring.com/","Laramie County School District 1","2026-07-31"
396,"Secretary - Elementary [CE09]","2026-07-22","COYOTE RIDGE ELEMENTARY SCHOOL","Cheyenne, Wyoming","https://laramie1.schoolspring.com/","Laramie County School District 1","2026-07-31"
397,"Paraeducator General [PA07]","2026-07-22","HOBBS ELEMENTARY SCHOOL","Cheyenne, Wyoming","https://laramie1.schoolspring.com/","Laramie County School District 1","2026-07-31"
398,"Transportation Activity Coordinator [TS59]","2026-07-22","Laramie County School District 1","Cheyenne, Wyoming","https://laramie1.schoolspring.com/","Laramie County School District 1","2026-07-31"
399,"Paraeducator Special Education [XP08]","2026-07-22","GOINS ELEMENTARY SCHOOL","Cheyenne, Wyoming","https://laramie1.schoolspring.com/","Laramie County School District 1","2026-07-31"
400,"Nutrition Services Aid [NU02]","2026-07-22","ARP ELEMENTARY SCHOOL","Cheyenne, Wyoming","https://laramie1.schoolspring.com/","Laramie County School District 1","2026-07-31"
401,"Paraeducator Special Education [XP08]","2026-07-22","TRIUMPH HIGH SCHOOL","Cheyenne, Wyoming","https://laramie1.schoolspring.com/","Laramie County School District 1","2026-07-31"
402,"Paraeducator General [PA07]","2026-07-22","FREEDOM ELEMENTARY SCHOOL","Cheyenne, Wyoming","https://laramie1.schoolspring.com/","Laramie County School District 1","2026-07-31"
403,"Paraeducator Special Education [XP08]","2026-07-22","FREEDOM ELEMENTARY SCHOOL","Cheyenne, Wyoming","https://laramie1.schoolspring.com/","Laramie County School District 1","2026-07-31"
404,"Paraeducator Nurse's Office [PA11]","2026-07-22","MCCORMICK JUNIOR HIGH SCHOOL","Cheyenne, Wyoming","https://laramie1.schoolspring.com/","Laramie County School District 1","2026-07-31"
405,"Special Education Behavior Lab Paraeducator  [XP08]","2026-07-22","MCCORMICK JUNIOR HIGH SCHOOL","Cheyenne, Wyoming","https://laramie1.schoolspring.com/","Laramie County School District 1","2026-07-31"
406,"Paraeducator In-School Suspension [PA09]","2026-07-21","SOUTH HIGH SCHOOL","Cheyenne, Wyoming","https://laramie1.schoolspring.com/","Laramie County School District 1","2026-07-31"
407,"Paraeducator Resource Room [XP08]","2026-07-21","EAST HIGH SCHOOL","Cheyenne, Wyoming","https://laramie1.schoolspring.com/","Laramie County School District 1","2026-07-31"
408,"Facility Technician - Painter [TS14]","2026-07-21","Laramie County School District 1","Cheyenne, Wyoming","https://laramie1.schoolspring.com/","Laramie County School District 1","2026-07-31"
409,"Paraeducator Title I Pre-K - 2026/2027 Contract Year Only [PA16]","2026-07-21","COLE ELEMENTARY SCHOOL","Cheyenne, Wyoming","https://laramie1.schoolspring.com/","Laramie County School District 1","2026-07-31"
410,"Resource Teacher [XT21]","2026-07-21","SUNRISE ELEMENTARY SCHOOL","Cheyenne, Wyoming","https://laramie1.schoolspring.com/","Laramie County School District 1","2026-07-31"
411,"Nutrition Services Aid [NU02]","2026-07-20","SUNRISE ELEMENTARY SCHOOL","Cheyenne, Wyoming","https://laramie1.schoolspring.com/","Laramie County School District 1","2026-07-31"
412,"Student Sweeper [ST05]","2026-07-20","MEADOWLARK ELEMENTARY SCHOOL","Cheyenne, Wyoming","https://laramie1.schoolspring.com/","Laramie County School District 1","2026-07-31"
413,"Nutrition Services Aid [NU02]","2026-07-16","EAST HIGH SCHOOL","Cheyenne, Wyoming","https://laramie1.schoolspring.com/","Laramie County School District 1","2026-07-31"
414,"Nutrition- Elementary Head Cashier [NU03]","2026-07-16","ARP ELEMENTARY SCHOOL","Cheyenne, Wyoming","https://laramie1.schoolspring.com/","Laramie County School District 1","2026-07-31"
415,"Part Time Orchestra Teacher [TB03]","2026-07-14","MCCORMICK JUNIOR HIGH SCHOOL","Cheyenne, Wyoming","https://laramie1.schoolspring.com/","Laramie County School District 1","2026-07-31"
416,"Elementary Assistant Football Coach [C176]","2026-07-13","SUNRISE ELEMENTARY SCHOOL","Cheyenne, Wyoming","https://laramie1.schoolspring.com/","Laramie County School District 1","2026-07-31"
417,"Elementary Head Football Coach [C174]","2026-07-13","SUNRISE ELEMENTARY SCHOOL","Cheyenne, Wyoming","https://laramie1.schoolspring.com/","Laramie County School District 1","2026-07-31"
418,"Elementary Head Football Coach [C174]","2026-07-13","ROSSMAN ELEMENTARY SCHOOL","Cheyenne, Wyoming","https://laramie1.schoolspring.com/","Laramie County School District 1","2026-07-31"
419,"Elementary Assistant Football Coach [C176]","2026-07-13","ROSSMAN ELEMENTARY SCHOOL","Cheyenne, Wyoming","https://laramie1.schoolspring.com/","Laramie County School District 1","2026-07-31"
420,"Elementary Head Football Coach [C174]","2026-07-13","PIONEER PARK ELEMENTARY SCHOOL","Cheyenne, Wyoming","https://laramie1.schoolspring.com/","Laramie County School District 1","2026-07-31"
421,"Elementary Assistant Football Coach [C176]","2026-07-13","PIONEER PARK ELEMENTARY SCHOOL","Cheyenne, Wyoming","https://laramie1.schoolspring.com/","Laramie County School District 1","2026-07-31"
422,"Elementary Assistant Football Coach [C176]","2026-07-13","HENDERSON ELEMENTARY SCHOOL","Cheyenne, Wyoming","https://laramie1.schoolspring.com/","Laramie County School District 1","2026-07-31"
423,"Elementary Head Football Coach [C174]","2026-07-13","HENDERSON ELEMENTARY SCHOOL","Cheyenne, Wyoming","https://laramie1.schoolspring.com/","Laramie County School District 1","2026-07-31"
424,"Elementary Assistant Football Coach [C176]","2026-07-13","GOINS ELEMENTARY SCHOOL","Cheyenne, Wyoming","https://laramie1.schoolspring.com/","Laramie County School District 1","2026-07-31"
425,"Elementary Head Football Coach [C174]","2026-07-13","GOINS ELEMENTARY SCHOOL","Cheyenne, Wyoming","https://laramie1.schoolspring.com/","Laramie County School District 1","2026-07-31"
426,"Elementary Head Football Coach [C174]","2026-07-13","GILCHRIST ELEMENTARY SCHOOL","Cheyenne, Wyoming","https://laramie1.schoolspring.com/","Laramie County School District 1","2026-07-31"
427,"Elementary Assistant Football Coach [C176]","2026-07-13","GILCHRIST ELEMENTARY SCHOOL","Cheyenne, Wyoming","https://laramie1.schoolspring.com/","Laramie County School District 1","2026-07-31"
428,"Elementary Head Football Coach [C174]","2026-07-13","FREEDOM ELEMENTARY SCHOOL","Cheyenne, Wyoming","https://laramie1.schoolspring.com/","Laramie County School District 1","2026-07-31"
429,"Elementary Assistant Football Coach [C176]","2026-07-13","FREEDOM ELEMENTARY SCHOOL","Cheyenne, Wyoming","https://laramie1.schoolspring.com/","Laramie County School District 1","2026-07-31"
430,"Elementary Head Football Coach [C174]","2026-07-13","FAIRVIEW ELEMENTARY SCHOOL","Cheyenne, Wyoming","https://laramie1.schoolspring.com/","Laramie County School District 1","2026-07-31"
431,"Elementary Assistant Football Coach [C176]","2026-07-13","FAIRVIEW ELEMENTARY SCHOOL","Cheyenne, Wyoming","https://laramie1.schoolspring.com/","Laramie County School District 1","2026-07-31"
432,"Elementary Head Football Coach [C174]","2026-07-13","COLE ELEMENTARY SCHOOL","Cheyenne, Wyoming","https://laramie1.schoolspring.com/","Laramie County School District 1","2026-07-31"
433,"Elementary Assistant Football Coach [C176]","2026-07-13","COLE ELEMENTARY SCHOOL","Cheyenne, Wyoming","https://laramie1.schoolspring.com/","Laramie County School District 1","2026-07-31"
434,"Elementary Assistant Football Coach [C176]","2026-07-13","HEBARD ELEMENTARY SCHOOL","Cheyenne, Wyoming","https://laramie1.schoolspring.com/","Laramie County School District 1","2026-07-31"
435,"Elementary Assistant Football Coach [C176]","2026-07-13","BUFFALO RIDGE ELEMENTARY SCHL","Cheyenne, Wyoming","https://laramie1.schoolspring.com/","Laramie County School District 1","2026-07-31"
436,"Elementary Head Football Coach [C174]","2026-07-13","HEBARD ELEMENTARY SCHOOL","Cheyenne, Wyoming","https://laramie1.schoolspring.com/","Laramie County School District 1","2026-07-31"
437,"Board Certified Behavior Analyst (BCBA) [XA06]","2026-07-13","Laramie County School District 1","Cheyenne, Wyoming","https://laramie1.schoolspring.com/","Laramie County School District 1","2026-07-31"
438,"Assistant Cross Country Coach [C084]","2026-07-13","EAST HIGH SCHOOL","Cheyenne, Wyoming","https://laramie1.schoolspring.com/","Laramie County School District 1","2026-07-31"
439,"Elementary Head Football Coach [C174]","2026-07-09","BUFFALO RIDGE ELEMENTARY SCHL","Cheyenne, Wyoming","https://laramie1.schoolspring.com/","Laramie County School District 1","2026-07-31"
440,"Elementary Assistant Football Coach [C176]","2026-07-09","BAIN ELEMENTARY SCHOOL","Cheyenne, Wyoming","https://laramie1.schoolspring.com/","Laramie County School District 1","2026-07-31"
441,"Elementary Head Football Coach [C174]","2026-07-09","BAIN ELEMENTARY SCHOOL","Cheyenne, Wyoming","https://laramie1.schoolspring.com/","Laramie County School District 1","2026-07-31"
442,"Elementary Assistant Football Coach [C176]","2026-07-09","BAGGS ELEMENTARY SCHOOL","Cheyenne, Wyoming","https://laramie1.schoolspring.com/","Laramie County School District 1","2026-07-31"
443,"Elementary Head Football Coach [C174]","2026-07-09","BAGGS ELEMENTARY SCHOOL","Cheyenne, Wyoming","https://laramie1.schoolspring.com/","Laramie County School District 1","2026-07-31"
444,"Elementary Assistant Football Coach [C176]","2026-07-09","ALTA VISTA ELEMENTARY SCHOOL","Cheyenne, Wyoming","https://laramie1.schoolspring.com/","Laramie County School District 1","2026-07-31"
445,"Elementary Head Football Coach [C174]","2026-07-09","ALTA VISTA ELEMENTARY SCHOOL","Cheyenne, Wyoming","https://laramie1.schoolspring.com/","Laramie County School District 1","2026-07-31"
446,"Elementary Assistant Football Coach [C176]","2026-07-09","AFFLERBACH ELEMENTARY SCHOOL","Cheyenne, Wyoming","https://laramie1.schoolspring.com/","Laramie County School District 1","2026-07-31"
447,"Elementary Head Football Coach [C174]","2026-07-09","AFFLERBACH ELEMENTARY SCHOOL","Cheyenne, Wyoming","https://laramie1.schoolspring.com/","Laramie County School District 1","2026-07-31"
448,"Elementary Assistant Football Coach [C176]","2026-07-09","MEADOWLARK ELEMENTARY SCHOOL","Cheyenne, Wyoming","https://laramie1.schoolspring.com/","Laramie County School District 1","2026-07-31"
449,"Elementary Head Football Coach [C174]","2026-07-09","MEADOWLARK ELEMENTARY SCHOOL","Cheyenne, Wyoming","https://laramie1.schoolspring.com/","Laramie County School District 1","2026-07-31"
450,"Elementary Head Football Coach [C174]","2026-07-08","COYOTE RIDGE ELEMENTARY SCHOOL","Cheyenne, Wyoming","https://laramie1.schoolspring.com/","Laramie County School District 1","2026-07-31"
451,"Elementary Assistant Football Coach [C176]","2026-07-08","COYOTE RIDGE ELEMENTARY SCHOOL","Cheyenne, Wyoming","https://laramie1.schoolspring.com/","Laramie County School District 1","2026-07-31"
452,"TEACHER BUS ED KEYBDG/COMP APP [TC06]","2026-07-08","JOHNSON JUNIOR HIGH SCHOOL","Cheyenne, Wyoming","https://laramie1.schoolspring.com/","Laramie County School District 1","2026-07-31"
453,"Transportation Dispatcher [TS58]","2026-07-08","Laramie County School District 1","Cheyenne, Wyoming","https://laramie1.schoolspring.com/","Laramie County School District 1","2026-07-31"
454,"Health Sciences Teacher [TC18]","2026-07-08","EAST HIGH SCHOOL","Cheyenne, Wyoming","https://laramie1.schoolspring.com/","Laramie County School District 1","2026-07-31"
455,"Paraeducator Special Education [XP08]","2026-07-07","HEBARD ELEMENTARY SCHOOL","Cheyenne, Wyoming","https://laramie1.schoolspring.com/","Laramie County School District 1","2026-07-31"
456,"Paraeducator Title I Pre-K [PA16]","2026-07-07","ALTA VISTA ELEMENTARY SCHOOL","Cheyenne, Wyoming","https://laramie1.schoolspring.com/","Laramie County School District 1","2026-07-31"
457,"School Psychologist [XA01]","2026-07-06","Laramie County School District 1","Cheyenne, Wyoming","https://laramie1.schoolspring.com/","Laramie County School District 1","2026-07-31"
458,"Assistant Football Coach [C146]","2026-06-29","JOHNSON JUNIOR HIGH SCHOOL","Cheyenne, Wyoming","https://laramie1.schoolspring.com/","Laramie County School District 1","2026-07-31"
459,"Assistant Football Coach [C146]","2026-06-25","MCCORMICK JUNIOR HIGH SCHOOL","Cheyenne, Wyoming","https://laramie1.schoolspring.com/","Laramie County School District 1","2026-07-31"
460,"Assistant Girls Basketball Coach [C078]","2026-06-24","CENTRAL HIGH SCHOOL","Cheyenne, Wyoming","https://laramie1.schoolspring.com/","Laramie County School District 1","2026-07-31"
461,"Custodial - General Class 3 [CU05]","2026-06-22","Laramie County School District 1","Cheyenne, Wyoming","https://laramie1.schoolspring.com/","Laramie County School District 1","2026-07-31"
462,"Nutrition- Elementary Head Cashier [NU03]","2026-06-18","HOBBS ELEMENTARY SCHOOL","Cheyenne, Wyoming","https://laramie1.schoolspring.com/","Laramie County School District 1","2026-07-31"
463,"Nutrition- Elementary Head Cashier [NU03]","2026-06-18","DILDINE ELEMENTARY SCHOOL","Cheyenne, Wyoming","https://laramie1.schoolspring.com/","Laramie County School District 1","2026-07-31"
464,"Nutrition Services Aid [NU02]","2026-06-18","MCCORMICK JUNIOR HIGH SCHOOL","Cheyenne, Wyoming","https://laramie1.schoolspring.com/","Laramie County School District 1","2026-07-31"
465,"Nutrition Services Aid [NU02]","2026-06-18","MCCORMICK JUNIOR HIGH SCHOOL","Cheyenne, Wyoming","https://laramie1.schoolspring.com/","Laramie County School District 1","2026-07-31"
466,"Substitute On-Call Nutrition Services Aid [S020]","2026-06-17","Laramie County School District 1","Cheyenne, Wyoming","https://laramie1.schoolspring.com/","Laramie County School District 1","2026-07-31"
467,"Nutrition- Elementary Head Cashier [NU03]","2026-06-17","TRIUMPH HIGH SCHOOL","Cheyenne, Wyoming","https://laramie1.schoolspring.com/","Laramie County School District 1","2026-07-31"
468,"Assistant Cross Country Coach","2026-06-17","JOHNSON JUNIOR HIGH SCHOOL","Cheyenne, Wyoming","https://laramie1.schoolspring.com/","Laramie County School District 1","2026-07-31"
469,"Head Cross Country Coach [C144]","2026-06-17","JOHNSON JUNIOR HIGH SCHOOL","Cheyenne, Wyoming","https://laramie1.schoolspring.com/","Laramie County School District 1","2026-07-31"
470,"Paraeducator Library - 2026/2027 Contract year only [PA10]","2026-06-12","HENDERSON ELEMENTARY SCHOOL","Cheyenne, Wyoming","https://laramie1.schoolspring.com/","Laramie County School District 1","2026-07-31"
471,"Head Girls Soccer Coach [C122]","2026-06-09","EAST HIGH SCHOOL","Cheyenne, Wyoming","https://laramie1.schoolspring.com/","Laramie County School District 1","2026-07-31"
472,"Assistant Cross Country Coach [C142]","2026-06-09","MCCORMICK JUNIOR HIGH SCHOOL","Cheyenne, Wyoming","https://laramie1.schoolspring.com/","Laramie County School District 1","2026-07-31"
473,"Paraeducator General [PA07]","2026-06-04","FAIRVIEW ELEMENTARY SCHOOL","Cheyenne, Wyoming","https://laramie1.schoolspring.com/","Laramie County School District 1","2026-07-31"
474,"Paraeducator General [PA07]","2026-06-04","BUFFALO RIDGE ELEMENTARY SCHL","Cheyenne, Wyoming","https://laramie1.schoolspring.com/","Laramie County School District 1","2026-07-31"
475,"Resource Teacher [XT21]","2026-06-02","COLE ELEMENTARY SCHOOL","Cheyenne, Wyoming","https://laramie1.schoolspring.com/","Laramie County School District 1","2026-07-31"
476,"Assistant Girls Wrestling Coach","2026-06-01","SOUTH HIGH SCHOOL","Cheyenne, Wyoming","https://laramie1.schoolspring.com/","Laramie County School District 1","2026-07-31"
477,"Biology/Life Science Teacher [TC26]","2026-06-01","EDUCATION ANNEX","Cheyenne, Wyoming","https://laramie1.schoolspring.com/","Laramie County School District 1","2026-07-31"
478,"Student Sweeper [ST05]","2026-05-28","SUNRISE ELEMENTARY SCHOOL","Cheyenne, Wyoming","https://laramie1.schoolspring.com/","Laramie County School District 1","2026-07-31"
479,"Student Sweeper [ST05]","2026-05-22","EAST HIGH SCHOOL","Cheyenne, Wyoming","https://laramie1.schoolspring.com/","Laramie County School District 1","2026-07-31"
480,"Substitute Transportation Assistant [S051]","2026-05-22","Laramie County School District 1","Cheyenne, Wyoming","https://laramie1.schoolspring.com/","Laramie County School District 1","2026-07-31"
481,"Substitute Bus Driver [S050]","2026-05-22","Laramie County School District 1","Cheyenne, Wyoming","https://laramie1.schoolspring.com/","Laramie County School District 1","2026-07-31"
482,"Educational Sign Language Interpreter [XP05]","2026-05-18","Laramie County School District 1","Cheyenne, Wyoming","https://laramie1.schoolspring.com/","Laramie County School District 1","2026-07-31"
483,"Paraeducator Sign Support [XP05]","2026-05-18","Laramie County School District 1","Cheyenne, Wyoming","https://laramie1.schoolspring.com/","Laramie County School District 1","2026-07-31"
484,"School Psychologist [XA01]","2026-05-18","Laramie County School District 1","Cheyenne, Wyoming","https://laramie1.schoolspring.com/","Laramie County School District 1","2026-07-31"
485,"Head Cheer Coach [C108]","2026-05-18","JOHNSON JUNIOR HIGH SCHOOL","Cheyenne, Wyoming","https://laramie1.schoolspring.com/","Laramie County School District 1","2026-07-31"
486,"Paraeducator General [PA07]","2026-05-18","EAST HIGH SCHOOL","Cheyenne, Wyoming","https://laramie1.schoolspring.com/","Laramie County School District 1","2026-07-31"
487,"Assistant Cheer Coach [C080]","2026-05-18","SOUTH HIGH SCHOOL","Cheyenne, Wyoming","https://laramie1.schoolspring.com/","Laramie County School District 1","2026-07-31"
488,"Speech Language Pathologist-4 Positions available [XT14]","2026-05-06","Laramie County School District 1","Cheyenne, Wyoming","https://laramie1.schoolspring.com/","Laramie County School District 1","2026-07-31"
489,"Paraeducator Special Needs PALS [XP09]","2026-05-05","CENTRAL HIGH SCHOOL","Cheyenne, Wyoming","https://laramie1.schoolspring.com/","Laramie County School District 1","2026-07-31"
490,"Student Sweeper [ST05]","2026-05-04","TRIUMPH HIGH SCHOOL","Cheyenne, Wyoming","https://laramie1.schoolspring.com/","Laramie County School District 1","2026-07-31"
491,"Sub-Custodian [S010]","2026-05-01","Laramie County School District 1","Cheyenne, Wyoming","https://laramie1.schoolspring.com/","Laramie County School District 1","2026-07-31"
492,"Physical Therapist [XT07]","2026-04-30","Laramie County School District 1","Cheyenne, Wyoming","https://laramie1.schoolspring.com/","Laramie County School District 1","2026-07-31"
493,"Student Sweeper [ST05]","2026-04-20","FAIRVIEW ELEMENTARY SCHOOL","Cheyenne, Wyoming","https://laramie1.schoolspring.com/","Laramie County School District 1","2026-07-31"
494,"Student Sweeper [ST05]","2026-04-20","ALTA VISTA ELEMENTARY SCHOOL","Cheyenne, Wyoming","https://laramie1.schoolspring.com/","Laramie County School District 1","2026-07-31"
495,"Assistant Head Custodian - Class 4 [CU01]","2026-04-20","MCCORMICK JUNIOR HIGH SCHOOL","Cheyenne, Wyoming","https://laramie1.schoolspring.com/","Laramie County School District 1","2026-07-31"
496,"Assistant Tennis Coach [C132]","2026-04-06","CENTRAL HIGH SCHOOL","Cheyenne, Wyoming","https://laramie1.schoolspring.com/","Laramie County School District 1","2026-07-31"
497,"Custodial - Head Class 5 [CU02]","2026-02-17","JOHNSON JUNIOR HIGH SCHOOL","Cheyenne, Wyoming","https://laramie1.schoolspring.com/","Laramie County School District 1","2026-07-31"
498,"Custodial - Head Class 5 [CU08]","2026-01-16","CAREY JUNIOR HIGH SCHOOL","Cheyenne, Wyoming","https://laramie1.schoolspring.com/","Laramie County School District 1","2026-07-31"
499,"Student Sweeper [ST05]","2025-11-07","AFFLERBACH ELEMENTARY SCHOOL","Cheyenne, Wyoming","https://laramie1.schoolspring.com/","Laramie County School District 1","2026-07-31"
500,"Student Sweeper [ST05]","2025-11-07","BAGGS ELEMENTARY SCHOOL","Cheyenne, Wyoming","https://laramie1.schoolspring.com/","Laramie County School District 1","2026-07-31"
501,"Student Sweeper [ST05]","2025-11-07","DILDINE ELEMENTARY SCHOOL","Cheyenne, Wyoming","https://laramie1.schoolspring.com/","Laramie County School District 1","2026-07-31"
502,"Student Sweeper [ST05]","2025-11-07","HENDERSON ELEMENTARY SCHOOL","Cheyenne, Wyoming","https://laramie1.schoolspring.com/","Laramie County School District 1","2026-07-31"
503,"Student Sweeper [ST05]","2025-11-07","PRAIRIE WIND ELEMENTARY SCHOOL","Cheyenne, Wyoming","https://laramie1.schoolspring.com/","Laramie County School District 1","2026-07-31"
504,"Paraeducator Sign Support [XP05]","2025-06-26","BUILDING TO BE DETERMINED","Cheyenne, Wyoming","https://laramie1.schoolspring.com/","Laramie County School District 1","2026-07-31"
505,"CMS Girls Wrestling Aide","2026-07-30","Centennial Middle School","Casper, Wyoming","https://natronaschools.schoolspring.com/","Natrona School District 1","2026-07-31"
506,"CMS Girls Wrestling Head Coach","2026-07-30","Centennial Middle School","Casper, Wyoming","https://natronaschools.schoolspring.com/","Natrona School District 1","2026-07-31"
507,"Oregon Trail Part-time Education Support Personnel","2026-07-30","Oregon Trail Elementary","Casper, Wyoming","https://natronaschools.schoolspring.com/","Natrona School District 1","2026-07-31"
508,"Paradise Valley Kindergarten Teacher for the 2026-27 School Year Only","2026-07-30","Paradise Valley Elementary","Casper, Wyoming","https://natronaschools.schoolspring.com/","Natrona School District 1","2026-07-31"
509,"CYMS Part Time Cafeteria Technician","2026-07-29","CY Middle School","Casper, Wyoming","https://natronaschools.schoolspring.com/","Natrona School District 1","2026-07-31"
510,"Casper Mountain Science Program Intern","2026-07-28","Curriculum and Instruction","Casper, Wyoming","https://natronaschools.schoolspring.com/","Natrona School District 1","2026-07-31"
511,"Centennial Education Support Personnel","2026-07-28","Centennial Middle School","Casper, Wyoming","https://natronaschools.schoolspring.com/","Natrona School District 1","2026-07-31"
512,"CCA Cafeteria Specialist","2026-07-27","Casper Classical Academy","Casper, Wyoming","https://natronaschools.schoolspring.com/","Natrona School District 1","2026-07-31"
513,"Business Services Specialist (Finance & Accounting)","2026-07-27","Business Services","Casper, Wyoming","https://natronaschools.schoolspring.com/","Natrona School District 1","2026-07-31"
514,"Business Services Technician (Payroll)","2026-07-27","Business Services","Casper, Wyoming","https://natronaschools.schoolspring.com/","Natrona School District 1","2026-07-31"
515,"NCHS Custodian","2026-07-27","Natrona County High School","Casper, Wyoming","https://natronaschools.schoolspring.com/","Natrona School District 1","2026-07-31"
516,"Information Systems Specialist- Business Department","2026-07-27","Business Services","Casper, Wyoming","https://natronaschools.schoolspring.com/","Natrona School District 1","2026-07-31"
517,"KWHS Cafeteria Technician","2026-07-27","Kelly Walsh High School","Casper, Wyoming","https://natronaschools.schoolspring.com/","Natrona School District 1","2026-07-31"
518,"KWHS Behavior and Substitute Support Personnel","2026-07-27","Kelly Walsh High School","Casper, Wyoming","https://natronaschools.schoolspring.com/","Natrona School District 1","2026-07-31"
519,"Poison Spider Football Coach","2026-07-22","Poison Spider K-8","Casper, Wyoming","https://natronaschools.schoolspring.com/","Natrona School District 1","2026-07-31"
520,"Poison Spider Football Coach Aide","2026-07-22","Poison Spider K-8","Casper, Wyoming","https://natronaschools.schoolspring.com/","Natrona School District 1","2026-07-31"
521,"Cottonwood Tutor for the 2026-2027 School Years Only","2026-07-21","Cottonwood Elementary","Casper, Wyoming","https://natronaschools.schoolspring.com/","Natrona School District 1","2026-07-31"
522,"Centennial Cafeteria Technician","2026-07-21","Centennial Middle School","Casper, Wyoming","https://natronaschools.schoolspring.com/","Natrona School District 1","2026-07-31"
523,"Centennial Cafeteria Technician","2026-07-21","Centennial Middle School","Casper, Wyoming","https://natronaschools.schoolspring.com/","Natrona School District 1","2026-07-31"
524,"Dean Morgan Basketball Aide","2026-07-20","Dean Morgan Middle School","Casper, Wyoming","https://natronaschools.schoolspring.com/","Natrona School District 1","2026-07-31"
525,"NCHS Education Support Specialist/Education Support Personnel","2026-07-20","Natrona County High School","Casper, Wyoming","https://natronaschools.schoolspring.com/","Natrona School District 1","2026-07-31"
526,"Bus Driver - 260 Day","2026-07-20","Transportation","Casper, Wyoming","https://natronaschools.schoolspring.com/","Natrona School District 1","2026-07-31"
527,"Bus Driver -175 Day","2026-07-20","Transportation","Casper, Wyoming","https://natronaschools.schoolspring.com/","Natrona School District 1","2026-07-31"
528,"Transportation Support Personnel","2026-07-20","Transportation","Casper, Wyoming","https://natronaschools.schoolspring.com/","Natrona School District 1","2026-07-31"
529,"Centennial Cafeteria Preparation Technician","2026-07-17","Centennial Middle School","Casper, Wyoming","https://natronaschools.schoolspring.com/","Natrona School District 1","2026-07-31"
530,"CCA 7th Grade Football Aide","2026-07-17","Casper Classical Academy","Casper, Wyoming","https://natronaschools.schoolspring.com/","Natrona School District 1","2026-07-31"
531,"CCA 7th Grade Volleyball Aide","2026-07-17","Casper Classical Academy","Casper, Wyoming","https://natronaschools.schoolspring.com/","Natrona School District 1","2026-07-31"
532,"Dean Morgan Volleyball Aide","2026-07-14","Dean Morgan Middle School","Casper, Wyoming","https://natronaschools.schoolspring.com/","Natrona School District 1","2026-07-31"
533,"CMS Head Football Coach","2026-07-14","Centennial Middle School","Casper, Wyoming","https://natronaschools.schoolspring.com/","Natrona School District 1","2026-07-31"
534,"KWHS Girls Assistant Basketball Coach","2026-07-14","Kelly Walsh High School","Casper, Wyoming","https://natronaschools.schoolspring.com/","Natrona School District 1","2026-07-31"
535,"KWHS Football Coach Aide","2026-07-14","Kelly Walsh High School","Casper, Wyoming","https://natronaschools.schoolspring.com/","Natrona School District 1","2026-07-31"
536,"Midwest JH Football Aide","2026-06-30","Midwest Schools","Midwest, Wyoming","https://natronaschools.schoolspring.com/","Natrona School District 1","2026-07-31"
537,"Manor Heights Education Support Personnel beginning for the 26-27 school year","2026-06-29","Manor Heights Elementary","Casper, Wyoming","https://natronaschools.schoolspring.com/","Natrona School District 1","2026-07-31"
538,"Journey - Tutor for the 2026-2027 school year only","2026-06-29","Journey Elementary","Casper, Wyoming","https://natronaschools.schoolspring.com/","Natrona School District 1","2026-07-31"
539,"Journey Preschool Education Support Specialist beginning for 26-27 school year","2026-06-25","Journey Elementary","Casper, Wyoming","https://natronaschools.schoolspring.com/","Natrona School District 1","2026-07-31"
540,"Evansville Tutor for the 2026-2027 School Year Only","2026-06-21","Evansville Elementary","Evansville, Wyoming","https://natronaschools.schoolspring.com/","Natrona School District 1","2026-07-31"
541,"Student Support Services Education Support Specialist beginning for the 26-27 school year","2026-06-15","Student Support Services","Casper, Wyoming","https://natronaschools.schoolspring.com/","Natrona School District 1","2026-07-31"
542,"Classified Substitute 2026-2027 School Year","2026-06-15","Human Resources","Casper, Wyoming","https://natronaschools.schoolspring.com/","Natrona School District 1","2026-07-31"
543,"Park Classroom Teacher- Spanish Dual Language Immersion to Begin the 2026-27 School Year","2026-06-01","Park Elementary","Casper, Wyoming","https://natronaschools.schoolspring.com/","Natrona School District 1","2026-07-31"
544,"Substitute Teacher 2026-2027 School Year","2026-06-01","Human Resources","Casper, Wyoming","https://natronaschools.schoolspring.com/","Natrona School District 1","2026-07-31"
545,"Education Interpreter-American Sign Language","2026-05-30","Special Education Services Center","Casper, Wyoming","https://natronaschools.schoolspring.com/","Natrona School District 1","2026-07-31"
546,"NCHS Head Softball Coach","2026-05-29","Natrona County High School","Casper, Wyoming","https://natronaschools.schoolspring.com/","Natrona School District 1","2026-07-31"
547,"NCHS Assistant Softball Coach","2026-05-29","Natrona County High School","Casper, Wyoming","https://natronaschools.schoolspring.com/","Natrona School District 1","2026-07-31"
548,"NCHS Softball Aide","2026-05-29","Natrona County High School","Casper, Wyoming","https://natronaschools.schoolspring.com/","Natrona School District 1","2026-07-31"
549,"NCHS Nordic Ski Assistant Coach","2026-05-29","Natrona County High School","Casper, Wyoming","https://natronaschools.schoolspring.com/","Natrona School District 1","2026-07-31"
550,"NCHS Tennis Aide","2026-05-29","Natrona County High School","Casper, Wyoming","https://natronaschools.schoolspring.com/","Natrona School District 1","2026-07-31"
551,"District Therapeutic Counselor to Begin the 2026-2027 School Year","2026-05-29","Special Education Services Center","Casper, Wyoming","https://natronaschools.schoolspring.com/","Natrona School District 1","2026-07-31"
552,"Dean Morgan Nordic Ski Aide","2026-05-22","Dean Morgan Middle School","Casper, Wyoming","https://natronaschools.schoolspring.com/","Natrona School District 1","2026-07-31"
553,"Verda James Part-Time Education Support Personnel to Begin the 2026-27 School Year","2026-05-22","Verda James Elementary","Casper, Wyoming","https://natronaschools.schoolspring.com/","Natrona School District 1","2026-07-31"
554,"Dean Morgan Football Aide","2026-05-21","Dean Morgan Middle School","Casper, Wyoming","https://natronaschools.schoolspring.com/","Natrona School District 1","2026-07-31"
555,"CMS ILS Education Support Specialist beginning for the 26-27 school year","2026-05-21","Centennial Middle School","Casper, Wyoming","https://natronaschools.schoolspring.com/","Natrona School District 1","2026-07-31"
556,"CMS Substitute on Daily Assignment- SPED to begin the 26-27 School Year","2026-05-19","Centennial Middle School","Casper, Wyoming","https://natronaschools.schoolspring.com/","Natrona School District 1","2026-07-31"
557,"Special Education Teacher Beginning the 2026-27 School Year","2026-05-19","Special Education Services Center","Casper, Wyoming","https://natronaschools.schoolspring.com/","Natrona School District 1","2026-07-31"
558,"KWHS Cheer Coach Aide","2026-05-18","Kelly Walsh High School","Casper, Wyoming","https://natronaschools.schoolspring.com/","Natrona School District 1","2026-07-31"
559,"Occupational Therapist Beginning the 2026-2027 School Year","2026-05-14","Special Education Services Center","Casper, Wyoming","https://natronaschools.schoolspring.com/","Natrona School District 1","2026-07-31"
560,"CCA BASE Education Support Specialist","2026-05-13","Casper Classical Academy","Casper, Wyoming","https://natronaschools.schoolspring.com/","Natrona School District 1","2026-07-31"
561,"Assistive Technologist Special Education to Begin the 2026-27 School Year","2026-05-11","Special Education Services Center","Casper, Wyoming","https://natronaschools.schoolspring.com/","Natrona School District 1","2026-07-31"
562,"Instructional Facilitator - Behavior Interventionist Beginning the 2026-2027 School Year","2026-05-11","Curriculum and Instruction","Casper, Wyoming","https://natronaschools.schoolspring.com/","Natrona School District 1","2026-07-31"
563,"CYMS Part Time Education Support Personnel beginning for the 2026-2027 school year","2026-04-30","CY Middle School","Casper, Wyoming","https://natronaschools.schoolspring.com/","Natrona School District 1","2026-07-31"
564,"Dean Morgan Education Support Personnel Beginning 26-27 School Year","2026-04-30","Dean Morgan Middle School","Casper, Wyoming","https://natronaschools.schoolspring.com/","Natrona School District 1","2026-07-31"
565,"Sagewood Behavior and Substitute Support Personnel Beginning 26-27 School Year","2026-04-30","Sagewood Elementary","Casper, Wyoming","https://natronaschools.schoolspring.com/","Natrona School District 1","2026-07-31"
566,"CYMS Head Cheer Coach","2026-04-24","CY Middle School","Casper, Wyoming","https://natronaschools.schoolspring.com/","Natrona School District 1","2026-07-31"
567,"Substitute Custodian","2026-04-09","Human Resources","Casper, Wyoming","https://natronaschools.schoolspring.com/","Natrona School District 1","2026-07-31"
568,"Substitute Nurse","2026-04-09","Human Resources","Casper, Wyoming","https://natronaschools.schoolspring.com/","Natrona School District 1","2026-07-31"
569,"Seasonal Grounds Worker","2026-04-01","Plant/Maintenance","Casper, Wyoming","https://natronaschools.schoolspring.com/","Natrona School District 1","2026-07-31"
570,"Physical Therapist to begin 2026-2027 School Year","2026-03-18","Special Education Services Center","Casper, Wyoming","https://natronaschools.schoolspring.com/","Natrona School District 1","2026-07-31"
571,"Substitute Bus Driver","2026-02-13","Transportation","Casper, Wyoming","https://natronaschools.schoolspring.com/","Natrona School District 1","2026-07-31"
572,"Centennial Head Girls Soccer Coach","2026-01-16","Centennial Middle School","Casper, Wyoming","https://natronaschools.schoolspring.com/","Natrona School District 1","2026-07-31"
573,"KWHS - Marine Instructor (MI) OR Senior ROTC Marine Instructor (SMI)","2025-07-10","Kelly Walsh High School","Casper, Wyoming","https://natronaschools.schoolspring.com/","Natrona School District 1","2026-07-31"
574,"Cook/Custodian","2026-07-27","Carpenter Elementary","Carpenter, Wyoming","https://laramie2.schoolspring.com/","Laramie County School District 2","2026-07-31"
575,"Academic Tutor","2026-07-08","Burns Jr./Sr. High School","Burns, Wyoming","https://laramie2.schoolspring.com/","Laramie County School District 2","2026-07-31"
576,"Secondary Counselor/Social Worker","2026-07-06","Burns Jr./Sr. High School","Burns, Wyoming","https://laramie2.schoolspring.com/","Laramie County School District 2","2026-07-31"
577,"Paraprofessional","2026-04-27","LARAMIE COUNTY SD #2","Pine Bluffs, Wyoming","https://laramie2.schoolspring.com/","Laramie County School District 2","2026-07-31"
578,"Custodian","2026-03-23","Burns Jr./Sr. High School","Burns, Wyoming","https://laramie2.schoolspring.com/","Laramie County School District 2","2026-07-31"
579,"Speech-Language Pathologist 2026-27 School Year (Signing Bonus)","2026-03-12","LARAMIE COUNTY SD #2","Pine Bluffs, Wyoming","https://laramie2.schoolspring.com/","Laramie County School District 2","2026-07-31"
580,"Assistant High School Football Coach","2026-02-24","Burns Jr./Sr. High School","Burns, Wyoming","https://laramie2.schoolspring.com/","Laramie County School District 2","2026-07-31"
581,"Assistant JH Volleyball Numbers Coach","2025-12-02","Burns Jr./Sr. High School","Burns, Wyoming","https://laramie2.schoolspring.com/","Laramie County School District 2","2026-07-31"
582,"Substitute School Nurse","2025-09-15","LARAMIE COUNTY SD #2","Pine Bluffs, Wyoming","https://laramie2.schoolspring.com/","Laramie County School District 2","2026-07-31"
583,"ELL Parent Translator Contactor","2025-09-15","LARAMIE COUNTY SD #2","Pine Bluffs, Wyoming","https://laramie2.schoolspring.com/","Laramie County School District 2","2026-07-31"
584,"Assistant JH Football Coach","2025-08-05","Burns Jr./Sr. High School","Burns, Wyoming","https://laramie2.schoolspring.com/","Laramie County School District 2","2026-07-31"
585,"ELL Paraprofessional","2025-06-10","LARAMIE COUNTY SD #2","Pine Bluffs, Wyoming","https://laramie2.schoolspring.com/","Laramie County School District 2","2026-07-31"
586,"Sub Paraprofessional","2025-01-30","LARAMIE COUNTY SD #2","Pine Bluffs, Wyoming","https://laramie2.schoolspring.com/","Laramie County School District 2","2026-07-31"
587,"Sub Custodian","2025-01-30","LARAMIE COUNTY SD #2","Pine Bluffs, Wyoming","https://laramie2.schoolspring.com/","Laramie County School District 2","2026-07-31"
588,"Substitute Cook","2025-01-30","LARAMIE COUNTY SD #2","Pine Bluffs, Wyoming","https://laramie2.schoolspring.com/","Laramie County School District 2","2026-07-31"
589,"Substitute Teacher","2025-01-30","LARAMIE COUNTY SD #2","Pine Bluffs, Wyoming","https://laramie2.schoolspring.com/","Laramie County School District 2","2026-07-31"
590,"Substitute Bus Driver","2025-01-30","LARAMIE COUNTY SD #2","Pine Bluffs, Wyoming","https://laramie2.schoolspring.com/","Laramie County School District 2","2026-07-31"
591,"CUSTODIAN FLOATER","2026-07-28","Fremont County School District 25","Riverton, Wyoming","https://fremont25.schoolspring.com/","Fremont County School District 25","2026-07-31"
592,"SUBSTITUTE CUSTODIAN","2026-07-16","Fremont County School District 25","Riverton, Wyoming","https://fremont25.schoolspring.com/","Fremont County School District 25","2026-07-31"
593,"NATIVE AMERICAN STUDENT ADVOCATE","2026-07-07","Fremont County School District 25","Riverton, Wyoming","https://fremont25.schoolspring.com/","Fremont County School District 25","2026-07-31"
594,"LAWN CREW","2026-06-23","MAINTANENCE","Riverton, Wyoming","https://fremont25.schoolspring.com/","Fremont County School District 25","2026-07-31"
595,"ELEMENTARY TEACHER (SPED BSP/LR)","2026-06-02","ASPEN ELEMENTARY","Riverton, Wyoming","https://fremont25.schoolspring.com/","Fremont County School District 25","2026-07-31"
596,"MIDDLE SCHOOL ASSISTANT COACH (WRESTLING)","2026-05-27","RIVERTON MIDDLE SCHOOL","Riverton, Wyoming","https://fremont25.schoolspring.com/","Fremont County School District 25","2026-07-31"
597,"HIGH SCHOOL ASSISTANT COACH (WRESTLING)","2026-05-21","RIVERTON HIGH SCHOOL","Riverton, Wyoming","https://fremont25.schoolspring.com/","Fremont County School District 25","2026-07-31"
598,"ELEMENTARY TEACHER (SPED)","2026-05-12","ASPEN ELEMENTARY","Riverton, Wyoming","https://fremont25.schoolspring.com/","Fremont County School District 25","2026-07-31"
599,"INSTRUCTIONAL SUPPORT SPECIALIST","2026-04-13","Fremont County School District 25","Riverton, Wyoming","https://fremont25.schoolspring.com/","Fremont County School District 25","2026-07-31"
600,"HOMEBOUND AND DISTRICT PLACEMENT SPECIAL EDUCATION TEACHER (SPED)","2026-04-08","Fremont County School District 25","Riverton, Wyoming","https://fremont25.schoolspring.com/","Fremont County School District 25","2026-07-31"
601,"2026-2027 PARAPROFESSIONAL POOL","2026-03-27","Fremont County School District 25","Riverton, Wyoming","https://fremont25.schoolspring.com/","Fremont County School District 25","2026-07-31"
602,"SUBSTITUTE BUS DRIVER","2026-03-20","BUS GARAGE - TRANSPORTATION","Riverton, Wyoming","https://fremont25.schoolspring.com/","Fremont County School District 25","2026-07-31"
603,"SPEECH LANGUAGE PATHOLOGIST","2026-02-09","Fremont County School District 25","Riverton, Wyoming","https://fremont25.schoolspring.com/","Fremont County School District 25","2026-07-31"
604,"BUS AIDE","2025-10-17","BUS GARAGE - TRANSPORTATION","Riverton, Wyoming","https://fremont25.schoolspring.com/","Fremont County School District 25","2026-07-31"
605,"BUS DRIVER (PART TIME)","2025-10-17","BUS GARAGE - TRANSPORTATION","Riverton, Wyoming","https://fremont25.schoolspring.com/","Fremont County School District 25","2026-07-31"
606,"SUBSTITUTE PARA","2025-09-26","Fremont County School District 25","Riverton, Wyoming","https://fremont25.schoolspring.com/","Fremont County School District 25","2026-07-31"
607,"SUBSTITUTE INTERPRETER FOR DEAF/HARD OF HEARING STUDENTS","2025-01-16","Fremont County School District 25","Riverton, Wyoming","https://fremont25.schoolspring.com/","Fremont County School District 25","2026-07-31"
608,"SUBSTITUTE DAYCARE ASSISTANT","2024-07-22","Fremont County School District 25","Riverton, Wyoming","https://fremont25.schoolspring.com/","Fremont County School District 25","2026-07-31"
609,"SUBSTITUTE TEACHER","2024-07-18","Fremont County School District 25","Riverton, Wyoming","https://fremont25.schoolspring.com/","Fremont County School District 25","2026-07-31"
610,"SUBSTITUTE NURSE","2024-07-18","Fremont County School District 25","Riverton, Wyoming","https://fremont25.schoolspring.com/","Fremont County School District 25","2026-07-31"
611,"LIFEGUARD","2024-03-01","RIVERTON AQUATICS CENTER","Riverton, Wyoming","https://fremont25.schoolspring.com/","Fremont County School District 25","2026-07-31"
612,"DESK CLERK","2024-03-01","RIVERTON AQUATICS CENTER","Riverton, Wyoming","https://fremont25.schoolspring.com/","Fremont County School District 25","2026-07-31"
613,"Monitor","2026-07-29","Indian Paintbrush Elementary School","Laramie, Wyoming","https://acsd1.schoolspring.com/","Albany Count School District 1","2026-07-31"
614,"Monitor","2026-07-29","Spring Creek Elementary School","Laramie, Wyoming","https://acsd1.schoolspring.com/","Albany Count School District 1","2026-07-31"
615,"Transportation Specialist","2026-07-28","Albany County School District 1","Laramie, Wyoming","https://acsd1.schoolspring.com/","Albany Count School District 1","2026-07-31"
616,"Middle School Physical Education Teacher","2026-07-28","Laramie Middle School","Laramie, Wyoming","https://acsd1.schoolspring.com/","Albany Count School District 1","2026-07-31"
617,"Resource/Title I Paraprofessional","2026-07-16","Laramie Montessori","Laramie, Wyoming","https://acsd1.schoolspring.com/","Albany Count School District 1","2026-07-31"
618,"Resource/Title I Paraprofessional","2026-07-16","Snowy Range Academy","Laramie, Wyoming","https://acsd1.schoolspring.com/","Albany Count School District 1","2026-07-31"
619,"Long Term Substitute School Nurse","2026-07-09","Slade Elementary School","Laramie, Wyoming","https://acsd1.schoolspring.com/","Albany Count School District 1","2026-07-31"
620,"Behavior Support Paraprofessional","2026-07-08","Albany County School District 1","Laramie, Wyoming","https://acsd1.schoolspring.com/","Albany Count School District 1","2026-07-31"
621,"Substitute Teacher","2026-07-08","Albany County School District 1","Laramie, Wyoming","https://acsd1.schoolspring.com/","Albany Count School District 1","2026-07-31"
622,"Behavior Support Paraprofessional","2026-07-08","Slade Elementary School","Laramie, Wyoming","https://acsd1.schoolspring.com/","Albany Count School District 1","2026-07-31"
623,"Resource/Title I Paraprofessional","2026-07-08","Spring Creek Elementary School","Laramie, Wyoming","https://acsd1.schoolspring.com/","Albany Count School District 1","2026-07-31"
624,"Resource/Title I Paraprofessional","2026-07-08","Linford Elementary School","Laramie, Wyoming","https://acsd1.schoolspring.com/","Albany Count School District 1","2026-07-31"
625,"Behavior Support Paraprofessional","2026-07-08","Linford Elementary School","Laramie, Wyoming","https://acsd1.schoolspring.com/","Albany Count School District 1","2026-07-31"
626,"Personalized Learning Services Paraprofessional","2026-07-08","Indian Paintbrush Elementary School","Laramie, Wyoming","https://acsd1.schoolspring.com/","Albany Count School District 1","2026-07-31"
627,"Personalized Learning Services Paraprofessional","2026-07-08","Laramie Middle School","Laramie, Wyoming","https://acsd1.schoolspring.com/","Albany Count School District 1","2026-07-31"
628,"Behavior Support Paraprofessional","2026-07-08","Laramie Middle School","Laramie, Wyoming","https://acsd1.schoolspring.com/","Albany Count School District 1","2026-07-31"
629,"Special Education Teacher","2026-06-11","Indian Paintbrush Elementary School","Laramie, Wyoming","https://acsd1.schoolspring.com/","Albany Count School District 1","2026-07-31"
630,"High School Assistant Volleyball Coach","2026-06-08","Laramie High School","Laramie, Wyoming","https://acsd1.schoolspring.com/","Albany Count School District 1","2026-07-31"
631,"Junior High School Boys' Assistant Basketball Coach","2026-06-08","Rock River Junior High","Rock River, Wyoming","https://acsd1.schoolspring.com/","Albany Count School District 1","2026-07-31"
632,"Middle School Assistant Track Coach","2026-06-08","Laramie Middle School","Laramie, Wyoming","https://acsd1.schoolspring.com/","Albany Count School District 1","2026-07-31"
633,"Educational Sign Language Interpreter","2026-05-29","Albany County School District 1","Laramie, Wyoming","https://acsd1.schoolspring.com/","Albany Count School District 1","2026-07-31"
634,"Middle School Boys' Basketball Coach","2026-05-28","Laramie Middle School","Laramie, Wyoming","https://acsd1.schoolspring.com/","Albany Count School District 1","2026-07-31"
635,"Sports Paraprofessional","2026-05-28","Laramie Middle School","Laramie, Wyoming","https://acsd1.schoolspring.com/","Albany Count School District 1","2026-07-31"
636,"Childcare/Daycare Paraprofessional","2026-05-19","Whiting High School","Laramie, Wyoming","https://acsd1.schoolspring.com/","Albany Count School District 1","2026-07-31"
637,"Middle School Girls' Basketball Coach","2026-05-18","Laramie Middle School","Laramie, Wyoming","https://acsd1.schoolspring.com/","Albany Count School District 1","2026-07-31"
638,"Certified Occupational Therapist","2026-04-03","Albany County School District 1","Laramie, Wyoming","https://acsd1.schoolspring.com/","Albany Count School District 1","2026-07-31"
639,"High School Assistant Golf Coach","2026-03-04","Laramie High School","Laramie, Wyoming","https://acsd1.schoolspring.com/","Albany Count School District 1","2026-07-31"
640,"Substitute Custodian","2025-07-21","Albany County School District 1","Laramie, Wyoming","https://acsd1.schoolspring.com/","Albany Count School District 1","2026-07-31"
641,"Bus Aide","2025-06-05","Albany County School District 1","Laramie, Wyoming","https://acsd1.schoolspring.com/","Albany Count School District 1","2026-07-31"
642,"Bus Driver","2025-06-05","Albany County School District 1","Laramie, Wyoming","https://acsd1.schoolspring.com/","Albany Count School District 1","2026-07-31"
643,"Nutrition Service Assistant","2026-07-30","CAMPBELL COUNTY SCHOOL DISTRICT #1","Gillette, Wyoming","https://campbell.schoolspring.com/","Campbell County Scholl District 1","2026-07-31"
644,"Assistant Supervisor of Nutrition Services","2026-07-30","CAMPBELL COUNTY SCHOOL DISTRICT #1","Gillette, Wyoming","https://campbell.schoolspring.com/","Campbell County Scholl District 1","2026-07-31"
645,"7/8 Football Coach","2026-07-30","SAGE VALLEY JUNIOR HIGH SCHOOL","Gillette, Wyoming","https://campbell.schoolspring.com/","Campbell County Scholl District 1","2026-07-31"
646,"Instructional Teacher Assistant","2026-07-29","PRAIRIE WIND ELEMENTARY","Gillette, Wyoming","https://campbell.schoolspring.com/","Campbell County Scholl District 1","2026-07-31"
647,"Instructional Assistant - Special Programs Education Assistant","2026-07-29","WESTWOOD HIGH SCHOOL","Gillette, Wyoming","https://campbell.schoolspring.com/","Campbell County Scholl District 1","2026-07-31"
648,"Instructional Assistant - Title I Teacher Assistant","2026-07-29","WAGONWHEEL ELEMENTARY","Gillette, Wyoming","https://campbell.schoolspring.com/","Campbell County Scholl District 1","2026-07-31"
649,"Instructional Assistant - SPEA","2026-07-29","PRONGHORN ELEMENTARY","Gillette, Wyoming","https://campbell.schoolspring.com/","Campbell County Scholl District 1","2026-07-31"
650,"Cheerleading Sponsor - 7/8 Fall","2026-07-29","SAGE VALLEY JUNIOR HIGH SCHOOL","Gillette, Wyoming","https://campbell.schoolspring.com/","Campbell County Scholl District 1","2026-07-31"
651,"Special Programs Behavior Specialist","2026-07-24","CAMPBELL COUNTY SCHOOL DISTRICT #1","Gillette, Wyoming","https://campbell.schoolspring.com/","Campbell County Scholl District 1","2026-07-31"
652,"Instructional Assistant - Emotionally Disabled Special Programs Education Assistant","2026-07-23","THUNDER BASIN HIGH SCHOOL","Gillette, Wyoming","https://campbell.schoolspring.com/","Campbell County Scholl District 1","2026-07-31"
653,"Instructional Assistant - Special Programs Education Assistant for Students with High Needs","2026-07-23","THUNDER BASIN HIGH SCHOOL","Gillette, Wyoming","https://campbell.schoolspring.com/","Campbell County Scholl District 1","2026-07-31"
654,"Instructional Assistant - SPEA","2026-07-23","SUNFLOWER ELEMENTARY","Gillette, Wyoming","https://campbell.schoolspring.com/","Campbell County Scholl District 1","2026-07-31"
655,"Office Clerk","2026-07-23","THUNDER BASIN HIGH SCHOOL","Gillette, Wyoming","https://campbell.schoolspring.com/","Campbell County Scholl District 1","2026-07-31"
656,"Instructional Assistant - SPEA","2026-07-22","STOCKTRAIL ELEMENTARY","Gillette, Wyoming","https://campbell.schoolspring.com/","Campbell County Scholl District 1","2026-07-31"
657,"0.6 Custodian/0.4 Assistant Cook","2026-07-22","RECLUSE SCHOOL","Gillette, Wyoming","https://campbell.schoolspring.com/","Campbell County Scholl District 1","2026-07-31"
658,"Instructional Assistant - SPEA - ED","2026-07-22","PAINTBRUSH ELEMENTARY","Gillette, Wyoming","https://campbell.schoolspring.com/","Campbell County Scholl District 1","2026-07-31"
659,"Instructional Assistant - Special Programs Education Assistant/ASD","2026-07-22","TWIN SPRUCE JUNIOR HIGH SCHOOL","Gillette, Wyoming","https://campbell.schoolspring.com/","Campbell County Scholl District 1","2026-07-31"
660,"Instructional Assistant - SPEA","2026-07-22","PAINTBRUSH ELEMENTARY","Gillette, Wyoming","https://campbell.schoolspring.com/","Campbell County Scholl District 1","2026-07-31"
661,"Instructional Assistant - Behavior Assistant","2026-07-22","PAINTBRUSH ELEMENTARY","Gillette, Wyoming","https://campbell.schoolspring.com/","Campbell County Scholl District 1","2026-07-31"
662,"Instructional Teacher Assistant","2026-07-22","BUFFALO RIDGE ELEMENTARY SCHOOL","Gillette, Wyoming","https://campbell.schoolspring.com/","Campbell County Scholl District 1","2026-07-31"
663,"Instructional Assistant - SPEA - ASD","2026-07-22","PRONGHORN ELEMENTARY","Gillette, Wyoming","https://campbell.schoolspring.com/","Campbell County Scholl District 1","2026-07-31"
664,"Instructional Teacher Assistant","2026-07-22","WAGONWHEEL ELEMENTARY","Gillette, Wyoming","https://campbell.schoolspring.com/","Campbell County Scholl District 1","2026-07-31"
665,"Instructional Assistant - Vocational Job Coach","2026-07-22","WRIGHT JR./SR. HIGH SCHOOL","Wright, Wyoming","https://campbell.schoolspring.com/","Campbell County Scholl District 1","2026-07-31"
666,"BUS ASSISTANT - SPECIAL PROGRAMS","2026-07-22","CAMPBELL COUNTY SCHOOL DISTRICT #1","Gillette, Wyoming","https://campbell.schoolspring.com/","Campbell County Scholl District 1","2026-07-31"
667,"ACTIVITY BUS DRIVER","2026-07-22","CAMPBELL COUNTY SCHOOL DISTRICT #1","Gillette, Wyoming","https://campbell.schoolspring.com/","Campbell County Scholl District 1","2026-07-31"
668,"Safety Patrol","2026-07-22","CAMPBELL COUNTY SCHOOL DISTRICT #1","Gillette, Wyoming","https://campbell.schoolspring.com/","Campbell County Scholl District 1","2026-07-31"
669,"Instructional Assistant - Technology Assistant","2026-07-22","SAGE VALLEY JUNIOR HIGH SCHOOL","Gillette, Wyoming","https://campbell.schoolspring.com/","Campbell County Scholl District 1","2026-07-31"
670,"Instructional Assistant - Special Programs Education Assistant for Students with High Needs","2026-07-22","CAMPBELL COUNTY SCHOOL DISTRICT #1","Gillette, Wyoming","https://campbell.schoolspring.com/","Campbell County Scholl District 1","2026-07-31"
671,"Instructional Assistant - Special Programs Education Assistant for Students with High Needs","2026-07-22","CAMPBELL COUNTY HIGH SCHOOL","Gillette, Wyoming","https://campbell.schoolspring.com/","Campbell County Scholl District 1","2026-07-31"
672,"Instructional Assistant - Special Programs Education Assistant","2026-07-22","CAMPBELL COUNTY HIGH SCHOOL","Gillette, Wyoming","https://campbell.schoolspring.com/","Campbell County Scholl District 1","2026-07-31"
673,"Instructional Assistant - Vocational Job Coach","2026-07-22","CAMPBELL COUNTY HIGH SCHOOL","Gillette, Wyoming","https://campbell.schoolspring.com/","Campbell County Scholl District 1","2026-07-31"
674,"Instructional Assistant - Emotionally Disabled Special Programs Education Assistant","2026-07-22","SAGE VALLEY JUNIOR HIGH SCHOOL","Gillette, Wyoming","https://campbell.schoolspring.com/","Campbell County Scholl District 1","2026-07-31"
675,"Instructional Assistant - ESL (English as a Second Language) Teacher Assistant","2026-07-22","CAMPBELL COUNTY HIGH SCHOOL","Gillette, Wyoming","https://campbell.schoolspring.com/","Campbell County Scholl District 1","2026-07-31"
676,"Instructional Assistant - Library Media Teacher Assistant","2026-07-15","WRIGHT JR./SR. HIGH SCHOOL","Wright, Wyoming","https://campbell.schoolspring.com/","Campbell County Scholl District 1","2026-07-31"
677,"Instructional Assistant - Special Programs Education Assistant","2026-07-15","WRIGHT JR./SR. HIGH SCHOOL","Wright, Wyoming","https://campbell.schoolspring.com/","Campbell County Scholl District 1","2026-07-31"
678,"Instructional Assistant - In-School Discipline Program Assistant","2026-07-15","THUNDER BASIN HIGH SCHOOL","Gillette, Wyoming","https://campbell.schoolspring.com/","Campbell County Scholl District 1","2026-07-31"
679,"Instructional Assistant - Special Programs Education Assistant","2026-07-15","SAGE VALLEY JUNIOR HIGH SCHOOL","Gillette, Wyoming","https://campbell.schoolspring.com/","Campbell County Scholl District 1","2026-07-31"
680,"Hearing Impaired Interpreter","2026-07-15","PRONGHORN ELEMENTARY","Gillette, Wyoming","https://campbell.schoolspring.com/","Campbell County Scholl District 1","2026-07-31"
681,"7/8 Football Coach","2026-07-10","WRIGHT JR./SR. HIGH SCHOOL","Wright, Wyoming","https://campbell.schoolspring.com/","Campbell County Scholl District 1","2026-07-31"
682,"Instructional Assistant - Vocational Job Coach","2026-07-10","THUNDER BASIN HIGH SCHOOL","Gillette, Wyoming","https://campbell.schoolspring.com/","Campbell County Scholl District 1","2026-07-31"
683,"Instructional Assistant - Music Accompanist","2026-07-09","TWIN SPRUCE JUNIOR HIGH SCHOOL","Gillette, Wyoming","https://campbell.schoolspring.com/","Campbell County Scholl District 1","2026-07-31"
684,"Instructional Assistant - SPEA","2026-07-08","RAWHIDE ELEMENTARY","Gillette, Wyoming","https://campbell.schoolspring.com/","Campbell County Scholl District 1","2026-07-31"
685,"Skilled Maintenance Crafts - Mechanic","2026-07-07","CAMPBELL COUNTY SCHOOL DISTRICT #1","Gillette, Wyoming","https://campbell.schoolspring.com/","Campbell County Scholl District 1","2026-07-31"
686,"Substitute Teacher","2026-07-01","CAMPBELL COUNTY SCHOOL DISTRICT #1","Gillette, Wyoming","https://campbell.schoolspring.com/","Campbell County Scholl District 1","2026-07-31"
687,"BUS DRIVER/BUS DRIVER IN TRAINING","2026-06-10","CAMPBELL COUNTY SCHOOL DISTRICT #1","Gillette, Wyoming","https://campbell.schoolspring.com/","Campbell County Scholl District 1","2026-07-31"
688,"Speech/Language Pathologist","2026-05-14","CAMPBELL COUNTY SCHOOL DISTRICT #1","Gillette, Wyoming","https://campbell.schoolspring.com/","Campbell County Scholl District 1","2026-07-31"
689,"Teacher of the Visually Impaired","2026-03-05","CAMPBELL COUNTY SCHOOL DISTRICT #1","Gillette, Wyoming","https://campbell.schoolspring.com/","Campbell County Scholl District 1","2026-07-31"
690,"Instructional Assistant - SPEA - High Needs","2025-12-19","HILLCREST ELEMENTARY","Gillette, Wyoming","https://campbell.schoolspring.com/","Campbell County Scholl District 1","2026-07-31"
691,"Orientation and Mobility Specialist","2025-12-19","CAMPBELL COUNTY SCHOOL DISTRICT #1","Gillette, Wyoming","https://campbell.schoolspring.com/","Campbell County Scholl District 1","2026-07-31"
692,"Substitute School Nurse","2025-06-11","CAMPBELL COUNTY SCHOOL DISTRICT #1","Gillette, Wyoming","https://campbell.schoolspring.com/","Campbell County Scholl District 1","2026-07-31"
693,"SCHOOL PSYCHOLOGIST INTERN","2025-01-31","CAMPBELL COUNTY SCHOOL DISTRICT #1","Gillette, Wyoming","https://campbell.schoolspring.com/","Campbell County Scholl District 1","2026-07-31"
694,"Sample Classified Position","2010-02-16","CAMPBELL COUNTY SCHOOL DISTRICT #1","Gillette, Wyoming","https://campbell.schoolspring.com/","Campbell County Scholl District 1","2026-07-31"
695,"Sample Certified Position","2010-02-16","CAMPBELL COUNTY SCHOOL DISTRICT #1","Gillette, Wyoming","https://campbell.schoolspring.com/","Campbell County Scholl District 1","2026-07-31"
696,"Activity Bus Driver - Star Valley",NA,"Bus Driver","Star Valley, WY","https://lcsd2.org/employment-opportunities/","Lincoln County School District 2","2026-07-31"
697,"Aide Pool - Star Valley",NA,"Aide","Star Valley, WY","https://lcsd2.org/employment-opportunities/","Lincoln County School District 2","2026-07-31"
698,"Food Service Worker - Afton Elementary - 2 hours per day",NA,"Food Service Worker","Afton, WY","https://lcsd2.org/employment-opportunities/","Lincoln County School District 2","2026-07-31"
699,"Food Service Worker - Cokeville - 2 1/4 hours per day",NA,"Food Service Worker","Cokeville, WY","https://lcsd2.org/employment-opportunities/","Lincoln County School District 2","2026-07-31"
700,"Food Service Worker - Star Valley Middle School - 3 hours per day",NA,"Food Service Worker","Star Valley, WY","https://lcsd2.org/employment-opportunities/","Lincoln County School District 2","2026-07-31"
701,"Musical Costumer - Star Valley High School",NA,"Costumer","Star Valley, WY","https://lcsd2.org/employment-opportunities/","Lincoln County School District 2","2026-07-31"
702,"Permanent Substitute Bus Driver - Star Valley",NA,"Substitute Bus Driver","Star Valley, WY","https://lcsd2.org/employment-opportunities/","Lincoln County School District 2","2026-07-31"
703,"Educational Sign Language Interpreter - District Wide",NA,"Sign Language Interpreter","District Wide, WY","https://lcsd2.org/employment-opportunities/","Lincoln County School District 2","2026-07-31"
704,"Certified Substitute Teacher Pool - Cokeville",NA,"Substitute Teacher","Cokeville, WY","https://lcsd2.org/employment-opportunities/","Lincoln County School District 2","2026-07-31"
705,"Certified Substitute Teacher Pool - Star Valley",NA,"Substitute Teacher","Star Valley, WY","https://lcsd2.org/employment-opportunities/","Lincoln County School District 2","2026-07-31"
706,"Substitute Bus Aides - Star Valley",NA,"Bus Aide","Star Valley, WY","https://lcsd2.org/employment-opportunities/","Lincoln County School District 2","2026-07-31"
707,"Substitute Bus Drivers - Cokeville",NA,"Substitute Bus Driver","Cokeville, WY","https://lcsd2.org/employment-opportunities/","Lincoln County School District 2","2026-07-31"
708,"Substitute Bus Drivers - Star Valley",NA,"Substitute Bus Driver","Star Valley, WY","https://lcsd2.org/employment-opportunities/","Lincoln County School District 2","2026-07-31"
709,"Substitute Food Service (Cooks)",NA,"Cook","District Wide, WY","https://lcsd2.org/employment-opportunities/","Lincoln County School District 2","2026-07-31"
710,"Substitute School Nurse - Star Valley",NA,"School Nurse","Star Valley, WY","https://lcsd2.org/employment-opportunities/","Lincoln County School District 2","2026-07-31"
711,"Color Guard Advisor - Star Valley High School",NA,"Advisor","Star Valley, WY","https://lcsd2.org/employment-opportunities/","Lincoln County School District 2","2026-07-31"
712,"Volunteer Coach/Advisor",NA,"Coach/Advisor","District Wide, WY","https://lcsd2.org/employment-opportunities/","Lincoln County School District 2","2026-07-31"
713,"Elementary Teacher (K–6)",NA,"Teacher","Lusk, WY","https://www.growingluskleaders.org/page/human-resources","Niobrara County School District 1","2026-07-31"
714,"Music/Band Teacher (K–12)",NA,"Teacher","Lusk, WY","https://www.growingluskleaders.org/page/human-resources","Niobrara County School District 1","2026-07-31"
715,"Central Office Administrative Assistant",NA,"Administrative Assistant","Lusk, WY","https://www.growingluskleaders.org/page/human-resources","Niobrara County School District 1","2026-07-31"
716,"Technology Support Staff",NA,"Technology Support","Lusk, WY","https://www.growingluskleaders.org/page/human-resources","Niobrara County School District 1","2026-07-31"
717,"SPED Paraprofessional",NA,"Paraprofessional","Lusk, WY","https://www.growingluskleaders.org/page/human-resources","Niobrara County School District 1","2026-07-31"
718,"Library/Media Support Staff",NA,"Library/Media Support","Lusk, WY","https://www.growingluskleaders.org/page/human-resources","Niobrara County School District 1","2026-07-31"
719,"Bus Driver Substitute (District Wide)",NA,"Substitute Bus Driver","District Wide, WY","https://www.growingluskleaders.org/page/human-resources","Niobrara County School District 1","2026-07-31"
720,"Custodial Substitute (District Wide)",NA,"Custodian","District Wide, WY","https://www.growingluskleaders.org/page/human-resources","Niobrara County School District 1","2026-07-31"
721,"HS Head Track Coach",NA,"Coaching","District","https://pcsd16.com/271372_2","Park County School District 16","2026-07-31"
722,"MS Head Track Coach",NA,"Coaching","District","https://pcsd16.com/271372_2","Park County School District 16","2026-07-31"
723,"School Guidance Counselor",NA,"Certified","District","https://pcsd16.com/271372_2","Park County School District 16","2026-07-31"
724,"Substitute Teacher",NA,"Substitute Teacher","Wheatland, WY","https://www.platte1.org/89574_1","Platte County School District 1","2026-07-31"
725,"Custodian Substitute",NA,"Custodian","Wheatland, WY","https://www.platte1.org/89574_1","Platte County School District 1","2026-07-31"
726,"Custodian",NA,"Custodian","Wheatland, WY","https://www.platte1.org/89574_1","Platte County School District 1","2026-07-31"
727,"Custodian",NA,"Custodian","Glendo, WY","https://www.platte1.org/89574_1","Platte County School District 1","2026-07-31"
728,"Volleyball Aide",NA,"Aide","Wheatland, WY","https://www.platte1.org/89574_1","Platte County School District 1","2026-07-31"
729,"Bus Driver",NA,"Bus Driver","Wheatland, WY","https://www.platte1.org/89574_1","Platte County School District 1","2026-07-31"
730,"Maintenance Worker",NA,"Maintenance Worker","Wheatland, WY","https://www.platte1.org/89574_1","Platte County School District 1","2026-07-31"
731,"WHS Assistant Girls Basketball Coach",NA,"Assistant Coach","Wheatland, WY","https://www.platte1.org/89574_1","Platte County School District 1","2026-07-31"
732,"Social Studies Teacher",NA,"Teacher","Wheatland, WY","https://www.platte1.org/89574_1","Platte County School District 1","2026-07-31"
733,"WMS Assistant Volleyball Coach",NA,"Assistant Coach","Wheatland, WY","https://www.platte1.org/89574_1","Platte County School District 1","2026-07-31"
734,"WHS SPED Paraprofessional",NA,"Paraprofessional","Wheatland, WY","https://www.platte1.org/89574_1","Platte County School District 1","2026-07-31"
735,"Substitute Activity Drivers",NA,"Classified","District","https://www.guernseysunrise.org/page/employment","Platte County School District 2","2026-07-31"
736,"Substitute Certified Teachers",NA,"Substitute","District","https://www.guernseysunrise.org/page/employment","Platte County School District 2","2026-07-31"
737,"Substitute Paraeducators",NA,"Classified","District","https://www.guernseysunrise.org/page/employment","Platte County School District 2","2026-07-31"
738,"Bus Driver",NA,"Classified","District Wide","https://www.sheridan3.com/page/hr-and-career-opportunities","Sheridan County School District 3","2026-07-31"
739,"Junior High Boys Head Basketball Coach",NA,"Coaching","Junior High","https://www.sheridan3.com/page/hr-and-career-opportunities","Sheridan County School District 3","2026-07-31"
740,"Elementary Special Education Paraprofessional","2026-07-14","Paraprofessional","Pinedale, WY","https://www.sub1.org/en-US/employment-and-human-resources-f26202d3","Sublette County School District 1","2026-07-31"
741,"High School Girls Assistant Wrestling Coach",NA,"Assistant Coach","Pinedale, WY","https://www.sub1.org/en-US/employment-and-human-resources-f26202d3","Sublette County School District 1","2026-07-31"
742,"High School Special Education Paraprofessional","2026-07-14","Paraprofessional","Pinedale, WY","https://www.sub1.org/en-US/employment-and-human-resources-f26202d3","Sublette County School District 1","2026-07-31"
743,"Route Bus Driver (2)","2026-07-22","Bus Driver","Pinedale, WY","https://www.sub1.org/en-US/employment-and-human-resources-f26202d3","Sublette County School District 1","2026-07-31"
744,"Speech Language Pathologist Assistant (SLPA)",NA,"Speech Language Pathologist Assistant","Pinedale, WY","https://www.sub1.org/en-US/employment-and-human-resources-f26202d3","Sublette County School District 1","2026-07-31"
745,"Substitute Bus Driver",NA,"Substitute Bus Driver","Pinedale, WY","https://www.sub1.org/en-US/employment-and-human-resources-f26202d3","Sublette County School District 1","2026-07-31"
746,"Substitute School Nurse",NA,"School Nurse","Pinedale, WY","https://www.sub1.org/en-US/employment-and-human-resources-f26202d3","Sublette County School District 1","2026-07-31"
747,"Substitute",NA,"Substitute","Pinedale, WY","https://www.sub1.org/en-US/employment-and-human-resources-f26202d3","Sublette County School District 1","2026-07-31"
748,"K-12 Special Education Teacher",NA,"Teacher","Mountain View, WY","https://www.uinta4.com/departments/business_office/job_opportunities/current_openings","Uinta County School District 4","2026-07-31"
749,"Secondary Math Teacher",NA,"Teacher","Mountain View, WY","https://www.uinta4.com/departments/business_office/job_opportunities/current_openings","Uinta County School District 4","2026-07-31"
750,"Secondary Science Teacher",NA,"Teacher","Mountain View, WY","https://www.uinta4.com/departments/business_office/job_opportunities/current_openings","Uinta County School District 4","2026-07-31"
751,"SPED Consultant Case Manager (Part-time)",NA,"Case Manager","Mountain View, WY","https://www.uinta4.com/departments/business_office/job_opportunities/current_openings","Uinta County School District 4","2026-07-31"
752,"School Bus Route Driver",NA,"Bus Driver","Mountain View, WY","https://www.uinta4.com/departments/business_office/job_opportunities/current_openings","Uinta County School District 4","2026-07-31"
753,"SPED Paraeducator (2 High School Positions, 1 K-8 Position TBD)",NA,"Paraprofessional","Mountain View, WY","https://www.uinta4.com/departments/business_office/job_opportunities/current_openings","Uinta County School District 4","2026-07-31"
754,"Custodian (Full-time)",NA,"Custodian","Mountain View, WY","https://www.uinta4.com/departments/business_office/job_opportunities/current_openings","Uinta County School District 4","2026-07-31"
755,"HS Varsity Wrestling Coach",NA,"Coach","Mountain View, WY","https://www.uinta4.com/departments/business_office/job_opportunities/current_openings","Uinta County School District 4","2026-07-31"
756,"HS Assistant Boys Basketball Coach (Freshman)",NA,"Assistant Coach","Mountain View, WY","https://www.uinta4.com/departments/business_office/job_opportunities/current_openings","Uinta County School District 4","2026-07-31"
757,"Middle School Assistant Football Coach",NA,"Assistant Coach","Mountain View, WY","https://www.uinta4.com/departments/business_office/job_opportunities/current_openings","Uinta County School District 4","2026-07-31"
758,"Middle School Assistant Volleyball Coach",NA,"Assistant Coach","Mountain View, WY","https://www.uinta4.com/departments/business_office/job_opportunities/current_openings","Uinta County School District 4","2026-07-31"
759,"Middle School Assistant 8th Girls Basketball Coach",NA,"Assistant Coach","Mountain View, WY","https://www.uinta4.com/departments/business_office/job_opportunities/current_openings","Uinta County School District 4","2026-07-31"
760,"Middle School Head 7th Girls Basketball Coach",NA,"Head Coach","Mountain View, WY","https://www.uinta4.com/departments/business_office/job_opportunities/current_openings","Uinta County School District 4","2026-07-31"
761,"Middle School Head 7th Boys Basketball Coach",NA,"Head Coach","Mountain View, WY","https://www.uinta4.com/departments/business_office/job_opportunities/current_openings","Uinta County School District 4","2026-07-31"
762,"Middle School Assistant 7th Boys Basketball Coach",NA,"Assistant Coach","Mountain View, WY","https://www.uinta4.com/departments/business_office/job_opportunities/current_openings","Uinta County School District 4","2026-07-31"
763,"Middle School Head Girls Wrestling Coach",NA,"Head Coach","Mountain View, WY","https://www.uinta4.com/departments/business_office/job_opportunities/current_openings","Uinta County School District 4","2026-07-31"
764,"Middle School Assistant Girls Wrestling Coach",NA,"Assistant Coach","Mountain View, WY","https://www.uinta4.com/departments/business_office/job_opportunities/current_openings","Uinta County School District 4","2026-07-31"
765,NA,NA,NA,NA,"https://www.uinta4.com/departments/business_office/job_opportunities/current_openings","Uinta County School District 4","2026-07-31"
766,"Special Education Teacher",NA,"Teacher","Lyman, WY","https://sites.google.com/lymanschools.org/ucsd6/home/job-openings?authuser=0","Uinta County School District 6","2026-07-31"
767,"Accounting Specialist","2026-07-27","Accounting Specialist","Lyman, WY","https://sites.google.com/lymanschools.org/ucsd6/home/job-openings?authuser=0","Uinta County School District 6","2026-07-31"
768,"Substitute School Bus Driver",NA,"Substitute Bus Driver","Lyman, WY","https://sites.google.com/lymanschools.org/ucsd6/home/job-openings?authuser=0","Uinta County School District 6","2026-07-31"
769,"Substitute School Bus Aide",NA,"Bus Aide","Lyman, WY","https://sites.google.com/lymanschools.org/ucsd6/home/job-openings?authuser=0","Uinta County School District 6","2026-07-31"
770,"High School Boys Assistant Swim Coach",NA,"Assistant Coach","Lyman, WY","https://sites.google.com/lymanschools.org/ucsd6/home/job-openings?authuser=0","Uinta County School District 6","2026-07-31"
771,"Middle School Cross Country Coach",NA,"Coach","Lyman, WY","https://sites.google.com/lymanschools.org/ucsd6/home/job-openings?authuser=0","Uinta County School District 6","2026-07-31"
772,"Substitute Teacher",NA,"Substitute Teacher","Lyman, WY","https://sites.google.com/lymanschools.org/ucsd6/home/job-openings?authuser=0","Uinta County School District 6","2026-07-31"
773,"K–12 Music Teacher (2026–27 School Year)",NA,"Certified","District","https://www.wsh2.k12.wy.us/apps/pages/index.jsp?uREC_ID=440610&type=d&pREC_ID=1008214","Washakie County School District 2","2026-07-31"
774,"High School Girls Basketball Coach",NA,"Coaching","District","https://www.wsh2.k12.wy.us/apps/pages/index.jsp?uREC_ID=440610&type=d&pREC_ID=1008214","Washakie County School District 2","2026-07-31"
775,"Business Manager",NA,"Business Manager","Newcastle, WY","https://www.wcsd1.org/apps/pages/Career_Opportunities","Weston County School District 1","2026-07-31"
776,"Speech Language Pathologist",NA,"Speech Language Pathologist","Newcastle, WY","https://www.wcsd1.org/apps/pages/Career_Opportunities","Weston County School District 1","2026-07-31"
777,"K-12 Music Teacher",NA,"Teacher","Newcastle, WY","https://www.wcsd1.org/apps/pages/Career_Opportunities","Weston County School District 1","2026-07-31"
778,"Industrial Arts/Woodworking Teacher (9–12)",NA,"Teacher","Newcastle, WY","https://www.wcsd1.org/apps/pages/Career_Opportunities","Weston County School District 1","2026-07-31"
779,"Special Education Case Manager",NA,"Case Manager","Newcastle, WY","https://www.wcsd1.org/apps/pages/Career_Opportunities","Weston County School District 1","2026-07-31"
780,"Special Education Paraprofessional",NA,"Paraprofessional","Newcastle, WY","https://www.wcsd1.org/apps/pages/Career_Opportunities","Weston County School District 1","2026-07-31"
781,"Head Boys and Girls Swimming Coach",NA,"Head Coach","Newcastle, WY","https://www.wcsd1.org/apps/pages/Career_Opportunities","Weston County School District 1","2026-07-31"
782,"Middle School Head Boys Soccer Coach",NA,"Head Coach","Newcastle, WY","https://www.wcsd1.org/apps/pages/Career_Opportunities","Weston County School District 1","2026-07-31"
783,"Middle School Head Girls Soccer Coach",NA,"Head Coach","Newcastle, WY","https://www.wcsd1.org/apps/pages/Career_Opportunities","Weston County School District 1","2026-07-31"
784,"High School Assistant Volleyball Coach",NA,"Assistant Coach","Newcastle, WY","https://www.wcsd1.org/apps/pages/Career_Opportunities","Weston County School District 1","2026-07-31"
785,"High School Assistant Cross Country Coach",NA,"Assistant Coach","Newcastle, WY","https://www.wcsd1.org/apps/pages/Career_Opportunities","Weston County School District 1","2026-07-31"
786,"Assistant Boys Soccer Coach",NA,"Assistant Coach","Newcastle, WY","https://www.wcsd1.org/apps/pages/Career_Opportunities","Weston County School District 1","2026-07-31"
787,"Route Bus Driver",NA,"Bus Driver","Newcastle, WY","https://www.wcsd1.org/apps/pages/Career_Opportunities","Weston County School District 1","2026-07-31"
788,"Substitute Teacher",NA,"Substitute Teacher","Newcastle, WY","https://www.wcsd1.org/apps/pages/Career_Opportunities","Weston County School District 1","2026-07-31"
789,"Custodial/Kitchen Substitute",NA,"Custodian/Kitchen Substitute","Newcastle, WY","https://www.wcsd1.org/apps/pages/Career_Opportunities","Weston County School District 1","2026-07-31"
790,"Substitute Bus Driver",NA,"Substitute Bus Driver","Newcastle, WY","https://www.wcsd1.org/apps/pages/Career_Opportunities","Weston County School District 1","2026-07-31"
791,"Substitute Teacher",NA,"Substitute","Upton, WY","https://www.weston7.org/o/wcsd/page/employment","Weston County School District 7","2026-07-31"
792,"Substitute Paraprofessional",NA,"Classified","Upton, WY","https://www.weston7.org/o/wcsd/page/employment","Weston County School District 7","2026-07-31"
793,"Substitute Custodian",NA,"Classified","Upton, WY","https://www.weston7.org/o/wcsd/page/employment","Weston County School District 7","2026-07-31"
794,"Substitute Bus Driver",NA,"Classified","Upton, WY","https://www.weston7.org/o/wcsd/page/employment","Weston County School District 7","2026-07-31"
795,"Substitute Lunchroom Cook",NA,"Classified","Upton, WY","https://www.weston7.org/o/wcsd/page/employment","Weston County School District 7","2026-07-31"
796,"Substitute Special Education Aide",NA,"Classified","Upton, WY","https://www.weston7.org/o/wcsd/page/employment","Weston County School District 7","2026-07-31"
797,"Middle School Football Coach",NA,"Coaching","Middle School, Upton, WY","https://www.weston7.org/o/wcsd/page/employment","Weston County School District 7","2026-07-31"
798,"Assistant Middle School Boys Basketball Coach",NA,"Seasonal","Certified","https://jobs.redroverk12.com/org/hotsprings1/opening/178913","Hot Springs County School District 1","2026-07-31"
799,"Title I Paraprofessional",NA,"Full Time","Classified","https://jobs.redroverk12.com/org/hotsprings1/opening/177682","Hot Springs County School District 1","2026-07-31"
800,"Special Education Paraprofessional",NA,"Full Time","Classified","https://jobs.redroverk12.com/org/hotsprings1/opening/175718","Hot Springs County School District 1","2026-07-31"
801,"Assistant High School Speech & Debate Sponsor",NA,"Other","Classified","https://jobs.redroverk12.com/org/hotsprings1/opening/167695","Hot Springs County School District 1","2026-07-31"
802,"Part-time Custodian",NA,"Part Time","Classified","https://jobs.redroverk12.com/org/hotsprings1/opening/128761","Hot Springs County School District 1","2026-07-31"
803,"Transportation Assistant",NA,"Part Time","Classified","https://jobs.redroverk12.com/org/hotsprings1/opening/162215","Hot Springs County School District 1","2026-07-31"
804,"Bus Driver",NA,"Part Time","Classified","https://jobs.redroverk12.com/org/hotsprings1/opening/162208","Hot Springs County School District 1","2026-07-31"
805,"Crossing Guard",NA,"Part Time","Classified","https://jobs.redroverk12.com/org/hotsprings1/opening/162209","Hot Springs County School District 1","2026-07-31"
806,"Substitute Paraprofessional",NA,"Substitute","Substitute","https://jobs.redroverk12.com/org/hotsprings1/opening/128737","Hot Springs County School District 1","2026-07-31"
807,"Child Nutrition Cook",NA,"Part Time","Classified","https://jobs.redroverk12.com/org/hotsprings1/opening/151103","Hot Springs County School District 1","2026-07-31"
808,"Substitute Teacher",NA,"Substitute","Substitute","https://jobs.redroverk12.com/org/hotsprings1/opening/128617","Hot Springs County School District 1","2026-07-31"
809,"Part-time Custodian",NA,"Part Time","Custodian","https://jobs.redroverk12.com/org/jcsd1/opening/190114","Johnson County School District 1","2026-07-31"
810,"Assistant Girls Basketball Coach",NA,"Seasonal","Assistant Coach","https://jobs.redroverk12.com/org/jcsd1/opening/191643","Johnson County School District 1","2026-07-31"
811,"Special Education High Needs ParaProfessional",NA,"Full Time","Paraprofessional","https://jobs.redroverk12.com/org/jcsd1/opening/189988","Johnson County School District 1","2026-07-31"
812,"Food Service Kitchen Lead",NA,"Full Time","Food Service Lead","https://jobs.redroverk12.com/org/jcsd1/opening/178704","Johnson County School District 1","2026-07-31"
813,"Head Middle School Boys Basketball Coach",NA,"Other","Head Coach","https://jobs.redroverk12.com/org/jcsd1/opening/175320","Johnson County School District 1","2026-07-31"
814,"FBLA Sponsor",NA,"Seasonal","Activity Sponsor","https://jobs.redroverk12.com/org/jcsd1/opening/178194","Johnson County School District 1","2026-07-31"
815,"Assistant Middle School Boys Basketball Coach",NA,"Other","Assistant Coach","https://jobs.redroverk12.com/org/jcsd1/opening/164727","Johnson County School District 1","2026-07-31"
816,"Food Service Warehouse Transport",NA,"Full Time","Food Warehouse Transport","https://jobs.redroverk12.com/org/jcsd1/opening/155290","Johnson County School District 1","2026-07-31"
817,"Sign Language Interpreter",NA,"Full Time","Sign Language Interpreter","https://jobs.redroverk12.com/org/jcsd1/opening/150867","Johnson County School District 1","2026-07-31"
818,"Food Prep Tech",NA,"Part Time","Food Service Tech Prep","https://jobs.redroverk12.com/org/jcsd1/opening/145949","Johnson County School District 1","2026-07-31"
819,"Paraprofessional Substitute",NA,"Substitute","Substitute Paraprofessional","https://jobs.redroverk12.com/org/jcsd1/opening/142219","Johnson County School District 1","2026-07-31"
820,"Custodian Staff Substitute",NA,"Substitute","Custodian","https://jobs.redroverk12.com/org/jcsd1/opening/137493","Johnson County School District 1","2026-07-31"
821,"Food Service Staff Substitute",NA,"Substitute","Food Service Tech Prep","https://jobs.redroverk12.com/org/jcsd1/opening/134419","Johnson County School District 1","2026-07-31"
822,"Substitute Teacher",NA,"Substitute","Substitute Teacher","https://jobs.redroverk12.com/org/jcsd1/opening/132190","Johnson County School District 1","2026-07-31"
823,"Substitute Buffalo Bus Route Driver",NA,"Substitute","Bus Driver","https://jobs.redroverk12.com/org/jcsd1/opening/131082","Johnson County School District 1","2026-07-31"
824,"Substitute Kaycee Bus Route Driver",NA,"Substitute","Bus Driver","https://jobs.redroverk12.com/org/jcsd1/opening/131059","Johnson County School District 1","2026-07-31"
825,"K-12 Physical Education",NA,"Full Time","Teacher","https://jobs.redroverk12.com/org/PCSD2/opening/189122","Platte County School District 2","2026-07-31"
826,"Accounts Payable Specialist",NA,"Part Time","Office/Clarical","https://jobs.redroverk12.com/org/PCSD2/opening/187839","Platte County School District 2","2026-07-31"
827,"Assistant Track Coach",NA,"Seasonal","Coach/Sponsor","https://jobs.redroverk12.com/org/PCSD2/opening/170973","Platte County School District 2","2026-07-31"
828,"Lego League Co-Sponsor",NA,"Seasonal","Coach/Sponsor","https://jobs.redroverk12.com/org/PCSD2/opening/169186","Platte County School District 2","2026-07-31"
829,"Close Up Co-Sponsor",NA,"Seasonal","Coach/Sponsor","https://jobs.redroverk12.com/org/PCSD2/opening/169154","Platte County School District 2","2026-07-31"
830,"Assistant HS Volleyball Coach",NA,"Seasonal","Coach/Sponsor","https://jobs.redroverk12.com/org/PCSD2/opening/169182","Platte County School District 2","2026-07-31"
831,"Prom Sponsor",NA,"Seasonal","Coach/Sponsor","https://jobs.redroverk12.com/org/PCSD2/opening/169181","Platte County School District 2","2026-07-31"
832,"Jr High Boys Basketball Coach",NA,"Seasonal","Coach/Sponsor","https://jobs.redroverk12.com/org/PCSD2/opening/169168","Platte County School District 2","2026-07-31"
833,"Jr High Girls Basketball Coach",NA,"Seasonal","Coach/Sponsor","https://jobs.redroverk12.com/org/PCSD2/opening/169171","Platte County School District 2","2026-07-31"
834,"Jr High Girls Volleyball Coach",NA,"Seasonal","Coach/Sponsor","https://jobs.redroverk12.com/org/PCSD2/opening/143316","Platte County School District 2","2026-07-31"
835,"Middle School Special Education Paraprofessional",NA,"Full Time","Paraprofessional","https://jobs.redroverk12.com/org/SCSD9/opening/171712","Sublette County School District 9","2026-07-31"
836,"Elementary Special Education Paraprofessional",NA,"Full Time","Paraprofessional","https://jobs.redroverk12.com/org/SCSD9/opening/171721","Sublette County School District 9","2026-07-31"
837,"Head Middle School Boys Wrestling Coach",NA,"Seasonal","Coach","https://jobs.redroverk12.com/org/SCSD9/opening/164892","Sublette County School District 9","2026-07-31"
838,"Head HS Girls Basketball Coach",NA,"Seasonal","Coach","https://jobs.redroverk12.com/org/SCSD9/opening/159007","Sublette County School District 9","2026-07-31"
839,"Certified Substitute Teacher",NA,"Substitute","Teacher","https://jobs.redroverk12.com/org/SCSD9/opening/151690","Sublette County School District 9","2026-07-31"
840,"Substitute Bus Driver",NA,"Substitute","Bus Driver","https://jobs.redroverk12.com/org/SCSD9/opening/151630","Sublette County School District 9","2026-07-31"
