"X","title","date_posted","position","location","url","District","Archive_Date"
1,"(1500) Assistant MS Track Coach-Cowley","2025-08-25","Athletics/ Activities/","Rocky Mountain Middle/High School","https://www.applitrack.com/bighorn1/onlineapp/JobPostings/view.asp?all=1","Big Horn School District 1","2026-02-13"
2,"Head Coach High School Volleyball-Burlington","2025-12-16","Athletics/ Activities/","Burlington Schools","https://www.applitrack.com/bighorn1/onlineapp/JobPostings/view.asp?all=1","Big Horn School District 1","2026-02-13"
3,"Sub Nurse","2020-09-23","Student Support Services/","Big Horn Co School District 1","https://www.applitrack.com/bighorn1/onlineapp/JobPostings/view.asp?all=1","Big Horn School District 1","2026-02-13"
4,"Sub - Teacher","2020-09-23","Substitute/","Big Horn Co School District 1","https://www.applitrack.com/bighorn1/onlineapp/JobPostings/view.asp?all=1","Big Horn School District 1","2026-02-13"
5,"Sub- Custodial/Cook/Secretary","2020-09-23","Support Staff/","Big Horn Co School District 1","https://www.applitrack.com/bighorn1/onlineapp/JobPostings/view.asp?all=1","Big Horn School District 1","2026-02-13"
6,"Sub - Paraprofessional","2020-09-23","Support Staff/","Big Horn Co School District 1","https://www.applitrack.com/bighorn1/onlineapp/JobPostings/view.asp?all=1","Big Horn School District 1","2026-02-13"
7,"Sub- Route Bus Driver - Burlington","2020-09-23","Support Staff/","Bus Barn - South","https://www.applitrack.com/bighorn1/onlineapp/JobPostings/view.asp?all=1","Big Horn School District 1","2026-02-13"
8,"Sub- Route Bus Driver - Cowley","2020-09-23","Support Staff/","Bus Barn - North","https://www.applitrack.com/bighorn1/onlineapp/JobPostings/view.asp?all=1","Big Horn School District 1","2026-02-13"
9,"Substitute Teacher","2022-03-30","Substitute/","Big Horn County School District #2","https://www.applitrack.com/bgh2/onlineapp/default.aspx?all=1","Big Horn School District 2","2026-02-13"
10,"Substitute Route and Activity Bus Drivers","2022-03-29","Transportation","Big Horn County School District #2","https://www.applitrack.com/bgh2/onlineapp/default.aspx?all=1","Big Horn School District 2","2026-02-13"
11,"Route Bus Driver","2025-05-27","Transportation/","Big Horn County School District #2","https://www.applitrack.com/bgh2/onlineapp/default.aspx?all=1","Big Horn School District 2","2026-02-13"
12,"8-12 Secondary Science Teacher","2026-02-11","High School Teaching/","Greybull High School","https://www.applitrack.com/bighorn/onlineapp/default.aspx?all=1","Big Horn School District 3","2026-02-13"
13,"Head Golf Coach","2026-02-11","Athletics/Activities","Greybull High School","https://www.applitrack.com/bighorn/onlineapp/default.aspx?all=1","Big Horn School District 3","2026-02-13"
14,"Middle School Assistant Volleyball Coach","2026-02-11","Athletics/Activities","Greybull Middle School","https://www.applitrack.com/bighorn/onlineapp/default.aspx?all=1","Big Horn School District 3","2026-02-13"
15,"Substitute Teacher","2017-07-05","Substitute/","District Wide","https://www.applitrack.com/bighorn/onlineapp/default.aspx?all=1","Big Horn School District 3","2026-02-13"
16,"24-25 Substitute Bus Driver / Activity Driver","2024-12-17","Transportation/","Transportation","https://www.applitrack.com/bighorn/onlineapp/default.aspx?all=1","Big Horn School District 3","2026-02-13"
17,"Head Boys and Girls Track Coach","2025-02-12","Athletics/Activities","Riverside High School","https://www.applitrack.com/bgh4/onlineapp/default.aspx?all=1","Big Horn School District 4","2026-02-13"
18,"Drivers Ed Teacher","2026-01-12","High School Teaching","Riverside High School","https://www.applitrack.com/bgh4/onlineapp/default.aspx?all=1","Big Horn School District 4","2026-02-13"
19,"Secondary English Teacher","2026-02-11","High School Teaching/","RMS/RHS","https://www.applitrack.com/bgh4/onlineapp/default.aspx?all=1","Big Horn School District 4","2026-02-13"
20,"21 CCLC After School Program Activity Leaders","2020-01-21","Student Support Services","Laura Irwin Elementary","https://www.applitrack.com/bgh4/onlineapp/default.aspx?all=1","Big Horn School District 4","2026-02-13"
21,"Bus Driver","2022-01-07","Support Staff","District","https://www.applitrack.com/bgh4/onlineapp/default.aspx?all=1","Big Horn School District 4","2026-02-13"
22,"Substitute","2025-07-21","Support Staff","District","https://www.applitrack.com/bgh4/onlineapp/default.aspx?all=1","Big Horn School District 4","2026-02-13"
23,"Lifeguard","2025-08-12","Aquatics/","Rawlins Pool","https://www.applitrack.com/crb1/onlineapp/jobpostings/view.asp?all=1","Carbon County School District 1","2026-02-13"
24,"Shift Lead-Part Time","2025-08-12","Aquatics/","Rawlins Pool","https://www.applitrack.com/crb1/onlineapp/jobpostings/view.asp?all=1","Carbon County School District 1","2026-02-13"
25,"2nd Asst. Track Coach","2025-08-04","Athletics/Activities/","Rawlins Middle School","https://www.applitrack.com/crb1/onlineapp/jobpostings/view.asp?all=1","Carbon County School District 1","2026-02-13"
26,"Asst Volleyball Coach","2025-10-27","Athletics/Activities/","Rawlins Middle School","https://www.applitrack.com/crb1/onlineapp/jobpostings/view.asp?all=1","Carbon County School District 1","2026-02-13"
27,"Asst. Football Coach","2025-11-11","Athletics/Activities/","Rawlins Middle School","https://www.applitrack.com/crb1/onlineapp/jobpostings/view.asp?all=1","Carbon County School District 1","2026-02-13"
28,"Asst. Football Coach","2025-12-08","Athletics/Activities/","Rawlins High School","https://www.applitrack.com/crb1/onlineapp/jobpostings/view.asp?all=1","Carbon County School District 1","2026-02-13"
29,"Head High School Volleyball Coach","2026-01-19","Athletics/Activities/","Little Snake River Valley School","https://www.applitrack.com/crb1/onlineapp/jobpostings/view.asp?all=1","Carbon County School District 1","2026-02-13"
30,"Asst High School Volleyball Coach","2026-01-19","Athletics/Activities/","Little Snake River Valley School","https://www.applitrack.com/crb1/onlineapp/jobpostings/view.asp?all=1","Carbon County School District 1","2026-02-13"
31,"STEM Teacher","2026-02-10","Elementary School Teaching","Rawlins Elementary School","https://www.applitrack.com/crb1/onlineapp/jobpostings/view.asp?all=1","Carbon County School District 1","2026-02-13"
32,"Elementary 2nd Grade Teacher","2026-02-10","Elementary School Teaching/","Little Snake River Valley School","https://www.applitrack.com/crb1/onlineapp/jobpostings/view.asp?all=1","Carbon County School District 1","2026-02-13"
33,"Food Service Worker","2026-01-07","Food Service","District","https://www.applitrack.com/crb1/onlineapp/jobpostings/view.asp?all=1","Carbon County School District 1","2026-02-13"
34,"Substitute Food Service","2025-10-09","Food Service/","Food Service","https://www.applitrack.com/crb1/onlineapp/jobpostings/view.asp?all=1","Carbon County School District 1","2026-02-13"
35,"Custodian","2026-01-15","Maintenance/Custodial","District","https://www.applitrack.com/crb1/onlineapp/jobpostings/view.asp?all=1","Carbon County School District 1","2026-02-13"
36,"Custodial - Substitute","2024-02-16","Maintenance/Custodial","Little Snake River Valley School","https://www.applitrack.com/crb1/onlineapp/jobpostings/view.asp?all=1","Carbon County School District 1","2026-02-13"
37,"Substitute Custodian","2025-07-29","Maintenance/Custodial","District","https://www.applitrack.com/crb1/onlineapp/jobpostings/view.asp?all=1","Carbon County School District 1","2026-02-13"
38,"ESL/ELL Teacher","2026-02-10","Middle School Teaching","Rawlins Middle School","https://www.applitrack.com/crb1/onlineapp/jobpostings/view.asp?all=1","Carbon County School District 1","2026-02-13"
39,"Special Education Resource Teacher","2026-01-22","Special Education/","Rawlins High School","https://www.applitrack.com/crb1/onlineapp/jobpostings/view.asp?all=1","Carbon County School District 1","2026-02-13"
40,"Speech Language Pathologist (SLP)","2026-02-06","Special Education/","Rawlins Elementary School","https://www.applitrack.com/crb1/onlineapp/jobpostings/view.asp?all=1","Carbon County School District 1","2026-02-13"
41,"Substitute Teacher","2025-07-29","Substitute/","District","https://www.applitrack.com/crb1/onlineapp/jobpostings/view.asp?all=1","Carbon County School District 1","2026-02-13"
42,"Substitute Bus Driver","2025-07-29","Transportation","District","https://www.applitrack.com/crb1/onlineapp/jobpostings/view.asp?all=1","Carbon County School District 1","2026-02-13"
43,"Bus Driver","2023-09-22","Transportation/","District","https://www.applitrack.com/crb1/onlineapp/jobpostings/view.asp?all=1","Carbon County School District 1","2026-02-13"
44,"High School Assistant Boys Basketball Coach","2025-03-12","Athletics/Activities/","H-E-M Junior/Senior High School","https://www.applitrack.com/crb2/onlineapp/default.aspx?all=1","Carbon County School District 2","2026-02-13"
45,"Head High School Speech Coach","2025-06-09","Athletics/Activities/","Saratoga Middle High School","https://www.applitrack.com/crb2/onlineapp/default.aspx?all=1","Carbon County School District 2","2026-02-13"
46,"First Assistant (Head) Middle School Football Coach","2025-10-13","Athletics/Activities/","H-E-M Junior/Senior High School","https://www.applitrack.com/crb2/onlineapp/default.aspx?all=1","Carbon County School District 2","2026-02-13"
47,"Assistant Middle School Track Coach","2026-01-22","Athletics/Activities/","Saratoga Middle High School","https://www.applitrack.com/crb2/onlineapp/default.aspx?all=1","Carbon County School District 2","2026-02-13"
48,"Elementary Music Teacher","2026-02-03","Elementary School Teaching/","Saratoga Elementary School","https://www.applitrack.com/crb2/onlineapp/default.aspx?all=1","Carbon County School District 2","2026-02-13"
49,"6-12 Band Teacher","2026-01-13","High School Teaching/","Saratoga Middle High School","https://www.applitrack.com/crb2/onlineapp/default.aspx?all=1","Carbon County School District 2","2026-02-13"
50,"Head Maintenance","2025-10-15","Maintenance/Custodial/","Saratoga Elementary School","https://www.applitrack.com/crb2/onlineapp/default.aspx?all=1","Carbon County School District 2","2026-02-13"
51,"Central Office Bookkeeper","2026-02-05","Secretarial/Clerical/","CCSD#2","https://www.applitrack.com/crb2/onlineapp/default.aspx?all=1","Carbon County School District 2","2026-02-13"
52,"Elementary School Counselor","2026-01-28","Student Support Services/","Hanna Elementary School","https://www.applitrack.com/crb2/onlineapp/default.aspx?all=1","Carbon County School District 2","2026-02-13"
53,"Occupational Therapist(s)","2023-12-22","Student Support Services/","CCSD#2","https://www.applitrack.com/crb2/onlineapp/default.aspx?all=1","Carbon County School District 2","2026-02-13"
54,"Speech Language Pathologist(s)","2022-03-04","Student Support Services/","CCSD#2","https://www.applitrack.com/crb2/onlineapp/default.aspx?all=1","Carbon County School District 2","2026-02-13"
55,"Substitute Bus Driver 2025/2026 School Year","2025-07-15","Substitute/","CCSD#2","https://www.applitrack.com/crb2/onlineapp/default.aspx?all=1","Carbon County School District 2","2026-02-13"
56,"Substitute Classroom/Special Education Aide 2025/2026 School Year","2025-07-15","Substitute/","CCSD#2","https://www.applitrack.com/crb2/onlineapp/default.aspx?all=1","Carbon County School District 2","2026-02-13"
57,"Substitute Cook Helpers 2025/2026 School Year","2025-07-15","Substitute/","CCSD#2","https://www.applitrack.com/crb2/onlineapp/default.aspx?all=1","Carbon County School District 2","2026-02-13"
58,"Substitute Custodian 2025/2026 School Year","2025-07-15","Substitute/","CCSD#2","https://www.applitrack.com/crb2/onlineapp/default.aspx?all=1","Carbon County School District 2","2026-02-13"
59,"Substitute Teacher 2025/2026 School Year","2025-07-15","Substitute/","CCSD#2","https://www.applitrack.com/crb2/onlineapp/default.aspx?all=1","Carbon County School District 2","2026-02-13"
60,"Route Bus Driver","2025-12-02","Support Staff/","Encampment K-12","https://www.applitrack.com/crb2/onlineapp/default.aspx?all=1","Carbon County School District 2","2026-02-13"
61,"High School FBLA Sponsor","2025-06-05","Athletics/Activities/","Glenrock Jr/Sr High School","https://www.applitrack.com/converse2/onlineapp/default.aspx?all=1","Converse County School Distrcit 2","2026-02-13"
62,"JH Assistant Boys Basketball Coach","2025-12-22","Athletics/Activities/","Glenrock Jr/Sr High School","https://www.applitrack.com/converse2/onlineapp/default.aspx?all=1","Converse County School Distrcit 2","2026-02-13"
63,"Elementary Classroom Teacher (5th Grade)","2026-02-11","Elementary School Teaching/","Glenrock Intermediate School","https://www.applitrack.com/converse2/onlineapp/default.aspx?all=1","Converse County School Distrcit 2","2026-02-13"
64,"K-6 Music Teacher","2025-12-08","Elementary School Teaching/","Grant Elementary School","https://www.applitrack.com/converse2/onlineapp/default.aspx?all=1","Converse County School Distrcit 2","2026-02-13"
65,"Food Service Worker - Cook (Part -Time, 14 hrs)","2025-12-02","Food Service/","Converse County School District #2","https://www.applitrack.com/converse2/onlineapp/default.aspx?all=1","Converse County School Distrcit 2","2026-02-13"
66,"Band/Choir Teacher (7-12)","2026-02-10","High School Teaching/","Glenrock Jr/Sr High School","https://www.applitrack.com/converse2/onlineapp/default.aspx?all=1","Converse County School Distrcit 2","2026-02-13"
67,"Social Studies Teacher (Grades 9-12)","2026-02-10","High School Teaching/","Glenrock Jr/Sr High School","https://www.applitrack.com/converse2/onlineapp/default.aspx?all=1","Converse County School Distrcit 2","2026-02-13"
68,"Substitute Teacher/Aid/Cook/Custodian/Bus Driver/Summer Help","2019-03-26","Substitute/","Converse County School District #2","https://www.applitrack.com/converse2/onlineapp/default.aspx?all=1","Converse County School Distrcit 2","2026-02-13"
69,"Bus Driver (Route, Activity, Sub)","2023-04-13","Transportation/","Converse County School District #2","https://www.applitrack.com/converse2/onlineapp/default.aspx?all=1","Converse County School Distrcit 2","2026-02-13"
70,"Assistant Transportation Director","2026-01-13","Transportation/","Converse County School District #2","https://www.applitrack.com/converse2/onlineapp/default.aspx?all=1","Converse County School Distrcit 2","2026-02-13"
71,"DHS Golf Head Coach","2026-01-27","Athletics/Activities/Extra Duty/","Activities Department","https://www.applitrack.com/ccsd1/onlineapp/default.aspx?all=1","Converse County School District 1","2026-02-13"
72,"Business Director","2025-12-18","Converse County School District #1","Central Administration","https://www.applitrack.com/ccsd1/onlineapp/default.aspx?all=1","Converse County School District 1","2026-02-13"
73,"K - 1st Teachers","2026-02-11","Elementary School Teaching","Douglas Primary School","https://www.applitrack.com/ccsd1/onlineapp/default.aspx?all=1","Converse County School District 1","2026-02-13"
74,"DRC Field Crew Supervisor","2026-01-12","Recreation/","Douglas Recreation Center","https://www.applitrack.com/ccsd1/onlineapp/default.aspx?all=1","Converse County School District 1","2026-02-13"
75,"DRC Field Crew Workers","2026-01-12","Recreation/","Douglas Recreation Center","https://www.applitrack.com/ccsd1/onlineapp/default.aspx?all=1","Converse County School District 1","2026-02-13"
76,"Recreation Youth Program Supervisor","2026-01-19","Recreation/","Douglas Recreation Center","https://www.applitrack.com/ccsd1/onlineapp/default.aspx?all=1","Converse County School District 1","2026-02-13"
77,"DRC Lifeguard","2025-08-01","Student/","Douglas Recreation Center","https://www.applitrack.com/ccsd1/onlineapp/default.aspx?all=1","Converse County School District 1","2026-02-13"
78,"Elementary SPED Teacher","2026-01-21","Student Support Services","Elementary Schools","https://www.applitrack.com/ccsd1/onlineapp/default.aspx?all=1","Converse County School District 1","2026-02-13"
79,"Secondary SPED Teacher","2026-01-21","Student Support Services","Douglas Middle/High School","https://www.applitrack.com/ccsd1/onlineapp/default.aspx?all=1","Converse County School District 1","2026-02-13"
80,"DRC Substitute Recreation Monitor","2026-01-12","Substitute","Douglas Recreation Center","https://www.applitrack.com/ccsd1/onlineapp/default.aspx?all=1","Converse County School District 1","2026-02-13"
81,"Food Service Substitute","2025-12-03","Substitute","Central Administration","https://www.applitrack.com/ccsd1/onlineapp/default.aspx?all=1","Converse County School District 1","2026-02-13"
82,"Classified Substitute Positions","2025-07-29","Substitute","Central Administration","https://www.applitrack.com/ccsd1/onlineapp/default.aspx?all=1","Converse County School District 1","2026-02-13"
83,"Substitute Custodian","2025-08-19","Substitute/","Maintenance","https://www.applitrack.com/ccsd1/onlineapp/default.aspx?all=1","Converse County School District 1","2026-02-13"
84,"Certified Substitute","2025-07-29","Substitute/","Central Administration","https://www.applitrack.com/ccsd1/onlineapp/default.aspx?all=1","Converse County School District 1","2026-02-13"
85,"Substitute Bus Monitor/Paraprofessional","2025-07-29","Support Staff/","Transportation","https://www.applitrack.com/ccsd1/onlineapp/default.aspx?all=1","Converse County School District 1","2026-02-13"
86,"DPS SPED FLS Paraprofessional","2025-12-01","Support Staff/","Douglas Primary School","https://www.applitrack.com/ccsd1/onlineapp/default.aspx?all=1","Converse County School District 1","2026-02-13"
87,"Substitute Bus Driver","2025-07-29","Transportation/","Transportation","https://www.applitrack.com/ccsd1/onlineapp/default.aspx?all=1","Converse County School District 1","2026-02-13"
88,"Bus Driver","2025-07-28","Transportation/","Transportation","https://www.applitrack.com/ccsd1/onlineapp/default.aspx?all=1","Converse County School District 1","2026-02-13"
89,"Substitute Crossing Guard","2025-07-29","Transportation/","Transportation","https://www.applitrack.com/ccsd1/onlineapp/default.aspx?all=1","Converse County School District 1","2026-02-13"
90,"Assistant Wrestling Coach","2025-09-26","Athletics/Activities/","Lander Middle School","https://www.applitrack.com/fremontwy/onlineapp/jobpostings/view.asp?all=1","Fremont County School District 1","2026-02-13"
91,"Head Girls Soccer Coach","2025-10-31","Athletics/Activities/","Lander Middle School","https://www.applitrack.com/fremontwy/onlineapp/jobpostings/view.asp?all=1","Fremont County School District 1","2026-02-13"
92,"Boys Soccer Coach","2025-11-11","Athletics/Activities/","Lander Middle School","https://www.applitrack.com/fremontwy/onlineapp/jobpostings/view.asp?all=1","Fremont County School District 1","2026-02-13"
93,"Assistant Girls Soccer Coach","2025-12-16","Athletics/Activities/","Lander Valley High School","https://www.applitrack.com/fremontwy/onlineapp/jobpostings/view.asp?all=1","Fremont County School District 1","2026-02-13"
94,"Head 7th Volleyball Coach","2025-12-16","Athletics/Activities/","Lander Middle School","https://www.applitrack.com/fremontwy/onlineapp/jobpostings/view.asp?all=1","Fremont County School District 1","2026-02-13"
95,"Head 8th Volleyball Coach","2025-12-19","Athletics/Activities/","Lander Middle School","https://www.applitrack.com/fremontwy/onlineapp/jobpostings/view.asp?all=1","Fremont County School District 1","2026-02-13"
96,"Assistant Girls Soccer Coach","2026-01-26","Athletics/Activities/","Lander Middle School","https://www.applitrack.com/fremontwy/onlineapp/jobpostings/view.asp?all=1","Fremont County School District 1","2026-02-13"
97,"Assistant 8th Volleyball Coach","2025-05-22","Athletics/Activities/","Lander Middle School","https://www.applitrack.com/fremontwy/onlineapp/jobpostings/view.asp?all=1","Fremont County School District 1","2026-02-13"
98,"Special Education Coordinator","2026-02-13","Certified Teaching/","Baldwin Creek Elementary & Pathfinder High School","https://www.applitrack.com/fremontwy/onlineapp/jobpostings/view.asp?all=1","Fremont County School District 1","2026-02-13"
99,"Special Education Teacher (Resource)","2026-02-06","Certified Teaching/","Gannett Peak Elementary","https://www.applitrack.com/fremontwy/onlineapp/jobpostings/view.asp?all=1","Fremont County School District 1","2026-02-13"
100,"Special Education Life Skills Paraprofessional","2026-02-10","Paraprofessional/","Lander Middle School","https://www.applitrack.com/fremontwy/onlineapp/jobpostings/view.asp?all=1","Fremont County School District 1","2026-02-13"
101,"Substitute Custodian (at-will)","2025-06-11","Substitute/","District-wide","https://www.applitrack.com/fremontwy/onlineapp/jobpostings/view.asp?all=1","Fremont County School District 1","2026-02-13"
102,"Substitute Nurse (at-will)","2025-06-11","Substitute/","District-wide","https://www.applitrack.com/fremontwy/onlineapp/jobpostings/view.asp?all=1","Fremont County School District 1","2026-02-13"
103,"Substitute Nutritional Service Worker (at-will)","2025-06-11","Substitute/","District-wide","https://www.applitrack.com/fremontwy/onlineapp/jobpostings/view.asp?all=1","Fremont County School District 1","2026-02-13"
104,"Substitute - classrooms (at-will)","2025-06-11","Substitute/","District-wide","https://www.applitrack.com/fremontwy/onlineapp/jobpostings/view.asp?all=1","Fremont County School District 1","2026-02-13"
105,"Substitute Bus/Activity Driver (at-will)","2025-06-11","Substitute/","Central Services","https://www.applitrack.com/fremontwy/onlineapp/jobpostings/view.asp?all=1","Fremont County School District 1","2026-02-13"
106,"MTSS (Multi-Tiered System of Support) Coordinator (K-8)","2025-06-30","Elementary School Teaching/","Fremont County School District 21","https://www.applitrack.com/fortwashakieschool/onlineapp/default.aspx?all=1","Fremont County School District 21","2026-02-13"
107,"Substitute Custodians","2021-09-28","Maintenance/Custodial/","Fort Washakie Elementary","https://www.applitrack.com/fortwashakieschool/onlineapp/default.aspx?all=1","Fremont County School District 21","2026-02-13"
108,"Substitute Cooks","2025-10-06","Student Support Services/","Fort Washakie Elementary","https://www.applitrack.com/fortwashakieschool/onlineapp/default.aspx?all=1","Fremont County School District 21","2026-02-13"
109,"Substitute Teacher","2023-09-12","Substitute/","Fort Washakie Elementary","https://www.applitrack.com/fortwashakieschool/onlineapp/default.aspx?all=1","Fremont County School District 21","2026-02-13"
110,"Paraprofessional","2024-09-10","Support Staff/","Fremont County School District 21","https://www.applitrack.com/fortwashakieschool/onlineapp/default.aspx?all=1","Fremont County School District 21","2026-02-13"
111,"High School Boys and Girls Wrestling Assistant Coach","2025-12-04","Athletics/Activities/","Shoshoni JH/HS","https://www.applitrack.com/fremont24/onlineapp/default.aspx?all=1","Fremont County School District 24","2026-02-13"
112,"Bus Driver Substitutes 2025-2026","2025-08-08","Substitute/","K-12 Schoolwide","https://www.applitrack.com/fremont24/onlineapp/default.aspx?all=1","Fremont County School District 24","2026-02-13"
113,"Cooks Helper Substitutes 2025-2026","2025-08-08","Substitute/","District Office","https://www.applitrack.com/fremont24/onlineapp/default.aspx?all=1","Fremont County School District 24","2026-02-13"
114,"Custodian Substitutes 2025-2026","2025-08-08","Substitute/","District Wide","https://www.applitrack.com/fremont24/onlineapp/default.aspx?all=1","Fremont County School District 24","2026-02-13"
115,"Substitute School Nurse 2025-2026","2025-08-08","Substitute/","K-12 Schoolwide","https://www.applitrack.com/fremont24/onlineapp/default.aspx?all=1","Fremont County School District 24","2026-02-13"
116,"Substitute Teacher 2025-2026","2025-08-08","Substitute/","K-12 Schoolwide","https://www.applitrack.com/fremont24/onlineapp/default.aspx?all=1","Fremont County School District 24","2026-02-13"
117,"Substitute Daycare Assistant 2025-2026","2025-08-08","Substitute/","K-12 Schoolwide","https://www.applitrack.com/fremont24/onlineapp/default.aspx?all=1","Fremont County School District 24","2026-02-13"
119,"High School Assistant Volleyball Coach","2025-03-24","Athletics/Activities","Wind River High School","https://www.applitrack.com/fre6/onlineapp/default.aspx?all=1","Fremont County School District 6","2026-02-13"
120,"Athletic Coach","2025-08-21","Athletics/Activities","Wind River Schools","https://www.applitrack.com/fre6/onlineapp/default.aspx?all=1","Fremont County School District 6","2026-02-13"
121,"Custodian","2024-12-17","Maintenance/Custodial/","Wind River Schools","https://www.applitrack.com/fre6/onlineapp/default.aspx?all=1","Fremont County School District 6","2026-02-13"
122,"Substitute Teacher","2024-08-20","Substitute/","Wind River Schools","https://www.applitrack.com/fre6/onlineapp/default.aspx?all=1","Fremont County School District 6","2026-02-13"
123,"Substitute Para/Custodian/Food Service","2024-11-14","Substitute/","Wind River Schools","https://www.applitrack.com/fre6/onlineapp/default.aspx?all=1","Fremont County School District 6","2026-02-13"
124,"High School Principal","2026-01-15","Administration/","Wyoming Indian High School","https://www.applitrack.com/fremont14/onlineapp/default.aspx?all=1","Fremont County School District 14","2026-02-13"
125,"Pre-K Classroom Teacher","2026-02-12","Elementary School Teaching","Wyoming Indian Elementary School","https://www.applitrack.com/fremont14/onlineapp/default.aspx?all=1","Fremont County School District 14","2026-02-13"
126,"High School Science Teacher","2026-01-15","High School Teaching/","Wyoming Indian High School","https://www.applitrack.com/fremont14/onlineapp/default.aspx?all=1","Fremont County School District 14","2026-02-13"
127,"Health/Interventionist Teacher","2026-02-12","Middle School Teaching","Wyoming Indian Middle School","https://www.applitrack.com/fremont14/onlineapp/default.aspx?all=1","Fremont County School District 14","2026-02-13"
128,"Substitute School Nurse","2020-07-23","Student Health Services/","District Wide","https://www.applitrack.com/fremont14/onlineapp/default.aspx?all=1","Fremont County School District 14","2026-02-13"
129,"Middle School Counselor","2026-02-12","Student Support Services/","Wyoming Indian Middle School","https://www.applitrack.com/fremont14/onlineapp/default.aspx?all=1","Fremont County School District 14","2026-02-13"
130,"Substitute Teacher - Classroom","2018-10-09","Substitute Certified/","District Wide","https://www.applitrack.com/fremont14/onlineapp/default.aspx?all=1","Fremont County School District 14","2026-02-13"
131,"Substitute School Secretary","2026-02-06","Substitute Non Certified","District Wide","https://www.applitrack.com/fremont14/onlineapp/default.aspx?all=1","Fremont County School District 14","2026-02-13"
132,"Substitute Cook","2018-10-10","Substitute Non Certified/","District Wide","https://www.applitrack.com/fremont14/onlineapp/default.aspx?all=1","Fremont County School District 14","2026-02-13"
133,"Substitute Custodian","2019-09-09","Substitute Non Certified/","District Wide","https://www.applitrack.com/fremont14/onlineapp/default.aspx?all=1","Fremont County School District 14","2026-02-13"
134,"High School Special Education Teacher","2026-02-12","Support Staff/","Wyoming Indian High School","https://www.applitrack.com/fremont14/onlineapp/default.aspx?all=1","Fremont County School District 14","2026-02-13"
135,"Bus Driver","2023-09-18","Transportation/","District Wide","https://www.applitrack.com/fremont14/onlineapp/default.aspx?all=1","Fremont County School District 14","2026-02-13"
136,"Substitute Bus Driver","2021-07-09","Transportation/","District Wide","https://www.applitrack.com/fremont14/onlineapp/default.aspx?all=1","Fremont County School District 14","2026-02-13"
138,"Principal - Southside Elementary School","2026-01-27","Administration/","Southside Elementary School","https://www.applitrack.com/park1/onlineapp/default.aspx?all=1","Park County School District 1","2026-02-13"
139,"Assistant Girls Soccer Coach","2025-12-23","Athletics/Activities/","Powell High School","https://www.applitrack.com/park1/onlineapp/default.aspx?all=1","Park County School District 1","2026-02-13"
140,"Fifth Grade Teacher","2026-02-02","Elementary School Teaching/","Parkside Elementary School","https://www.applitrack.com/park1/onlineapp/default.aspx?all=1","Park County School District 1","2026-02-13"
141,"Fourth Grade Teacher","2026-02-02","Elementary School Teaching/","Westside Elementary School","https://www.applitrack.com/park1/onlineapp/default.aspx?all=1","Park County School District 1","2026-02-13"
142,"Primary Grade Teacher K-3","2026-02-02","Elementary School Teaching/","Southside Elementary School","https://www.applitrack.com/park1/onlineapp/default.aspx?all=1","Park County School District 1","2026-02-13"
143,"Reading Recovery Teacher","2026-02-02","Elementary School Teaching/","Southside Elementary School","https://www.applitrack.com/park1/onlineapp/default.aspx?all=1","Park County School District 1","2026-02-13"
144,"Assistant Cook","2025-12-23","Food Service/","Powell High School","https://www.applitrack.com/park1/onlineapp/default.aspx?all=1","Park County School District 1","2026-02-13"
145,"English Teacher","2026-02-02","High School Teaching/","Powell High School","https://www.applitrack.com/park1/onlineapp/default.aspx?all=1","Park County School District 1","2026-02-13"
146,"Science Teacher","2026-02-02","High School Teaching/","Powell High School","https://www.applitrack.com/park1/onlineapp/default.aspx?all=1","Park County School District 1","2026-02-13"
147,"Associate Custodian","2025-12-23","Maintenance/Custodial/","Powell High School","https://www.applitrack.com/park1/onlineapp/default.aspx?all=1","Park County School District 1","2026-02-13"
148,"Math Teacher","2026-02-02","Middle School Teaching/","Powell Middle School","https://www.applitrack.com/park1/onlineapp/default.aspx?all=1","Park County School District 1","2026-02-13"
149,"Elementary Paraeducator","2026-02-06","Para-Educator/","Westside Elementary School","https://www.applitrack.com/park1/onlineapp/default.aspx?all=1","Park County School District 1","2026-02-13"
150,"Speech Language Pathologist","2026-02-02","Student Support Services/","Southside Elementary School","https://www.applitrack.com/park1/onlineapp/default.aspx?all=1","Park County School District 1","2026-02-13"
151,"Substitute School Nurse","2025-09-18","Student Support Services/","District-Wide K-12","https://www.applitrack.com/park1/onlineapp/default.aspx?all=1","Park County School District 1","2026-02-13"
152,"Substitute Teacher","2024-07-03","Substitute/","District-Wide K-12","https://www.applitrack.com/park1/onlineapp/default.aspx?all=1","Park County School District 1","2026-02-13"
153,"Substitute Custodian","2024-07-03","Substitute Support Services/","District-Wide K-12","https://www.applitrack.com/park1/onlineapp/default.aspx?all=1","Park County School District 1","2026-02-13"
154,"Substitute Para-Educator","2024-07-03","Substitute Support Services/","District-Wide K-12","https://www.applitrack.com/park1/onlineapp/default.aspx?all=1","Park County School District 1","2026-02-13"
155,"Substitute Bus Driver","2021-09-27","Transportation/","Transportation Department","https://www.applitrack.com/park1/onlineapp/default.aspx?all=1","Park County School District 1","2026-02-13"
156,"High School Assistant Track Coach","2026-01-19","Athletics/Activities/","Cody High School","https://www.applitrack.com/park6/onlineapp/default.aspx?all=1","Park County School District 6","2026-02-13"
157,"Middle School Assistant Track Coach","2026-02-10","Athletics/Activities/","Cody Middle School","https://www.applitrack.com/park6/onlineapp/default.aspx?all=1","Park County School District 6","2026-02-13"
158,"Elementary Music Teacher","2026-02-06","Elementary School Teaching/","Livingston Elementary School","https://www.applitrack.com/park6/onlineapp/default.aspx?all=1","Park County School District 6","2026-02-13"
159,"School Nutrition Assistant (Part Time)","2025-07-16","Food Services/","Sunset Elementary School","https://www.applitrack.com/park6/onlineapp/default.aspx?all=1","Park County School District 6","2026-02-13"
160,"Administrative Assistant - Eastside Elementary School","2026-02-12","Secretarial/Clerical/","Eastside Elementary School","https://www.applitrack.com/park6/onlineapp/default.aspx?all=1","Park County School District 6","2026-02-13"
161,"Speech Therapist/Speech Pathologist","2026-02-06","Student Support Services","Cody High School","https://www.applitrack.com/park6/onlineapp/default.aspx?all=1","Park County School District 6","2026-02-13"
162,"Board Certified Behavior Analyst","2025-02-07","Student Support Services/","All Schools","https://www.applitrack.com/park6/onlineapp/default.aspx?all=1","Park County School District 6","2026-02-13"
163,"Life Skills Teacher - T21 Program","2026-02-06","Student Support Services/","Cody High School","https://www.applitrack.com/park6/onlineapp/default.aspx?all=1","Park County School District 6","2026-02-13"
164,"Elementary Special Education Resource Teacher","2026-02-06","Student Support Services/","Eastside Elementary School","https://www.applitrack.com/park6/onlineapp/default.aspx?all=1","Park County School District 6","2026-02-13"
165,"Secondary Special Education Resource Teacher (2) Positions","2026-02-06","Student Support Services/","Cody High School","https://www.applitrack.com/park6/onlineapp/default.aspx?all=1","Park County School District 6","2026-02-13"
166,"Substitute Paraeducator (Aide) 2025-2026 School Year","2025-07-16","Substitute/","All Schools","https://www.applitrack.com/park6/onlineapp/default.aspx?all=1","Park County School District 6","2026-02-13"
167,"Substitute Custodian 2025-2026 School Year","2025-07-16","Substitute/","All Schools","https://www.applitrack.com/park6/onlineapp/default.aspx?all=1","Park County School District 6","2026-02-13"
168,"Substitute Nurse 2025-2026 School Year","2025-07-16","Substitute/","All Schools","https://www.applitrack.com/park6/onlineapp/default.aspx?all=1","Park County School District 6","2026-02-13"
169,"Substitute Teacher 2025-2026 School Year","2025-07-16","Substitute/","All Schools","https://www.applitrack.com/park6/onlineapp/default.aspx?all=1","Park County School District 6","2026-02-13"
170,"Special Education Life Skills Paraeducator","2026-01-27","Support Staff/","Cody High School","https://www.applitrack.com/park6/onlineapp/default.aspx?all=1","Park County School District 6","2026-02-13"
171,"Rural School Paraeducator","2026-02-05","Support Staff/","Wapiti Elementary School","https://www.applitrack.com/park6/onlineapp/default.aspx?all=1","Park County School District 6","2026-02-13"
172,"Route Driver","2025-07-16","Transportation","All Schools","https://www.applitrack.com/park6/onlineapp/default.aspx?all=1","Park County School District 6","2026-02-13"
173,"Bus Aide","2025-07-16","Transportation","All Schools","https://www.applitrack.com/park6/onlineapp/default.aspx?all=1","Park County School District 6","2026-02-13"
174,"TRMS Assistant Track Coach","2026-02-04","Athletics/Activities/","Tongue River Middle School","https://www.applitrack.com/sheridanwy/onlineapp/default.aspx?all=1","Sheridan County School District 1","2026-02-13"
175,"TRMS Assistant Cross-Country Coach","2026-02-04","Athletics/Activities/","Tongue River Middle School","https://www.applitrack.com/sheridanwy/onlineapp/default.aspx?all=1","Sheridan County School District 1","2026-02-13"
176,"TRMS Assistant Volleyball Coach","2026-02-04","Athletics/Activities/","Tongue River Middle School","https://www.applitrack.com/sheridanwy/onlineapp/default.aspx?all=1","Sheridan County School District 1","2026-02-13"
177,"Long-Term Substitute Teacher - High School Science","2026-01-12","Substitute/","Tongue River High School","https://www.applitrack.com/sheridanwy/onlineapp/default.aspx?all=1","Sheridan County School District 1","2026-02-13"
178,"Big Horn Custodian","2025-12-08","Maintenance/Custodial/","Big Horn High School","https://www.applitrack.com/sheridanwy/onlineapp/default.aspx?all=1","Sheridan County School District 1","2026-02-13"
179,"Bus Driver","2025-04-01","Transportation/","District-Wide","https://www.applitrack.com/sheridanwy/onlineapp/default.aspx?all=1","Sheridan County School District 1","2026-02-13"
180,"TRMS Assistant Girls Basketball Coach","2025-05-20","Athletics/Activities/","Tongue River Middle School","https://www.applitrack.com/sheridanwy/onlineapp/default.aspx?all=1","Sheridan County School District 1","2026-02-13"
181,"TRHS Assistant Volleyball Coach","2025-05-28","Athletics/Activities/","Tongue River High School","https://www.applitrack.com/sheridanwy/onlineapp/default.aspx?all=1","Sheridan County School District 1","2026-02-13"
182,"TRHS Assistant Track Coach","2025-06-03","Athletics/Activities/","Tongue River High School","https://www.applitrack.com/sheridanwy/onlineapp/default.aspx?all=1","Sheridan County School District 1","2026-02-13"
183,"BHMS Assistant Football Coach","2025-07-28","Athletics/Activities/","Big Horn Middle School","https://www.applitrack.com/sheridanwy/onlineapp/default.aspx?all=1","Sheridan County School District 1","2026-02-13"
184,"TRMS Assistant Robotics Coach","2025-08-12","Athletics/Activities/","Tongue River Middle School","https://www.applitrack.com/sheridanwy/onlineapp/default.aspx?all=1","Sheridan County School District 1","2026-02-13"
185,"BHMS Assistant Boys Wrestling Coach","2025-09-08","Athletics/Activities/","Big Horn Middle School","https://www.applitrack.com/sheridanwy/onlineapp/default.aspx?all=1","Sheridan County School District 1","2026-02-13"
186,"TRHS Head Cross-Country Coach","2025-11-18","Athletics/Activities/","Tongue River High School","https://www.applitrack.com/sheridanwy/onlineapp/default.aspx?all=1","Sheridan County School District 1","2026-02-13"
187,"BHMS Head Football Coach","2026-01-08","Athletics/Activities/","Big Horn Middle School","https://www.applitrack.com/sheridanwy/onlineapp/default.aspx?all=1","Sheridan County School District 1","2026-02-13"
188,"TRMS Assistant Boys Basketball Coach","2024-08-14","Athletics/Activities/","Tongue River Middle School","https://www.applitrack.com/sheridanwy/onlineapp/default.aspx?all=1","Sheridan County School District 1","2026-02-13"
189,"Substitute - Support Staff","2018-07-03","Substitute/","District-Wide","https://www.applitrack.com/sheridanwy/onlineapp/default.aspx?all=1","Sheridan County School District 1","2026-02-13"
190,"Substitute - Nurse","2025-09-04","Substitute/","TR Schools","https://www.applitrack.com/sheridanwy/onlineapp/default.aspx?all=1","Sheridan County School District 1","2026-02-13"
191,"Substitute - Teacher","2018-07-09","Substitute/","District-Wide","https://www.applitrack.com/sheridanwy/onlineapp/default.aspx?all=1","Sheridan County School District 1","2026-02-13"
192,"Sheridan High School Assistant Band Coach","2025-12-19","Activities","Sheridan High School","https://www.applitrack.com/scsd2/OnlineApp/default.aspx?all=1","Sheridan County School District 2","2026-02-13"
193,"Sheridan High School Marching Band Color Guard Coach","2026-01-29","Activities","Sheridan High School","https://www.applitrack.com/scsd2/OnlineApp/default.aspx?all=1","Sheridan County School District 2","2026-02-13"
194,"Assistant Superintendent of Instruction and Personnel","2026-02-11","Assistant Superintendent","Central Office","https://www.applitrack.com/scsd2/OnlineApp/default.aspx?all=1","Sheridan County School District 2","2026-02-13"
195,"Assistant Wrestling Coach - Sheridan Junior High School","2026-01-14","Athletic Coaches","Sheridan Junior High School","https://www.applitrack.com/scsd2/OnlineApp/default.aspx?all=1","Sheridan County School District 2","2026-02-13"
196,"Assistant Basketball Coach - 9th Grade B Team - Sheridan High School","2026-02-10","Athletic Coaches","Sheridan High School","https://www.applitrack.com/scsd2/OnlineApp/default.aspx?all=1","Sheridan County School District 2","2026-02-13"
197,"Head Football Coach - 7th Grade Boys - Sheridan Junior High School","2026-01-29","Athletic Coaches/","Sheridan Junior High School","https://www.applitrack.com/scsd2/OnlineApp/default.aspx?all=1","Sheridan County School District 2","2026-02-13"
198,"Head Volleyball Coach - Sheridan High School","2026-02-11","Athletic Coaches/","Sheridan High School","https://www.applitrack.com/scsd2/OnlineApp/default.aspx?all=1","Sheridan County School District 2","2026-02-13"
199,"Second Cook - Sheridan Junior High School","2026-01-28","Food Services Staff/","Sheridan Junior High School","https://www.applitrack.com/scsd2/OnlineApp/default.aspx?all=1","Sheridan County School District 2","2026-02-13"
200,"High School Computer Science/Business Teacher (Grades 9-12) - Sheridan High School","2025-10-30","High School Teaching","Sheridan High School","https://www.applitrack.com/scsd2/OnlineApp/default.aspx?all=1","Sheridan County School District 2","2026-02-13"
201,"High School English Teacher - Sheridan High School","2026-02-10","High School Teaching/","Sheridan High School","https://www.applitrack.com/scsd2/OnlineApp/default.aspx?all=1","Sheridan County School District 2","2026-02-13"
202,"High School Mathematics Classroom Teacher - John C. Schiffer","2026-01-07","High School Teaching/","John C. Schiffer","https://www.applitrack.com/scsd2/OnlineApp/default.aspx?all=1","Sheridan County School District 2","2026-02-13"
203,"Physical Education Teacher - Sheridan High School","2026-01-13","High School Teaching/","Sheridan High School","https://www.applitrack.com/scsd2/OnlineApp/default.aspx?all=1","Sheridan County School District 2","2026-02-13"
204,"Title I Math Teacher - Sheridan Junior High School","2025-12-08","Junior High School Teaching","Sheridan Junior High School","https://www.applitrack.com/scsd2/OnlineApp/default.aspx?all=1","Sheridan County School District 2","2026-02-13"
205,"High School Nurse","2026-01-19","Nurses/","Sheridan High School","https://www.applitrack.com/scsd2/OnlineApp/default.aspx?all=1","Sheridan County School District 2","2026-02-13"
206,"Paraprofessional - John C. Schiffer","2025-12-12","Paraprofessionals","John C. Schiffer","https://www.applitrack.com/scsd2/OnlineApp/default.aspx?all=1","Sheridan County School District 2","2026-02-13"
207,"Paraprofessional - Library Media Technician- Sagebrush Elementary","2026-02-11","Paraprofessionals","Sagebrush","https://www.applitrack.com/scsd2/OnlineApp/default.aspx?all=1","Sheridan County School District 2","2026-02-13"
208,"English Language/ General/Title-I/ After School Program Paraprofessional","2026-02-02","Paraprofessionals","Woodland Park","https://www.applitrack.com/scsd2/OnlineApp/default.aspx?all=1","Sheridan County School District 2","2026-02-13"
209,"English Language Paraprofessional - Sheridan Junior High School","2026-02-09","Paraprofessionals","Sheridan Junior High School","https://www.applitrack.com/scsd2/OnlineApp/default.aspx?all=1","Sheridan County School District 2","2026-02-13"
210,"Substitute Teacher (for prior SCSD2 Teachers only)","2025-07-01","Prior Employee/","District Wide","https://www.applitrack.com/scsd2/OnlineApp/default.aspx?all=1","Sheridan County School District 2","2026-02-13"
211,"Seasonal Grounds Worker - Districtwide","2026-01-16","Seasonal Staff","District Wide","https://www.applitrack.com/scsd2/OnlineApp/default.aspx?all=1","Sheridan County School District 2","2026-02-13"
212,"Substitute Cooks Helper - Districtwide","2024-08-23","Substitutes","District Wide","https://www.applitrack.com/scsd2/OnlineApp/default.aspx?all=1","Sheridan County School District 2","2026-02-13"
213,"Substitute Custodian - Districtwide","2024-08-29","Substitutes","District Wide","https://www.applitrack.com/scsd2/OnlineApp/default.aspx?all=1","Sheridan County School District 2","2026-02-13"
214,"Substitute Bus Paraprofessional - Districtwide","2025-04-28","Substitutes","Bus Barn","https://www.applitrack.com/scsd2/OnlineApp/default.aspx?all=1","Sheridan County School District 2","2026-02-13"
215,"Substitute Paraprofessional","2024-07-10","Substitutes","District Wide","https://www.applitrack.com/scsd2/OnlineApp/default.aspx?all=1","Sheridan County School District 2","2026-02-13"
216,"Substitute School Nurse","2024-07-10","Substitutes","District Wide","https://www.applitrack.com/scsd2/OnlineApp/default.aspx?all=1","Sheridan County School District 2","2026-02-13"
217,"Substitute Teacher","2025-07-01","Substitutes/","District Wide","https://www.applitrack.com/scsd2/OnlineApp/default.aspx?all=1","Sheridan County School District 2","2026-02-13"
218,"Substitute Bus Driver","2025-10-07","Transportation Staff","Bus Barn","https://www.applitrack.com/scsd2/OnlineApp/default.aspx?all=1","Sheridan County School District 2","2026-02-13"
219,"Skilled Bus Mechanic - Transportation","2025-12-01","Transportation Staff/","Bus Barn","https://www.applitrack.com/scsd2/OnlineApp/default.aspx?all=1","Sheridan County School District 2","2026-02-13"
220,"Bus Paraprofessional - Transportation","2025-12-17","Transportation Staff/","Bus Barn","https://www.applitrack.com/scsd2/OnlineApp/default.aspx?all=1","Sheridan County School District 2","2026-02-13"
221,"Elementary School Secretary","2026-02-04","Administrative Support Services/","Overland Elementary","https://www.applitrack.com/sweetwater/onlineapp/default.aspx?all=1","Sweetwater County School District 1","2026-02-13"
222,"Special Services Secretary and Records Compliance Specialist","2025-11-17","Administrative Support Services/","Central Administration","https://www.applitrack.com/sweetwater/onlineapp/default.aspx?all=1","Sweetwater County School District 1","2026-02-13"
223,"RSHS Assistant Coach - Volleyball - Freshman","2026-01-13","Athletics/Activities/","Rock Springs High School","https://www.applitrack.com/sweetwater/onlineapp/default.aspx?all=1","Sweetwater County School District 1","2026-02-13"
224,"RSJH Dive Coach","2025-11-11","Athletics/Activities/","Rock Springs Junior High School","https://www.applitrack.com/sweetwater/onlineapp/default.aspx?all=1","Sweetwater County School District 1","2026-02-13"
225,"RSHS Assistant Coach - Football (2)","2026-02-10","Athletics/Activities/","Rock Springs High School","https://www.applitrack.com/sweetwater/onlineapp/default.aspx?all=1","Sweetwater County School District 1","2026-02-13"
226,"RSJH Assistant Football Coach - 7th Grade","2026-02-10","Athletics/Activities/","Rock Springs Junior High","https://www.applitrack.com/sweetwater/onlineapp/default.aspx?all=1","Sweetwater County School District 1","2026-02-13"
227,"FEMS-FEHS Assistant Coach - Football","2025-03-03","Athletics/Activities/","Farson-Eden High School","https://www.applitrack.com/sweetwater/onlineapp/default.aspx?all=1","Sweetwater County School District 1","2026-02-13"
228,"RSJH 8th Grade Head Coach - Volleyball","2026-02-09","Athletics/Activities/","Rock Springs Junior High School","https://www.applitrack.com/sweetwater/onlineapp/default.aspx?all=1","Sweetwater County School District 1","2026-02-13"
229,"Art Teacher K-3","2025-11-03","Certified Staff/","District Wide","https://www.applitrack.com/sweetwater/onlineapp/default.aspx?all=1","Sweetwater County School District 1","2026-02-13"
230,"Elementary Teacher 5th Grade","2025-11-04","Certified Staff/","Pilot Butte Elementary","https://www.applitrack.com/sweetwater/onlineapp/default.aspx?all=1","Sweetwater County School District 1","2026-02-13"
231,"Elementary Teacher 1st Grade","2025-11-03","Certified Staff/","Desert View Elementary","https://www.applitrack.com/sweetwater/onlineapp/default.aspx?all=1","Sweetwater County School District 1","2026-02-13"
232,"Elementary Teacher 3rd Grade","2025-11-03","Certified Staff/","Desert View Elementary","https://www.applitrack.com/sweetwater/onlineapp/default.aspx?all=1","Sweetwater County School District 1","2026-02-13"
233,"Elementary Teacher 3rd Grade","2025-11-05","Certified Staff/","Sage Elementary","https://www.applitrack.com/sweetwater/onlineapp/default.aspx?all=1","Sweetwater County School District 1","2026-02-13"
234,"EL Teacher (2)","2025-11-04","Certified Staff/","Rock Springs High School","https://www.applitrack.com/sweetwater/onlineapp/default.aspx?all=1","Sweetwater County School District 1","2026-02-13"
235,"English/Language Arts","2025-12-12","Certified Staff/","Farson-Eden High School","https://www.applitrack.com/sweetwater/onlineapp/default.aspx?all=1","Sweetwater County School District 1","2026-02-13"
236,"Graduation Coach - Grant Funded","2025-11-04","Certified Staff/","Rock Springs High School","https://www.applitrack.com/sweetwater/onlineapp/default.aspx?all=1","Sweetwater County School District 1","2026-02-13"
237,"Guidance Counselor","2026-01-07","Certified Staff/","Rock Springs High School","https://www.applitrack.com/sweetwater/onlineapp/default.aspx?all=1","Sweetwater County School District 1","2026-02-13"
238,"Library Media Specialist K-3 (Stagecoach and Wamsutter)","2025-11-03","Certified Staff/","District Wide","https://www.applitrack.com/sweetwater/onlineapp/default.aspx?all=1","Sweetwater County School District 1","2026-02-13"
239,"Library Media Specialist K-3 (Desert View and North Park Elementary)","2025-11-03","Certified Staff/","District Wide","https://www.applitrack.com/sweetwater/onlineapp/default.aspx?all=1","Sweetwater County School District 1","2026-02-13"
240,"Math Teacher (2)","2025-11-05","Certified Staff/","Rock Springs High School","https://www.applitrack.com/sweetwater/onlineapp/default.aspx?all=1","Sweetwater County School District 1","2026-02-13"
241,"Band Teacher - Pilot Butte and Eastside Elementary","2025-09-10","Certified Staff/","District Wide","https://www.applitrack.com/sweetwater/onlineapp/default.aspx?all=1","Sweetwater County School District 1","2026-02-13"
242,"Music Teacher 4-6 (4)","2025-11-06","Certified Staff/","District Wide","https://www.applitrack.com/sweetwater/onlineapp/default.aspx?all=1","Sweetwater County School District 1","2026-02-13"
243,"Music Teacher K-3 (2)","2025-11-06","Certified Staff/","District Wide","https://www.applitrack.com/sweetwater/onlineapp/default.aspx?all=1","Sweetwater County School District 1","2026-02-13"
244,"Social Studies Teacher","2025-11-05","Certified Staff/","Rock Springs Junior High School","https://www.applitrack.com/sweetwater/onlineapp/default.aspx?all=1","Sweetwater County School District 1","2026-02-13"
245,"Social Worker","2025-11-06","Certified Staff/","Rock Springs High School","https://www.applitrack.com/sweetwater/onlineapp/default.aspx?all=1","Sweetwater County School District 1","2026-02-13"
246,"Resource Teacher","2025-11-05","Certified Staff/","Stagecoach Elementary","https://www.applitrack.com/sweetwater/onlineapp/default.aspx?all=1","Sweetwater County School District 1","2026-02-13"
247,"Special Education - Resource Teacher (2)","2025-11-04","Certified Staff/","Eastside Elementary","https://www.applitrack.com/sweetwater/onlineapp/default.aspx?all=1","Sweetwater County School District 1","2026-02-13"
248,"Resource Teacher","2025-11-04","Certified Staff/","Overland Elementary","https://www.applitrack.com/sweetwater/onlineapp/default.aspx?all=1","Sweetwater County School District 1","2026-02-13"
249,"Resource Teacher","2025-11-05","Certified Staff/","Rock Springs High School","https://www.applitrack.com/sweetwater/onlineapp/default.aspx?all=1","Sweetwater County School District 1","2026-02-13"
250,"Resource Teacher (2)","2025-11-05","Certified Staff/","Rock Springs Junior High School","https://www.applitrack.com/sweetwater/onlineapp/default.aspx?all=1","Sweetwater County School District 1","2026-02-13"
251,"Resource Teacher (2)","2025-11-04","Certified Staff/","Pilot Butte Elementary","https://www.applitrack.com/sweetwater/onlineapp/default.aspx?all=1","Sweetwater County School District 1","2026-02-13"
252,"Resource Teacher","2025-11-03","Certified Staff/","Desert Elementary (Wamsutter)","https://www.applitrack.com/sweetwater/onlineapp/default.aspx?all=1","Sweetwater County School District 1","2026-02-13"
253,"Alternative Academic-Daily Living Skills Program Teacher","2025-10-22","Certified Staff/","Rock Springs High School","https://www.applitrack.com/sweetwater/onlineapp/default.aspx?all=1","Sweetwater County School District 1","2026-02-13"
254,"Alternative Behavior Program Teacher","2025-11-04","Certified Staff/","Rock Springs High School","https://www.applitrack.com/sweetwater/onlineapp/default.aspx?all=1","Sweetwater County School District 1","2026-02-13"
255,"Alternative Communication Program (ACP) Teacher","2025-11-04","Certified Staff/","Rock Springs High School","https://www.applitrack.com/sweetwater/onlineapp/default.aspx?all=1","Sweetwater County School District 1","2026-02-13"
256,"Alternative Behavior Program (ABP)","2025-11-05","Certified Staff/","Sage Elementary","https://www.applitrack.com/sweetwater/onlineapp/default.aspx?all=1","Sweetwater County School District 1","2026-02-13"
257,"Alternative Daily Living Skills Program Teacher","2025-11-05","Certified Staff/","Stagecoach Elementary","https://www.applitrack.com/sweetwater/onlineapp/default.aspx?all=1","Sweetwater County School District 1","2026-02-13"
258,"Alternative Communications Program","2026-02-11","Certified Staff/","Stagecoach Elementary","https://www.applitrack.com/sweetwater/onlineapp/default.aspx?all=1","Sweetwater County School District 1","2026-02-13"
259,"Bus Driver/Classroom Paraprofessional","2025-08-11","Combined Positions/","Desert Elementary (Wamsutter)","https://www.applitrack.com/sweetwater/onlineapp/default.aspx?all=1","Sweetwater County School District 1","2026-02-13"
260,"Part-Time Daycare Assistant","2026-02-10","Daycare/","Overland Elementary","https://www.applitrack.com/sweetwater/onlineapp/default.aspx?all=1","Sweetwater County School District 1","2026-02-13"
261,"Substitute - Head Start","2018-06-12","Head Start","Overland Elementary","https://www.applitrack.com/sweetwater/onlineapp/default.aspx?all=1","Sweetwater County School District 1","2026-02-13"
262,"Head Start Part-Time Assistant Teacher","2026-01-29","Head Start/","Overland Elementary","https://www.applitrack.com/sweetwater/onlineapp/default.aspx?all=1","Sweetwater County School District 1","2026-02-13"
263,"Maintenance Technician","2026-01-06","Maintenance/Custodial","Maintenance","https://www.applitrack.com/sweetwater/onlineapp/default.aspx?all=1","Sweetwater County School District 1","2026-02-13"
264,"Night Lead Custodian","2026-01-13","Maintenance/Custodial/","Rock Springs Junior High School","https://www.applitrack.com/sweetwater/onlineapp/default.aspx?all=1","Sweetwater County School District 1","2026-02-13"
265,"Full-Time Custodian","2026-01-20","Maintenance/Custodial/","Rock Springs High School","https://www.applitrack.com/sweetwater/onlineapp/default.aspx?all=1","Sweetwater County School District 1","2026-02-13"
266,"Nutrition Services Assistant","2026-01-27","Nutrition Services/","Rock Springs High School","https://www.applitrack.com/sweetwater/onlineapp/default.aspx?all=1","Sweetwater County School District 1","2026-02-13"
267,"Nutrition Services Manager","2026-01-27","Nutrition Services/","Eastside Elementary","https://www.applitrack.com/sweetwater/onlineapp/default.aspx?all=1","Sweetwater County School District 1","2026-02-13"
268,"Nutrition Services Substitute","2024-07-18","Nutrition Services/","District Wide","https://www.applitrack.com/sweetwater/onlineapp/default.aspx?all=1","Sweetwater County School District 1","2026-02-13"
269,"ELL Paraprofessional","2026-01-29","Paraprofessional/","Desert View Elementary","https://www.applitrack.com/sweetwater/onlineapp/default.aspx?all=1","Sweetwater County School District 1","2026-02-13"
270,"ELL Paraprofessional","2025-12-01","Paraprofessional/","Rock Springs Junior High School","https://www.applitrack.com/sweetwater/onlineapp/default.aspx?all=1","Sweetwater County School District 1","2026-02-13"
271,"Itinerant Paraprofessional/Testing Assistant","2026-01-20","Paraprofessional/","District Wide","https://www.applitrack.com/sweetwater/onlineapp/default.aspx?all=1","Sweetwater County School District 1","2026-02-13"
272,"Special Education Paraprofessional","2025-04-02","Paraprofessional/","Lowell School","https://www.applitrack.com/sweetwater/onlineapp/default.aspx?all=1","Sweetwater County School District 1","2026-02-13"
273,"Resource Room Paraprofessional (3)","2025-08-21","Paraprofessional/","Rock Springs Satellite High School","https://www.applitrack.com/sweetwater/onlineapp/default.aspx?all=1","Sweetwater County School District 1","2026-02-13"
274,"Resource Room Paraprofessional (2)","2025-09-10","Paraprofessional/","Rock Springs High School","https://www.applitrack.com/sweetwater/onlineapp/default.aspx?all=1","Sweetwater County School District 1","2026-02-13"
275,"Alternate Academic Special Programs One-on-One Paraprofessional","2025-05-05","Paraprofessional/","Rock Springs Junior High School","https://www.applitrack.com/sweetwater/onlineapp/default.aspx?all=1","Sweetwater County School District 1","2026-02-13"
276,"Full-Time High School Special Education Paraprofessional and Daycare Assistant - Overland/RSHS","2024-11-04","Paraprofessional/","Overland/RSHS","https://www.applitrack.com/sweetwater/onlineapp/default.aspx?all=1","Sweetwater County School District 1","2026-02-13"
277,"Special Programs One-on-One Paraprofessional","2025-11-24","Paraprofessional/","Rock Springs High School","https://www.applitrack.com/sweetwater/onlineapp/default.aspx?all=1","Sweetwater County School District 1","2026-02-13"
278,"Full-Time High School Special Education Paraprofessional and Daycare Assistant - Overland/RSHS","2025-11-11","Paraprofessional/","Overland/RSHS","https://www.applitrack.com/sweetwater/onlineapp/default.aspx?all=1","Sweetwater County School District 1","2026-02-13"
279,"Certified Substitute School Nurse","2019-10-03","Substitute","District Wide","https://www.applitrack.com/sweetwater/onlineapp/default.aspx?all=1","Sweetwater County School District 1","2026-02-13"
280,"BOCES Full Time Building Substitute Teacher (1) - One Year Only","2025-02-04","Substitute/","Overland Elementary","https://www.applitrack.com/sweetwater/onlineapp/default.aspx?all=1","Sweetwater County School District 1","2026-02-13"
281,"BOCES Part Time Building Substitute Teacher (2) - One Year Only","2025-06-05","Substitute/","Overland Elementary","https://www.applitrack.com/sweetwater/onlineapp/default.aspx?all=1","Sweetwater County School District 1","2026-02-13"
282,"2025-2026 Substitute Teacher - Part-Time","2025-07-07","Substitute/","District Wide","https://www.applitrack.com/sweetwater/onlineapp/default.aspx?all=1","Sweetwater County School District 1","2026-02-13"
283,"Over The Road Activity Bus Driver (4)","2025-11-03","Transportation/","Transportation","https://www.applitrack.com/sweetwater/onlineapp/default.aspx?all=1","Sweetwater County School District 1","2026-02-13"
284,"Bus Aide","2026-02-04","Transportation/","Transportation","https://www.applitrack.com/sweetwater/onlineapp/default.aspx?all=1","Sweetwater County School District 1","2026-02-13"
285,"Part-Time Bus Driver (26 Hours/Week)","2026-01-19","Transportation/","Transportation","https://www.applitrack.com/sweetwater/onlineapp/default.aspx?all=1","Sweetwater County School District 1","2026-02-13"
286,"Auto/Bus Mechanic (2)","2025-11-12","Transportation/","Transportation","https://www.applitrack.com/sweetwater/onlineapp/default.aspx?all=1","Sweetwater County School District 1","2026-02-13"
287,"Athletic Trainer","2026-02-02","Athletics/Activities/","Central Office","https://www.applitrack.com/swcsd2/onlineapp/default.aspx?all=1","Sweetwater County School District 2","2026-02-13"
288,"GRHS Assistant Girls Soccer Coach","2025-06-05","Athletics/Activities/","Green River High School","https://www.applitrack.com/swcsd2/onlineapp/default.aspx?all=1","Sweetwater County School District 2","2026-02-13"
289,"LMS Head Co-Ed Soccer Coach","2025-06-05","Athletics/Activities/","Lincoln Middle School","https://www.applitrack.com/swcsd2/onlineapp/default.aspx?all=1","Sweetwater County School District 2","2026-02-13"
290,"LMS Assistant Co-Ed Soccer Coach","2025-06-05","Athletics/Activities/","Lincoln Middle School","https://www.applitrack.com/swcsd2/onlineapp/default.aspx?all=1","Sweetwater County School District 2","2026-02-13"
291,"Elementary Special Education Classroom Teacher","2026-01-19","Elementary School Teaching/","Harrison Elementary School","https://www.applitrack.com/swcsd2/onlineapp/default.aspx?all=1","Sweetwater County School District 2","2026-02-13"
292,"Head Custodian","2026-02-02","Maintenance/Custodial/","Truman Elementary School","https://www.applitrack.com/swcsd2/onlineapp/default.aspx?all=1","Sweetwater County School District 2","2026-02-13"
293,"Substitute Custodian","2025-07-10","Maintenance/Custodial/","Maintenance Department","https://www.applitrack.com/swcsd2/onlineapp/default.aspx?all=1","Sweetwater County School District 2","2026-02-13"
294,"Instrumental Music Teacher","2026-02-02","Middle School Teaching/","Lincoln Middle School","https://www.applitrack.com/swcsd2/onlineapp/default.aspx?all=1","Sweetwater County School District 2","2026-02-13"
295,"Substitute Nutrition Services","2025-07-10","Nutrition Services/","Nutrition Services Department","https://www.applitrack.com/swcsd2/onlineapp/default.aspx?all=1","Sweetwater County School District 2","2026-02-13"
296,"English Language Learning Paraprofessional","2025-10-13","Paraprofessional/","Monroe Elementary School","https://www.applitrack.com/swcsd2/onlineapp/default.aspx?all=1","Sweetwater County School District 2","2026-02-13"
297,"Substitute Teacher","2025-07-10","Substitute/","Central Office","https://www.applitrack.com/swcsd2/onlineapp/default.aspx?all=1","Sweetwater County School District 2","2026-02-13"
298,"Substitute Teacher Aide","2025-07-10","Substitute/","Central Office","https://www.applitrack.com/swcsd2/onlineapp/default.aspx?all=1","Sweetwater County School District 2","2026-02-13"
299,"Substitute Mechanic","2025-07-10","Transportation","Transportation Department","https://www.applitrack.com/swcsd2/onlineapp/default.aspx?all=1","Sweetwater County School District 2","2026-02-13"
300,"Transportation Mechanic","2026-02-03","Transportation/","Transportation Department","https://www.applitrack.com/swcsd2/onlineapp/default.aspx?all=1","Sweetwater County School District 2","2026-02-13"
301,"ATHLETIC TRAINER","2025-07-15","Athletics/Activities/","TCSD Schools","https://www.applitrack.com/tcsd/onlineapp/default.aspx?all=1","Teton County School District 1","2026-02-13"
302,"Instructional Para","2025-12-18","Paraprofessional/","Kelly Elementary School","https://www.applitrack.com/tcsd/onlineapp/default.aspx?all=1","Teton County School District 1","2026-02-13"
303,"Special Education Paraprofessional(s) Grades 6-12","2025-09-18","Paraprofessional/","Jackson Hole High School","https://www.applitrack.com/tcsd/onlineapp/default.aspx?all=1","Teton County School District 1","2026-02-13"
304,"Special Education Paraprofessional Grades K-5","2026-02-04","Paraprofessional/","Munger Mountain Elementary","https://www.applitrack.com/tcsd/onlineapp/default.aspx?all=1","Teton County School District 1","2026-02-13"
305,"Early Education Teacher, Birth to age 3","2026-01-14","Student Support Services/","TCSD Cubs","https://www.applitrack.com/tcsd/onlineapp/default.aspx?all=1","Teton County School District 1","2026-02-13"
306,"Substitute Teachers/Nurses","2020-02-11","Substitute/","TCSD Schools","https://www.applitrack.com/tcsd/onlineapp/default.aspx?all=1","Teton County School District 1","2026-02-13"
307,"Substitute Para/Secretary","2020-02-11","Substitute/","TCSD Schools","https://www.applitrack.com/tcsd/onlineapp/default.aspx?all=1","Teton County School District 1","2026-02-13"
308,"MORAN Route Driver","2024-11-20","Transportation/","Transportation","https://www.applitrack.com/tcsd/onlineapp/default.aspx?all=1","Teton County School District 1","2026-02-13"
309,"Route Bus Driver","2019-10-29","Transportation/","Transportation","https://www.applitrack.com/tcsd/onlineapp/default.aspx?all=1","Teton County School District 1","2026-02-13"
310,"Walking School Bus","2025-10-29","Transportation/","Transportation","https://www.applitrack.com/tcsd/onlineapp/default.aspx?all=1","Teton County School District 1","2026-02-13"
311,"Substitute Bus Drivers","2019-10-29","Transportation/","Transportation","https://www.applitrack.com/tcsd/onlineapp/default.aspx?all=1","Teton County School District 1","2026-02-13"
312,"Assistant Superintendent 6-12","2026-02-12","Administration/","Education Service Center","https://www.applitrack.com/uinta/onlineapp/jobpostings/view.asp?all=1","Uinta County School District 1","2026-02-13"
313,"Secondary English Language Arts Teacher","2026-02-12","High School / Secondary Teaching/","Evanston High School","https://www.applitrack.com/uinta/onlineapp/jobpostings/view.asp?all=1","Uinta County School District 1","2026-02-13"
314,"Secondary Math Teacher","2026-02-12","High School / Secondary Teaching/","Evanston High School","https://www.applitrack.com/uinta/onlineapp/jobpostings/view.asp?all=1","Uinta County School District 1","2026-02-13"
315,"Custodian","2026-02-02","Maintenance/Custodial/","Clark Elementary","https://www.applitrack.com/uinta/onlineapp/jobpostings/view.asp?all=1","Uinta County School District 1","2026-02-13"
316,"Executive Assistant - Office of the Superintendent","2026-02-04","Secretarial/Clerical/","Education Service Center","https://www.applitrack.com/uinta/onlineapp/jobpostings/view.asp?all=1","Uinta County School District 1","2026-02-13"
317,"Speech-Language Pathologist","2026-01-30","Student Support Services/","District Wide","https://www.applitrack.com/uinta/onlineapp/jobpostings/view.asp?all=1","Uinta County School District 1","2026-02-13"
318,"Bus Drivers and Substitute Bus Drivers","2026-01-09","Support Staff/","Transportation","https://www.applitrack.com/uinta/onlineapp/jobpostings/view.asp?all=1","Uinta County School District 1","2026-02-13"
319,"Full-time and Part-time Classroom Aides and SPED Paraprofessionals","2025-07-16","Support Staff/","District Wide","https://www.applitrack.com/uinta/onlineapp/jobpostings/view.asp?all=1","Uinta County School District 1","2026-02-13"
320,"Elementary School Principal","2026-02-10","Administration/","West Side Elementary","https://www.applitrack.com/washakie1/onlineapp/default.aspx?all=1","Washakie County School District 1","2026-02-13"
321,"Full-Time Lifeguard","2025-12-09","Aquatic Center Staff/","Worland Aquatic Center","https://www.applitrack.com/washakie1/onlineapp/default.aspx?all=1","Washakie County School District 1","2026-02-13"
322,"Lifeguard - HS Student","2024-01-08","Aquatic Center Staff/","Worland Aquatic Center","https://www.applitrack.com/washakie1/onlineapp/default.aspx?all=1","Washakie County School District 1","2026-02-13"
323,"Elementary Teacher","2025-12-09","Elementary School Teaching","08/05/2026","https://www.applitrack.com/washakie1/onlineapp/default.aspx?all=1","Washakie County School District 1","2026-02-13"
324,"Special Education Life Skills Teacher","2026-01-27","Elementary School Teaching","08/03/2026","https://www.applitrack.com/washakie1/onlineapp/default.aspx?all=1","Washakie County School District 1","2026-02-13"
325,"Alternative High School Teacher","2025-12-16","High School Teaching","White Hawk Academy","https://www.applitrack.com/washakie1/onlineapp/default.aspx?all=1","Washakie County School District 1","2026-02-13"
326,"Housekeeper, Part-Time","2026-01-14","Maintenance/Custodial/","South Side Elementary","https://www.applitrack.com/washakie1/onlineapp/default.aspx?all=1","Washakie County School District 1","2026-02-13"
327,"Middle School Agriculture or CTE Teacher","2026-02-09","Middle School Teaching","Worland Middle School","https://www.applitrack.com/washakie1/onlineapp/default.aspx?all=1","Washakie County School District 1","2026-02-13"
328,"Speech Language Pathologist","2024-12-18","Special Education Services","Education Resource Center","https://www.applitrack.com/washakie1/onlineapp/default.aspx?all=1","Washakie County School District 1","2026-02-13"
329,"SLP-Assistant","2025-05-14","Special Education Services","Education Resource Center","https://www.applitrack.com/washakie1/onlineapp/default.aspx?all=1","Washakie County School District 1","2026-02-13"
330,"Special Education Teacher","2025-12-02","Special Education Services","08/03/2026","https://www.applitrack.com/washakie1/onlineapp/default.aspx?all=1","Washakie County School District 1","2026-02-13"
331,"Substitute Bus Driver","2021-07-01","Substitute/","Bus Barn","https://www.applitrack.com/washakie1/onlineapp/default.aspx?all=1","Washakie County School District 1","2026-02-13"
332,"Substitute Cook","2020-11-04","Substitute/","District","https://www.applitrack.com/washakie1/onlineapp/default.aspx?all=1","Washakie County School District 1","2026-02-13"
333,"Substitute Housekeeper","2019-01-21","Substitute/",NA,"https://www.applitrack.com/washakie1/onlineapp/default.aspx?all=1","Washakie County School District 1","2026-02-13"
334,"Substitute Paraeducator","2016-03-02","Substitute/",NA,"https://www.applitrack.com/washakie1/onlineapp/default.aspx?all=1","Washakie County School District 1","2026-02-13"
335,"Substitute Teacher","2016-03-02","Substitute/",NA,"https://www.applitrack.com/washakie1/onlineapp/default.aspx?all=1","Washakie County School District 1","2026-02-13"
336,"2025-2026 Drama Club Sponsor Assistant","2025-12-22","Coaching","Dubois K-12 School","https://fremont2.tedk12.com/hire/index.aspx","Fremont County School District 2","2026-02-13"
337,"2025-2026 Drama Club Sponsor","2025-12-22","Coaching","Dubois K-12 School","https://fremont2.tedk12.com/hire/index.aspx","Fremont County School District 2","2026-02-13"
338,"Substitute Custodian/Food Service","2025-02-01","Classified","Dubois K-12 School","https://fremont2.tedk12.com/hire/index.aspx","Fremont County School District 2","2026-02-13"
339,"Substitute Bus Driver","2024-04-01","Classified","Bus Barn","https://fremont2.tedk12.com/hire/index.aspx","Fremont County School District 2","2026-02-13"
340,"Substitute - Classified -  Para/Secretary","2024-04-01","Classified","Dubois K-12 School","https://fremont2.tedk12.com/hire/index.aspx","Fremont County School District 2","2026-02-13"
341,"Substitute Teaching","2024-04-01","Substitute","Dubois K-12 School","https://fremont2.tedk12.com/hire/index.aspx","Fremont County School District 2","2026-02-13"
342,"Teacher - Special Education (Torrington Middle School)","2026-02-12","Special Education","Torrington Middle School","https://goshen.tedk12.com/hire/index.aspx#aJobListings","Goshen County School District 1","2026-02-13"
343,"Secretary to Principal - Lincoln Elementary","2026-02-12","Support","Lincoln Elementary School","https://goshen.tedk12.com/hire/index.aspx#aJobListings","Goshen County School District 1","2026-02-13"
344,"Bus Driver/ Sub Bus Driver","2026-01-01","Bus Driver","Transportation Services","https://goshen.tedk12.com/hire/index.aspx#aJobListings","Goshen County School District 1","2026-02-13"
345,"Future Administrative Positions","2026-01-01","Administrative - building","Central Administration Office","https://goshen.tedk12.com/hire/index.aspx#aJobListings","Goshen County School District 1","2026-02-13"
346,"Future Substitute Teacher Positions","2026-01-01","Substitute","Central Administration Office","https://goshen.tedk12.com/hire/index.aspx#aJobListings","Goshen County School District 1","2026-02-13"
347,"Future Classified Positions","2026-01-01","Support","Central Administration Office","https://goshen.tedk12.com/hire/index.aspx#aJobListings","Goshen County School District 1","2026-02-13"
348,"Future Certified Positions","2026-01-01","K-12","Central Administration Office","https://goshen.tedk12.com/hire/index.aspx#aJobListings","Goshen County School District 1","2026-02-13"
349,"Special Education Paraprofessional - Compass Academy - 18-21 Transition Program","2025-12-04","Support","Office of Special Services","https://goshen.tedk12.com/hire/index.aspx#aJobListings","Goshen County School District 1","2026-02-13"
350,"Teacher - Secondary Math - Torrington High School - Eligible for $15,000 Hiring Incentive Based on Certification","2025-09-18","Secondary Certified","Torrington High School","https://goshen.tedk12.com/hire/index.aspx#aJobListings","Goshen County School District 1","2026-02-13"
351,"Speech Language Pathologist - District","2023-07-11","Specialist - Certified","Office of Special Services","https://goshen.tedk12.com/hire/index.aspx#aJobListings","Goshen County School District 1","2026-02-13"
352,"Elementary Teacher 2026-27 School Year","2026-02-02","Certified","District","https://laramie2.tedk12.com/hire/index.aspx","Laramie County School District 2","2026-02-13"
353,"HS Assistant Track Coach","2026-01-25","Coaching","Pine Bluffs Jr./Sr. High School","https://laramie2.tedk12.com/hire/index.aspx","Laramie County School District 2","2026-02-13"
354,"District Data/Information Specialist","2026-01-08","Classified","District","https://laramie2.tedk12.com/hire/index.aspx","Laramie County School District 2","2026-02-13"
355,"Industrial Arts Teacher 2026-27 School Year","2026-01-08","Certified","Pine Bluffs Jr./Sr. High School","https://laramie2.tedk12.com/hire/index.aspx","Laramie County School District 2","2026-02-13"
356,"Elementary Principal","2026-01-08","Certified","Burns Elementary","https://laramie2.tedk12.com/hire/index.aspx","Laramie County School District 2","2026-02-13"
357,"Assistant JH Volleyball Coach","2025-12-02","Coaching","Burns Jr./Sr. High School","https://laramie2.tedk12.com/hire/index.aspx","Laramie County School District 2","2026-02-13"
358,"JH Girls Wrestling Assistant Coach","2025-10-01","Coaching","Burns Jr./Sr. High School","https://laramie2.tedk12.com/hire/index.aspx","Laramie County School District 2","2026-02-13"
359,"Substitute School Nurse","2025-09-15","Substitute","District","https://laramie2.tedk12.com/hire/index.aspx","Laramie County School District 2","2026-02-13"
360,"ELL Parent Translator Contactor","2025-09-15","Classified","District","https://laramie2.tedk12.com/hire/index.aspx","Laramie County School District 2","2026-02-13"
361,"Assistant JH Football Coach","2025-08-05","Coaching","Burns Jr./Sr. High School","https://laramie2.tedk12.com/hire/index.aspx","Laramie County School District 2","2026-02-13"
362,"ELL Paraprofessional","2025-06-10","Classified","District","https://laramie2.tedk12.com/hire/index.aspx","Laramie County School District 2","2026-02-13"
363,"JH Assistant Track Coach","2025-05-27","Coaching","Pine Bluffs Jr./Sr. High School","https://laramie2.tedk12.com/hire/index.aspx","Laramie County School District 2","2026-02-13"
364,"Sub Paraprofessional","2025-01-30","Classified","District","https://laramie2.tedk12.com/hire/index.aspx","Laramie County School District 2","2026-02-13"
365,"Sub Custodian","2025-01-30","Classified","District","https://laramie2.tedk12.com/hire/index.aspx","Laramie County School District 2","2026-02-13"
366,"Substitute Cook","2025-01-30","Food Service","District","https://laramie2.tedk12.com/hire/index.aspx","Laramie County School District 2","2026-02-13"
367,"Substitute Teacher","2025-01-30","Substitute","District","https://laramie2.tedk12.com/hire/index.aspx","Laramie County School District 2","2026-02-13"
368,"Substitute Bus Driver","2025-01-30","Substitute","District","https://laramie2.tedk12.com/hire/index.aspx","Laramie County School District 2","2026-02-13"
369,"Assistant High School Track Coach","2026-02-12","Moorcroft Secondary","Moorcroft, Wyoming","https://crook1.schoolspring.com/","Crook County School District 1","2026-02-13"
370,"Activities Director/Supervisor","2026-02-11","Sundance Secondary","Sundance, Wyoming","https://crook1.schoolspring.com/","Crook County School District 1","2026-02-13"
371,"Route Bus Driver","2026-02-11","Moorcroft Secondary","Moorcroft, Wyoming","https://crook1.schoolspring.com/","Crook County School District 1","2026-02-13"
372,"K-12 Music Teacher","2026-02-11","Hulett K-12","Hulett, Wyoming","https://crook1.schoolspring.com/","Crook County School District 1","2026-02-13"
373,"Elementary Classroom Teacher","2026-02-03","Moorcroft Elementary","Moorcroft, Wyoming","https://crook1.schoolspring.com/","Crook County School District 1","2026-02-13"
374,"High School Math Teacher","2026-01-28","Moorcroft Secondary","Moorcroft, Wyoming","https://crook1.schoolspring.com/","Crook County School District 1","2026-02-13"
375,"Elementary Principal","2026-01-26","Moorcroft Elementary","Moorcroft, Wyoming","https://crook1.schoolspring.com/","Crook County School District 1","2026-02-13"
376,"Secondary School Counselor","2026-01-21","Moorcroft Secondary","Moorcroft, Wyoming","https://crook1.schoolspring.com/","Crook County School District 1","2026-02-13"
377,"Early Intervening & Behavior Support Specialist","2026-01-21","Crook County School District 1","Sundance, Wyoming","https://crook1.schoolspring.com/","Crook County School District 1","2026-02-13"
378,"Route Bus Driver","2026-01-19","Sundance Secondary","Sundance, Wyoming","https://crook1.schoolspring.com/","Crook County School District 1","2026-02-13"
379,"Full-Time Custodian","2026-01-14","Hulett K-12","Hulett, Wyoming","https://crook1.schoolspring.com/","Crook County School District 1","2026-02-13"
380,"Substitute Custodian","2025-08-06","Sundance Secondary","Sundance, Wyoming","https://crook1.schoolspring.com/","Crook County School District 1","2026-02-13"
381,"Substitute Custodian","2025-08-06","Moorcroft Secondary","Moorcroft, Wyoming","https://crook1.schoolspring.com/","Crook County School District 1","2026-02-13"
382,"Substitute Custodian","2025-08-06","Hulett K-12","Hulett, Wyoming","https://crook1.schoolspring.com/","Crook County School District 1","2026-02-13"
383,"Substitute Teacher","2025-08-06","Sundance Elementary","Sundance, Wyoming","https://crook1.schoolspring.com/","Crook County School District 1","2026-02-13"
384,"Substitute Teacher","2025-08-06","Moorcroft Elementary","Moorcroft, Wyoming","https://crook1.schoolspring.com/","Crook County School District 1","2026-02-13"
385,"Substitute Teacher","2025-08-06","Hulett K-12","Hulett, Wyoming","https://crook1.schoolspring.com/","Crook County School District 1","2026-02-13"
386,"Substitute & Activity Bus Drivers","2025-08-06","Sundance Secondary","Sundance, Wyoming","https://crook1.schoolspring.com/","Crook County School District 1","2026-02-13"
387,"Substitute & Activity Bus Drivers","2025-08-06","Moorcroft Secondary","Moorcroft, Wyoming","https://crook1.schoolspring.com/","Crook County School District 1","2026-02-13"
388,"Substitute & Activity Bus Drivers","2025-08-06","Hulett K-12","Hulett, Wyoming","https://crook1.schoolspring.com/","Crook County School District 1","2026-02-13"
389,"Safety and Access Control Operations","2026-02-10","Laramie County School District 1","Cheyenne, Wyoming","https://laramie1.schoolspring.com/","Laramie County School District 1","2026-02-13"
390,"School Custodian/Maintenance","2026-02-09","PODER ACADEMY SECONDARY (PASS)","Cheyenne, Wyoming","https://laramie1.schoolspring.com/","Laramie County School District 1","2026-02-13"
391,"Enrollment Marketing and Community Outreach Coordinator","2026-02-09","PODER/PASS ACADEMY","Cheyenne, Wyoming","https://laramie1.schoolspring.com/","Laramie County School District 1","2026-02-13"
392,"Physical Therapy Assistant","2026-02-09","ALL SCHOOL LOCATIONS","Cheyenne, Wyoming","https://laramie1.schoolspring.com/","Laramie County School District 1","2026-02-13"
393,"Assistant Girls Soccer Coach [120]","2026-02-09","SOUTH HIGH SCHOOL","Cheyenne, Wyoming","https://laramie1.schoolspring.com/","Laramie County School District 1","2026-02-13"
394,"Student Sweeper [ST05]","2026-02-06","MCCORMICK JUNIOR HIGH SCHOOL","Cheyenne, Wyoming","https://laramie1.schoolspring.com/","Laramie County School District 1","2026-02-13"
395,"Student Sweeper [ST05]","2026-02-06","JOHNSON JUNIOR HIGH SCHOOL","Cheyenne, Wyoming","https://laramie1.schoolspring.com/","Laramie County School District 1","2026-02-13"
396,"Elementary K-6 Teacher","2026-02-05","PODER ACADEMY ELEMENTARY","Cheyenne, Wyoming","https://laramie1.schoolspring.com/","Laramie County School District 1","2026-02-13"
397,"Physical Education","2026-02-05","PODER ACADEMY ELEMENTARY","Cheyenne, Wyoming","https://laramie1.schoolspring.com/","Laramie County School District 1","2026-02-13"
398,"Sub-Custodian [S010]","2026-02-03","Laramie County School District 1","Cheyenne, Wyoming","https://laramie1.schoolspring.com/","Laramie County School District 1","2026-02-13"
399,"Substitute Transportation Driver [S050]","2026-02-03","Laramie County School District 1","Cheyenne, Wyoming","https://laramie1.schoolspring.com/","Laramie County School District 1","2026-02-13"
400,"Custodial - Head Class 4 [CU07]","2026-02-02","TRIUMPH HIGH SCHOOL","Cheyenne, Wyoming","https://laramie1.schoolspring.com/","Laramie County School District 1","2026-02-13"
401,"Substitute Transportation Assistant [S051]","2026-02-02","Laramie County School District 1","Cheyenne, Wyoming","https://laramie1.schoolspring.com/","Laramie County School District 1","2026-02-13"
402,"Student Sweeper [ST05]","2026-01-29","GOINS ELEMENTARY SCHOOL","Cheyenne, Wyoming","https://laramie1.schoolspring.com/","Laramie County School District 1","2026-02-13"
403,"Elementary/Jr High Athletic Director","2026-01-26","JOHNSON JUNIOR HIGH SCHOOL","Cheyenne, Wyoming","https://laramie1.schoolspring.com/","Laramie County School District 1","2026-02-13"
404,"Facility Technician - Steam Fitter/Boiler [TS19]","2026-01-23","Laramie County School District 1","Cheyenne, Wyoming","https://laramie1.schoolspring.com/","Laramie County School District 1","2026-02-13"
405,"Nutrition- Elementary Head Cashier [NU03]","2026-01-20","PRAIRIE WIND ELEMENTARY SCHOOL","Cheyenne, Wyoming","https://laramie1.schoolspring.com/","Laramie County School District 1","2026-02-13"
406,"Custodial - Head Class 5 [CU08]","2026-01-16","CAREY JUNIOR HIGH SCHOOL","Cheyenne, Wyoming","https://laramie1.schoolspring.com/","Laramie County School District 1","2026-02-13"
407,"Nutrition Services Aid [NU02]","2026-01-09","MCCORMICK JUNIOR HIGH SCHOOL","Cheyenne, Wyoming","https://laramie1.schoolspring.com/","Laramie County School District 1","2026-02-13"
408,"Head Cheer Coach [C108]","2025-12-19","JOHNSON JUNIOR HIGH SCHOOL","Cheyenne, Wyoming","https://laramie1.schoolspring.com/","Laramie County School District 1","2026-02-13"
409,"Certified Occupational Therapy Assistant","2025-12-16","Laramie County School District 1","Cheyenne, Wyoming","https://laramie1.schoolspring.com/","Laramie County School District 1","2026-02-13"
410,"Nutrition Services Aid [NU02]","2025-12-16","MCCORMICK JUNIOR HIGH SCHOOL","Cheyenne, Wyoming","https://laramie1.schoolspring.com/","Laramie County School District 1","2026-02-13"
411,"3rd Grade Teacher DLI Spanish-2026/2027 Contract Year [TA40]","2025-12-11","HOBBS ELEMENTARY SCHOOL","Cheyenne, Wyoming","https://laramie1.schoolspring.com/","Laramie County School District 1","2026-02-13"
412,"3rd Grade Teacher DLI Spanish-2026/2027 Contract year [TA40]","2025-12-11","AFFLERBACH ELEMENTARY SCHOOL","Cheyenne, Wyoming","https://laramie1.schoolspring.com/","Laramie County School District 1","2026-02-13"
413,"Custodial-Head Class 4 - Remainder of the 2025/2026 Contract Year only[CU07]","2025-12-09","DEMING ELEMENTARY SCHOOL","Cheyenne, Wyoming","https://laramie1.schoolspring.com/","Laramie County School District 1","2026-02-13"
414,"Student Sweeper [ST05]","2025-12-03","SOUTH HIGH SCHOOL","Cheyenne, Wyoming","https://laramie1.schoolspring.com/","Laramie County School District 1","2026-02-13"
415,"Elementary Assistant Basketball Coach [C179]","2025-12-01","HENDERSON ELEMENTARY SCHOOL","Cheyenne, Wyoming","https://laramie1.schoolspring.com/","Laramie County School District 1","2026-02-13"
416,"Custodial-Assistant Head Custodian - Class 5 [CU02]","2025-11-19","SOUTH HIGH SCHOOL","Cheyenne, Wyoming","https://laramie1.schoolspring.com/","Laramie County School District 1","2026-02-13"
417,"We The People Sponsor","2025-11-18","SOUTH HIGH SCHOOL","Cheyenne, Wyoming","https://laramie1.schoolspring.com/","Laramie County School District 1","2026-02-13"
418,"Nutrition Services Aid [NU02]","2025-11-07","EAST HIGH SCHOOL","Cheyenne, Wyoming","https://laramie1.schoolspring.com/","Laramie County School District 1","2026-02-13"
419,"Student Sweeper [ST05]","2025-11-07","AFFLERBACH ELEMENTARY SCHOOL","Cheyenne, Wyoming","https://laramie1.schoolspring.com/","Laramie County School District 1","2026-02-13"
420,"Student Sweeper [ST05]","2025-11-07","ARP ELEMENTARY SCHOOL","Cheyenne, Wyoming","https://laramie1.schoolspring.com/","Laramie County School District 1","2026-02-13"
421,"Student Sweeper [ST05]","2025-11-07","BAGGS ELEMENTARY SCHOOL","Cheyenne, Wyoming","https://laramie1.schoolspring.com/","Laramie County School District 1","2026-02-13"
422,"Student Sweeper [ST05]","2025-11-07","BUFFALO RIDGE ELEMENTARY SCHL","Cheyenne, Wyoming","https://laramie1.schoolspring.com/","Laramie County School District 1","2026-02-13"
423,"Student Sweeper [ST05]","2025-11-07","DILDINE ELEMENTARY SCHOOL","Cheyenne, Wyoming","https://laramie1.schoolspring.com/","Laramie County School District 1","2026-02-13"
424,"Student Sweeper [ST05]","2025-11-07","GILCHRIST ELEMENTARY SCHOOL","Cheyenne, Wyoming","https://laramie1.schoolspring.com/","Laramie County School District 1","2026-02-13"
425,"Student Sweeper [ST05]","2025-11-07","HENDERSON ELEMENTARY SCHOOL","Cheyenne, Wyoming","https://laramie1.schoolspring.com/","Laramie County School District 1","2026-02-13"
426,"Student Sweeper [ST05]","2025-11-07","PRAIRIE WIND ELEMENTARY SCHOOL","Cheyenne, Wyoming","https://laramie1.schoolspring.com/","Laramie County School District 1","2026-02-13"
427,"Student Sweeper [ST05]","2025-11-07","CAREY JUNIOR HIGH SCHOOL","Cheyenne, Wyoming","https://laramie1.schoolspring.com/","Laramie County School District 1","2026-02-13"
428,"Student Sweeper [ST05]","2025-11-07","ROSSMAN ELEMENTARY SCHOOL","Cheyenne, Wyoming","https://laramie1.schoolspring.com/","Laramie County School District 1","2026-02-13"
429,"Physical Therapist [XT07]","2025-10-23","Laramie County School District 1","Cheyenne, Wyoming","https://laramie1.schoolspring.com/","Laramie County School District 1","2026-02-13"
430,"School Psychologist Intern [XT32]","2025-10-23","Laramie County School District 1","Cheyenne, Wyoming","https://laramie1.schoolspring.com/","Laramie County School District 1","2026-02-13"
431,"Paraprofessional","2025-10-20","PODER ACADEMY SECONDARY (PASS)","Cheyenne, Wyoming","https://laramie1.schoolspring.com/","Laramie County School District 1","2026-02-13"
432,"Custodial - Head Class 4 [CU07]","2025-10-07","MEADOWLARK ELEMENTARY SCHOOL","Cheyenne, Wyoming","https://laramie1.schoolspring.com/","Laramie County School District 1","2026-02-13"
433,"Occupational Therapist [XT06]","2025-09-12","Laramie County School District 1","Cheyenne, Wyoming","https://laramie1.schoolspring.com/","Laramie County School District 1","2026-02-13"
434,"Assistant - Speech Language Pathology [XI02]","2025-09-11","HOBBS ELEMENTARY SCHOOL","Cheyenne, Wyoming","https://laramie1.schoolspring.com/","Laramie County School District 1","2026-02-13"
435,"Nutrition Services Aid [NU02]","2025-08-27","JOHNSON JUNIOR HIGH SCHOOL","Cheyenne, Wyoming","https://laramie1.schoolspring.com/","Laramie County School District 1","2026-02-13"
436,"Speech Language Pathologist [XT14]","2025-08-08","Laramie County School District 1","Cheyenne, Wyoming","https://laramie1.schoolspring.com/","Laramie County School District 1","2026-02-13"
437,"Custodial - Head Class 5 [CU02]","2025-08-06","MCCORMICK JUNIOR HIGH SCHOOL","Cheyenne, Wyoming","https://laramie1.schoolspring.com/","Laramie County School District 1","2026-02-13"
438,"Custodial - Head Class 5 [CU02]","2025-08-06","JOHNSON JUNIOR HIGH SCHOOL","Cheyenne, Wyoming","https://laramie1.schoolspring.com/","Laramie County School District 1","2026-02-13"
439,"Applicant Pool - Substitute Teacher [S035]","2025-07-31","SUBSTITUTE TEACHERS","Cheyenne, Wyoming","https://laramie1.schoolspring.com/","Laramie County School District 1","2026-02-13"
440,"Paraeducator Sign Support [XP05]","2025-06-26","BUILDING TO BE DETERMINED","Cheyenne, Wyoming","https://laramie1.schoolspring.com/","Laramie County School District 1","2026-02-13"
441,"Paraeducator Resource Room [XP08]","2025-06-24","CAREY JUNIOR HIGH SCHOOL","Cheyenne, Wyoming","https://laramie1.schoolspring.com/","Laramie County School District 1","2026-02-13"
442,"School Psychologist [XA01]","2025-06-17","BUILDING TO BE DETERMINED","Cheyenne, Wyoming","https://laramie1.schoolspring.com/","Laramie County School District 1","2026-02-13"
443,"Paraeducator Special Needs PALS [XP09]","2025-02-06","CENTRAL HIGH SCHOOL","Cheyenne, Wyoming","https://laramie1.schoolspring.com/","Laramie County School District 1","2026-02-13"
444,"Substitute Bus Driver","2026-02-13","Transportation","Casper, Wyoming","https://natronaschools.schoolspring.com/","Natrona School District 1","2026-02-13"
445,"Journey Education Support Personnel","2026-02-13","Journey Elementary","Casper, Wyoming","https://natronaschools.schoolspring.com/","Natrona School District 1","2026-02-13"
446,"Centennial ""C"" Basketball Aide","2026-02-09","Centennial Middle School","Casper, Wyoming","https://natronaschools.schoolspring.com/","Natrona School District 1","2026-02-13"
447,"Park Classroom Teacher- Dual Language Immersion Beginning the 2026-2027 School Year","2026-02-06","Park Elementary","Casper, Wyoming","https://natronaschools.schoolspring.com/","Natrona School District 1","2026-02-13"
448,"Centennial Cafeteria Technician","2026-02-06","Centennial Middle School","Casper, Wyoming","https://natronaschools.schoolspring.com/","Natrona School District 1","2026-02-13"
449,"KWHS Assistant Outdoor Track Coach","2026-02-06","Kelly Walsh High School","Casper, Wyoming","https://natronaschools.schoolspring.com/","Natrona School District 1","2026-02-13"
450,"KWHS Outdoor Track Coach Aide","2026-02-06","Kelly Walsh High School","Casper, Wyoming","https://natronaschools.schoolspring.com/","Natrona School District 1","2026-02-13"
451,"KWHS Education Support Specialist","2026-02-06","Kelly Walsh High School","Casper, Wyoming","https://natronaschools.schoolspring.com/","Natrona School District 1","2026-02-13"
452,"Bus Driver 260-day","2026-02-05","Transportation","Casper, Wyoming","https://natronaschools.schoolspring.com/","Natrona School District 1","2026-02-13"
453,"OT/PT Education Support Specialist","2026-02-04","Special Education Services Center","Casper, Wyoming","https://natronaschools.schoolspring.com/","Natrona School District 1","2026-02-13"
454,"CMS Soccer Aide","2026-02-03","Centennial Middle School","Casper, Wyoming","https://natronaschools.schoolspring.com/","Natrona School District 1","2026-02-13"
455,"Verda James Elementary Dual Language Immersion (Spanish) Teacher Beginning the 2026-27 School Year","2026-02-02","Verda James Elementary","Casper, Wyoming","https://natronaschools.schoolspring.com/","Natrona School District 1","2026-02-13"
456,"Centennial Cafeteria Technician","2026-01-30","Centennial Middle School","Casper, Wyoming","https://natronaschools.schoolspring.com/","Natrona School District 1","2026-02-13"
457,"Pineview 1-on-1 Education Support Specialist","2026-01-30","Pineview Elementary","Casper, Wyoming","https://natronaschools.schoolspring.com/","Natrona School District 1","2026-02-13"
458,"Dean Morgan Spanish Teacher One Year Only for 2025-2026 school year","2026-01-30","Dean Morgan Middle School","Casper, Wyoming","https://natronaschools.schoolspring.com/","Natrona School District 1","2026-02-13"
459,"Dean Morgan Education Support Personnel/ Office and Records","2026-01-27","Dean Morgan Middle School","Casper, Wyoming","https://natronaschools.schoolspring.com/","Natrona School District 1","2026-02-13"
460,"CYMS Head Track Coach","2026-01-26","CY Middle School","Casper, Wyoming","https://natronaschools.schoolspring.com/","Natrona School District 1","2026-02-13"
461,"CYMS Track Aide","2026-01-26","CY Middle School","Casper, Wyoming","https://natronaschools.schoolspring.com/","Natrona School District 1","2026-02-13"
462,"CYMS Golf Aide","2026-01-26","CY Middle School","Casper, Wyoming","https://natronaschools.schoolspring.com/","Natrona School District 1","2026-02-13"
463,"Education Support Personnel: Southridge Elementary School","2026-01-26","Southridge Elementary","Casper, Wyoming","https://natronaschools.schoolspring.com/","Natrona School District 1","2026-02-13"
464,"Centennial Head Boys Soccer Coach","2026-01-16","Centennial Middle School","Casper, Wyoming","https://natronaschools.schoolspring.com/","Natrona School District 1","2026-02-13"
465,"Centennial Head Girls Soccer Coach","2026-01-16","Centennial Middle School","Casper, Wyoming","https://natronaschools.schoolspring.com/","Natrona School District 1","2026-02-13"
466,"CMS Swim Aide","2026-01-16","Centennial Middle School","Casper, Wyoming","https://natronaschools.schoolspring.com/","Natrona School District 1","2026-02-13"
467,"CCA Track Coach","2026-01-14","Casper Classical Academy","Casper, Wyoming","https://natronaschools.schoolspring.com/","Natrona School District 1","2026-02-13"
468,"Dean Morgan Custodian","2026-01-12","Dean Morgan Middle School","Casper, Wyoming","https://natronaschools.schoolspring.com/","Natrona School District 1","2026-02-13"
469,"Bar Nunn Behavior and Substitute Support Personnel","2026-01-09","Bar Nunn Elementary","Bar Nunn, Wyoming","https://natronaschools.schoolspring.com/","Natrona School District 1","2026-02-13"
470,"Education Support Personnel: CY Middle School","2026-01-08","CY Middle School","Casper, Wyoming","https://natronaschools.schoolspring.com/","Natrona School District 1","2026-02-13"
471,"Casper Mountain Science Program Teacher on Special Assignment","2026-01-07","Curriculum and Instruction","Casper, Wyoming","https://natronaschools.schoolspring.com/","Natrona School District 1","2026-02-13"
472,"Evansville Education Support Personnel/Cafeteria Technician","2026-01-05","Evansville Elementary","Evansville, Wyoming","https://natronaschools.schoolspring.com/","Natrona School District 1","2026-02-13"
473,"NCHS Outdoor Track Assistant Coach","2025-12-26","Natrona County High School","Casper, Wyoming","https://natronaschools.schoolspring.com/","Natrona School District 1","2026-02-13"
474,"Special Education Teacher","2025-11-22","Special Education Services Center","Casper, Wyoming","https://natronaschools.schoolspring.com/","Natrona School District 1","2026-02-13"
475,"CCA Behavior and Substitute Support Personnel","2025-11-21","Casper Classical Academy","Casper, Wyoming","https://natronaschools.schoolspring.com/","Natrona School District 1","2026-02-13"
476,"CCA Part-Time Education Support Personnel / Office and Records","2025-11-21","Casper Classical Academy","Casper, Wyoming","https://natronaschools.schoolspring.com/","Natrona School District 1","2026-02-13"
477,"Dean Morgan Nordic Ski Aide","2025-11-12","Dean Morgan Middle School","Casper, Wyoming","https://natronaschools.schoolspring.com/","Natrona School District 1","2026-02-13"
478,"Manor Heights Classroom K-5 Art Teacher for the 2025-2026 School Year Only","2025-11-10","Manor Heights Elementary","Casper, Wyoming","https://natronaschools.schoolspring.com/","Natrona School District 1","2026-02-13"
479,"KWHS Girls Soccer Coach Aide","2025-11-07","Kelly Walsh High School","Casper, Wyoming","https://natronaschools.schoolspring.com/","Natrona School District 1","2026-02-13"
480,"NCHS Education Support Specialist/Education Support Personnel","2025-11-07","Natrona County High School","Casper, Wyoming","https://natronaschools.schoolspring.com/","Natrona School District 1","2026-02-13"
481,"NCHS Education Support Personnel","2025-11-07","Natrona County High School","Casper, Wyoming","https://natronaschools.schoolspring.com/","Natrona School District 1","2026-02-13"
482,"Pineview Education Support Specialist / Education Support Personnel / Cafeteria Technician","2025-10-21","Pineview Elementary","Casper, Wyoming","https://natronaschools.schoolspring.com/","Natrona School District 1","2026-02-13"
483,"Woods Education Support Personnel","2025-10-03","Woods Learning Center","Casper, Wyoming","https://natronaschools.schoolspring.com/","Natrona School District 1","2026-02-13"
484,"Paradise Valley Education Support Personnel/Cafeteria Technician","2025-08-25","Paradise Valley Elementary","Casper, Wyoming","https://natronaschools.schoolspring.com/","Natrona School District 1","2026-02-13"
485,"Education Support Specialist/Education Support Personnel","2025-08-07","Centennial Middle School","Casper, Wyoming","https://natronaschools.schoolspring.com/","Natrona School District 1","2026-02-13"
486,"Dean Morgan Substitute on Daily Assignment","2025-08-05","Dean Morgan Middle School","Casper, Wyoming","https://natronaschools.schoolspring.com/","Natrona School District 1","2026-02-13"
487,"Verda James Education Support Personnel (Part-Time)","2025-07-28","Verda James Elementary","Casper, Wyoming","https://natronaschools.schoolspring.com/","Natrona School District 1","2026-02-13"
488,"Verda James Education Support Personnel","2025-07-24","Verda James Elementary","Casper, Wyoming","https://natronaschools.schoolspring.com/","Natrona School District 1","2026-02-13"
489,"KWHS - Marine Instructor (MI) OR Senior ROTC Marine Instructor (SMI)","2025-07-10","Kelly Walsh High School","Casper, Wyoming","https://natronaschools.schoolspring.com/","Natrona School District 1","2026-02-13"
490,"Classified Substitute 2025-26 School Year","2025-06-12","NCSD","Casper, Wyoming","https://natronaschools.schoolspring.com/","Natrona School District 1","2026-02-13"
491,"Substitute Teacher 2025-26 School Year","2025-06-12","NCSD","Casper, Wyoming","https://natronaschools.schoolspring.com/","Natrona School District 1","2026-02-13"
492,"CYMS At-Will Co-Curricular-Football Coach Aide","2025-05-22","CY Middle School","Casper, Wyoming","https://natronaschools.schoolspring.com/","Natrona School District 1","2026-02-13"
493,"District Counselor/Social Worker to Begin the 2025-2026 School Year","2025-05-02","Special Education Services Center","Casper, Wyoming","https://natronaschools.schoolspring.com/","Natrona School District 1","2026-02-13"
494,"Education Interpreter","2025-05-01","Special Education Services Center","Casper, Wyoming","https://natronaschools.schoolspring.com/","Natrona School District 1","2026-02-13"
495,"District Physical Therapist Beginning 2025-26 School Year","2025-04-21","Special Education Services Center","Casper, Wyoming","https://natronaschools.schoolspring.com/","Natrona School District 1","2026-02-13"
496,"Substitute Custodian","2025-01-29","Human Resources","Casper, Wyoming","https://natronaschools.schoolspring.com/","Natrona School District 1","2026-02-13"
497,"Substitute Nurse","2023-03-07","Natrona County School District","Casper, Wyoming","https://natronaschools.schoolspring.com/","Natrona School District 1","2026-02-13"
498,"Elementary Teacher 2026-27 School Year","2026-02-02","LARAMIE COUNTY SD #2","Pine Bluffs, Wyoming","https://laramie2.schoolspring.com/","Laramie County School District 2","2026-02-13"
499,"HS Assistant Track Coach","2026-01-25","Pine Bluffs Jr./Sr. High School","Pine Bluffs, Wyoming","https://laramie2.schoolspring.com/","Laramie County School District 2","2026-02-13"
500,"District Data/Information Specialist","2026-01-08","LARAMIE COUNTY SD #2","Pine Bluffs, Wyoming","https://laramie2.schoolspring.com/","Laramie County School District 2","2026-02-13"
501,"Industrial Arts Teacher 2026-27 School Year","2026-01-08","Pine Bluffs Jr./Sr. High School","Pine Bluffs, Wyoming","https://laramie2.schoolspring.com/","Laramie County School District 2","2026-02-13"
502,"Elementary Principal","2026-01-08","Burns Elementary","Burns, Wyoming","https://laramie2.schoolspring.com/","Laramie County School District 2","2026-02-13"
503,"Assistant JH Volleyball Coach","2025-12-02","Burns Jr./Sr. High School","Burns, Wyoming","https://laramie2.schoolspring.com/","Laramie County School District 2","2026-02-13"
504,"JH Girls Wrestling Assistant Coach","2025-10-01","Burns Jr./Sr. High School","Burns, Wyoming","https://laramie2.schoolspring.com/","Laramie County School District 2","2026-02-13"
505,"Substitute School Nurse","2025-09-15","LARAMIE COUNTY SD #2","Pine Bluffs, Wyoming","https://laramie2.schoolspring.com/","Laramie County School District 2","2026-02-13"
506,"ELL Parent Translator Contactor","2025-09-15","LARAMIE COUNTY SD #2","Pine Bluffs, Wyoming","https://laramie2.schoolspring.com/","Laramie County School District 2","2026-02-13"
507,"Assistant JH Football Coach","2025-08-05","Burns Jr./Sr. High School","Burns, Wyoming","https://laramie2.schoolspring.com/","Laramie County School District 2","2026-02-13"
508,"ELL Paraprofessional","2025-06-10","LARAMIE COUNTY SD #2","Pine Bluffs, Wyoming","https://laramie2.schoolspring.com/","Laramie County School District 2","2026-02-13"
509,"JH Assistant Track Coach","2025-05-27","Pine Bluffs Jr./Sr. High School","Pine Bluffs, Wyoming","https://laramie2.schoolspring.com/","Laramie County School District 2","2026-02-13"
510,"Sub Paraprofessional","2025-01-30","LARAMIE COUNTY SD #2","Pine Bluffs, Wyoming","https://laramie2.schoolspring.com/","Laramie County School District 2","2026-02-13"
511,"Sub Custodian","2025-01-30","LARAMIE COUNTY SD #2","Pine Bluffs, Wyoming","https://laramie2.schoolspring.com/","Laramie County School District 2","2026-02-13"
512,"Substitute Cook","2025-01-30","LARAMIE COUNTY SD #2","Pine Bluffs, Wyoming","https://laramie2.schoolspring.com/","Laramie County School District 2","2026-02-13"
513,"Substitute Teacher","2025-01-30","LARAMIE COUNTY SD #2","Pine Bluffs, Wyoming","https://laramie2.schoolspring.com/","Laramie County School District 2","2026-02-13"
514,"Substitute Bus Driver","2025-01-30","LARAMIE COUNTY SD #2","Pine Bluffs, Wyoming","https://laramie2.schoolspring.com/","Laramie County School District 2","2026-02-13"
515,"SPEECH LANGUAGE PATHOLOGIST","2026-02-09","Fremont County School District 25","Riverton, Wyoming","https://fremont25.schoolspring.com/","Fremont County School District 25","2026-02-13"
516,"SCHOOL PSYCHOLOGIST","2026-02-09","ALTERNATIVE/SPECIAL SERVICES","Riverton, Wyoming","https://fremont25.schoolspring.com/","Fremont County School District 25","2026-02-13"
517,"CASE MANAGER (SPED)","2026-02-02","Fremont County School District 25","Riverton, Wyoming","https://fremont25.schoolspring.com/","Fremont County School District 25","2026-02-13"
518,"OCCUPATIONAL THERAPIST","2026-01-22","Fremont County School District 25","Riverton, Wyoming","https://fremont25.schoolspring.com/","Fremont County School District 25","2026-02-13"
519,"TEACHER (ADAPTIVE PE)","2026-01-20","Fremont County School District 25","Riverton, Wyoming","https://fremont25.schoolspring.com/","Fremont County School District 25","2026-02-13"
520,"INTERIM MIDDLE SCHOOL COACH (ASSISTANT TRACK)","2026-01-13","RIVERTON MIDDLE SCHOOL","Riverton, Wyoming","https://fremont25.schoolspring.com/","Fremont County School District 25","2026-02-13"
521,"ELEMENTARY TEACHER","2026-01-09","Fremont County School District 25","Riverton, Wyoming","https://fremont25.schoolspring.com/","Fremont County School District 25","2026-02-13"
522,"SOCIAL WORKER/COUNSELOR","2026-01-05","FRONTIER ACADEMY","Riverton, Wyoming","https://fremont25.schoolspring.com/","Fremont County School District 25","2026-02-13"
523,"HIGH SCHOOL ASSISTANT COACH (VOLLEYBALL)","2025-12-22","RIVERTON HIGH SCHOOL","Riverton, Wyoming","https://fremont25.schoolspring.com/","Fremont County School District 25","2026-02-13"
524,"HIGH SCHOOL HEAD COACH (VOLLEYBALL)","2025-12-22","RIVERTON HIGH SCHOOL","Riverton, Wyoming","https://fremont25.schoolspring.com/","Fremont County School District 25","2026-02-13"
525,"NATIVE AMERICAN EDUCATION STUDENT AMBASSADOR","2025-12-12","Fremont County School District 25","Riverton, Wyoming","https://fremont25.schoolspring.com/","Fremont County School District 25","2026-02-13"
526,"BUS AIDE","2025-10-17","BUS GARAGE - TRANSPORTATION","Riverton, Wyoming","https://fremont25.schoolspring.com/","Fremont County School District 25","2026-02-13"
527,"BUS DRIVER (PART TIME)","2025-10-17","BUS GARAGE - TRANSPORTATION","Riverton, Wyoming","https://fremont25.schoolspring.com/","Fremont County School District 25","2026-02-13"
528,"SUBSTITUTE PARA","2025-09-26","Fremont County School District 25","Riverton, Wyoming","https://fremont25.schoolspring.com/","Fremont County School District 25","2026-02-13"
529,"SUBSTITUTE INTERPRETER FOR DEAF/HARD OF HEARING STUDENTS","2025-01-16","Fremont County School District 25","Riverton, Wyoming","https://fremont25.schoolspring.com/","Fremont County School District 25","2026-02-13"
530,"SUBSTITUTE CUSTODIAN","2024-09-17","Fremont County School District 25","Riverton, Wyoming","https://fremont25.schoolspring.com/","Fremont County School District 25","2026-02-13"
531,"SUBSTITUTE DAYCARE ASSISTANT","2024-07-22","Fremont County School District 25","Riverton, Wyoming","https://fremont25.schoolspring.com/","Fremont County School District 25","2026-02-13"
532,"SUBSTITUTE TEACHER","2024-07-18","Fremont County School District 25","Riverton, Wyoming","https://fremont25.schoolspring.com/","Fremont County School District 25","2026-02-13"
533,"SUBSTITUTE NURSE","2024-07-18","Fremont County School District 25","Riverton, Wyoming","https://fremont25.schoolspring.com/","Fremont County School District 25","2026-02-13"
534,"LIFEGUARD","2024-03-01","RIVERTON AQUATICS CENTER","Riverton, Wyoming","https://fremont25.schoolspring.com/","Fremont County School District 25","2026-02-13"
535,"DESK CLERK","2024-03-01","RIVERTON AQUATICS CENTER","Riverton, Wyoming","https://fremont25.schoolspring.com/","Fremont County School District 25","2026-02-13"
536,"SUBSTITUTE BUS DRIVER","2023-11-06","BUS GARAGE - TRANSPORTATION","Riverton, Wyoming","https://fremont25.schoolspring.com/","Fremont County School District 25","2026-02-13"
537,"Personalized Learning Services Paraprofessional","2026-02-10","Laramie High School","Laramie, Wyoming","https://acsd1.schoolspring.com/","Albany Count School District 1","2026-02-13"
538,"Middle School Art Teacher","2026-02-10","Laramie Middle School","Laramie, Wyoming","https://acsd1.schoolspring.com/","Albany Count School District 1","2026-02-13"
539,"Middle School Special Education Teacher","2026-02-10","Laramie Middle School","Laramie, Wyoming","https://acsd1.schoolspring.com/","Albany Count School District 1","2026-02-13"
540,"Middle School Band Teacher / Band Director","2026-02-10","Laramie Middle School","Laramie, Wyoming","https://acsd1.schoolspring.com/","Albany Count School District 1","2026-02-13"
541,"Resource/Title I Paraprofessional","2026-02-04","Laramie Middle School","Laramie, Wyoming","https://acsd1.schoolspring.com/","Albany Count School District 1","2026-02-13"
542,"Middle School Assistant Principal","2026-02-03","Laramie Middle School","Laramie, Wyoming","https://acsd1.schoolspring.com/","Albany Count School District 1","2026-02-13"
543,"Assistant Superintendent of School Leadership & Performance","2026-01-27","Albany County School District 1","Laramie, Wyoming","https://acsd1.schoolspring.com/","Albany Count School District 1","2026-02-13"
544,"Personalized Learning Services Paraprofessional","2025-12-09","Indian Paintbrush Elementary School","Laramie, Wyoming","https://acsd1.schoolspring.com/","Albany Count School District 1","2026-02-13"
545,"Substitute Teacher","2025-07-31","Albany County School District 1","Laramie, Wyoming","https://acsd1.schoolspring.com/","Albany Count School District 1","2026-02-13"
546,"Substitute Nurse","2025-07-31","Albany County School District 1","Laramie, Wyoming","https://acsd1.schoolspring.com/","Albany Count School District 1","2026-02-13"
547,"Substitute Custodian","2025-07-21","Albany County School District 1","Laramie, Wyoming","https://acsd1.schoolspring.com/","Albany Count School District 1","2026-02-13"
548,"Bus Aide","2025-06-05","Albany County School District 1","Laramie, Wyoming","https://acsd1.schoolspring.com/","Albany Count School District 1","2026-02-13"
549,"Bus Driver","2025-06-05","Albany County School District 1","Laramie, Wyoming","https://acsd1.schoolspring.com/","Albany Count School District 1","2026-02-13"
550,"Exceptional Child Specialist/Resource Room","2026-02-11","MEADOWLARK ELEMENTARY","Gillette, Wyoming","https://campbell.schoolspring.com/","Campbell County Scholl District 1","2026-02-13"
551,"Elementary Head Custodian","2026-02-11","SUNFLOWER ELEMENTARY","Gillette, Wyoming","https://campbell.schoolspring.com/","Campbell County Scholl District 1","2026-02-13"
552,"ACTIVITY BUS DRIVER","2026-02-11","CAMPBELL COUNTY SCHOOL DISTRICT #1","Gillette, Wyoming","https://campbell.schoolspring.com/","Campbell County Scholl District 1","2026-02-13"
553,"Science Teacher","2026-02-11","CAMPBELL COUNTY HIGH SCHOOL","Gillette, Wyoming","https://campbell.schoolspring.com/","Campbell County Scholl District 1","2026-02-13"
554,"English Teacher","2026-02-11","THUNDER BASIN HIGH SCHOOL","Gillette, Wyoming","https://campbell.schoolspring.com/","Campbell County Scholl District 1","2026-02-13"
555,"Assistant Football Coach","2026-02-11","THUNDER BASIN HIGH SCHOOL","Gillette, Wyoming","https://campbell.schoolspring.com/","Campbell County Scholl District 1","2026-02-13"
556,"Foreign Language Teacher - Spanish","2026-02-11","CAMPBELL COUNTY HIGH SCHOOL","Gillette, Wyoming","https://campbell.schoolspring.com/","Campbell County Scholl District 1","2026-02-13"
557,"Special Programs Education Assistant/ASD","2026-02-09","LAKEVIEW ELEMENTARY","Gillette, Wyoming","https://campbell.schoolspring.com/","Campbell County Scholl District 1","2026-02-13"
558,"Special Programs Education Assistant for Students with High Needs","2026-02-05","BUFFALO RIDGE ELEMENTARY SCHOOL","Gillette, Wyoming","https://campbell.schoolspring.com/","Campbell County Scholl District 1","2026-02-13"
559,"Speech/Language Pathologist","2026-02-04","CAMPBELL COUNTY SCHOOL DISTRICT #1","Gillette, Wyoming","https://campbell.schoolspring.com/","Campbell County Scholl District 1","2026-02-13"
560,"Family and Consumer Science Teacher","2026-02-04","THUNDER BASIN HIGH SCHOOL","Gillette, Wyoming","https://campbell.schoolspring.com/","Campbell County Scholl District 1","2026-02-13"
561,"Business Education Teacher","2026-02-04","THUNDER BASIN HIGH SCHOOL","Gillette, Wyoming","https://campbell.schoolspring.com/","Campbell County Scholl District 1","2026-02-13"
562,"District Data Clerk - Special Programs","2026-02-04","CAMPBELL COUNTY SCHOOL DISTRICT #1","Gillette, Wyoming","https://campbell.schoolspring.com/","Campbell County Scholl District 1","2026-02-13"
563,"7/8 Boys Soccer Coach","2026-02-04","TWIN SPRUCE JUNIOR HIGH SCHOOL","Gillette, Wyoming","https://campbell.schoolspring.com/","Campbell County Scholl District 1","2026-02-13"
564,"Special Programs Education Assistant","2026-01-29","CAMPBELL COUNTY HIGH SCHOOL","Gillette, Wyoming","https://campbell.schoolspring.com/","Campbell County Scholl District 1","2026-02-13"
565,"Special Programs Education Assistant for Students with High Needs","2026-01-29","CAMPBELL COUNTY HIGH SCHOOL","Gillette, Wyoming","https://campbell.schoolspring.com/","Campbell County Scholl District 1","2026-02-13"
566,"Custodian","2026-01-28","ROZET ELEMENTARY","Rozet, Wyoming","https://campbell.schoolspring.com/","Campbell County Scholl District 1","2026-02-13"
567,"0.5 Asst. HS Track Coach","2026-01-28","THUNDER BASIN HIGH SCHOOL","Gillette, Wyoming","https://campbell.schoolspring.com/","Campbell County Scholl District 1","2026-02-13"
568,"Special Programs Education Assistant","2026-01-26","ROZET ELEMENTARY","Rozet, Wyoming","https://campbell.schoolspring.com/","Campbell County Scholl District 1","2026-02-13"
569,"Foreign Language Teacher - German","2026-01-21","CAMPBELL COUNTY HIGH SCHOOL","Gillette, Wyoming","https://campbell.schoolspring.com/","Campbell County Scholl District 1","2026-02-13"
570,"Special Programs Education Assistant","2026-01-21","BUFFALO RIDGE ELEMENTARY SCHOOL","Gillette, Wyoming","https://campbell.schoolspring.com/","Campbell County Scholl District 1","2026-02-13"
571,"Special Programs Education Assistant","2026-01-20","RAWHIDE ELEMENTARY","Gillette, Wyoming","https://campbell.schoolspring.com/","Campbell County Scholl District 1","2026-02-13"
572,"Behavior Assistant","2026-01-15","RAWHIDE ELEMENTARY","Gillette, Wyoming","https://campbell.schoolspring.com/","Campbell County Scholl District 1","2026-02-13"
573,"Emotionally Disabled Special Programs Education Assistant","2026-01-14","PAINTBRUSH ELEMENTARY","Gillette, Wyoming","https://campbell.schoolspring.com/","Campbell County Scholl District 1","2026-02-13"
574,"Special Programs Education Assistant for Students with High Needs","2025-12-19","HILLCREST ELEMENTARY","Gillette, Wyoming","https://campbell.schoolspring.com/","Campbell County Scholl District 1","2026-02-13"
575,"Teacher for the Deaf and Hard of Hearing","2025-12-19","CAMPBELL COUNTY SCHOOL DISTRICT #1","Gillette, Wyoming","https://campbell.schoolspring.com/","Campbell County Scholl District 1","2026-02-13"
576,"Orientation and Mobility Specialist","2025-12-19","CAMPBELL COUNTY SCHOOL DISTRICT #1","Gillette, Wyoming","https://campbell.schoolspring.com/","Campbell County Scholl District 1","2026-02-13"
577,"Special Programs Education Assistant","2025-11-26","HILLCREST ELEMENTARY","Gillette, Wyoming","https://campbell.schoolspring.com/","Campbell County Scholl District 1","2026-02-13"
578,"Wright - Safety Patrol","2025-10-29","CAMPBELL COUNTY SCHOOL DISTRICT #1","Gillette, Wyoming","https://campbell.schoolspring.com/","Campbell County Scholl District 1","2026-02-13"
579,"Safety Patrol","2025-10-29","CAMPBELL COUNTY SCHOOL DISTRICT #1","Gillette, Wyoming","https://campbell.schoolspring.com/","Campbell County Scholl District 1","2026-02-13"
580,"Safety Patrol","2025-10-29","CAMPBELL COUNTY SCHOOL DISTRICT #1","Gillette, Wyoming","https://campbell.schoolspring.com/","Campbell County Scholl District 1","2026-02-13"
581,"Special Programs Education Assistant","2025-10-24","PAINTBRUSH ELEMENTARY","Gillette, Wyoming","https://campbell.schoolspring.com/","Campbell County Scholl District 1","2026-02-13"
582,"Hearing Impaired Interpreter","2025-09-03","PRONGHORN ELEMENTARY","Gillette, Wyoming","https://campbell.schoolspring.com/","Campbell County Scholl District 1","2026-02-13"
583,"BUS DRIVER/BUS DRIVER IN TRAINING","2025-07-02","CAMPBELL COUNTY SCHOOL DISTRICT #1","Gillette, Wyoming","https://campbell.schoolspring.com/","Campbell County Scholl District 1","2026-02-13"
584,"Substitute School Nurse","2025-06-11","CAMPBELL COUNTY SCHOOL DISTRICT #1","Gillette, Wyoming","https://campbell.schoolspring.com/","Campbell County Scholl District 1","2026-02-13"
585,"Substitute Teacher","2025-06-11","CAMPBELL COUNTY SCHOOL DISTRICT #1","Gillette, Wyoming","https://campbell.schoolspring.com/","Campbell County Scholl District 1","2026-02-13"
586,"SCHOOL PSYCHOLOGIST INTERN","2025-01-31","CAMPBELL COUNTY SCHOOL DISTRICT #1","Gillette, Wyoming","https://campbell.schoolspring.com/","Campbell County Scholl District 1","2026-02-13"
587,"Sample Classified Position","2010-02-16","CAMPBELL COUNTY SCHOOL DISTRICT #1","Gillette, Wyoming","https://campbell.schoolspring.com/","Campbell County Scholl District 1","2026-02-13"
588,"Sample Certified Position","2010-02-16","CAMPBELL COUNTY SCHOOL DISTRICT #1","Gillette, Wyoming","https://campbell.schoolspring.com/","Campbell County Scholl District 1","2026-02-13"
589,"Food Service",NA,NA,"Star Valley High School","https://lcsd2.org/employment-opportunities/","Lincoln County School District 2","2026-02-13"
590,"Special Education Aide",NA,NA,"Star Valley Middle School","https://lcsd2.org/employment-opportunities/","Lincoln County School District 2","2026-02-13"
591,"Special Education Aide",NA,NA,"Etna Elementary","https://lcsd2.org/employment-opportunities/","Lincoln County School District 2","2026-02-13"
592,"Groundskeeper",NA,NA,"Cokeville","https://lcsd2.org/employment-opportunities/","Lincoln County School District 2","2026-02-13"
593,"Bus Aide- Part Time",NA,NA,"Star Valley","https://lcsd2.org/employment-opportunities/","Lincoln County School District 2","2026-02-13"
594,"Speech Language Pathologist- 2026-27 School Year",NA,NA,"Distict","https://lcsd2.org/employment-opportunities/","Lincoln County School District 2","2026-02-13"
595,"Substitutes",NA,NA,"Distict","https://lcsd2.org/employment-opportunities/","Lincoln County School District 2","2026-02-13"
596,"Substitute School Nurse",NA,NA,"Star Valley","https://lcsd2.org/employment-opportunities/","Lincoln County School District 2","2026-02-13"
597,"Certified Substitute Teacher Pool",NA,NA,"Star Valley","https://lcsd2.org/employment-opportunities/","Lincoln County School District 2","2026-02-13"
598,"Certified Substitute Teacher Pool",NA,NA,"Cokeville","https://lcsd2.org/employment-opportunities/","Lincoln County School District 2","2026-02-13"
599,"Substitute Bus Drivers",NA,NA,"Cokeville","https://lcsd2.org/employment-opportunities/","Lincoln County School District 2","2026-02-13"
600,"Substitute Bus Drivers",NA,NA,"Star Valley","https://lcsd2.org/employment-opportunities/","Lincoln County School District 2","2026-02-13"
601,"Substitute Bus Aides",NA,NA,"Star Valley","https://lcsd2.org/employment-opportunities/","Lincoln County School District 2","2026-02-13"
602,"Substitute Food Service (Cooks)",NA,NA,"Distict","https://lcsd2.org/employment-opportunities/","Lincoln County School District 2","2026-02-13"
603,"Head Volleyball Coach",NA,NA,"Cokeville High School","https://lcsd2.org/employment-opportunities/","Lincoln County School District 2","2026-02-13"
604,"Volunteer Coach/Advisor",NA,NA,"Distict","https://lcsd2.org/employment-opportunities/","Lincoln County School District 2","2026-02-13"
605,"Elementary Teacher",NA,"Certified","District","https://www.growingluskleaders.org/page/human-resources","Niobrara County School District 1","2026-02-13"
606,"Band Teacher",NA,"Certified","District","https://www.growingluskleaders.org/page/human-resources","Niobrara County School District 1","2026-02-13"
607,"Head High School Football Coach",NA,"Coaching","District","https://www.growingluskleaders.org/page/human-resources","Niobrara County School District 1","2026-02-13"
608,"Head High School Volleyball Coach",NA,"Coaching","District","https://www.growingluskleaders.org/page/human-resources","Niobrara County School District 1","2026-02-13"
609,"Maintenance Worker",NA,"Classified","District","https://www.growingluskleaders.org/page/human-resources","Niobrara County School District 1","2026-02-13"
610,"BUS DRIVER SUBSTITUTES- District Wide",NA,"Classified","District","https://www.growingluskleaders.org/page/human-resources","Niobrara County School District 1","2026-02-13"
611,"CUSTODIAL SUBSTITUTE- District Wide",NA,"Classified","District","https://www.growingluskleaders.org/page/human-resources","Niobrara County School District 1","2026-02-13"
612,"SPECIAL EDUCATION PARAPROFESSIONAL",NA,"Classified","District","https://pcsd16.com/271372_2","Park County School District 16","2026-02-13"
613,"Substitutes for all Postions",NA,"Substitute","PCSD#1 Schools, Glendo and Wheatland","https://www.platte1.org/89574_1","Platte County School District 1","2026-02-13"
614,"Substitutes for Custodians",NA,"Classified","District","https://www.platte1.org/89574_1","Platte County School District 1","2026-02-13"
615,"Assistant Softball Coach",NA,"Coaching","Wheatland High School","https://www.platte1.org/89574_1","Platte County School District 1","2026-02-13"
616,"District Psychology Intern",NA,"Certified","District Wide","https://www.platte1.org/89574_1","Platte County School District 1","2026-02-13"
617,"Substitute Certified Teachers",NA,"Substitute","District","https://www.guernseysunrise.org/page/employment","Platte County School District 2","2026-02-13"
618,"Substitute Paraeducators",NA,"Classified","District","https://www.guernseysunrise.org/page/employment","Platte County School District 2","2026-02-13"
619,"7-12 Social Studies Teacher",NA,"Certified","District","https://www.sheridan3.com/page/hr-and-career-opportunities","Sheridan County School District 3","2026-02-13"
620,"Bus Driver",NA,"Classified","District","https://www.sheridan3.com/page/hr-and-career-opportunities","Sheridan County School District 3","2026-02-13"
621,"Volleyball-Head Coach",NA,"Coach","District","https://www.sheridan3.com/page/hr-and-career-opportunities","Sheridan County School District 3","2026-02-13"
622,"Elementary Special Education Teacher",NA,"Certified","District","https://www.sub1.org/en-US/employment-and-human-resources-f26202d3","Sublette County School District 1","2026-02-13"
623,"Elementary School Sped Paraprofessional",NA,"Classified","District","https://www.sub1.org/en-US/employment-and-human-resources-f26202d3","Sublette County School District 1","2026-02-13"
624,"Substitute School Bus Driver",NA,"Classified","District","https://www.sub1.org/en-US/employment-and-human-resources-f26202d3","Sublette County School District 1","2026-02-13"
625,"Substitute School Nurse",NA,"Classified","District","https://www.sub1.org/en-US/employment-and-human-resources-f26202d3","Sublette County School District 1","2026-02-13"
626,"Substitutes",NA,"Substitute","District","https://www.sub1.org/en-US/employment-and-human-resources-f26202d3","Sublette County School District 1","2026-02-13"
627,"K12 Special Education Teacher",NA,"Certified","District","https://www.uinta4.com/departments/business_office/job_opportunities/current_openings","Uinta County School District 4","2026-02-13"
628,"High School Spanish Teacher",NA,"Certified","District","https://www.uinta4.com/departments/business_office/job_opportunities/current_openings","Uinta County School District 4","2026-02-13"
629,"Bus Assistant- part time",NA,"Classified","D","https://www.uinta4.com/departments/business_office/job_opportunities/current_openings","Uinta County School District 4","2026-02-13"
630,"Substitutes- all positions",NA,"Substitute","District","https://www.uinta4.com/departments/business_office/job_opportunities/current_openings","Uinta County School District 4","2026-02-13"
631,"Substitute Bus Drivers",NA,"Classified","District","https://sites.google.com/lymanschools.org/ucsd6/home/job-openings?authuser=0","Uinta County School District 6","2026-02-13"
632,"Substitute School Bus Aides",NA,"Classified","District","https://sites.google.com/lymanschools.org/ucsd6/home/job-openings?authuser=0","Uinta County School District 6","2026-02-13"
633,"Head HS Cross Country Coach",NA,"Coaching","District","https://sites.google.com/lymanschools.org/ucsd6/home/job-openings?authuser=0","Uinta County School District 6","2026-02-13"
634,"Always in need of substitutes",NA,"Substitute","District","https://sites.google.com/lymanschools.org/ucsd6/home/job-openings?authuser=0","Uinta County School District 6","2026-02-13"
635,"Substitute and activity BUS DRIVER",NA,"Classified","District","https://www.wsh2.k12.wy.us/apps/pages/index.jsp?uREC_ID=440610&type=d&pREC_ID=1008214","Washakie County School District 2","2026-02-13"
636,"High School Girls Basketball Coach",NA,"Coaching","District","https://www.wsh2.k12.wy.us/apps/pages/index.jsp?uREC_ID=440610&type=d&pREC_ID=1008214","Washakie County School District 2","2026-02-13"
637,"Special Education Case Manager Job Description",NA,"Certified","District","https://www.wcsd1.org/apps/pages/Career_Opportunities","Weston County School District 1","2026-02-13"
638,"Paraprofessionals",NA,"Classified","District","https://www.wcsd1.org/apps/pages/Career_Opportunities","Weston County School District 1","2026-02-13"
639,"Middle School Football Coach",NA,"Coaching","District","https://www.wcsd1.org/apps/pages/Career_Opportunities","Weston County School District 1","2026-02-13"
640,"Route Bus Drivers",NA,"Classified","District","https://www.wcsd1.org/apps/pages/Career_Opportunities","Weston County School District 1","2026-02-13"
641,"Substitutes",NA,"Substitute","District","https://www.wcsd1.org/apps/pages/Career_Opportunities","Weston County School District 1","2026-02-13"
642,"Custodial-Kitchen subs",NA,"Classified","District","https://www.wcsd1.org/apps/pages/Career_Opportunities","Weston County School District 1","2026-02-13"
643,"Sub Bus Driver",NA,"Classified","District","https://www.wcsd1.org/apps/pages/Career_Opportunities","Weston County School District 1","2026-02-13"
644,"Student Teaching Opportunities",NA,"Student Teaching","District","https://www.wcsd1.org/apps/pages/Career_Opportunities","Weston County School District 1","2026-02-13"
645,"Substitute Teacher",NA,"Substitute","District","https://www.weston7.org/o/wcsd/page/employment","Weston County School District 7","2026-02-13"
646,"Substitute Paraprofessional",NA,"Classified","District","https://www.weston7.org/o/wcsd/page/employment","Weston County School District 7","2026-02-13"
647,"Substitute Custodian",NA,"Classified","District","https://www.weston7.org/o/wcsd/page/employment","Weston County School District 7","2026-02-13"
648,"Substitute Bus Driver (CDL preferred but willing to train)",NA,"Classified","District","https://www.weston7.org/o/wcsd/page/employment","Weston County School District 7","2026-02-13"
649,"Substitute Lunchroom Cook",NA,"Classified","District","https://www.weston7.org/o/wcsd/page/employment","Weston County School District 7","2026-02-13"
650,"Substitute Special Education Aides",NA,"Classified","District","https://www.weston7.org/o/wcsd/page/employment","Weston County School District 7","2026-02-13"
651,"Substitute Paraprofessional",NA,"Substitute","Substitute","https://jobs.redroverk12.com/org/hotsprings1/opening/128737","Hot Springs County School District 1","2026-02-13"
652,"High School Principal",NA,"Full Time","Certified","https://jobs.redroverk12.com/org/hotsprings1/opening/150902","Hot Springs County School District 1","2026-02-13"
653,"Child Nutrition Cook",NA,"Part Time","Classified","https://jobs.redroverk12.com/org/hotsprings1/opening/151103","Hot Springs County School District 1","2026-02-13"
654,"Speech / Language Pathologist",NA,"Full Time","Certified","https://jobs.redroverk12.com/org/hotsprings1/opening/150265","Hot Springs County School District 1","2026-02-13"
655,"Life Skills Teacher",NA,"Full Time","Certified","https://jobs.redroverk12.com/org/hotsprings1/opening/149723","Hot Springs County School District 1","2026-02-13"
656,"Elementary Teacher",NA,"Full Time","Certified","https://jobs.redroverk12.com/org/hotsprings1/opening/148328","Hot Springs County School District 1","2026-02-13"
657,"Behavior Teacher",NA,"Full Time","Certified","https://jobs.redroverk12.com/org/hotsprings1/opening/148333","Hot Springs County School District 1","2026-02-13"
658,"Head Cross Country Coach",NA,"Seasonal","Certified","https://jobs.redroverk12.com/org/hotsprings1/opening/148308","Hot Springs County School District 1","2026-02-13"
659,"Head High School Volleyball Coach",NA,"Seasonal","Certified","https://jobs.redroverk12.com/org/hotsprings1/opening/148302","Hot Springs County School District 1","2026-02-13"
660,"Daycare Support Staff",NA,"Full Time","Classified","https://jobs.redroverk12.com/org/hotsprings1/opening/148304","Hot Springs County School District 1","2026-02-13"
661,"Custodian",NA,"Full Time","Classified","https://jobs.redroverk12.com/org/hotsprings1/opening/142823","Hot Springs County School District 1","2026-02-13"
662,"Transportation Assistant",NA,"Part Time","Classified","https://jobs.redroverk12.com/org/hotsprings1/opening/131221","Hot Springs County School District 1","2026-02-13"
663,"Crossing Guard",NA,"Part Time","Classified","https://jobs.redroverk12.com/org/hotsprings1/opening/131249","Hot Springs County School District 1","2026-02-13"
664,"Bus Driver",NA,"Part Time","Classified","https://jobs.redroverk12.com/org/hotsprings1/opening/131244","Hot Springs County School District 1","2026-02-13"
665,"Part-time Custodian",NA,"Part Time","Classified","https://jobs.redroverk12.com/org/hotsprings1/opening/128761","Hot Springs County School District 1","2026-02-13"
666,"Substitute Teacher",NA,"Substitute","Substitute","https://jobs.redroverk12.com/org/hotsprings1/opening/128617","Hot Springs County School District 1","2026-02-13"
667,"Paraprofessional",NA,"Full Time","Classified","https://jobs.redroverk12.com/org/hotsprings1/opening/128613","Hot Springs County School District 1","2026-02-13"
668,"Sign Language Interpreter",NA,"Full Time","Sign Language Interpreter","https://jobs.redroverk12.com/org/jcsd1/opening/150867","Johnson County School District 1","2026-02-13"
669,"Ag Program Instructor",NA,"Full Time","Teacher","https://jobs.redroverk12.com/org/jcsd1/opening/149157","Johnson County School District 1","2026-02-13"
670,"Food Prep Tech",NA,"Part Time","Food Service Tech Prep","https://jobs.redroverk12.com/org/jcsd1/opening/145949","Johnson County School District 1","2026-02-13"
671,"Student Support Specialist/Homeless Liaison",NA,"Full Time","School Counselor","https://jobs.redroverk12.com/org/jcsd1/opening/145931","Johnson County School District 1","2026-02-13"
672,"Special Education Paraprofessional",NA,"Full Time","Special Education Paraprofessional","https://jobs.redroverk12.com/org/jcsd1/opening/145896","Johnson County School District 1","2026-02-13"
673,"Paraprofessional Substitute",NA,"Substitute","Substitute Paraprofessional","https://jobs.redroverk12.com/org/jcsd1/opening/142219","Johnson County School District 1","2026-02-13"
674,"Custodian Staff Substitute",NA,"Substitute","Custodian","https://jobs.redroverk12.com/org/jcsd1/opening/137493","Johnson County School District 1","2026-02-13"
675,"High Needs Paraprofessional",NA,"Full Time","Special Education Paraprofessional","https://jobs.redroverk12.com/org/jcsd1/opening/136084","Johnson County School District 1","2026-02-13"
676,"Food Service Staff Substitute",NA,"Substitute","Food Service Tech Prep","https://jobs.redroverk12.com/org/jcsd1/opening/134419","Johnson County School District 1","2026-02-13"
677,"Substitute Teacher",NA,"Substitute","Substitute Teacher","https://jobs.redroverk12.com/org/jcsd1/opening/132190","Johnson County School District 1","2026-02-13"
678,"Substitute Buffalo Bus Route Driver",NA,"Substitute","Bus Driver","https://jobs.redroverk12.com/org/jcsd1/opening/131082","Johnson County School District 1","2026-02-13"
679,"Substitute Kaycee Bus Route Driver",NA,"Substitute","Bus Driver","https://jobs.redroverk12.com/org/jcsd1/opening/131059","Johnson County School District 1","2026-02-13"
680,"Assistant HS Football Coach",NA,"Seasonal","Coach/Sponsor","https://jobs.redroverk12.com/org/PCSD2/opening/151324","Platte County School District 2","2026-02-13"
681,"Summer Weight Room Supervisor",NA,"Seasonal","Coach/Sponsor","https://jobs.redroverk12.com/org/PCSD2/opening/151282","Platte County School District 2","2026-02-13"
682,"K-12 Art Teacher",NA,"Full Time","Teacher","https://jobs.redroverk12.com/org/PCSD2/opening/149113","Platte County School District 2","2026-02-13"
683,"K-12 Principal",NA,"Full Time","Administration","https://jobs.redroverk12.com/org/PCSD2/opening/149106","Platte County School District 2","2026-02-13"
684,"Jr High Girls Volleyball Coach",NA,"Seasonal","Coach/Sponsor","https://jobs.redroverk12.com/org/PCSD2/opening/143316","Platte County School District 2","2026-02-13"
685,"Part Time High School SPED Paraprofessional",NA,"Part Time","Paraprofessional","https://jobs.redroverk12.com/org/SCSD9/opening/152302","Sublette County School District 9","2026-02-13"
686,"Secondary Social Studies Teacher",NA,"Full Time","Teacher","https://jobs.redroverk12.com/org/SCSD9/opening/151891","Sublette County School District 9","2026-02-13"
687,"Certified Substitute Teacher",NA,"Substitute","Teacher","https://jobs.redroverk12.com/org/SCSD9/opening/151690","Sublette County School District 9","2026-02-13"
688,"Substitute Bus Driver",NA,"Substitute","Bus Driver","https://jobs.redroverk12.com/org/SCSD9/opening/151630","Sublette County School District 9","2026-02-13"
689,"6-8 Math Teacher",NA,"Full Time","Teacher","https://jobs.redroverk12.com/org/SCSD9/opening/151526","Sublette County School District 9","2026-02-13"
690,"6-8 Social Studies",NA,"Full Time","Teacher","https://jobs.redroverk12.com/org/SCSD9/opening/151540","Sublette County School District 9","2026-02-13"
691,"Mechanic / Bus Driver",NA,"Full Time","Bus Driver","https://jobs.redroverk12.com/org/SCSD9/opening/150859","Sublette County School District 9","2026-02-13"
