"X","title","date_posted","position","location","url","District","Archive_Date"
1,"Middle School Head Wrestling Coach (RMMHS)","2026-02-24","Athletics/ Activities/","Rocky Mountain Middle/High School","https://www.applitrack.com/bighorn1/onlineapp/JobPostings/view.asp?all=1","Big Horn School District 1","2026-03-20"
2,"High School Cross Country Head Coach RMMHS","2026-02-24","Athletics/ Activities/","Rocky Mountain Middle/High School","https://www.applitrack.com/bighorn1/onlineapp/JobPostings/view.asp?all=1","Big Horn School District 1","2026-03-20"
3,"Assistant Middle School Football Coach RMMS","2026-03-04","Athletics/ Activities/","Rocky Mountain Middle/High School","https://www.applitrack.com/bighorn1/onlineapp/JobPostings/view.asp?all=1","Big Horn School District 1","2026-03-20"
4,"Head Coach High School Volleyball-Burlington","2025-12-16","Athletics/ Activities/","Burlington Schools","https://www.applitrack.com/bighorn1/onlineapp/JobPostings/view.asp?all=1","Big Horn School District 1","2026-03-20"
5,"Head Middle School Cross Country Coach-RMMS","2026-03-17","Athletics/ Activities/","Rocky Mountain Middle/High School","https://www.applitrack.com/bighorn1/onlineapp/JobPostings/view.asp?all=1","Big Horn School District 1","2026-03-20"
6,"Summer Food Program Cook x2 High School Students 16 and older","2026-03-13","Food Service/","Burlington Schools","https://www.applitrack.com/bighorn1/onlineapp/JobPostings/view.asp?all=1","Big Horn School District 1","2026-03-20"
7,"Middle/High School Agriculture or CTE Industrial Arts-Burlingotn","2026-03-17","Middle / High School/","Burlington Schools","https://www.applitrack.com/bighorn1/onlineapp/JobPostings/view.asp?all=1","Big Horn School District 1","2026-03-20"
8,"Special Education Classroom Teacher (9-12) 185 days","2026-03-13","Special Education Teaching/","Burlington Schools","https://www.applitrack.com/bighorn1/onlineapp/JobPostings/view.asp?all=1","Big Horn School District 1","2026-03-20"
9,"School Counselor (Grades 6-12) RMMHS","2026-02-19","Student Support Services/","Rocky Mountain Middle/High School","https://www.applitrack.com/bighorn1/onlineapp/JobPostings/view.asp?all=1","Big Horn School District 1","2026-03-20"
10,"Sub Nurse","2020-09-23","Student Support Services/","Big Horn Co School District 1","https://www.applitrack.com/bighorn1/onlineapp/JobPostings/view.asp?all=1","Big Horn School District 1","2026-03-20"
11,"Sub - Teacher","2020-09-23","Substitute/","Big Horn Co School District 1","https://www.applitrack.com/bighorn1/onlineapp/JobPostings/view.asp?all=1","Big Horn School District 1","2026-03-20"
12,"Sub- Custodial/Cook/Secretary","2020-09-23","Support Staff/","Big Horn Co School District 1","https://www.applitrack.com/bighorn1/onlineapp/JobPostings/view.asp?all=1","Big Horn School District 1","2026-03-20"
13,"Sub - Paraprofessional","2020-09-23","Support Staff/","Big Horn Co School District 1","https://www.applitrack.com/bighorn1/onlineapp/JobPostings/view.asp?all=1","Big Horn School District 1","2026-03-20"
14,"Sub- Route Bus Driver - Burlington","2020-09-23","Support Staff/","Bus Barn - South","https://www.applitrack.com/bighorn1/onlineapp/JobPostings/view.asp?all=1","Big Horn School District 1","2026-03-20"
15,"Sub- Route Bus Driver - Cowley","2020-09-23","Support Staff/","Bus Barn - North","https://www.applitrack.com/bighorn1/onlineapp/JobPostings/view.asp?all=1","Big Horn School District 1","2026-03-20"
16,"High School Principal","2026-03-05","Administration/","Lovell High School","https://www.applitrack.com/bgh2/onlineapp/default.aspx?all=1","Big Horn School District 2","2026-03-20"
17,"Family and Consumer Science Teacher - Middle and High School","2026-03-04","High School Teaching/","Big Horn County School District #2","https://www.applitrack.com/bgh2/onlineapp/default.aspx?all=1","Big Horn School District 2","2026-03-20"
18,"Substitute Teacher","2022-03-30","Substitute/","Big Horn County School District #2","https://www.applitrack.com/bgh2/onlineapp/default.aspx?all=1","Big Horn School District 2","2026-03-20"
19,"Substitute Route and Activity Bus Drivers","2022-03-29","Transportation","Big Horn County School District #2","https://www.applitrack.com/bgh2/onlineapp/default.aspx?all=1","Big Horn School District 2","2026-03-20"
20,"Route Bus Driver","2025-05-27","Transportation/","Big Horn County School District #2","https://www.applitrack.com/bgh2/onlineapp/default.aspx?all=1","Big Horn School District 2","2026-03-20"
21,"Middle School English-Language Arts Teacher","2026-03-16","Middle School Teaching","Greybull Middle School","https://www.applitrack.com/bighorn/onlineapp/default.aspx?all=1","Big Horn School District 3","2026-03-20"
22,"Transportation Director","2026-02-19","Transportation","District Wide","https://www.applitrack.com/bighorn/onlineapp/default.aspx?all=1","Big Horn School District 3","2026-03-20"
23,"Head Golf Coach","2026-02-11","Athletics/Activities","Greybull High School","https://www.applitrack.com/bighorn/onlineapp/default.aspx?all=1","Big Horn School District 3","2026-03-20"
24,"Substitute Teacher","2017-07-05","Substitute/","District Wide","https://www.applitrack.com/bighorn/onlineapp/default.aspx?all=1","Big Horn School District 3","2026-03-20"
25,"Substitute Bus Driver / Activity Driver","2024-12-17","Transportation/","Transportation","https://www.applitrack.com/bighorn/onlineapp/default.aspx?all=1","Big Horn School District 3","2026-03-20"
26,"Assistant Middle School Track Coach","2026-02-18","Athletics/Activities","Riverside Middle School","https://www.applitrack.com/bgh4/onlineapp/default.aspx?all=1","Big Horn School District 4","2026-03-20"
27,"Drivers Ed Teacher","2026-01-12","High School Teaching","Riverside High School","https://www.applitrack.com/bgh4/onlineapp/default.aspx?all=1","Big Horn School District 4","2026-03-20"
28,"Secondary English Teacher","2026-02-11","High School Teaching/","RMS/RHS","https://www.applitrack.com/bgh4/onlineapp/default.aspx?all=1","Big Horn School District 4","2026-03-20"
29,"21 CCLC After School Program Activity Leaders","2020-01-21","Student Support Services","Laura Irwin Elementary","https://www.applitrack.com/bgh4/onlineapp/default.aspx?all=1","Big Horn School District 4","2026-03-20"
30,"Bus Driver","2022-01-07","Support Staff","District","https://www.applitrack.com/bgh4/onlineapp/default.aspx?all=1","Big Horn School District 4","2026-03-20"
31,"Substitute","2025-07-21","Support Staff","District","https://www.applitrack.com/bgh4/onlineapp/default.aspx?all=1","Big Horn School District 4","2026-03-20"
32,"Lifeguard","2025-08-12","Aquatics/","Rawlins Pool","https://www.applitrack.com/crb1/onlineapp/jobpostings/view.asp?all=1","Carbon County School District 1","2026-03-20"
33,"Head Girls Basketball Coach","2026-03-12","Athletics/Activities/","Rawlins High School","https://www.applitrack.com/crb1/onlineapp/jobpostings/view.asp?all=1","Carbon County School District 1","2026-03-20"
34,"Asst Volleyball Coach","2025-10-27","Athletics/Activities/","Rawlins Middle School","https://www.applitrack.com/crb1/onlineapp/jobpostings/view.asp?all=1","Carbon County School District 1","2026-03-20"
35,"Asst. Football Coach","2025-11-11","Athletics/Activities/","Rawlins Middle School","https://www.applitrack.com/crb1/onlineapp/jobpostings/view.asp?all=1","Carbon County School District 1","2026-03-20"
36,"Head High School Volleyball Coach","2026-01-19","Athletics/Activities/","Little Snake River Valley School","https://www.applitrack.com/crb1/onlineapp/jobpostings/view.asp?all=1","Carbon County School District 1","2026-03-20"
37,"Asst High School Volleyball Coach","2026-01-19","Athletics/Activities/","Little Snake River Valley School","https://www.applitrack.com/crb1/onlineapp/jobpostings/view.asp?all=1","Carbon County School District 1","2026-03-20"
38,"STEM Teacher","2026-02-10","Elementary School Teaching","Rawlins Elementary School","https://www.applitrack.com/crb1/onlineapp/jobpostings/view.asp?all=1","Carbon County School District 1","2026-03-20"
39,"Substitute Food Service","2025-10-09","Food Service/","Food Service","https://www.applitrack.com/crb1/onlineapp/jobpostings/view.asp?all=1","Carbon County School District 1","2026-03-20"
40,"Substitute Custodian","2025-07-29","Maintenance/Custodial","District","https://www.applitrack.com/crb1/onlineapp/jobpostings/view.asp?all=1","Carbon County School District 1","2026-03-20"
41,"Speech Language Pathology Assistant (SLPA)","2026-02-26","Special Education","Rawlins Elementary K-5","https://www.applitrack.com/crb1/onlineapp/jobpostings/view.asp?all=1","Carbon County School District 1","2026-03-20"
42,"Special Education Teacher","2026-03-10","Special Education","Rawlins Elementary School","https://www.applitrack.com/crb1/onlineapp/jobpostings/view.asp?all=1","Carbon County School District 1","2026-03-20"
43,"Speech Language Pathologist (SLP)","2026-02-06","Special Education/","Rawlins Elementary School","https://www.applitrack.com/crb1/onlineapp/jobpostings/view.asp?all=1","Carbon County School District 1","2026-03-20"
44,"Substitute Teacher","2025-07-29","Substitute/","District","https://www.applitrack.com/crb1/onlineapp/jobpostings/view.asp?all=1","Carbon County School District 1","2026-03-20"
45,"Building (Office) Para Professional","2026-03-10","Support Staff/","Rawlins High School","https://www.applitrack.com/crb1/onlineapp/jobpostings/view.asp?all=1","Carbon County School District 1","2026-03-20"
46,"Substitute Bus Driver","2025-07-29","Transportation","District","https://www.applitrack.com/crb1/onlineapp/jobpostings/view.asp?all=1","Carbon County School District 1","2026-03-20"
47,"Bus Driver","2023-09-22","Transportation/","District","https://www.applitrack.com/crb1/onlineapp/jobpostings/view.asp?all=1","Carbon County School District 1","2026-03-20"
48,"High School Assistant Boys Basketball Coach","2025-03-12","Athletics/Activities/","H-E-M Junior/Senior High School","https://www.applitrack.com/crb2/onlineapp/default.aspx?all=1","Carbon County School District 2","2026-03-20"
49,"Head High School Speech Coach","2025-06-09","Athletics/Activities/","Saratoga Middle High School","https://www.applitrack.com/crb2/onlineapp/default.aspx?all=1","Carbon County School District 2","2026-03-20"
50,"First Assistant (Head) Middle School Boys Basketball Coach","2026-02-25","Athletics/Activities/","Encampment K-12","https://www.applitrack.com/crb2/onlineapp/default.aspx?all=1","Carbon County School District 2","2026-03-20"
51,"Other Assistant Middle School Boys Basketball Coach","2026-02-25","Athletics/Activities/","Encampment K-12","https://www.applitrack.com/crb2/onlineapp/default.aspx?all=1","Carbon County School District 2","2026-03-20"
52,"Assistant High School Volleyball Coach","2026-03-03","Athletics/Activities/","H-E-M Junior/Senior High School","https://www.applitrack.com/crb2/onlineapp/default.aspx?all=1","Carbon County School District 2","2026-03-20"
53,"Other Assistant Middle School Volleyball Coach","2026-03-06","Athletics/Activities/","H-E-M Junior/Senior High School","https://www.applitrack.com/crb2/onlineapp/default.aspx?all=1","Carbon County School District 2","2026-03-20"
54,"Assistant High School Girls Basketball Coach","2026-03-10","Athletics/Activities/","Saratoga Middle High School","https://www.applitrack.com/crb2/onlineapp/default.aspx?all=1","Carbon County School District 2","2026-03-20"
55,"Other Assistant Middle School Girls Basketball Coach","2026-03-10","Athletics/Activities/","Saratoga Middle High School","https://www.applitrack.com/crb2/onlineapp/default.aspx?all=1","Carbon County School District 2","2026-03-20"
56,"Other Assistant Middle School Football Coach","2026-03-10","Athletics/Activities/","Saratoga Middle High School","https://www.applitrack.com/crb2/onlineapp/default.aspx?all=1","Carbon County School District 2","2026-03-20"
57,"First Assistant (Head) Middle School Boys Basketball Coach","2026-03-10","Athletics/Activities/","Saratoga Middle High School","https://www.applitrack.com/crb2/onlineapp/default.aspx?all=1","Carbon County School District 2","2026-03-20"
58,"Other Assistant Middle School Track Coach","2026-03-16","Athletics/Activities/","H-E-M Junior/Senior High School","https://www.applitrack.com/crb2/onlineapp/default.aspx?all=1","Carbon County School District 2","2026-03-20"
59,"Half Time or Full Time Math Teacher","2026-03-09","High School Teaching/","Saratoga Middle High School","https://www.applitrack.com/crb2/onlineapp/default.aspx?all=1","Carbon County School District 2","2026-03-20"
60,"6-12 Band Teacher","2026-01-13","High School Teaching/","Saratoga Middle High School","https://www.applitrack.com/crb2/onlineapp/default.aspx?all=1","Carbon County School District 2","2026-03-20"
61,"K-12 Music Teacher","2026-03-09","K-12 Teacher/","Encampment K-12","https://www.applitrack.com/crb2/onlineapp/default.aspx?all=1","Carbon County School District 2","2026-03-20"
62,"Elementary School Counselor","2026-01-28","Student Support Services/","Hanna Elementary School","https://www.applitrack.com/crb2/onlineapp/default.aspx?all=1","Carbon County School District 2","2026-03-20"
63,"Occupational Therapist(s)","2023-12-22","Student Support Services/","CCSD#2","https://www.applitrack.com/crb2/onlineapp/default.aspx?all=1","Carbon County School District 2","2026-03-20"
64,"Speech Language Pathologist(s)","2022-03-04","Student Support Services/","CCSD#2","https://www.applitrack.com/crb2/onlineapp/default.aspx?all=1","Carbon County School District 2","2026-03-20"
65,"Substitute Bus Driver 2025/2026 School Year","2025-07-15","Substitute/","CCSD#2","https://www.applitrack.com/crb2/onlineapp/default.aspx?all=1","Carbon County School District 2","2026-03-20"
66,"Substitute Classroom/Special Education Aide 2025/2026 School Year","2025-07-15","Substitute/","CCSD#2","https://www.applitrack.com/crb2/onlineapp/default.aspx?all=1","Carbon County School District 2","2026-03-20"
67,"Substitute Cook Helpers 2025/2026 School Year","2025-07-15","Substitute/","CCSD#2","https://www.applitrack.com/crb2/onlineapp/default.aspx?all=1","Carbon County School District 2","2026-03-20"
68,"Substitute Custodian 2025/2026 School Year","2025-07-15","Substitute/","CCSD#2","https://www.applitrack.com/crb2/onlineapp/default.aspx?all=1","Carbon County School District 2","2026-03-20"
69,"Substitute Teacher 2025/2026 School Year","2025-07-15","Substitute/","CCSD#2","https://www.applitrack.com/crb2/onlineapp/default.aspx?all=1","Carbon County School District 2","2026-03-20"
70,"Route Bus Driver","2025-12-02","Support Staff/","Encampment K-12","https://www.applitrack.com/crb2/onlineapp/default.aspx?all=1","Carbon County School District 2","2026-03-20"
71,"Music Classroom Aide-Saratoga Schools","2026-02-17","Support Staff/","Saratoga Elementary School","https://www.applitrack.com/crb2/onlineapp/default.aspx?all=1","Carbon County School District 2","2026-03-20"
72,"High School FBLA Sponsor","2025-06-05","Athletics/Activities/","Glenrock Jr/Sr High School","https://www.applitrack.com/converse2/onlineapp/default.aspx?all=1","Converse County School Distrcit 2","2026-03-20"
73,"HS Assistant Volleyball Coach","2026-02-18","Athletics/Activities/","Glenrock Jr/Sr High School","https://www.applitrack.com/converse2/onlineapp/default.aspx?all=1","Converse County School Distrcit 2","2026-03-20"
74,"JH/HS Assistant Track Coach - Specializing in Shot Put and Discus","2026-02-18","Athletics/Activities/","Glenrock Jr/Sr High School","https://www.applitrack.com/converse2/onlineapp/default.aspx?all=1","Converse County School Distrcit 2","2026-03-20"
75,"Elementary Classroom Teacher (5th Grade)","2026-02-11","Elementary School Teaching/","Glenrock Intermediate School","https://www.applitrack.com/converse2/onlineapp/default.aspx?all=1","Converse County School Distrcit 2","2026-03-20"
76,"K-6 Music Teacher","2025-12-08","Elementary School Teaching/","Grant Elementary School","https://www.applitrack.com/converse2/onlineapp/default.aspx?all=1","Converse County School Distrcit 2","2026-03-20"
77,"Elementary Classroom Teacher (3rd Grade)","2026-02-23","Elementary School Teaching/","Grant Elementary School","https://www.applitrack.com/converse2/onlineapp/default.aspx?all=1","Converse County School Distrcit 2","2026-03-20"
78,"Elementary Teacher (Title I)","2026-02-23","Elementary School Teaching/","Grant Elementary School","https://www.applitrack.com/converse2/onlineapp/default.aspx?all=1","Converse County School Distrcit 2","2026-03-20"
79,"Food Service Worker - Cook (Part -Time, 14 hrs)","2025-12-02","Food Service/","Converse County School District #2","https://www.applitrack.com/converse2/onlineapp/default.aspx?all=1","Converse County School Distrcit 2","2026-03-20"
80,"Food Service Van Driver - (Part -Time)","2026-03-09","Food Service/","Converse County School District #2","https://www.applitrack.com/converse2/onlineapp/default.aspx?all=1","Converse County School Distrcit 2","2026-03-20"
81,"Band/Choir Teacher (7-12)","2026-02-10","High School Teaching/","Glenrock Jr/Sr High School","https://www.applitrack.com/converse2/onlineapp/default.aspx?all=1","Converse County School Distrcit 2","2026-03-20"
82,"Social Studies Teacher (Grades 9-12)","2026-02-10","High School Teaching/","Glenrock Jr/Sr High School","https://www.applitrack.com/converse2/onlineapp/default.aspx?all=1","Converse County School Distrcit 2","2026-03-20"
83,"Junior High Language Arts Teacher (Grades 7-8)","2026-02-25","Junior High Teaching/","Glenrock Jr/Sr High School","https://www.applitrack.com/converse2/onlineapp/default.aspx?all=1","Converse County School Distrcit 2","2026-03-20"
84,"K-6 School Counselor/Social Worker","2026-03-03","Student Support Services Certified/","Grant Elementary School","https://www.applitrack.com/converse2/onlineapp/default.aspx?all=1","Converse County School Distrcit 2","2026-03-20"
85,"Substitute Teacher/Aid/Cook/Custodian/Bus Driver/Summer Help","2019-03-26","Substitute/","Converse County School District #2","https://www.applitrack.com/converse2/onlineapp/default.aspx?all=1","Converse County School Distrcit 2","2026-03-20"
86,"Technology Director","2026-02-23","Technology/","Converse County School District #2","https://www.applitrack.com/converse2/onlineapp/default.aspx?all=1","Converse County School Distrcit 2","2026-03-20"
87,"Bus Driver (Route, Activity, Sub)","2023-04-13","Transportation/","Converse County School District #2","https://www.applitrack.com/converse2/onlineapp/default.aspx?all=1","Converse County School Distrcit 2","2026-03-20"
88,"ESY Paraprofessionals","2026-02-23","ESY/","Student Support Services","https://www.applitrack.com/ccsd1/onlineapp/default.aspx?all=1","Converse County School District 1","2026-03-20"
89,"DMS Science Teacher","2026-03-03","Middle School Teaching/","Douglas Middle School","https://www.applitrack.com/ccsd1/onlineapp/default.aspx?all=1","Converse County School District 1","2026-03-20"
90,"DRC Field Crew Workers","2026-01-12","Recreation/","Douglas Recreation Center","https://www.applitrack.com/ccsd1/onlineapp/default.aspx?all=1","Converse County School District 1","2026-03-20"
91,"DRC Lifeguard Supervisor","2026-03-09","Recreation/","Douglas Recreation Center","https://www.applitrack.com/ccsd1/onlineapp/default.aspx?all=1","Converse County School District 1","2026-03-20"
92,"Part-Time Recreation Center Building Monitor","2026-02-23","Recreation/","Douglas Recreation Center","https://www.applitrack.com/ccsd1/onlineapp/default.aspx?all=1","Converse County School District 1","2026-03-20"
93,"Elementary SPED Teacher","2026-01-21","Student Support Services","Elementary Schools","https://www.applitrack.com/ccsd1/onlineapp/default.aspx?all=1","Converse County School District 1","2026-03-20"
94,"Secondary SPED Teacher","2026-01-21","Student Support Services","Douglas Middle/High School","https://www.applitrack.com/ccsd1/onlineapp/default.aspx?all=1","Converse County School District 1","2026-03-20"
95,"DRC Substitute Recreation Monitor","2026-01-12","Substitute","Douglas Recreation Center","https://www.applitrack.com/ccsd1/onlineapp/default.aspx?all=1","Converse County School District 1","2026-03-20"
96,"Classified Substitute Positions","2025-07-29","Substitute","Central Administration","https://www.applitrack.com/ccsd1/onlineapp/default.aspx?all=1","Converse County School District 1","2026-03-20"
97,"Food Service Substitute","2025-12-03","Substitute","Central Administration","https://www.applitrack.com/ccsd1/onlineapp/default.aspx?all=1","Converse County School District 1","2026-03-20"
98,"Substitute Custodian","2025-08-19","Substitute/","Maintenance","https://www.applitrack.com/ccsd1/onlineapp/default.aspx?all=1","Converse County School District 1","2026-03-20"
99,"Certified Substitute","2025-07-29","Substitute/","Central Administration","https://www.applitrack.com/ccsd1/onlineapp/default.aspx?all=1","Converse County School District 1","2026-03-20"
100,"Substitute Bus Monitor/Paraprofessional","2025-07-29","Support Staff/","Transportation","https://www.applitrack.com/ccsd1/onlineapp/default.aspx?all=1","Converse County School District 1","2026-03-20"
101,"Substitute Bus Driver","2025-07-29","Transportation/","Transportation","https://www.applitrack.com/ccsd1/onlineapp/default.aspx?all=1","Converse County School District 1","2026-03-20"
102,"Bus Driver","2025-07-28","Transportation/","Transportation","https://www.applitrack.com/ccsd1/onlineapp/default.aspx?all=1","Converse County School District 1","2026-03-20"
103,"Substitute Crossing Guard","2025-07-29","Transportation/","Transportation","https://www.applitrack.com/ccsd1/onlineapp/default.aspx?all=1","Converse County School District 1","2026-03-20"
104,"Assistant 8th Volleyball Coach","2025-05-22","Athletics/Activities/","Lander Middle School","https://www.applitrack.com/fremontwy/onlineapp/jobpostings/view.asp?all=1","Fremont County School District 1","2026-03-20"
105,"Assistant Wrestling Coach","2025-09-26","Athletics/Activities/","Lander Middle School","https://www.applitrack.com/fremontwy/onlineapp/jobpostings/view.asp?all=1","Fremont County School District 1","2026-03-20"
106,"Boys Soccer Coach","2025-11-11","Athletics/Activities/","Lander Middle School","https://www.applitrack.com/fremontwy/onlineapp/jobpostings/view.asp?all=1","Fremont County School District 1","2026-03-20"
107,"Head 7th Volleyball Coach","2025-12-16","Athletics/Activities/","Lander Middle School","https://www.applitrack.com/fremontwy/onlineapp/jobpostings/view.asp?all=1","Fremont County School District 1","2026-03-20"
108,"Head 8th Volleyball Coach","2025-12-19","Athletics/Activities/","Lander Middle School","https://www.applitrack.com/fremontwy/onlineapp/jobpostings/view.asp?all=1","Fremont County School District 1","2026-03-20"
109,"Assistant Girls Soccer Coach","2026-01-26","Athletics/Activities/","Lander Middle School","https://www.applitrack.com/fremontwy/onlineapp/jobpostings/view.asp?all=1","Fremont County School District 1","2026-03-20"
110,"Music Teacher (Instrumental)","2026-03-13","Certified Teaching/","LVHS/LMS","https://www.applitrack.com/fremontwy/onlineapp/jobpostings/view.asp?all=1","Fremont County School District 1","2026-03-20"
111,"Science Teacher","2026-03-12","Certified Teaching/","Lander Middle School","https://www.applitrack.com/fremontwy/onlineapp/jobpostings/view.asp?all=1","Fremont County School District 1","2026-03-20"
112,"Special Education Coordinator","2026-02-13","Certified Teaching/","Baldwin Creek Elementary & Pathfinder High School","https://www.applitrack.com/fremontwy/onlineapp/jobpostings/view.asp?all=1","Fremont County School District 1","2026-03-20"
113,"Speech-Language Pathologist","2026-03-05","Student Support Services/","District-wide","https://www.applitrack.com/fremontwy/onlineapp/jobpostings/view.asp?all=1","Fremont County School District 1","2026-03-20"
114,"Substitute Custodian (at-will)","2025-06-11","Substitute/","District-wide","https://www.applitrack.com/fremontwy/onlineapp/jobpostings/view.asp?all=1","Fremont County School District 1","2026-03-20"
115,"Substitute Nurse (at-will)","2025-06-11","Substitute/","District-wide","https://www.applitrack.com/fremontwy/onlineapp/jobpostings/view.asp?all=1","Fremont County School District 1","2026-03-20"
116,"Substitute Nutritional Service Worker (at-will)","2025-06-11","Substitute/","District-wide","https://www.applitrack.com/fremontwy/onlineapp/jobpostings/view.asp?all=1","Fremont County School District 1","2026-03-20"
117,"Substitute - classrooms (at-will)","2025-06-11","Substitute/","District-wide","https://www.applitrack.com/fremontwy/onlineapp/jobpostings/view.asp?all=1","Fremont County School District 1","2026-03-20"
118,"Substitute Bus/Activity Driver (at-will)","2025-06-11","Substitute/","Central Services","https://www.applitrack.com/fremontwy/onlineapp/jobpostings/view.asp?all=1","Fremont County School District 1","2026-03-20"
119,"Summer ESY Paraprofessional","2026-03-16","Temporary/","District-wide","https://www.applitrack.com/fremontwy/onlineapp/jobpostings/view.asp?all=1","Fremont County School District 1","2026-03-20"
120,"Summer ESY Speech-Language Pathologist","2026-03-16","Temporary/","District-wide","https://www.applitrack.com/fremontwy/onlineapp/jobpostings/view.asp?all=1","Fremont County School District 1","2026-03-20"
121,"Summer ESY Special Education Teachers","2026-03-16","Temporary/","District-wide","https://www.applitrack.com/fremontwy/onlineapp/jobpostings/view.asp?all=1","Fremont County School District 1","2026-03-20"
122,"Adaptive PE Teacher","2026-03-18","Temporary/","District-wide","https://www.applitrack.com/fremontwy/onlineapp/jobpostings/view.asp?all=1","Fremont County School District 1","2026-03-20"
123,"Lights On Summer Program Site Coordinator","2026-03-16","Temporary/","Lights On","https://www.applitrack.com/fremontwy/onlineapp/jobpostings/view.asp?all=1","Fremont County School District 1","2026-03-20"
124,"Lights On Classroom Helper - High School Students May Apply","2026-03-16","Temporary/","Lights On","https://www.applitrack.com/fremontwy/onlineapp/jobpostings/view.asp?all=1","Fremont County School District 1","2026-03-20"
125,"Lights On Summer Classroom Helper","2026-03-16","Temporary/","Lights On","https://www.applitrack.com/fremontwy/onlineapp/jobpostings/view.asp?all=1","Fremont County School District 1","2026-03-20"
126,"Lights On Summer Pre-K Classroom Helper","2026-03-16","Temporary/","Lights On","https://www.applitrack.com/fremontwy/onlineapp/jobpostings/view.asp?all=1","Fremont County School District 1","2026-03-20"
127,"Lights On Summer Classroom Leader","2026-03-16","Temporary/","Lights On","https://www.applitrack.com/fremontwy/onlineapp/jobpostings/view.asp?all=1","Fremont County School District 1","2026-03-20"
128,"Lights On Summer One-on-One Paraprofessional","2026-03-16","Temporary/","Lights On","https://www.applitrack.com/fremontwy/onlineapp/jobpostings/view.asp?all=1","Fremont County School District 1","2026-03-20"
129,"Lights On Summer Pre-K Teacher","2026-03-16","Temporary/","Lights On","https://www.applitrack.com/fremontwy/onlineapp/jobpostings/view.asp?all=1","Fremont County School District 1","2026-03-20"
130,"Summer Food Service - 7 Hrs/Day at BCE","2026-03-16","Temporary/","Baldwin Creek Elementary","https://www.applitrack.com/fremontwy/onlineapp/jobpostings/view.asp?all=1","Fremont County School District 1","2026-03-20"
131,"Summer Food Service - 6 Hrs/Day at BCE, LVHS, PHS","2026-03-16","Temporary/","Baldwin Creek Elementary & Pathfinder High School","https://www.applitrack.com/fremontwy/onlineapp/jobpostings/view.asp?all=1","Fremont County School District 1","2026-03-20"
132,"Summer Food Service - 3 Hrs/Day at BCE","2026-03-16","Temporary/","Baldwin Creek Elementary","https://www.applitrack.com/fremontwy/onlineapp/jobpostings/view.asp?all=1","Fremont County School District 1","2026-03-20"
133,"High School Online Coordinator - Summer Position","2026-03-18","Temporary/","Lander Valley High School","https://www.applitrack.com/fremontwy/onlineapp/jobpostings/view.asp?all=1","Fremont County School District 1","2026-03-20"
134,"Summer School SPED Paraprofessionals - LVHS (Multiple Positions)","2026-03-18","Temporary/","Lander Valley High School","https://www.applitrack.com/fremontwy/onlineapp/jobpostings/view.asp?all=1","Fremont County School District 1","2026-03-20"
135,"LVHS Jump Start Teachers (Multiple Positions)","2026-03-18","Temporary/","Lander Valley High School","https://www.applitrack.com/fremontwy/onlineapp/jobpostings/view.asp?all=1","Fremont County School District 1","2026-03-20"
136,"Summer School Teachers","2026-03-19","Temporary/","Pathfinder High School","https://www.applitrack.com/fremontwy/onlineapp/jobpostings/view.asp?all=1","Fremont County School District 1","2026-03-20"
137,"Summer School Teachers - LVHS (Multiple Positions)","2026-03-18","Temporary/","Lander Valley High School","https://www.applitrack.com/fremontwy/onlineapp/jobpostings/view.asp?all=1","Fremont County School District 1","2026-03-20"
138,"Business Manager (Open until filled)","2026-03-19","Administration/","Fremont County School District 21","https://www.applitrack.com/fortwashakieschool/onlineapp/default.aspx?all=1","Fremont County School District 21","2026-03-20"
139,"High School Social Studies Teacher 2026-2027 School Year","2026-03-03","High School Teaching/","Fort Washakie High School","https://www.applitrack.com/fortwashakieschool/onlineapp/default.aspx?all=1","Fremont County School District 21","2026-03-20"
140,"Substitute Custodians","2021-09-28","Maintenance/Custodial/","Fort Washakie Elementary","https://www.applitrack.com/fortwashakieschool/onlineapp/default.aspx?all=1","Fremont County School District 21","2026-03-20"
141,"Substitute Cooks","2025-10-06","Student Support Services/","Fort Washakie Elementary","https://www.applitrack.com/fortwashakieschool/onlineapp/default.aspx?all=1","Fremont County School District 21","2026-03-20"
142,"Substitute Teacher","2023-09-12","Substitute/","Fort Washakie Elementary","https://www.applitrack.com/fortwashakieschool/onlineapp/default.aspx?all=1","Fremont County School District 21","2026-03-20"
143,"Paraprofessional","2024-09-10","Support Staff/","Fremont County School District 21","https://www.applitrack.com/fortwashakieschool/onlineapp/default.aspx?all=1","Fremont County School District 21","2026-03-20"
144,"Secondary English Teacher","2026-02-17","High School Teaching/","Shoshoni JH/HS","https://www.applitrack.com/fremont24/onlineapp/default.aspx?all=1","Fremont County School District 24","2026-03-20"
145,"Bus Driver Substitutes 2025-2026","2025-08-08","Substitute/","K-12 Schoolwide","https://www.applitrack.com/fremont24/onlineapp/default.aspx?all=1","Fremont County School District 24","2026-03-20"
146,"Cooks Helper Substitutes 2025-2026","2025-08-08","Substitute/","District Office","https://www.applitrack.com/fremont24/onlineapp/default.aspx?all=1","Fremont County School District 24","2026-03-20"
147,"Custodian Substitutes 2025-2026","2025-08-08","Substitute/","District Wide","https://www.applitrack.com/fremont24/onlineapp/default.aspx?all=1","Fremont County School District 24","2026-03-20"
148,"Substitute School Nurse 2025-2026","2025-08-08","Substitute/","K-12 Schoolwide","https://www.applitrack.com/fremont24/onlineapp/default.aspx?all=1","Fremont County School District 24","2026-03-20"
149,"Substitute Teacher 2025-2026","2025-08-08","Substitute/","K-12 Schoolwide","https://www.applitrack.com/fremont24/onlineapp/default.aspx?all=1","Fremont County School District 24","2026-03-20"
150,"Substitute Daycare Assistant 2025-2026","2025-08-08","Substitute/","K-12 Schoolwide","https://www.applitrack.com/fremont24/onlineapp/default.aspx?all=1","Fremont County School District 24","2026-03-20"
152,"High School Assistant Volleyball Coach","2025-03-24","Athletics/Activities","Wind River High School","https://www.applitrack.com/fre6/onlineapp/default.aspx?all=1","Fremont County School District 6","2026-03-20"
153,"HS Boys Boasketball Coach HEAD","2026-03-11","Athletics/Activities","Wind River Middle/High School","https://www.applitrack.com/fre6/onlineapp/default.aspx?all=1","Fremont County School District 6","2026-03-20"
154,"HS Volleyball Coach ASSISTANT","2026-03-11","Athletics/Activities","Wind River Middle/High School","https://www.applitrack.com/fre6/onlineapp/default.aspx?all=1","Fremont County School District 6","2026-03-20"
155,"Custodian","2024-12-17","Maintenance/Custodial/","Wind River Schools","https://www.applitrack.com/fre6/onlineapp/default.aspx?all=1","Fremont County School District 6","2026-03-20"
156,"Substitute Teacher","2024-08-20","Substitute/","Wind River Schools","https://www.applitrack.com/fre6/onlineapp/default.aspx?all=1","Fremont County School District 6","2026-03-20"
157,"Substitute Para/Custodian/Food Service","2024-11-14","Substitute/","Wind River Schools","https://www.applitrack.com/fre6/onlineapp/default.aspx?all=1","Fremont County School District 6","2026-03-20"
158,"Curriculum and Assessment Director","2026-03-12","Administration","District Wide","https://www.applitrack.com/fremont14/onlineapp/default.aspx?all=1","Fremont County School District 14","2026-03-20"
159,"Pre-K Classroom Teacher","2026-02-12","Elementary School Teaching","Wyoming Indian Elementary School","https://www.applitrack.com/fremont14/onlineapp/default.aspx?all=1","Fremont County School District 14","2026-03-20"
160,"Secondary Reading Interventionist Teacher","2026-02-13","High School Teaching","Wyoming Indian High School","https://www.applitrack.com/fremont14/onlineapp/default.aspx?all=1","Fremont County School District 14","2026-03-20"
161,"High School Mathematics Teacher","2026-02-20","High School Teaching/","Wyoming Indian High School","https://www.applitrack.com/fremont14/onlineapp/default.aspx?all=1","Fremont County School District 14","2026-03-20"
162,"High School Science Teacher","2026-01-15","High School Teaching/","Wyoming Indian High School","https://www.applitrack.com/fremont14/onlineapp/default.aspx?all=1","Fremont County School District 14","2026-03-20"
163,"Health/Interventionist Teacher","2026-02-12","Middle School Teaching","Wyoming Indian Middle School","https://www.applitrack.com/fremont14/onlineapp/default.aspx?all=1","Fremont County School District 14","2026-03-20"
164,"Middle School Alternative Classroom Teacher","2026-03-03","Middle School Teaching","Wyoming Indian Middle School","https://www.applitrack.com/fremont14/onlineapp/default.aspx?all=1","Fremont County School District 14","2026-03-20"
165,"School Nurse","2026-03-12","Student Health Services/","District Wide","https://www.applitrack.com/fremont14/onlineapp/default.aspx?all=1","Fremont County School District 14","2026-03-20"
166,"Substitute School Nurse","2020-07-23","Student Health Services/","District Wide","https://www.applitrack.com/fremont14/onlineapp/default.aspx?all=1","Fremont County School District 14","2026-03-20"
167,"Middle School Counselor","2026-02-12","Student Support Services/","Wyoming Indian Middle School","https://www.applitrack.com/fremont14/onlineapp/default.aspx?all=1","Fremont County School District 14","2026-03-20"
168,"Substitute Teacher - Classroom","2018-10-09","Substitute Certified/","District Wide","https://www.applitrack.com/fremont14/onlineapp/default.aspx?all=1","Fremont County School District 14","2026-03-20"
169,"Substitute School Secretary","2026-02-06","Substitute Non Certified","District Wide","https://www.applitrack.com/fremont14/onlineapp/default.aspx?all=1","Fremont County School District 14","2026-03-20"
170,"Substitute Cook","2018-10-10","Substitute Non Certified/","District Wide","https://www.applitrack.com/fremont14/onlineapp/default.aspx?all=1","Fremont County School District 14","2026-03-20"
171,"Substitute Custodian","2019-09-09","Substitute Non Certified/","District Wide","https://www.applitrack.com/fremont14/onlineapp/default.aspx?all=1","Fremont County School District 14","2026-03-20"
172,"High School Special Education Teacher","2026-02-12","Support Staff/","Wyoming Indian High School","https://www.applitrack.com/fremont14/onlineapp/default.aspx?all=1","Fremont County School District 14","2026-03-20"
173,"Special Education Paraprofessional","2026-03-12","Support Staff/","Wyoming Indian Elementary School","https://www.applitrack.com/fremont14/onlineapp/default.aspx?all=1","Fremont County School District 14","2026-03-20"
174,"Technology Director","2026-03-12","Technology/","District Wide","https://www.applitrack.com/fremont14/onlineapp/default.aspx?all=1","Fremont County School District 14","2026-03-20"
175,"Bus Driver","2023-09-18","Transportation/","District Wide","https://www.applitrack.com/fremont14/onlineapp/default.aspx?all=1","Fremont County School District 14","2026-03-20"
176,"Substitute Bus Driver","2021-07-09","Transportation/","District Wide","https://www.applitrack.com/fremont14/onlineapp/default.aspx?all=1","Fremont County School District 14","2026-03-20"
178,"Fourth Grade Teacher","2026-02-02","Elementary School Teaching/","Westside Elementary School","https://www.applitrack.com/park1/onlineapp/default.aspx?all=1","Park County School District 1","2026-03-20"
179,"Primary Grade Teacher K-3","2026-02-02","Elementary School Teaching/","Southside Elementary School","https://www.applitrack.com/park1/onlineapp/default.aspx?all=1","Park County School District 1","2026-03-20"
180,"Reading Recovery Teacher","2026-02-02","Elementary School Teaching/","Southside Elementary School","https://www.applitrack.com/park1/onlineapp/default.aspx?all=1","Park County School District 1","2026-03-20"
181,"English Teacher","2026-02-02","High School Teaching/","Powell High School","https://www.applitrack.com/park1/onlineapp/default.aspx?all=1","Park County School District 1","2026-03-20"
182,"Special Education Teacher","2026-03-02","High School Teaching/","Powell High School","https://www.applitrack.com/park1/onlineapp/default.aspx?all=1","Park County School District 1","2026-03-20"
183,"Special Education Paraeducator","2026-02-24","Para-Educator/","Parkside Elementary School","https://www.applitrack.com/park1/onlineapp/default.aspx?all=1","Park County School District 1","2026-03-20"
184,"Speech Language Pathologist","2026-02-02","Student Support Services/","Southside Elementary School","https://www.applitrack.com/park1/onlineapp/default.aspx?all=1","Park County School District 1","2026-03-20"
185,"Substitute School Nurse","2025-09-18","Student Support Services/","District-Wide K-12","https://www.applitrack.com/park1/onlineapp/default.aspx?all=1","Park County School District 1","2026-03-20"
186,"Substitute Teacher","2024-07-03","Substitute/","District-Wide K-12","https://www.applitrack.com/park1/onlineapp/default.aspx?all=1","Park County School District 1","2026-03-20"
187,"Substitute Custodian","2024-07-03","Substitute Support Services/","District-Wide K-12","https://www.applitrack.com/park1/onlineapp/default.aspx?all=1","Park County School District 1","2026-03-20"
188,"Substitute Para-Educator","2024-07-03","Substitute Support Services/","District-Wide K-12","https://www.applitrack.com/park1/onlineapp/default.aspx?all=1","Park County School District 1","2026-03-20"
189,"Substitute Bus Driver","2021-09-27","Transportation/","Transportation Department","https://www.applitrack.com/park1/onlineapp/default.aspx?all=1","Park County School District 1","2026-03-20"
190,"Head Girls Volleyball Coach","2026-02-13","Athletics/Activities/","Cody High School","https://www.applitrack.com/park6/onlineapp/default.aspx?all=1","Park County School District 6","2026-03-20"
191,"Head Wrestling Coach","2026-03-18","Athletics/Activities/","Cody High School","https://www.applitrack.com/park6/onlineapp/default.aspx?all=1","Park County School District 6","2026-03-20"
192,"Speech Therapist/Speech Pathologist","2026-02-06","Student Support Services","Cody High School","https://www.applitrack.com/park6/onlineapp/default.aspx?all=1","Park County School District 6","2026-03-20"
193,"Elementary School Guidance Counselor","2026-03-18","Student Support Services/","Sunset Elementary School","https://www.applitrack.com/park6/onlineapp/default.aspx?all=1","Park County School District 6","2026-03-20"
194,"Board Certified Behavior Analyst","2025-02-07","Student Support Services/","All Schools","https://www.applitrack.com/park6/onlineapp/default.aspx?all=1","Park County School District 6","2026-03-20"
195,"Elementary Special Education Resource Teacher","2026-03-13","Student Support Services/","Sunset Elementary School","https://www.applitrack.com/park6/onlineapp/default.aspx?all=1","Park County School District 6","2026-03-20"
196,"School Nurse","2026-02-13","Student Support Services/","Cody High School","https://www.applitrack.com/park6/onlineapp/default.aspx?all=1","Park County School District 6","2026-03-20"
197,"Substitute Paraeducator (Aide) 2025-2026 School Year","2025-07-16","Substitute/","All Schools","https://www.applitrack.com/park6/onlineapp/default.aspx?all=1","Park County School District 6","2026-03-20"
198,"Substitute Custodian 2025-2026 School Year","2025-07-16","Substitute/","All Schools","https://www.applitrack.com/park6/onlineapp/default.aspx?all=1","Park County School District 6","2026-03-20"
199,"Substitute Nurse 2025-2026 School Year","2025-07-16","Substitute/","All Schools","https://www.applitrack.com/park6/onlineapp/default.aspx?all=1","Park County School District 6","2026-03-20"
200,"Substitute Teacher 2025-2026 School Year","2025-07-16","Substitute/","All Schools","https://www.applitrack.com/park6/onlineapp/default.aspx?all=1","Park County School District 6","2026-03-20"
201,"Special Education Life Skills Paraeducator","2026-01-27","Support Staff/","Cody High School","https://www.applitrack.com/park6/onlineapp/default.aspx?all=1","Park County School District 6","2026-03-20"
202,"Route Driver","2025-07-16","Transportation","All Schools","https://www.applitrack.com/park6/onlineapp/default.aspx?all=1","Park County School District 6","2026-03-20"
203,"Bus Aide","2025-07-16","Transportation","All Schools","https://www.applitrack.com/park6/onlineapp/default.aspx?all=1","Park County School District 6","2026-03-20"
204,"BHHS Activities Director","2026-03-05","Athletics/Activities/","Big Horn High School","https://www.applitrack.com/sheridanwy/onlineapp/default.aspx?all=1","Sheridan County School District 1","2026-03-20"
205,"TRMS Assistant Track Coach","2026-02-04","Athletics/Activities/","Tongue River Middle School","https://www.applitrack.com/sheridanwy/onlineapp/default.aspx?all=1","Sheridan County School District 1","2026-03-20"
206,"TRMS Assistant Cross-Country Coach","2026-02-04","Athletics/Activities/","Tongue River Middle School","https://www.applitrack.com/sheridanwy/onlineapp/default.aspx?all=1","Sheridan County School District 1","2026-03-20"
207,"TRMS Assistant Volleyball Coach","2026-02-04","Athletics/Activities/","Tongue River Middle School","https://www.applitrack.com/sheridanwy/onlineapp/default.aspx?all=1","Sheridan County School District 1","2026-03-20"
208,"Big Horn Custodian","2025-12-08","Maintenance/Custodial/","Big Horn High School","https://www.applitrack.com/sheridanwy/onlineapp/default.aspx?all=1","Sheridan County School District 1","2026-03-20"
209,"Bus Driver","2025-04-01","Transportation/","District-Wide","https://www.applitrack.com/sheridanwy/onlineapp/default.aspx?all=1","Sheridan County School District 1","2026-03-20"
210,"TRMS Assistant Girls Basketball Coach","2025-05-20","Athletics/Activities/","Tongue River Middle School","https://www.applitrack.com/sheridanwy/onlineapp/default.aspx?all=1","Sheridan County School District 1","2026-03-20"
211,"TRHS Assistant Volleyball Coach","2025-05-28","Athletics/Activities/","Tongue River High School","https://www.applitrack.com/sheridanwy/onlineapp/default.aspx?all=1","Sheridan County School District 1","2026-03-20"
212,"TRHS Assistant Track Coach","2025-06-03","Athletics/Activities/","Tongue River High School","https://www.applitrack.com/sheridanwy/onlineapp/default.aspx?all=1","Sheridan County School District 1","2026-03-20"
213,"BHMS Assistant Football Coach","2025-07-28","Athletics/Activities/","Big Horn Middle School","https://www.applitrack.com/sheridanwy/onlineapp/default.aspx?all=1","Sheridan County School District 1","2026-03-20"
214,"TRMS Assistant Robotics Coach","2025-08-12","Athletics/Activities/","Tongue River Middle School","https://www.applitrack.com/sheridanwy/onlineapp/default.aspx?all=1","Sheridan County School District 1","2026-03-20"
215,"BHMS Assistant Boys Wrestling Coach","2025-09-08","Athletics/Activities/","Big Horn Middle School","https://www.applitrack.com/sheridanwy/onlineapp/default.aspx?all=1","Sheridan County School District 1","2026-03-20"
216,"TRHS Head Cross-Country Coach","2025-11-18","Athletics/Activities/","Tongue River High School","https://www.applitrack.com/sheridanwy/onlineapp/default.aspx?all=1","Sheridan County School District 1","2026-03-20"
217,"BHMS Head Football Coach","2026-01-08","Athletics/Activities/","Big Horn Middle School","https://www.applitrack.com/sheridanwy/onlineapp/default.aspx?all=1","Sheridan County School District 1","2026-03-20"
218,"TRMS Assistant Boys Basketball Coach","2024-08-14","Athletics/Activities/","Tongue River Middle School","https://www.applitrack.com/sheridanwy/onlineapp/default.aspx?all=1","Sheridan County School District 1","2026-03-20"
219,"Substitute - Support Staff","2018-07-03","Substitute/","District-Wide","https://www.applitrack.com/sheridanwy/onlineapp/default.aspx?all=1","Sheridan County School District 1","2026-03-20"
220,"Substitute - Nurse","2025-09-04","Substitute/","TR Schools","https://www.applitrack.com/sheridanwy/onlineapp/default.aspx?all=1","Sheridan County School District 1","2026-03-20"
221,"Substitute - Teacher","2018-07-09","Substitute/","District-Wide","https://www.applitrack.com/sheridanwy/onlineapp/default.aspx?all=1","Sheridan County School District 1","2026-03-20"
222,"Sheridan High School Assistant Band Coach","2025-12-19","Activities","Sheridan High School","https://www.applitrack.com/scsd2/OnlineApp/default.aspx?all=1","Sheridan County School District 2","2026-03-20"
223,"Sheridan High School Marching Band Color Guard Coach","2026-01-29","Activities","Sheridan High School","https://www.applitrack.com/scsd2/OnlineApp/default.aspx?all=1","Sheridan County School District 2","2026-03-20"
224,"Assistant Cross Country Coach - Sheridan Junior High School","2026-03-11","Athletic Coaches","Sheridan Junior High School","https://www.applitrack.com/scsd2/OnlineApp/default.aspx?all=1","Sheridan County School District 2","2026-03-20"
225,"Assistant Wrestling Coach - Sheridan Junior High School","2026-01-14","Athletic Coaches","Sheridan Junior High School","https://www.applitrack.com/scsd2/OnlineApp/default.aspx?all=1","Sheridan County School District 2","2026-03-20"
226,"Assistant Basketball Coach - 9th Grade B Team - Sheridan High School","2026-02-10","Athletic Coaches","Sheridan High School","https://www.applitrack.com/scsd2/OnlineApp/default.aspx?all=1","Sheridan County School District 2","2026-03-20"
227,"Girls Assistant Volleyball Coach - 7th Grade B Team - Sheridan Junior High School","2026-03-12","Athletic Coaches","Sheridan Junior High School","https://www.applitrack.com/scsd2/OnlineApp/default.aspx?all=1","Sheridan County School District 2","2026-03-20"
228,"Girls Basketball Coach - 7th Grade C Team - Sheridan Junior High School","2026-03-12","Athletic Coaches","Sheridan Junior High School","https://www.applitrack.com/scsd2/OnlineApp/default.aspx?all=1","Sheridan County School District 2","2026-03-20"
229,"Head Football Coach - 7th Grade Boys - Sheridan Junior High School","2026-01-29","Athletic Coaches/","Sheridan Junior High School","https://www.applitrack.com/scsd2/OnlineApp/default.aspx?all=1","Sheridan County School District 2","2026-03-20"
230,"Head Volleyball Coach - Sheridan High School","2026-02-11","Athletic Coaches/","Sheridan High School","https://www.applitrack.com/scsd2/OnlineApp/default.aspx?all=1","Sheridan County School District 2","2026-03-20"
231,"Activities Director - Sheridan High School","2026-02-23","Directors/","Sheridan High School","https://www.applitrack.com/scsd2/OnlineApp/default.aspx?all=1","Sheridan County School District 2","2026-03-20"
232,"Elementary Classroom Teacher - Woodland Park Elementary","2026-02-16","Elementary School Teaching","Woodland Park","https://www.applitrack.com/scsd2/OnlineApp/default.aspx?all=1","Sheridan County School District 2","2026-03-20"
233,"Special Education Elementary Classroom Teacher - Henry A. Coffeen Elementary","2026-02-16","Elementary School Teaching","Henry A. Coffeen","https://www.applitrack.com/scsd2/OnlineApp/default.aspx?all=1","Sheridan County School District 2","2026-03-20"
234,"Classroom Teacher - Kindergarten-2nd - Grade Highland Park Elementary","2026-03-04","Elementary School Teaching","Highland Park","https://www.applitrack.com/scsd2/OnlineApp/default.aspx?all=1","Sheridan County School District 2","2026-03-20"
235,"Special Education Teacher - District Position","2026-02-26","Elementary School Teaching","District Wide","https://www.applitrack.com/scsd2/OnlineApp/default.aspx?all=1","Sheridan County School District 2","2026-03-20"
236,"Elementary Music Teacher - Meadowlark","2026-02-17","Elementary School Teaching/","Meadowlark","https://www.applitrack.com/scsd2/OnlineApp/default.aspx?all=1","Sheridan County School District 2","2026-03-20"
237,"Second Cook - Sheridan Junior High School","2026-01-28","Food Services Staff/","Sheridan Junior High School","https://www.applitrack.com/scsd2/OnlineApp/default.aspx?all=1","Sheridan County School District 2","2026-03-20"
238,"High School Computer Science/Business Teacher (Grades 9-12) - Sheridan High School","2025-10-30","High School Teaching","Sheridan High School","https://www.applitrack.com/scsd2/OnlineApp/default.aspx?all=1","Sheridan County School District 2","2026-03-20"
239,"High School English Teacher - Sheridan High School","2026-02-10","High School Teaching/","Sheridan High School","https://www.applitrack.com/scsd2/OnlineApp/default.aspx?all=1","Sheridan County School District 2","2026-03-20"
240,"Job Coach / Family and Consumer Science Teacher - Sheridan High School","2026-02-23","High School Teaching/","Sheridan High School","https://www.applitrack.com/scsd2/OnlineApp/default.aspx?all=1","Sheridan County School District 2","2026-03-20"
241,"Spanish/EL Teacher - Sheridan High School","2026-03-11","High School Teaching/","Sheridan High School","https://www.applitrack.com/scsd2/OnlineApp/default.aspx?all=1","Sheridan County School District 2","2026-03-20"
242,"High School Mathematics Classroom Teacher - John C. Schiffer","2026-01-07","High School Teaching/","John C. Schiffer","https://www.applitrack.com/scsd2/OnlineApp/default.aspx?all=1","Sheridan County School District 2","2026-03-20"
243,"Physical Education Teacher - Sheridan High School","2026-01-13","High School Teaching/","Sheridan High School","https://www.applitrack.com/scsd2/OnlineApp/default.aspx?all=1","Sheridan County School District 2","2026-03-20"
244,"English Teacher - Sheridan Junior High School","2026-02-26","Junior High School Teaching/","Sheridan Junior High School","https://www.applitrack.com/scsd2/OnlineApp/default.aspx?all=1","Sheridan County School District 2","2026-03-20"
245,"Social Studies Teacher - Sheridan Junior High School","2026-02-26","Junior High School Teaching/","Sheridan Junior High School","https://www.applitrack.com/scsd2/OnlineApp/default.aspx?all=1","Sheridan County School District 2","2026-03-20"
246,"School Nurse - Sheridan Junior High School","2026-03-02","Nurses/","Sheridan Junior High School","https://www.applitrack.com/scsd2/OnlineApp/default.aspx?all=1","Sheridan County School District 2","2026-03-20"
247,"Pre-K Paraprofessional - Highland Park Elementary","2026-03-09","Paraprofessionals","Highland Park","https://www.applitrack.com/scsd2/OnlineApp/default.aspx?all=1","Sheridan County School District 2","2026-03-20"
248,"School Principal - Sagebrush Elementary","2026-03-09","Principal/","Sagebrush","https://www.applitrack.com/scsd2/OnlineApp/default.aspx?all=1","Sheridan County School District 2","2026-03-20"
249,"Substitute Teacher (for prior SCSD2 Teachers only)","2025-07-01","Prior Employee/","District Wide","https://www.applitrack.com/scsd2/OnlineApp/default.aspx?all=1","Sheridan County School District 2","2026-03-20"
250,"Seasonal Grounds Worker - Districtwide","2026-01-16","Seasonal Staff","District Wide","https://www.applitrack.com/scsd2/OnlineApp/default.aspx?all=1","Sheridan County School District 2","2026-03-20"
251,"Seasonal Database Technician - Districtwide","2026-03-12","Seasonal Staff","District Wide","https://www.applitrack.com/scsd2/OnlineApp/default.aspx?all=1","Sheridan County School District 2","2026-03-20"
252,"Speech Language Pathologist - Districtwide","2026-02-23","Special Services Staff/",NA,"https://www.applitrack.com/scsd2/OnlineApp/default.aspx?all=1","Sheridan County School District 2","2026-03-20"
253,"Substitute Cooks Helper - Districtwide","2024-08-23","Substitutes","District Wide","https://www.applitrack.com/scsd2/OnlineApp/default.aspx?all=1","Sheridan County School District 2","2026-03-20"
254,"Substitute Custodian - Districtwide","2024-08-29","Substitutes","District Wide","https://www.applitrack.com/scsd2/OnlineApp/default.aspx?all=1","Sheridan County School District 2","2026-03-20"
255,"Substitute Bus Paraprofessional - Districtwide","2025-04-28","Substitutes","Bus Barn","https://www.applitrack.com/scsd2/OnlineApp/default.aspx?all=1","Sheridan County School District 2","2026-03-20"
256,"Substitute Paraprofessional","2024-07-10","Substitutes","District Wide","https://www.applitrack.com/scsd2/OnlineApp/default.aspx?all=1","Sheridan County School District 2","2026-03-20"
257,"Substitute School Nurse","2024-07-10","Substitutes","District Wide","https://www.applitrack.com/scsd2/OnlineApp/default.aspx?all=1","Sheridan County School District 2","2026-03-20"
258,"Substitute Teacher","2025-07-01","Substitutes/","District Wide","https://www.applitrack.com/scsd2/OnlineApp/default.aspx?all=1","Sheridan County School District 2","2026-03-20"
259,"Substitute Bus Driver","2025-10-07","Transportation Staff","Bus Barn","https://www.applitrack.com/scsd2/OnlineApp/default.aspx?all=1","Sheridan County School District 2","2026-03-20"
260,"Bus Paraprofessional - Transportation","2025-12-17","Transportation Staff/","Bus Barn","https://www.applitrack.com/scsd2/OnlineApp/default.aspx?all=1","Sheridan County School District 2","2026-03-20"
261,"RSHS JV Cheer Coach","2026-03-02","Athletics/Activities/","Rock Springs High School","https://www.applitrack.com/sweetwater/onlineapp/default.aspx?all=1","Sweetwater County School District 1","2026-03-20"
262,"RSHS Assistant Indoor Track Coach","2026-03-10","Athletics/Activities/","Rock Springs High School","https://www.applitrack.com/sweetwater/onlineapp/default.aspx?all=1","Sweetwater County School District 1","2026-03-20"
263,"RSHS Assistant Girls Basketball Coach - Freshman","2026-03-11","Athletics/Activities/","Rock Springs High School","https://www.applitrack.com/sweetwater/onlineapp/default.aspx?all=1","Sweetwater County School District 1","2026-03-20"
264,"Farson Assistant MS Track Coach","2026-03-17","Athletics/Activities/","Farson-Eden Middle School","https://www.applitrack.com/sweetwater/onlineapp/default.aspx?all=1","Sweetwater County School District 1","2026-03-20"
265,"RSHS Assistant Boys Basketball Coach - Freshman","2026-03-19","Athletics/Activities/","Rock Springs High School","https://www.applitrack.com/sweetwater/onlineapp/default.aspx?all=1","Sweetwater County School District 1","2026-03-20"
266,"RSHS Assistant Coach - Volleyball - Freshman","2026-01-13","Athletics/Activities/","Rock Springs High School","https://www.applitrack.com/sweetwater/onlineapp/default.aspx?all=1","Sweetwater County School District 1","2026-03-20"
267,"RSHS Assistant Coach - Football (3)","2026-02-10","Athletics/Activities/","Rock Springs High School","https://www.applitrack.com/sweetwater/onlineapp/default.aspx?all=1","Sweetwater County School District 1","2026-03-20"
268,"RSJH Assistant Football Coach - 7th Grade","2026-02-10","Athletics/Activities/","Rock Springs Junior High","https://www.applitrack.com/sweetwater/onlineapp/default.aspx?all=1","Sweetwater County School District 1","2026-03-20"
269,"Farson MS Head Track Coach","2026-02-18","Athletics/Activities/","Farson-Eden Middle School","https://www.applitrack.com/sweetwater/onlineapp/default.aspx?all=1","Sweetwater County School District 1","2026-03-20"
270,"Farson Assistant HS/Head MS Football Coach","2026-02-23","Athletics/Activities/","Farson-Eden High School","https://www.applitrack.com/sweetwater/onlineapp/default.aspx?all=1","Sweetwater County School District 1","2026-03-20"
271,"FEMS-FEHS Assistant Coach - Football","2025-03-03","Athletics/Activities/","Farson-Eden High School","https://www.applitrack.com/sweetwater/onlineapp/default.aspx?all=1","Sweetwater County School District 1","2026-03-20"
272,"RSJH 8th Grade Head Coach - Volleyball","2026-02-09","Athletics/Activities/","Rock Springs Junior High School","https://www.applitrack.com/sweetwater/onlineapp/default.aspx?all=1","Sweetwater County School District 1","2026-03-20"
273,"Athletic Trainer","2026-03-03","Certified Staff/","Rock Springs High School","https://www.applitrack.com/sweetwater/onlineapp/default.aspx?all=1","Sweetwater County School District 1","2026-03-20"
274,"Elementary Teacher 4th Grade","2026-03-04","Certified Staff/","Eastside Elementary","https://www.applitrack.com/sweetwater/onlineapp/default.aspx?all=1","Sweetwater County School District 1","2026-03-20"
275,"Elementary Teacher 1st Grade","2026-02-17","Certified Staff/","Walnut Elementary","https://www.applitrack.com/sweetwater/onlineapp/default.aspx?all=1","Sweetwater County School District 1","2026-03-20"
276,"Elementary Teacher 6th Grade (2)","2026-03-18","Certified Staff/","Pilot Butte Elementary","https://www.applitrack.com/sweetwater/onlineapp/default.aspx?all=1","Sweetwater County School District 1","2026-03-20"
277,"Elementary Teacher 2nd Grade","2026-03-12","Certified Staff/","Stagecoach Elementary","https://www.applitrack.com/sweetwater/onlineapp/default.aspx?all=1","Sweetwater County School District 1","2026-03-20"
278,"Elementary Teacher 1st Grade","2025-11-03","Certified Staff/","Desert View Elementary","https://www.applitrack.com/sweetwater/onlineapp/default.aspx?all=1","Sweetwater County School District 1","2026-03-20"
279,"EL Teacher","2025-11-04","Certified Staff/","Rock Springs High School","https://www.applitrack.com/sweetwater/onlineapp/default.aspx?all=1","Sweetwater County School District 1","2026-03-20"
280,"English/Language Arts","2025-12-12","Certified Staff/","Farson-Eden High School","https://www.applitrack.com/sweetwater/onlineapp/default.aspx?all=1","Sweetwater County School District 1","2026-03-20"
281,"Graduation Coach - Grant Funded","2025-11-04","Certified Staff/","Rock Springs High School","https://www.applitrack.com/sweetwater/onlineapp/default.aspx?all=1","Sweetwater County School District 1","2026-03-20"
282,"Guidance Counselor","2026-01-07","Certified Staff/","Rock Springs High School","https://www.applitrack.com/sweetwater/onlineapp/default.aspx?all=1","Sweetwater County School District 1","2026-03-20"
283,"Library Media Specialist K-3 (Stagecoach and Wamsutter)","2025-11-03","Certified Staff/","District Wide","https://www.applitrack.com/sweetwater/onlineapp/default.aspx?all=1","Sweetwater County School District 1","2026-03-20"
284,"Math Teacher","2025-11-05","Certified Staff/","Rock Springs High School","https://www.applitrack.com/sweetwater/onlineapp/default.aspx?all=1","Sweetwater County School District 1","2026-03-20"
285,"Band Teacher - Pilot Butte and Eastside Elementary","2025-09-10","Certified Staff/","District Wide","https://www.applitrack.com/sweetwater/onlineapp/default.aspx?all=1","Sweetwater County School District 1","2026-03-20"
286,"Music Teacher 4-6 (4)","2025-11-06","Certified Staff/","District Wide","https://www.applitrack.com/sweetwater/onlineapp/default.aspx?all=1","Sweetwater County School District 1","2026-03-20"
287,"Music Teacher K-3 (2)","2025-11-06","Certified Staff/","District Wide","https://www.applitrack.com/sweetwater/onlineapp/default.aspx?all=1","Sweetwater County School District 1","2026-03-20"
288,"School Nurse","2026-02-24","Certified Staff/","District Wide","https://www.applitrack.com/sweetwater/onlineapp/default.aspx?all=1","Sweetwater County School District 1","2026-03-20"
289,"Social Worker","2026-03-04","Certified Staff/","Rock Springs Junior High School","https://www.applitrack.com/sweetwater/onlineapp/default.aspx?all=1","Sweetwater County School District 1","2026-03-20"
290,"Social Worker","2025-11-06","Certified Staff/","Rock Springs High School","https://www.applitrack.com/sweetwater/onlineapp/default.aspx?all=1","Sweetwater County School District 1","2026-03-20"
291,"Resource Teacher","2025-11-05","Certified Staff/","Stagecoach Elementary","https://www.applitrack.com/sweetwater/onlineapp/default.aspx?all=1","Sweetwater County School District 1","2026-03-20"
292,"Resource Teacher (4)","2025-11-05","Certified Staff/","Rock Springs High School","https://www.applitrack.com/sweetwater/onlineapp/default.aspx?all=1","Sweetwater County School District 1","2026-03-20"
293,"Resource Teacher","2025-11-03","Certified Staff/","Desert Elementary (Wamsutter)","https://www.applitrack.com/sweetwater/onlineapp/default.aspx?all=1","Sweetwater County School District 1","2026-03-20"
294,"Special Education - Resource Teacher (2)","2025-11-04","Certified Staff/","Eastside Elementary","https://www.applitrack.com/sweetwater/onlineapp/default.aspx?all=1","Sweetwater County School District 1","2026-03-20"
295,"Resource Teacher","2025-11-04","Certified Staff/","Overland Elementary","https://www.applitrack.com/sweetwater/onlineapp/default.aspx?all=1","Sweetwater County School District 1","2026-03-20"
296,"Resource Teacher","2025-11-04","Certified Staff/","Pilot Butte Elementary","https://www.applitrack.com/sweetwater/onlineapp/default.aspx?all=1","Sweetwater County School District 1","2026-03-20"
297,"Alternative Behavior Program Teacher","2025-11-04","Certified Staff/","Rock Springs High School","https://www.applitrack.com/sweetwater/onlineapp/default.aspx?all=1","Sweetwater County School District 1","2026-03-20"
298,"Alternative Communication Program (ACP) Teacher","2025-11-04","Certified Staff/","Rock Springs High School","https://www.applitrack.com/sweetwater/onlineapp/default.aspx?all=1","Sweetwater County School District 1","2026-03-20"
299,"Alternative Academic-Daily Living Skills Program Teacher","2025-10-22","Certified Staff/","Rock Springs High School","https://www.applitrack.com/sweetwater/onlineapp/default.aspx?all=1","Sweetwater County School District 1","2026-03-20"
300,"Alternative Behavior Program (ABP)","2025-11-05","Certified Staff/","Sage Elementary","https://www.applitrack.com/sweetwater/onlineapp/default.aspx?all=1","Sweetwater County School District 1","2026-03-20"
301,"Alternative Communications Program","2026-02-11","Certified Staff/","Stagecoach Elementary","https://www.applitrack.com/sweetwater/onlineapp/default.aspx?all=1","Sweetwater County School District 1","2026-03-20"
302,"Alternative Communications Program (ACP) Teacher","2026-03-10","Certified Staff/","Rock Springs Junior High","https://www.applitrack.com/sweetwater/onlineapp/default.aspx?all=1","Sweetwater County School District 1","2026-03-20"
303,"Alternative Behavior Program (ABP) Teacher","2026-03-12","Certified Staff/","Stagecoach Elementary","https://www.applitrack.com/sweetwater/onlineapp/default.aspx?all=1","Sweetwater County School District 1","2026-03-20"
304,"Title One Teacher","2026-02-17","Certified Staff/","Eastside Elementary","https://www.applitrack.com/sweetwater/onlineapp/default.aspx?all=1","Sweetwater County School District 1","2026-03-20"
305,"Bus Driver/Classroom Paraprofessional","2025-08-11","Combined Positions/","Desert Elementary (Wamsutter)","https://www.applitrack.com/sweetwater/onlineapp/default.aspx?all=1","Sweetwater County School District 1","2026-03-20"
306,"Substitute - Head Start","2018-06-12","Head Start","Overland Elementary","https://www.applitrack.com/sweetwater/onlineapp/default.aspx?all=1","Sweetwater County School District 1","2026-03-20"
307,"Maintenance Technician","2026-01-06","Maintenance/Custodial","Maintenance","https://www.applitrack.com/sweetwater/onlineapp/default.aspx?all=1","Sweetwater County School District 1","2026-03-20"
308,"Lead Custodian","2026-03-03","Maintenance/Custodial/","Overland Elementary","https://www.applitrack.com/sweetwater/onlineapp/default.aspx?all=1","Sweetwater County School District 1","2026-03-20"
309,"Activities Lead/ Full Time Custodian","2026-03-03","Maintenance/Custodial/","District Wide","https://www.applitrack.com/sweetwater/onlineapp/default.aspx?all=1","Sweetwater County School District 1","2026-03-20"
310,"Nutrition Services Assistant","2026-01-27","Nutrition Services/","Rock Springs High School","https://www.applitrack.com/sweetwater/onlineapp/default.aspx?all=1","Sweetwater County School District 1","2026-03-20"
311,"Nutrition Services Substitute","2024-07-18","Nutrition Services/","District Wide","https://www.applitrack.com/sweetwater/onlineapp/default.aspx?all=1","Sweetwater County School District 1","2026-03-20"
312,"Classroom Paraprofessional","2026-02-24","Paraprofessional/","Farson Schools","https://www.applitrack.com/sweetwater/onlineapp/default.aspx?all=1","Sweetwater County School District 1","2026-03-20"
313,"ELL Paraprofessional","2026-01-29","Paraprofessional/","Desert View Elementary","https://www.applitrack.com/sweetwater/onlineapp/default.aspx?all=1","Sweetwater County School District 1","2026-03-20"
314,"ELL Paraprofessional","2025-12-01","Paraprofessional/","Rock Springs Junior High School","https://www.applitrack.com/sweetwater/onlineapp/default.aspx?all=1","Sweetwater County School District 1","2026-03-20"
315,"Itinerant Paraprofessional/Testing Assistant","2026-01-20","Paraprofessional/","District Wide","https://www.applitrack.com/sweetwater/onlineapp/default.aspx?all=1","Sweetwater County School District 1","2026-03-20"
316,"Resource Paraprofessional","2026-03-17","Paraprofessional/","Sage Elementary","https://www.applitrack.com/sweetwater/onlineapp/default.aspx?all=1","Sweetwater County School District 1","2026-03-20"
317,"Resource Room Paraprofessional (3)","2025-08-21","Paraprofessional/","Rock Springs Satellite High School","https://www.applitrack.com/sweetwater/onlineapp/default.aspx?all=1","Sweetwater County School District 1","2026-03-20"
318,"Resource Room Paraprofessional (2)","2025-09-10","Paraprofessional/","Rock Springs High School","https://www.applitrack.com/sweetwater/onlineapp/default.aspx?all=1","Sweetwater County School District 1","2026-03-20"
319,"Full-Time High School Special Education Paraprofessional and Daycare Assistant - Overland/RSHS","2024-11-04","Paraprofessional/","Overland/RSHS","https://www.applitrack.com/sweetwater/onlineapp/default.aspx?all=1","Sweetwater County School District 1","2026-03-20"
320,"Special Programs One-on-One Paraprofessional","2025-11-24","Paraprofessional/","Rock Springs High School","https://www.applitrack.com/sweetwater/onlineapp/default.aspx?all=1","Sweetwater County School District 1","2026-03-20"
321,"Full-Time High School Special Education Paraprofessional and Daycare Assistant - Overland/RSHS","2025-11-11","Paraprofessional/","Overland/RSHS","https://www.applitrack.com/sweetwater/onlineapp/default.aspx?all=1","Sweetwater County School District 1","2026-03-20"
322,"Alternate Academic Special Programs One-on-One Paraprofessional","2026-03-16","Paraprofessional/","Eastside Elementary","https://www.applitrack.com/sweetwater/onlineapp/default.aspx?all=1","Sweetwater County School District 1","2026-03-20"
323,"One-On-One Paraprofessional","2026-03-16","Paraprofessional/","Eastside Elementary","https://www.applitrack.com/sweetwater/onlineapp/default.aspx?all=1","Sweetwater County School District 1","2026-03-20"
324,"Alternative Behavior Special Programs One-on-One Paraprofessional","2026-03-05","Paraprofessional/","Eastside Elementary","https://www.applitrack.com/sweetwater/onlineapp/default.aspx?all=1","Sweetwater County School District 1","2026-03-20"
325,"Special Programs Paraprofessional (Alternative Communications Program)","2026-02-18","Paraprofessional/","Rock Springs Junior High School","https://www.applitrack.com/sweetwater/onlineapp/default.aspx?all=1","Sweetwater County School District 1","2026-03-20"
326,"Certified Substitute School Nurse","2019-10-03","Substitute","District Wide","https://www.applitrack.com/sweetwater/onlineapp/default.aspx?all=1","Sweetwater County School District 1","2026-03-20"
327,"BOCES Part Time Building Substitute Teacher (2) - One Year Only","2025-06-05","Substitute/","Overland Elementary","https://www.applitrack.com/sweetwater/onlineapp/default.aspx?all=1","Sweetwater County School District 1","2026-03-20"
328,"2025-2026 Substitute Teacher - Part-Time","2025-07-07","Substitute/","District Wide","https://www.applitrack.com/sweetwater/onlineapp/default.aspx?all=1","Sweetwater County School District 1","2026-03-20"
329,"Over The Road Activity Bus Driver (4)","2025-11-03","Transportation/","Transportation","https://www.applitrack.com/sweetwater/onlineapp/default.aspx?all=1","Sweetwater County School District 1","2026-03-20"
330,"Bus Aide","2026-02-04","Transportation/","Transportation","https://www.applitrack.com/sweetwater/onlineapp/default.aspx?all=1","Sweetwater County School District 1","2026-03-20"
331,"Part-Time Bus Driver (26 Hours/Week)","2026-01-19","Transportation/","Transportation","https://www.applitrack.com/sweetwater/onlineapp/default.aspx?all=1","Sweetwater County School District 1","2026-03-20"
332,"Auto/Bus Mechanic (2)","2025-11-12","Transportation/","Transportation","https://www.applitrack.com/sweetwater/onlineapp/default.aspx?all=1","Sweetwater County School District 1","2026-03-20"
333,"High School Principal","2026-03-02","Administration/","Green River High School","https://www.applitrack.com/swcsd2/onlineapp/default.aspx?all=1","Sweetwater County School District 2","2026-03-20"
334,"Athletic Trainer","2026-02-02","Athletics/Activities/","Central Office","https://www.applitrack.com/swcsd2/onlineapp/default.aspx?all=1","Sweetwater County School District 2","2026-03-20"
335,"GRHS Assistant Track Coach","2026-03-05","Athletics/Activities/","Green River High School","https://www.applitrack.com/swcsd2/onlineapp/default.aspx?all=1","Sweetwater County School District 2","2026-03-20"
336,"GRHS Assistant Girls Soccer Coach","2025-06-05","Athletics/Activities/","Green River High School","https://www.applitrack.com/swcsd2/onlineapp/default.aspx?all=1","Sweetwater County School District 2","2026-03-20"
337,"LMS Assistant Co-Ed Soccer Coach","2025-06-05","Athletics/Activities/","Lincoln Middle School","https://www.applitrack.com/swcsd2/onlineapp/default.aspx?all=1","Sweetwater County School District 2","2026-03-20"
338,"Elementary Classroom Teacher (K-5)","2026-02-24","Elementary School Teaching","Location to be determined","https://www.applitrack.com/swcsd2/onlineapp/default.aspx?all=1","Sweetwater County School District 2","2026-03-20"
339,"Industrial Art Woodworking/Construction Teacher","2026-02-17","High School Teaching/","Green River High School","https://www.applitrack.com/swcsd2/onlineapp/default.aspx?all=1","Sweetwater County School District 2","2026-03-20"
340,"Substitute Custodian","2025-07-10","Maintenance/Custodial/","Maintenance Department","https://www.applitrack.com/swcsd2/onlineapp/default.aspx?all=1","Sweetwater County School District 2","2026-03-20"
341,"Instrumental Music Teacher","2026-02-02","Middle School Teaching/","Lincoln Middle School","https://www.applitrack.com/swcsd2/onlineapp/default.aspx?all=1","Sweetwater County School District 2","2026-03-20"
342,"Substitute Nutrition Services","2025-07-10","Nutrition Services/","Nutrition Services Department","https://www.applitrack.com/swcsd2/onlineapp/default.aspx?all=1","Sweetwater County School District 2","2026-03-20"
343,"English Language Learning Paraprofessional","2025-10-13","Paraprofessional/","Monroe Elementary School","https://www.applitrack.com/swcsd2/onlineapp/default.aspx?all=1","Sweetwater County School District 2","2026-03-20"
344,"Substitute Teacher","2025-07-10","Substitute/","Central Office","https://www.applitrack.com/swcsd2/onlineapp/default.aspx?all=1","Sweetwater County School District 2","2026-03-20"
345,"Substitute Teacher Aide","2025-07-10","Substitute/","Central Office","https://www.applitrack.com/swcsd2/onlineapp/default.aspx?all=1","Sweetwater County School District 2","2026-03-20"
346,"Part Time Summer Lifeguard","2026-03-16","Summer School/","Green River High School","https://www.applitrack.com/swcsd2/onlineapp/default.aspx?all=1","Sweetwater County School District 2","2026-03-20"
347,"Transportation Dispatcher","2026-03-16","Transportation","Transportation Department","https://www.applitrack.com/swcsd2/onlineapp/default.aspx?all=1","Sweetwater County School District 2","2026-03-20"
348,"Substitute Bus Driver","2025-07-10","Transportation/","Transportation Department","https://www.applitrack.com/swcsd2/onlineapp/default.aspx?all=1","Sweetwater County School District 2","2026-03-20"
349,"High School Head Boys Basketball Coach","2026-03-18","Athletics/Activities/","TCSD Schools","https://www.applitrack.com/tcsd/onlineapp/default.aspx?all=1","Teton County School District 1","2026-03-20"
350,"Elementary ELL Teacher","2026-03-06","Elementary School Teaching/","Colter Elementary School","https://www.applitrack.com/tcsd/onlineapp/default.aspx?all=1","Teton County School District 1","2026-03-20"
351,"K-5 Elementary Teacher","2026-03-16","Elementary School Teaching/","Jackson Elementary School","https://www.applitrack.com/tcsd/onlineapp/default.aspx?all=1","Teton County School District 1","2026-03-20"
352,"K-5 Elementary Teacher","2026-03-16","Elementary School Teaching/","Colter Elementary School","https://www.applitrack.com/tcsd/onlineapp/default.aspx?all=1","Teton County School District 1","2026-03-20"
353,"K-2 Elementary Dual Immersion Teacher-Spanish Instruction","2026-02-25","Elementary School Teaching/","Munger Mountain Elementary","https://www.applitrack.com/tcsd/onlineapp/default.aspx?all=1","Teton County School District 1","2026-03-20"
354,"3-5 Elementary Dual Immersion Teacher-Spanish Instruction","2026-02-25","Elementary School Teaching/","Munger Mountain Elementary","https://www.applitrack.com/tcsd/onlineapp/default.aspx?all=1","Teton County School District 1","2026-03-20"
355,"K-5 Elementary Dual Immersion Teacher-English Instruction","2026-02-25","Elementary School Teaching/","Munger Mountain Elementary","https://www.applitrack.com/tcsd/onlineapp/default.aspx?all=1","Teton County School District 1","2026-03-20"
356,"Elementary Music Teacher","2026-02-27","Elementary School Teaching/","Munger Mountain Elementary","https://www.applitrack.com/tcsd/onlineapp/default.aspx?all=1","Teton County School District 1","2026-03-20"
357,"CTE Teacher-Business, Financial Literacy, Marketing, Entrepreneurship","2026-02-27","High School Teaching/","Jackson Hole High School","https://www.applitrack.com/tcsd/onlineapp/default.aspx?all=1","Teton County School District 1","2026-03-20"
358,"High School Social Studies Teacher","2026-03-13","High School Teaching/","Jackson Hole High School","https://www.applitrack.com/tcsd/onlineapp/default.aspx?all=1","Teton County School District 1","2026-03-20"
359,"Middle School Music Teacher/Band Director","2026-02-26","Middle School Teaching/","Jackson Hole Middle School","https://www.applitrack.com/tcsd/onlineapp/default.aspx?all=1","Teton County School District 1","2026-03-20"
360,"Middle School STEM Teacher","2026-03-13","Middle School Teaching/","Jackson Hole Middle School","https://www.applitrack.com/tcsd/onlineapp/default.aspx?all=1","Teton County School District 1","2026-03-20"
361,"Middle School Social Studies Teacher","2026-02-25","Middle School Teaching/","Jackson Hole Middle School","https://www.applitrack.com/tcsd/onlineapp/default.aspx?all=1","Teton County School District 1","2026-03-20"
362,"Instructional Para","2025-12-18","Paraprofessional/","Kelly Elementary School","https://www.applitrack.com/tcsd/onlineapp/default.aspx?all=1","Teton County School District 1","2026-03-20"
363,"Special Education Paraprofessional Grades K-5","2026-02-04","Paraprofessional/","Munger Mountain Elementary","https://www.applitrack.com/tcsd/onlineapp/default.aspx?all=1","Teton County School District 1","2026-03-20"
364,"Special Education Paraprofessional(s) Grades 6-12","2025-09-18","Paraprofessional/","Jackson Hole High School","https://www.applitrack.com/tcsd/onlineapp/default.aspx?all=1","Teton County School District 1","2026-03-20"
365,"9-12 Secondary Special Education Teacher","2026-02-19","Student Support Services","Jackson Hole High School","https://www.applitrack.com/tcsd/onlineapp/default.aspx?all=1","Teton County School District 1","2026-03-20"
366,"School Counselor","2026-02-25","Student Support Services/","Jackson Hole High School","https://www.applitrack.com/tcsd/onlineapp/default.aspx?all=1","Teton County School District 1","2026-03-20"
367,"School Counselor","2026-02-25","Student Support Services/","Jackson Hole Middle School","https://www.applitrack.com/tcsd/onlineapp/default.aspx?all=1","Teton County School District 1","2026-03-20"
368,"Substitute Teachers/Nurses","2020-02-11","Substitute/","TCSD Schools","https://www.applitrack.com/tcsd/onlineapp/default.aspx?all=1","Teton County School District 1","2026-03-20"
369,"Long Term Sub Elementary Social Worker/School Counselor","2026-02-25","Substitute/","Munger Mountain Elementary","https://www.applitrack.com/tcsd/onlineapp/default.aspx?all=1","Teton County School District 1","2026-03-20"
370,"Long Term Sub Kindergarten Dual Immersion Teacher-Spanish Instruction","2026-02-25","Substitute/","Munger Mountain Elementary","https://www.applitrack.com/tcsd/onlineapp/default.aspx?all=1","Teton County School District 1","2026-03-20"
371,"Substitute Para/Secretary","2020-02-11","Substitute/","TCSD Schools","https://www.applitrack.com/tcsd/onlineapp/default.aspx?all=1","Teton County School District 1","2026-03-20"
372,"Walking School Bus","2025-10-29","Transportation/","Transportation","https://www.applitrack.com/tcsd/onlineapp/default.aspx?all=1","Teton County School District 1","2026-03-20"
373,"Substitute Bus Drivers","2019-10-29","Transportation/","Transportation","https://www.applitrack.com/tcsd/onlineapp/default.aspx?all=1","Teton County School District 1","2026-03-20"
374,"Director of Special Education","2026-03-16","Administration - District Level/","Education Service Center","https://www.applitrack.com/uinta/onlineapp/jobpostings/view.asp?all=1","Uinta County School District 1","2026-03-20"
375,"Instrumental Music/Strings Teacher","2026-03-10","District Wide Schools/","District Wide","https://www.applitrack.com/uinta/onlineapp/jobpostings/view.asp?all=1","Uinta County School District 1","2026-03-20"
376,"Elementary Teacher","2026-03-09","Elementary School Teaching/","District Wide","https://www.applitrack.com/uinta/onlineapp/jobpostings/view.asp?all=1","Uinta County School District 1","2026-03-20"
377,"Secondary English Language Arts Teacher","2026-02-12","High School / Secondary Teaching/","Evanston High School","https://www.applitrack.com/uinta/onlineapp/jobpostings/view.asp?all=1","Uinta County School District 1","2026-03-20"
378,"Secondary Math Teacher","2026-02-12","High School / Secondary Teaching/","Evanston High School & Davis Middle School","https://www.applitrack.com/uinta/onlineapp/jobpostings/view.asp?all=1","Uinta County School District 1","2026-03-20"
379,"Industrial Technology Teacher","2026-03-10","Middle School Teaching/","Davis Middle School","https://www.applitrack.com/uinta/onlineapp/jobpostings/view.asp?all=1","Uinta County School District 1","2026-03-20"
380,"Secondary Social Studies Teacher","2026-03-17","Middle School Teaching/","Evanston Middle School","https://www.applitrack.com/uinta/onlineapp/jobpostings/view.asp?all=1","Uinta County School District 1","2026-03-20"
381,"Executive Assistant - Office of the Superintendent","2026-02-04","Secretarial/Clerical/","Education Service Center","https://www.applitrack.com/uinta/onlineapp/jobpostings/view.asp?all=1","Uinta County School District 1","2026-03-20"
382,"Speech-Language Pathologist","2026-01-30","Student Support Services/","District Wide","https://www.applitrack.com/uinta/onlineapp/jobpostings/view.asp?all=1","Uinta County School District 1","2026-03-20"
383,"Bus Drivers and Substitute Bus Drivers","2026-01-09","Support Staff/","Transportation","https://www.applitrack.com/uinta/onlineapp/jobpostings/view.asp?all=1","Uinta County School District 1","2026-03-20"
384,"Full-time and Part-time Classroom Aides and SPED Paraprofessionals","2025-07-16","Support Staff/","District Wide","https://www.applitrack.com/uinta/onlineapp/jobpostings/view.asp?all=1","Uinta County School District 1","2026-03-20"
385,"Full-Time Lifeguard","2025-12-09","Aquatic Center Staff/","Worland Aquatic Center","https://www.applitrack.com/washakie1/onlineapp/default.aspx?all=1","Washakie County School District 1","2026-03-20"
386,"Lifeguard - HS Student","2024-01-08","Aquatic Center Staff/","Worland Aquatic Center","https://www.applitrack.com/washakie1/onlineapp/default.aspx?all=1","Washakie County School District 1","2026-03-20"
387,"Elementary Teacher","2025-12-09","Elementary School Teaching","08/05/2026","https://www.applitrack.com/washakie1/onlineapp/default.aspx?all=1","Washakie County School District 1","2026-03-20"
388,"Special Education Life Skills Teacher","2026-01-27","Elementary School Teaching","08/03/2026","https://www.applitrack.com/washakie1/onlineapp/default.aspx?all=1","Washakie County School District 1","2026-03-20"
389,"Alternative High School Teacher","2025-12-16","High School Teaching","White Hawk Academy","https://www.applitrack.com/washakie1/onlineapp/default.aspx?all=1","Washakie County School District 1","2026-03-20"
390,"Secondary Social Studies Teacher (with coaching available)","2026-03-06","High School Teaching/",NA,"https://www.applitrack.com/washakie1/onlineapp/default.aspx?all=1","Washakie County School District 1","2026-03-20"
391,"Secondary Science Teacher","2026-03-10","Middle School Teaching/",NA,"https://www.applitrack.com/washakie1/onlineapp/default.aspx?all=1","Washakie County School District 1","2026-03-20"
392,"Speech Language Pathologist","2024-12-18","Special Education Services","Education Resource Center","https://www.applitrack.com/washakie1/onlineapp/default.aspx?all=1","Washakie County School District 1","2026-03-20"
393,"SLP-Assistant","2025-05-14","Special Education Services","Education Resource Center","https://www.applitrack.com/washakie1/onlineapp/default.aspx?all=1","Washakie County School District 1","2026-03-20"
394,"Special Education Teacher","2025-12-02","Special Education Services","08/03/2026","https://www.applitrack.com/washakie1/onlineapp/default.aspx?all=1","Washakie County School District 1","2026-03-20"
395,"Elementary Counselor","2026-03-04","Student Support Services/","East Side Elementary","https://www.applitrack.com/washakie1/onlineapp/default.aspx?all=1","Washakie County School District 1","2026-03-20"
396,"Substitute Bus Driver","2021-07-01","Substitute/","Bus Barn","https://www.applitrack.com/washakie1/onlineapp/default.aspx?all=1","Washakie County School District 1","2026-03-20"
397,"Substitute Cook","2020-11-04","Substitute/","District","https://www.applitrack.com/washakie1/onlineapp/default.aspx?all=1","Washakie County School District 1","2026-03-20"
398,"Substitute Housekeeper","2019-01-21","Substitute/",NA,"https://www.applitrack.com/washakie1/onlineapp/default.aspx?all=1","Washakie County School District 1","2026-03-20"
399,"Substitute Paraeducator","2016-03-02","Substitute/",NA,"https://www.applitrack.com/washakie1/onlineapp/default.aspx?all=1","Washakie County School District 1","2026-03-20"
400,"Substitute Teacher","2016-03-02","Substitute/",NA,"https://www.applitrack.com/washakie1/onlineapp/default.aspx?all=1","Washakie County School District 1","2026-03-20"
401,"Special Education Teacher","2026-03-18","Certified","Dubois K-12 School","https://fremont2.tedk12.com/hire/index.aspx","Fremont County School District 2","2026-03-20"
402,"Administrative Assistant: K-12 Secretary","2026-03-18","Classified","Dubois K-12 School","https://fremont2.tedk12.com/hire/index.aspx","Fremont County School District 2","2026-03-20"
403,"2025-2026 Drama Club Sponsor Assistant","2025-12-22","Coaching","Dubois K-12 School","https://fremont2.tedk12.com/hire/index.aspx","Fremont County School District 2","2026-03-20"
404,"Substitute Custodian/Food Service","2025-02-01","Classified","Dubois K-12 School","https://fremont2.tedk12.com/hire/index.aspx","Fremont County School District 2","2026-03-20"
405,"Substitute Bus Driver","2024-04-01","Classified","Bus Barn","https://fremont2.tedk12.com/hire/index.aspx","Fremont County School District 2","2026-03-20"
406,"Substitute - Classified -  Para/Secretary","2024-04-01","Classified","Dubois K-12 School","https://fremont2.tedk12.com/hire/index.aspx","Fremont County School District 2","2026-03-20"
407,"Substitute Teaching","2024-04-01","Substitute","Dubois K-12 School","https://fremont2.tedk12.com/hire/index.aspx","Fremont County School District 2","2026-03-20"
408,"Secondary Math Instructor, Academic & Behavior Specialist, & Activity Director - Lingle Fort Laramie Schools - Eligible for $7,500 Hiring Incentive Based on Certification","2026-03-17","Secondary Certified","Lingle Ft Laramie Schools","https://goshen.tedk12.com/hire/index.aspx#aJobListings","Goshen County School District 1","2026-03-20"
409,"Transportation Maintenance Staff","2026-03-09","Transportation","Transportation Services","https://goshen.tedk12.com/hire/index.aspx#aJobListings","Goshen County School District 1","2026-03-20"
410,"Substitute Cook","2026-03-04","Food Service","District Food Services","https://goshen.tedk12.com/hire/index.aspx#aJobListings","Goshen County School District 1","2026-03-20"
411,"Special Education Teacher - Lincoln Elementary","2026-03-03","Special Education","Lincoln Elementary School","https://goshen.tedk12.com/hire/index.aspx#aJobListings","Goshen County School District 1","2026-03-20"
412,"Speech Language Pathologist - District","2026-03-01","Specialist - Certified","Office of Special Services","https://goshen.tedk12.com/hire/index.aspx#aJobListings","Goshen County School District 1","2026-03-20"
413,"English Teacher - Torrington Middle School","2026-02-17","Secondary Certified","Torrington Middle School","https://goshen.tedk12.com/hire/index.aspx#aJobListings","Goshen County School District 1","2026-03-20"
414,"Bus Driver/ Sub Bus Driver","2026-01-01","Bus Driver","Transportation Services","https://goshen.tedk12.com/hire/index.aspx#aJobListings","Goshen County School District 1","2026-03-20"
415,"Future Administrative Positions","2026-01-01","Administrative - building","Central Administration Office","https://goshen.tedk12.com/hire/index.aspx#aJobListings","Goshen County School District 1","2026-03-20"
416,"Future Substitute Teacher Positions","2026-01-01","Substitute","Central Administration Office","https://goshen.tedk12.com/hire/index.aspx#aJobListings","Goshen County School District 1","2026-03-20"
417,"Future Classified Positions","2026-01-01","Support","Central Administration Office","https://goshen.tedk12.com/hire/index.aspx#aJobListings","Goshen County School District 1","2026-03-20"
418,"Future Certified Positions","2026-01-01","K-12","Central Administration Office","https://goshen.tedk12.com/hire/index.aspx#aJobListings","Goshen County School District 1","2026-03-20"
419,"Teacher - Secondary Math - Torrington High School - Eligible for $15,000 Hiring Incentive Based on Certification","2025-09-18","Secondary Certified","Torrington High School","https://goshen.tedk12.com/hire/index.aspx#aJobListings","Goshen County School District 1","2026-03-20"
420,"Junior High Coach","2026-03-19","Moorcroft Secondary","Moorcroft, Wyoming","https://crook1.schoolspring.com/","Crook County School District 1","2026-03-20"
421,"Maintenance","2026-03-19","Moorcroft Elementary","Moorcroft, Wyoming","https://crook1.schoolspring.com/","Crook County School District 1","2026-03-20"
422,"Route Bus Driver","2026-03-09","Sundance Secondary","Sundance, Wyoming","https://crook1.schoolspring.com/","Crook County School District 1","2026-03-20"
423,"Special Education Teacher","2026-02-24","Moorcroft Elementary","Moorcroft, Wyoming","https://crook1.schoolspring.com/","Crook County School District 1","2026-03-20"
424,"Activities Director/Supervisor","2026-02-11","Sundance Secondary","Sundance, Wyoming","https://crook1.schoolspring.com/","Crook County School District 1","2026-03-20"
425,"Route Bus Driver","2026-02-11","Moorcroft Secondary","Moorcroft, Wyoming","https://crook1.schoolspring.com/","Crook County School District 1","2026-03-20"
426,"K-12 Music Teacher","2026-02-11","Hulett K-12","Hulett, Wyoming","https://crook1.schoolspring.com/","Crook County School District 1","2026-03-20"
427,"Route Bus Driver","2026-01-19","Sundance Secondary","Sundance, Wyoming","https://crook1.schoolspring.com/","Crook County School District 1","2026-03-20"
428,"Substitute Custodian","2025-08-06","Sundance Secondary","Sundance, Wyoming","https://crook1.schoolspring.com/","Crook County School District 1","2026-03-20"
429,"Substitute Custodian","2025-08-06","Moorcroft Secondary","Moorcroft, Wyoming","https://crook1.schoolspring.com/","Crook County School District 1","2026-03-20"
430,"Substitute Custodian","2025-08-06","Hulett K-12","Hulett, Wyoming","https://crook1.schoolspring.com/","Crook County School District 1","2026-03-20"
431,"Substitute Teacher","2025-08-06","Sundance Elementary","Sundance, Wyoming","https://crook1.schoolspring.com/","Crook County School District 1","2026-03-20"
432,"Substitute Teacher","2025-08-06","Moorcroft Elementary","Moorcroft, Wyoming","https://crook1.schoolspring.com/","Crook County School District 1","2026-03-20"
433,"Substitute Teacher","2025-08-06","Hulett K-12","Hulett, Wyoming","https://crook1.schoolspring.com/","Crook County School District 1","2026-03-20"
434,"Substitute & Activity Bus Drivers","2025-08-06","Sundance Secondary","Sundance, Wyoming","https://crook1.schoolspring.com/","Crook County School District 1","2026-03-20"
435,"Substitute & Activity Bus Drivers","2025-08-06","Moorcroft Secondary","Moorcroft, Wyoming","https://crook1.schoolspring.com/","Crook County School District 1","2026-03-20"
436,"Substitute & Activity Bus Drivers","2025-08-06","Hulett K-12","Hulett, Wyoming","https://crook1.schoolspring.com/","Crook County School District 1","2026-03-20"
437,"Assistant Cross Country Coach [C082]","2026-03-17","SOUTH HIGH SCHOOL","Cheyenne, Wyoming","https://laramie1.schoolspring.com/","Laramie County School District 1","2026-03-20"
438,"Assistant Principal - Junior High [BA05]","2026-03-13","CAREY JUNIOR HIGH SCHOOL","Cheyenne, Wyoming","https://laramie1.schoolspring.com/","Laramie County School District 1","2026-03-20"
439,"1st Grade Teacher DLI Spanish [TA40]","2026-03-12","AFFLERBACH ELEMENTARY SCHOOL","Cheyenne, Wyoming","https://laramie1.schoolspring.com/","Laramie County School District 1","2026-03-20"
440,"Assistant Tennis Coach [C132]","2026-03-06","EAST HIGH SCHOOL","Cheyenne, Wyoming","https://laramie1.schoolspring.com/","Laramie County School District 1","2026-03-20"
441,"Head Cheer Coach [C106]","2026-03-06","SOUTH HIGH SCHOOL","Cheyenne, Wyoming","https://laramie1.schoolspring.com/","Laramie County School District 1","2026-03-20"
442,"Elementary Head Track Coach [C188]","2026-03-05","MEADOWLARK ELEMENTARY SCHOOL","Cheyenne, Wyoming","https://laramie1.schoolspring.com/","Laramie County School District 1","2026-03-20"
443,"Elementary Assistant Track Coach [C190]","2026-03-05","SADDLE RIDGE ELEMENTARY SCHOOL","Cheyenne, Wyoming","https://laramie1.schoolspring.com/","Laramie County School District 1","2026-03-20"
444,"Elementary Assistant Track Coach [C190]","2026-03-05","PRAIRIE WIND ELEMENTARY SCHOOL","Cheyenne, Wyoming","https://laramie1.schoolspring.com/","Laramie County School District 1","2026-03-20"
445,"Elementary Assistant Track Coach [C190]","2026-03-05","DAVIS ELEMENTARY SCHOOL","Cheyenne, Wyoming","https://laramie1.schoolspring.com/","Laramie County School District 1","2026-03-20"
446,"Elementary Head Track Coach [C188]","2026-03-05","DAVIS ELEMENTARY SCHOOL","Cheyenne, Wyoming","https://laramie1.schoolspring.com/","Laramie County School District 1","2026-03-20"
447,"Elementary Head Track Coach [C188]","2026-03-05","DEMING ELEMENTARY SCHOOL","Cheyenne, Wyoming","https://laramie1.schoolspring.com/","Laramie County School District 1","2026-03-20"
448,"Elementary Assistant Track Coach [C190]","2026-03-05","DEMING ELEMENTARY SCHOOL","Cheyenne, Wyoming","https://laramie1.schoolspring.com/","Laramie County School District 1","2026-03-20"
449,"Elementary Assistant Track Coach [C190]","2026-03-04","BUFFALO RIDGE ELEMENTARY SCHL","Cheyenne, Wyoming","https://laramie1.schoolspring.com/","Laramie County School District 1","2026-03-20"
450,"Elementary Head Track Coach [C188]","2026-03-04","BUFFALO RIDGE ELEMENTARY SCHL","Cheyenne, Wyoming","https://laramie1.schoolspring.com/","Laramie County School District 1","2026-03-20"
451,"Elementary Assistant Track Coach [C190]","2026-03-04","ANDERSON ELEMENTARY SCHOOL","Cheyenne, Wyoming","https://laramie1.schoolspring.com/","Laramie County School District 1","2026-03-20"
452,"Elementary Head Track Coach [C188]","2026-03-04","ANDERSON ELEMENTARY SCHOOL","Cheyenne, Wyoming","https://laramie1.schoolspring.com/","Laramie County School District 1","2026-03-20"
453,"Elementary Assistant Track Coach [C190]","2026-03-04","DILDINE ELEMENTARY SCHOOL","Cheyenne, Wyoming","https://laramie1.schoolspring.com/","Laramie County School District 1","2026-03-20"
454,"Elementary Assistant Track Coach [C190]","2026-03-04","JESSUP ELEMENTARY SCHOOL","Cheyenne, Wyoming","https://laramie1.schoolspring.com/","Laramie County School District 1","2026-03-20"
455,"Elementary Assistant Track Coach [C190]","2026-03-04","SUNRISE ELEMENTARY SCHOOL","Cheyenne, Wyoming","https://laramie1.schoolspring.com/","Laramie County School District 1","2026-03-20"
456,"Elementary Head Track Coach [C188]","2026-03-04","SUNRISE ELEMENTARY SCHOOL","Cheyenne, Wyoming","https://laramie1.schoolspring.com/","Laramie County School District 1","2026-03-20"
457,"Elementary Assistant Track Coach [C190]","2026-03-04","ROSSMAN ELEMENTARY SCHOOL","Cheyenne, Wyoming","https://laramie1.schoolspring.com/","Laramie County School District 1","2026-03-20"
458,"Elementary Head Track Coach [C188]","2026-03-04","ROSSMAN ELEMENTARY SCHOOL","Cheyenne, Wyoming","https://laramie1.schoolspring.com/","Laramie County School District 1","2026-03-20"
459,"Elementary Assistant Track Coach [C190]","2026-03-04","PIONEER PARK ELEMENTARY SCHOOL","Cheyenne, Wyoming","https://laramie1.schoolspring.com/","Laramie County School District 1","2026-03-20"
460,"Elementary Assistant Track Coach [C190]","2026-03-04","HENDERSON ELEMENTARY SCHOOL","Cheyenne, Wyoming","https://laramie1.schoolspring.com/","Laramie County School District 1","2026-03-20"
461,"Elementary Head Track Coach [C188]","2026-03-04","HENDERSON ELEMENTARY SCHOOL","Cheyenne, Wyoming","https://laramie1.schoolspring.com/","Laramie County School District 1","2026-03-20"
462,"Elementary Assistant Track Coach [C190]","2026-03-04","HEBARD ELEMENTARY SCHOOL","Cheyenne, Wyoming","https://laramie1.schoolspring.com/","Laramie County School District 1","2026-03-20"
463,"Elementary Head Track Coach [C188]","2026-03-04","HEBARD ELEMENTARY SCHOOL","Cheyenne, Wyoming","https://laramie1.schoolspring.com/","Laramie County School District 1","2026-03-20"
464,"Elementary Assistant Track Coach [C190]","2026-03-04","GOINS ELEMENTARY SCHOOL","Cheyenne, Wyoming","https://laramie1.schoolspring.com/","Laramie County School District 1","2026-03-20"
465,"Elementary Head Track Coach [C188]","2026-03-04","GOINS ELEMENTARY SCHOOL","Cheyenne, Wyoming","https://laramie1.schoolspring.com/","Laramie County School District 1","2026-03-20"
466,"Elementary Assistant Track Coach [C190]","2026-03-04","GILCHRIST ELEMENTARY SCHOOL","Cheyenne, Wyoming","https://laramie1.schoolspring.com/","Laramie County School District 1","2026-03-20"
467,"Elementary Head Track Coach [C188]","2026-03-04","GILCHRIST ELEMENTARY SCHOOL","Cheyenne, Wyoming","https://laramie1.schoolspring.com/","Laramie County School District 1","2026-03-20"
468,"Elementary Assistant Track Coach [C190]","2026-03-04","FAIRVIEW ELEMENTARY SCHOOL","Cheyenne, Wyoming","https://laramie1.schoolspring.com/","Laramie County School District 1","2026-03-20"
469,"Elementary Head Track Coach [C188]","2026-03-04","FAIRVIEW ELEMENTARY SCHOOL","Cheyenne, Wyoming","https://laramie1.schoolspring.com/","Laramie County School District 1","2026-03-20"
470,"Elementary Assistant Track Coach [C190]","2026-03-04","COLE ELEMENTARY SCHOOL","Cheyenne, Wyoming","https://laramie1.schoolspring.com/","Laramie County School District 1","2026-03-20"
471,"Elementary Head Track Coach [C188]","2026-03-04","COLE ELEMENTARY SCHOOL","Cheyenne, Wyoming","https://laramie1.schoolspring.com/","Laramie County School District 1","2026-03-20"
472,"Elementary Assistant Track Coach [C190]","2026-03-04","BAIN ELEMENTARY SCHOOL","Cheyenne, Wyoming","https://laramie1.schoolspring.com/","Laramie County School District 1","2026-03-20"
473,"Elementary Head Track Coach [C188]","2026-03-04","BAIN ELEMENTARY SCHOOL","Cheyenne, Wyoming","https://laramie1.schoolspring.com/","Laramie County School District 1","2026-03-20"
474,"Elementary Assistant Track Coach [C190]","2026-03-04","BAGGS ELEMENTARY SCHOOL","Cheyenne, Wyoming","https://laramie1.schoolspring.com/","Laramie County School District 1","2026-03-20"
475,"Elementary Head Track Coach [C188]","2026-03-04","BAGGS ELEMENTARY SCHOOL","Cheyenne, Wyoming","https://laramie1.schoolspring.com/","Laramie County School District 1","2026-03-20"
476,"Elementary Assistant Track Coach [C190]","2026-03-04","ARP ELEMENTARY SCHOOL","Cheyenne, Wyoming","https://laramie1.schoolspring.com/","Laramie County School District 1","2026-03-20"
477,"Elementary Head Track Coach [C188]","2026-03-04","ARP ELEMENTARY SCHOOL","Cheyenne, Wyoming","https://laramie1.schoolspring.com/","Laramie County School District 1","2026-03-20"
478,"Elementary Assistant Track Coach [C190]","2026-03-04","ALTA VISTA ELEMENTARY SCHOOL","Cheyenne, Wyoming","https://laramie1.schoolspring.com/","Laramie County School District 1","2026-03-20"
479,"Elementary Assistant Track Coach [C190]","2026-03-04","AFFLERBACH ELEMENTARY SCHOOL","Cheyenne, Wyoming","https://laramie1.schoolspring.com/","Laramie County School District 1","2026-03-20"
480,"Elementary Assistant Track Coach [C190]","2026-03-04","MEADOWLARK ELEMENTARY SCHOOL","Cheyenne, Wyoming","https://laramie1.schoolspring.com/","Laramie County School District 1","2026-03-20"
481,"Paraeducator Special Education [XP08]","2026-03-04","ROSSMAN ELEMENTARY SCHOOL","Cheyenne, Wyoming","https://laramie1.schoolspring.com/","Laramie County School District 1","2026-03-20"
482,"Paraeducator Special Education [XP08]","2026-03-02","AFFLERBACH ELEMENTARY SCHOOL","Cheyenne, Wyoming","https://laramie1.schoolspring.com/","Laramie County School District 1","2026-03-20"
483,"Head Tennis Coach [C134]","2026-02-26","SOUTH HIGH SCHOOL","Cheyenne, Wyoming","https://laramie1.schoolspring.com/","Laramie County School District 1","2026-03-20"
484,"Assistant Principal - Junior High [BA05]","2026-02-24","JOHNSON JUNIOR HIGH SCHOOL","Cheyenne, Wyoming","https://laramie1.schoolspring.com/","Laramie County School District 1","2026-03-20"
485,"School Nurse - 2026/2027 Contract Year","2026-02-19","PODER/PASS ACADEMY","Cheyenne, Wyoming","https://laramie1.schoolspring.com/","Laramie County School District 1","2026-03-20"
486,"Middle School Science Teacher (7th and 8th) - 2026/2027 Contract Year","2026-02-19","PODER ACADEMY SECONDARY (PASS)","Cheyenne, Wyoming","https://laramie1.schoolspring.com/","Laramie County School District 1","2026-03-20"
487,"Secondary Math Teacher - 2026/2027 Contract Year","2026-02-19","PODER ACADEMY SECONDARY (PASS)","Cheyenne, Wyoming","https://laramie1.schoolspring.com/","Laramie County School District 1","2026-03-20"
488,"Building Interventionist/Sub - 2026/2027 contract year","2026-02-19","PODER ACADEMY SECONDARY (PASS)","Cheyenne, Wyoming","https://laramie1.schoolspring.com/","Laramie County School District 1","2026-03-20"
489,"SPED Teacher","2026-02-17","PODER ACADEMY ELEMENTARY","Cheyenne, Wyoming","https://laramie1.schoolspring.com/","Laramie County School District 1","2026-03-20"
490,"Paraeducator Special Needs Life Skills [XP09]","2026-02-17","EAST HIGH SCHOOL","Cheyenne, Wyoming","https://laramie1.schoolspring.com/","Laramie County School District 1","2026-03-20"
491,"Occupational Therapist [XT06]","2026-02-17","Laramie County School District 1","Cheyenne, Wyoming","https://laramie1.schoolspring.com/","Laramie County School District 1","2026-03-20"
492,"Custodial-Head Class 4 - Remainder of the 2025/2026 Contract Year only[CU07]","2026-02-17","DEMING ELEMENTARY SCHOOL","Cheyenne, Wyoming","https://laramie1.schoolspring.com/","Laramie County School District 1","2026-03-20"
493,"Custodial-Assistant Head Custodian - Class 5 [CU02]","2026-02-17","SOUTH HIGH SCHOOL","Cheyenne, Wyoming","https://laramie1.schoolspring.com/","Laramie County School District 1","2026-03-20"
494,"Custodial - Head Class 5 [CU02]","2026-02-17","MCCORMICK JUNIOR HIGH SCHOOL","Cheyenne, Wyoming","https://laramie1.schoolspring.com/","Laramie County School District 1","2026-03-20"
495,"Custodial - Head Class 5 [CU02]","2026-02-17","JOHNSON JUNIOR HIGH SCHOOL","Cheyenne, Wyoming","https://laramie1.schoolspring.com/","Laramie County School District 1","2026-03-20"
496,"School Custodian/Maintenance","2026-02-09","PODER ACADEMY SECONDARY (PASS)","Cheyenne, Wyoming","https://laramie1.schoolspring.com/","Laramie County School District 1","2026-03-20"
497,"Enrollment Marketing and Community Outreach Coordinator","2026-02-09","PODER/PASS ACADEMY","Cheyenne, Wyoming","https://laramie1.schoolspring.com/","Laramie County School District 1","2026-03-20"
498,"Physical Therapy Assistant [XI03]","2026-02-09","Laramie County School District 1","Cheyenne, Wyoming","https://laramie1.schoolspring.com/","Laramie County School District 1","2026-03-20"
499,"Student Sweeper [ST05]","2026-02-06","MCCORMICK JUNIOR HIGH SCHOOL","Cheyenne, Wyoming","https://laramie1.schoolspring.com/","Laramie County School District 1","2026-03-20"
500,"Elementary K-6 Teacher","2026-02-05","PODER ACADEMY ELEMENTARY","Cheyenne, Wyoming","https://laramie1.schoolspring.com/","Laramie County School District 1","2026-03-20"
501,"Physical Education","2026-02-05","PODER ACADEMY ELEMENTARY","Cheyenne, Wyoming","https://laramie1.schoolspring.com/","Laramie County School District 1","2026-03-20"
502,"Sub-Custodian [S010]","2026-02-03","Laramie County School District 1","Cheyenne, Wyoming","https://laramie1.schoolspring.com/","Laramie County School District 1","2026-03-20"
503,"Substitute Transportation Driver [S050]","2026-02-03","Laramie County School District 1","Cheyenne, Wyoming","https://laramie1.schoolspring.com/","Laramie County School District 1","2026-03-20"
504,"Custodial - Head Class 4 [CU07]","2026-02-02","TRIUMPH HIGH SCHOOL","Cheyenne, Wyoming","https://laramie1.schoolspring.com/","Laramie County School District 1","2026-03-20"
505,"Substitute Transportation Assistant [S051]","2026-02-02","Laramie County School District 1","Cheyenne, Wyoming","https://laramie1.schoolspring.com/","Laramie County School District 1","2026-03-20"
506,"Custodial - Head Class 5 [CU08]","2026-01-16","CAREY JUNIOR HIGH SCHOOL","Cheyenne, Wyoming","https://laramie1.schoolspring.com/","Laramie County School District 1","2026-03-20"
507,"We The People Sponsor","2025-11-18","SOUTH HIGH SCHOOL","Cheyenne, Wyoming","https://laramie1.schoolspring.com/","Laramie County School District 1","2026-03-20"
508,"Student Sweeper [ST05]","2025-11-07","AFFLERBACH ELEMENTARY SCHOOL","Cheyenne, Wyoming","https://laramie1.schoolspring.com/","Laramie County School District 1","2026-03-20"
509,"Student Sweeper [ST05]","2025-11-07","ARP ELEMENTARY SCHOOL","Cheyenne, Wyoming","https://laramie1.schoolspring.com/","Laramie County School District 1","2026-03-20"
510,"Student Sweeper [ST05]","2025-11-07","BAGGS ELEMENTARY SCHOOL","Cheyenne, Wyoming","https://laramie1.schoolspring.com/","Laramie County School District 1","2026-03-20"
511,"Student Sweeper [ST05]","2025-11-07","BUFFALO RIDGE ELEMENTARY SCHL","Cheyenne, Wyoming","https://laramie1.schoolspring.com/","Laramie County School District 1","2026-03-20"
512,"Student Sweeper [ST05]","2025-11-07","DILDINE ELEMENTARY SCHOOL","Cheyenne, Wyoming","https://laramie1.schoolspring.com/","Laramie County School District 1","2026-03-20"
513,"Student Sweeper [ST05]","2025-11-07","GILCHRIST ELEMENTARY SCHOOL","Cheyenne, Wyoming","https://laramie1.schoolspring.com/","Laramie County School District 1","2026-03-20"
514,"Student Sweeper [ST05]","2025-11-07","HENDERSON ELEMENTARY SCHOOL","Cheyenne, Wyoming","https://laramie1.schoolspring.com/","Laramie County School District 1","2026-03-20"
515,"Student Sweeper [ST05]","2025-11-07","PRAIRIE WIND ELEMENTARY SCHOOL","Cheyenne, Wyoming","https://laramie1.schoolspring.com/","Laramie County School District 1","2026-03-20"
516,"Student Sweeper [ST05]","2025-11-07","CAREY JUNIOR HIGH SCHOOL","Cheyenne, Wyoming","https://laramie1.schoolspring.com/","Laramie County School District 1","2026-03-20"
517,"Physical Therapist [XT07]","2025-10-23","Laramie County School District 1","Cheyenne, Wyoming","https://laramie1.schoolspring.com/","Laramie County School District 1","2026-03-20"
518,"Paraprofessional","2025-10-20","PODER ACADEMY SECONDARY (PASS)","Cheyenne, Wyoming","https://laramie1.schoolspring.com/","Laramie County School District 1","2026-03-20"
519,"Assistant - Speech Language Pathology [XI02]","2025-09-11","HOBBS ELEMENTARY SCHOOL","Cheyenne, Wyoming","https://laramie1.schoolspring.com/","Laramie County School District 1","2026-03-20"
520,"Speech Language Pathologist [XT14]","2025-08-08","Laramie County School District 1","Cheyenne, Wyoming","https://laramie1.schoolspring.com/","Laramie County School District 1","2026-03-20"
521,"Applicant Pool - Substitute Teacher [S035]","2025-07-31","SUBSTITUTE TEACHERS","Cheyenne, Wyoming","https://laramie1.schoolspring.com/","Laramie County School District 1","2026-03-20"
522,"Paraeducator Sign Support [XP05]","2025-06-26","BUILDING TO BE DETERMINED","Cheyenne, Wyoming","https://laramie1.schoolspring.com/","Laramie County School District 1","2026-03-20"
523,"School Psychologist [XA01]","2025-06-17","BUILDING TO BE DETERMINED","Cheyenne, Wyoming","https://laramie1.schoolspring.com/","Laramie County School District 1","2026-03-20"
524,"CCA Track Aide","2026-03-20","Casper Classical Academy","Casper, Wyoming","https://natronaschools.schoolspring.com/","Natrona School District 1","2026-03-20"
525,"Audiologist to begin the 2026-2027 School Year","2026-03-19","Special Education Services Center","Casper, Wyoming","https://natronaschools.schoolspring.com/","Natrona School District 1","2026-03-20"
526,"CMS Head Track Coach","2026-03-19","Centennial Middle School","Casper, Wyoming","https://natronaschools.schoolspring.com/","Natrona School District 1","2026-03-20"
527,"CYMS Golf Aide","2026-03-19","CY Middle School","Casper, Wyoming","https://natronaschools.schoolspring.com/","Natrona School District 1","2026-03-20"
528,"Physical Therapist to begin 2026-2027 School Year","2026-03-18","Special Education Services Center","Casper, Wyoming","https://natronaschools.schoolspring.com/","Natrona School District 1","2026-03-20"
529,"NCHS CTE Drafting and Manufacturing Teacher Beginning the 2026-27 School Year","2026-03-18","Natrona County High School","Casper, Wyoming","https://natronaschools.schoolspring.com/","Natrona School District 1","2026-03-20"
530,"Sagewood Custodian","2026-03-16","Sagewood Elementary","Casper, Wyoming","https://natronaschools.schoolspring.com/","Natrona School District 1","2026-03-20"
531,"CYMS Boys Soccer Aide","2026-03-13","CY Middle School","Casper, Wyoming","https://natronaschools.schoolspring.com/","Natrona School District 1","2026-03-20"
532,"Centennial Track Aide","2026-03-13","Centennial Middle School","Casper, Wyoming","https://natronaschools.schoolspring.com/","Natrona School District 1","2026-03-20"
533,"Instructional Facilitator Beginning the 2026-27 School Year","2026-03-10","Curriculum and Instruction","Casper, Wyoming","https://natronaschools.schoolspring.com/","Natrona School District 1","2026-03-20"
534,"District Assistant Elementary Principal for the 2026-27 School Year Only","2026-03-03","Curriculum and Instruction","Casper, Wyoming","https://natronaschools.schoolspring.com/","Natrona School District 1","2026-03-20"
535,"School Psychologist to begin 2026-2027 School Year","2026-03-03","Special Education Services Center","Casper, Wyoming","https://natronaschools.schoolspring.com/","Natrona School District 1","2026-03-20"
536,"Assistant Director of Human Resources to begin 2026-2027 School Year","2026-03-03","Human Resources","Casper, Wyoming","https://natronaschools.schoolspring.com/","Natrona School District 1","2026-03-20"
537,"Dean Morgan Track Aide","2026-03-03","Dean Morgan Middle School","Casper, Wyoming","https://natronaschools.schoolspring.com/","Natrona School District 1","2026-03-20"
538,"NCHS Head Volleyball Coach","2026-02-23","Natrona County High School","Casper, Wyoming","https://natronaschools.schoolspring.com/","Natrona School District 1","2026-03-20"
539,"KWHS Student Information Technology Worker","2026-02-20","Kelly Walsh High School","Casper, Wyoming","https://natronaschools.schoolspring.com/","Natrona School District 1","2026-03-20"
540,"NCHS Student Information Technology Worker","2026-02-20","Natrona County High School","Casper, Wyoming","https://natronaschools.schoolspring.com/","Natrona School District 1","2026-03-20"
541,"Substitute Bus Driver","2026-02-13","Transportation","Casper, Wyoming","https://natronaschools.schoolspring.com/","Natrona School District 1","2026-03-20"
542,"Bus Driver 260-day","2026-02-05","Transportation","Casper, Wyoming","https://natronaschools.schoolspring.com/","Natrona School District 1","2026-03-20"
543,"CMS Soccer Aide","2026-02-03","Centennial Middle School","Casper, Wyoming","https://natronaschools.schoolspring.com/","Natrona School District 1","2026-03-20"
544,"Verda James Elementary Dual Language Immersion (Spanish) Teacher Beginning the 2026-27 School Year","2026-02-02","Verda James Elementary","Casper, Wyoming","https://natronaschools.schoolspring.com/","Natrona School District 1","2026-03-20"
545,"Centennial Head Boys Soccer Coach","2026-01-16","Centennial Middle School","Casper, Wyoming","https://natronaschools.schoolspring.com/","Natrona School District 1","2026-03-20"
546,"Centennial Head Girls Soccer Coach","2026-01-16","Centennial Middle School","Casper, Wyoming","https://natronaschools.schoolspring.com/","Natrona School District 1","2026-03-20"
547,"KWHS - Marine Instructor (MI) OR Senior ROTC Marine Instructor (SMI)","2025-07-10","Kelly Walsh High School","Casper, Wyoming","https://natronaschools.schoolspring.com/","Natrona School District 1","2026-03-20"
548,"Education Interpreter","2025-05-01","Special Education Services Center","Casper, Wyoming","https://natronaschools.schoolspring.com/","Natrona School District 1","2026-03-20"
549,"Substitute Custodian","2025-01-29","Human Resources","Casper, Wyoming","https://natronaschools.schoolspring.com/","Natrona School District 1","2026-03-20"
550,"Technology Coordinator","2026-03-18","LARAMIE COUNTY SD #2","Pine Bluffs, Wyoming","https://laramie2.schoolspring.com/","Laramie County School District 2","2026-03-20"
551,"District PowerSchool Administrator","2026-03-17","LARAMIE COUNTY SD #2","Pine Bluffs, Wyoming","https://laramie2.schoolspring.com/","Laramie County School District 2","2026-03-20"
552,"School Psychologist 2026-2027 School Year","2026-03-12","LARAMIE COUNTY SD #2","Pine Bluffs, Wyoming","https://laramie2.schoolspring.com/","Laramie County School District 2","2026-03-20"
553,"Speech-Language Pathologist 2026-27 School Year","2026-03-12","LARAMIE COUNTY SD #2","Pine Bluffs, Wyoming","https://laramie2.schoolspring.com/","Laramie County School District 2","2026-03-20"
554,"Part Time Elementary Teacher 2026-27 School Year","2026-03-12","Albin Elementary","Albin, Wyoming","https://laramie2.schoolspring.com/","Laramie County School District 2","2026-03-20"
555,"Summer Groundskeeper","2026-03-10","Pine Bluffs Jr./Sr. High School","Pine Bluffs, Wyoming","https://laramie2.schoolspring.com/","Laramie County School District 2","2026-03-20"
556,"World Language Teacher 2026-2027 school year","2026-03-02","Burns Jr./Sr. High School","Burns, Wyoming","https://laramie2.schoolspring.com/","Laramie County School District 2","2026-03-20"
557,"Assistant High School Football Coach","2026-02-24","Burns Jr./Sr. High School","Burns, Wyoming","https://laramie2.schoolspring.com/","Laramie County School District 2","2026-03-20"
558,"Secondary Math Teacher for 2026-2027 School Year","2026-02-18","Burns Jr./Sr. High School","Burns, Wyoming","https://laramie2.schoolspring.com/","Laramie County School District 2","2026-03-20"
559,"Elementary Teacher 2026-27 School Year","2026-02-02","LARAMIE COUNTY SD #2","Pine Bluffs, Wyoming","https://laramie2.schoolspring.com/","Laramie County School District 2","2026-03-20"
560,"Industrial Arts Teacher 2026-27 School Year","2026-01-08","Pine Bluffs Jr./Sr. High School","Pine Bluffs, Wyoming","https://laramie2.schoolspring.com/","Laramie County School District 2","2026-03-20"
561,"Assistant JH Volleyball Numbers Coach","2025-12-02","Burns Jr./Sr. High School","Burns, Wyoming","https://laramie2.schoolspring.com/","Laramie County School District 2","2026-03-20"
562,"Substitute School Nurse","2025-09-15","LARAMIE COUNTY SD #2","Pine Bluffs, Wyoming","https://laramie2.schoolspring.com/","Laramie County School District 2","2026-03-20"
563,"ELL Parent Translator Contactor","2025-09-15","LARAMIE COUNTY SD #2","Pine Bluffs, Wyoming","https://laramie2.schoolspring.com/","Laramie County School District 2","2026-03-20"
564,"Assistant JH Football Coach","2025-08-05","Burns Jr./Sr. High School","Burns, Wyoming","https://laramie2.schoolspring.com/","Laramie County School District 2","2026-03-20"
565,"ELL Paraprofessional","2025-06-10","LARAMIE COUNTY SD #2","Pine Bluffs, Wyoming","https://laramie2.schoolspring.com/","Laramie County School District 2","2026-03-20"
566,"Sub Paraprofessional","2025-01-30","LARAMIE COUNTY SD #2","Pine Bluffs, Wyoming","https://laramie2.schoolspring.com/","Laramie County School District 2","2026-03-20"
567,"Sub Custodian","2025-01-30","LARAMIE COUNTY SD #2","Pine Bluffs, Wyoming","https://laramie2.schoolspring.com/","Laramie County School District 2","2026-03-20"
568,"Substitute Cook","2025-01-30","LARAMIE COUNTY SD #2","Pine Bluffs, Wyoming","https://laramie2.schoolspring.com/","Laramie County School District 2","2026-03-20"
569,"Substitute Teacher","2025-01-30","LARAMIE COUNTY SD #2","Pine Bluffs, Wyoming","https://laramie2.schoolspring.com/","Laramie County School District 2","2026-03-20"
570,"Substitute Bus Driver","2025-01-30","LARAMIE COUNTY SD #2","Pine Bluffs, Wyoming","https://laramie2.schoolspring.com/","Laramie County School District 2","2026-03-20"
571,"COTA","2026-03-19","ALTERNATIVE/SPECIAL SERVICES","Riverton, Wyoming","https://fremont25.schoolspring.com/","Fremont County School District 25","2026-03-20"
572,"MIDDLE SCHOOL COACH (GIRLS ASSISTANT BASKETBALL)","2026-03-18","RIVERTON MIDDLE SCHOOL","Riverton, Wyoming","https://fremont25.schoolspring.com/","Fremont County School District 25","2026-03-20"
573,"CUSTODIAN FLOATER","2026-03-11","Fremont County School District 25","Riverton, Wyoming","https://fremont25.schoolspring.com/","Fremont County School District 25","2026-03-20"
574,"LAWN CREW","2026-03-11","MAINTANENCE","Riverton, Wyoming","https://fremont25.schoolspring.com/","Fremont County School District 25","2026-03-20"
575,"TEACHER (THEATER)","2026-03-06","RIVERTON HIGH SCHOOL","Riverton, Wyoming","https://fremont25.schoolspring.com/","Fremont County School District 25","2026-03-20"
576,"TEACHER (ELA)","2026-03-06","RIVERTON HIGH SCHOOL","Riverton, Wyoming","https://fremont25.schoolspring.com/","Fremont County School District 25","2026-03-20"
577,"COUNSELOR","2026-02-27","RIVERTON HIGH SCHOOL","Riverton, Wyoming","https://fremont25.schoolspring.com/","Fremont County School District 25","2026-03-20"
578,"MIDDLE SCHOOL ASSISTANT COACH (CROSS COUNTRY)","2026-02-24","RIVERTON MIDDLE SCHOOL","Riverton, Wyoming","https://fremont25.schoolspring.com/","Fremont County School District 25","2026-03-20"
579,"DAYCARE ASSISTANT","2026-02-23","ASPEN ELEMENTARY","Riverton, Wyoming","https://fremont25.schoolspring.com/","Fremont County School District 25","2026-03-20"
580,"PARA (SPED)","2026-02-23","WILLOW CREEK","Riverton, Wyoming","https://fremont25.schoolspring.com/","Fremont County School District 25","2026-03-20"
581,"MIDDLE SCHOOL COACH (ASSISTANT VOLLEYBALL)","2026-02-20","RIVERTON MIDDLE SCHOOL","Riverton, Wyoming","https://fremont25.schoolspring.com/","Fremont County School District 25","2026-03-20"
582,"PARA (SPED BSP)","2026-02-18","RENDEZVOUS ELEMENTARY","Riverton, Wyoming","https://fremont25.schoolspring.com/","Fremont County School District 25","2026-03-20"
583,"SPEECH LANGUAGE PATHOLOGIST","2026-02-09","Fremont County School District 25","Riverton, Wyoming","https://fremont25.schoolspring.com/","Fremont County School District 25","2026-03-20"
584,"SCHOOL PSYCHOLOGIST","2026-02-09","ALTERNATIVE/SPECIAL SERVICES","Riverton, Wyoming","https://fremont25.schoolspring.com/","Fremont County School District 25","2026-03-20"
585,"CASE MANAGER (SPED)","2026-02-02","Fremont County School District 25","Riverton, Wyoming","https://fremont25.schoolspring.com/","Fremont County School District 25","2026-03-20"
586,"OCCUPATIONAL THERAPIST","2026-01-22","Fremont County School District 25","Riverton, Wyoming","https://fremont25.schoolspring.com/","Fremont County School District 25","2026-03-20"
587,"HIGH SCHOOL ASSISTANT COACH (VOLLEYBALL)","2025-12-22","RIVERTON HIGH SCHOOL","Riverton, Wyoming","https://fremont25.schoolspring.com/","Fremont County School District 25","2026-03-20"
588,"HIGH SCHOOL HEAD COACH (VOLLEYBALL)","2025-12-22","RIVERTON HIGH SCHOOL","Riverton, Wyoming","https://fremont25.schoolspring.com/","Fremont County School District 25","2026-03-20"
589,"NATIVE AMERICAN EDUCATION STUDENT AMBASSADOR","2025-12-12","Fremont County School District 25","Riverton, Wyoming","https://fremont25.schoolspring.com/","Fremont County School District 25","2026-03-20"
590,"BUS AIDE","2025-10-17","BUS GARAGE - TRANSPORTATION","Riverton, Wyoming","https://fremont25.schoolspring.com/","Fremont County School District 25","2026-03-20"
591,"BUS DRIVER (PART TIME)","2025-10-17","BUS GARAGE - TRANSPORTATION","Riverton, Wyoming","https://fremont25.schoolspring.com/","Fremont County School District 25","2026-03-20"
592,"SUBSTITUTE PARA","2025-09-26","Fremont County School District 25","Riverton, Wyoming","https://fremont25.schoolspring.com/","Fremont County School District 25","2026-03-20"
593,"SUBSTITUTE INTERPRETER FOR DEAF/HARD OF HEARING STUDENTS","2025-01-16","Fremont County School District 25","Riverton, Wyoming","https://fremont25.schoolspring.com/","Fremont County School District 25","2026-03-20"
594,"SUBSTITUTE CUSTODIAN","2024-09-17","Fremont County School District 25","Riverton, Wyoming","https://fremont25.schoolspring.com/","Fremont County School District 25","2026-03-20"
595,"SUBSTITUTE DAYCARE ASSISTANT","2024-07-22","Fremont County School District 25","Riverton, Wyoming","https://fremont25.schoolspring.com/","Fremont County School District 25","2026-03-20"
596,"SUBSTITUTE TEACHER","2024-07-18","Fremont County School District 25","Riverton, Wyoming","https://fremont25.schoolspring.com/","Fremont County School District 25","2026-03-20"
597,"SUBSTITUTE NURSE","2024-07-18","Fremont County School District 25","Riverton, Wyoming","https://fremont25.schoolspring.com/","Fremont County School District 25","2026-03-20"
598,"LIFEGUARD","2024-03-01","RIVERTON AQUATICS CENTER","Riverton, Wyoming","https://fremont25.schoolspring.com/","Fremont County School District 25","2026-03-20"
599,"DESK CLERK","2024-03-01","RIVERTON AQUATICS CENTER","Riverton, Wyoming","https://fremont25.schoolspring.com/","Fremont County School District 25","2026-03-20"
600,"SUBSTITUTE BUS DRIVER","2023-11-06","BUS GARAGE - TRANSPORTATION","Riverton, Wyoming","https://fremont25.schoolspring.com/","Fremont County School District 25","2026-03-20"
601,"Mechanic","2026-03-16","Albany County School District 1","Laramie, Wyoming","https://acsd1.schoolspring.com/","Albany Count School District 1","2026-03-20"
602,"Special Education Co-Teacher (Math)","2026-03-13","Laramie High School","Laramie, Wyoming","https://acsd1.schoolspring.com/","Albany Count School District 1","2026-03-20"
603,"High School Spanish/ELL Teacher","2026-03-13","Albany County School District 1","Laramie, Wyoming","https://acsd1.schoolspring.com/","Albany Count School District 1","2026-03-20"
604,"English Language Learner Teacher","2026-03-13","Albany County School District 1","Laramie, Wyoming","https://acsd1.schoolspring.com/","Albany Count School District 1","2026-03-20"
605,"Special Education Teacher","2026-03-12","Indian Paintbrush Elementary School","Laramie, Wyoming","https://acsd1.schoolspring.com/","Albany Count School District 1","2026-03-20"
606,"Director of Special Education","2026-03-12","Albany County School District 1","Laramie, Wyoming","https://acsd1.schoolspring.com/","Albany Count School District 1","2026-03-20"
607,"Elementary Teacher","2026-03-12","Linford Elementary School","Laramie, Wyoming","https://acsd1.schoolspring.com/","Albany Count School District 1","2026-03-20"
608,"High School Science Teacher","2026-03-12","Whiting High School","Laramie, Wyoming","https://acsd1.schoolspring.com/","Albany Count School District 1","2026-03-20"
609,"High School English Teacher","2026-03-12","Whiting High School","Laramie, Wyoming","https://acsd1.schoolspring.com/","Albany Count School District 1","2026-03-20"
610,"District Professional Development Coordinator","2026-03-11","Albany County School District 1","Laramie, Wyoming","https://acsd1.schoolspring.com/","Albany Count School District 1","2026-03-20"
611,"High School Head Volleyball Coach","2026-03-11","Laramie High School","Laramie, Wyoming","https://acsd1.schoolspring.com/","Albany Count School District 1","2026-03-20"
612,"High School Girls' Head Basketball Coach","2026-03-11","Laramie High School","Laramie, Wyoming","https://acsd1.schoolspring.com/","Albany Count School District 1","2026-03-20"
613,"Special Education Teacher","2026-03-11","Slade Elementary School","Laramie, Wyoming","https://acsd1.schoolspring.com/","Albany Count School District 1","2026-03-20"
614,"Special Education Teacher","2026-03-09","Spring Creek Elementary School","Laramie, Wyoming","https://acsd1.schoolspring.com/","Albany Count School District 1","2026-03-20"
615,"Speech - Language Pathologist","2026-03-09","Albany County School District 1","Laramie, Wyoming","https://acsd1.schoolspring.com/","Albany Count School District 1","2026-03-20"
616,"Elementary Teacher","2026-03-09","Indian Paintbrush Elementary School","Laramie, Wyoming","https://acsd1.schoolspring.com/","Albany Count School District 1","2026-03-20"
617,"Elementary Teacher","2026-03-09","Spring Creek Elementary School","Laramie, Wyoming","https://acsd1.schoolspring.com/","Albany Count School District 1","2026-03-20"
618,"High School Earth/Physical Science Teacher","2026-03-06","Laramie High School","Laramie, Wyoming","https://acsd1.schoolspring.com/","Albany Count School District 1","2026-03-20"
619,"High School Assistant Football Coach","2026-03-04","Laramie High School","Laramie, Wyoming","https://acsd1.schoolspring.com/","Albany Count School District 1","2026-03-20"
620,"High School Assistant Golf Coach","2026-03-04","Laramie High School","Laramie, Wyoming","https://acsd1.schoolspring.com/","Albany Count School District 1","2026-03-20"
621,"High School Physical Education Teacher","2026-03-02","Laramie High School","Laramie, Wyoming","https://acsd1.schoolspring.com/","Albany Count School District 1","2026-03-20"
622,"Certified Physical Therapy Assistant","2026-03-02","Albany County School District 1","Laramie, Wyoming","https://acsd1.schoolspring.com/","Albany Count School District 1","2026-03-20"
623,"Certified Occupational Therapy Assistant","2026-03-02","Albany County School District 1","Laramie, Wyoming","https://acsd1.schoolspring.com/","Albany Count School District 1","2026-03-20"
624,"Elementary Extensions Program Instructor","2026-03-02","Albany County School District 1","Laramie, Wyoming","https://acsd1.schoolspring.com/","Albany Count School District 1","2026-03-20"
625,"Special Education Co-Teacher (English)","2026-02-23","Laramie High School","Laramie, Wyoming","https://acsd1.schoolspring.com/","Albany Count School District 1","2026-03-20"
626,"Special Education Teacher","2026-02-23","Linford Elementary School","Laramie, Wyoming","https://acsd1.schoolspring.com/","Albany Count School District 1","2026-03-20"
627,"Summer Grounds Worker","2026-02-18","Albany County School District 1","Laramie, Wyoming","https://acsd1.schoolspring.com/","Albany Count School District 1","2026-03-20"
628,"Substitute Teacher","2025-07-31","Albany County School District 1","Laramie, Wyoming","https://acsd1.schoolspring.com/","Albany Count School District 1","2026-03-20"
629,"Substitute Nurse","2025-07-31","Albany County School District 1","Laramie, Wyoming","https://acsd1.schoolspring.com/","Albany Count School District 1","2026-03-20"
630,"Substitute Custodian","2025-07-21","Albany County School District 1","Laramie, Wyoming","https://acsd1.schoolspring.com/","Albany Count School District 1","2026-03-20"
631,"Bus Aide","2025-06-05","Albany County School District 1","Laramie, Wyoming","https://acsd1.schoolspring.com/","Albany Count School District 1","2026-03-20"
632,"Bus Driver","2025-06-05","Albany County School District 1","Laramie, Wyoming","https://acsd1.schoolspring.com/","Albany Count School District 1","2026-03-20"
633,"Second Grade Teacher","2026-03-19","BUFFALO RIDGE ELEMENTARY SCHOOL","Gillette, Wyoming","https://campbell.schoolspring.com/","Campbell County Scholl District 1","2026-03-20"
634,"First Grade Teacher","2026-03-19","HILLCREST ELEMENTARY","Gillette, Wyoming","https://campbell.schoolspring.com/","Campbell County Scholl District 1","2026-03-20"
635,"Assistant Volleyball Coach","2026-03-19","CAMPBELL COUNTY HIGH SCHOOL","Gillette, Wyoming","https://campbell.schoolspring.com/","Campbell County Scholl District 1","2026-03-20"
636,"Assistant Football Coach","2026-03-19","CAMPBELL COUNTY HIGH SCHOOL","Gillette, Wyoming","https://campbell.schoolspring.com/","Campbell County Scholl District 1","2026-03-20"
637,"English Teacher","2026-03-19","CAMPBELL COUNTY HIGH SCHOOL","Gillette, Wyoming","https://campbell.schoolspring.com/","Campbell County Scholl District 1","2026-03-20"
638,"Business Education Teacher","2026-03-19","THUNDER BASIN HIGH SCHOOL","Gillette, Wyoming","https://campbell.schoolspring.com/","Campbell County Scholl District 1","2026-03-20"
639,"Elementary Multiple Teacher","2026-03-18","RECLUSE SCHOOL","Gillette, Wyoming","https://campbell.schoolspring.com/","Campbell County Scholl District 1","2026-03-20"
640,"Fourth Grade Teacher","2026-03-12","LAKEVIEW ELEMENTARY","Gillette, Wyoming","https://campbell.schoolspring.com/","Campbell County Scholl District 1","2026-03-20"
641,"Title I Teacher Assistant","2026-03-11","WAGONWHEEL ELEMENTARY","Gillette, Wyoming","https://campbell.schoolspring.com/","Campbell County Scholl District 1","2026-03-20"
642,"Groundskeeper/Custodian","2026-03-11","CAMPBELL COUNTY HIGH SCHOOL","Gillette, Wyoming","https://campbell.schoolspring.com/","Campbell County Scholl District 1","2026-03-20"
643,"Cross Country Assistant Coach","2026-03-11","THUNDER BASIN HIGH SCHOOL","Gillette, Wyoming","https://campbell.schoolspring.com/","Campbell County Scholl District 1","2026-03-20"
644,"7/8 Volleyball Coach","2026-03-11","TWIN SPRUCE JUNIOR HIGH SCHOOL","Gillette, Wyoming","https://campbell.schoolspring.com/","Campbell County Scholl District 1","2026-03-20"
645,"English Teacher","2026-03-10","THUNDER BASIN HIGH SCHOOL","Gillette, Wyoming","https://campbell.schoolspring.com/","Campbell County Scholl District 1","2026-03-20"
646,"Kindergarten Teacher","2026-03-09","RAWHIDE ELEMENTARY","Gillette, Wyoming","https://campbell.schoolspring.com/","Campbell County Scholl District 1","2026-03-20"
647,"Teacher of the Visually Impaired","2026-03-05","CAMPBELL COUNTY SCHOOL DISTRICT #1","Gillette, Wyoming","https://campbell.schoolspring.com/","Campbell County Scholl District 1","2026-03-20"
648,"Interpreter/Translator","2026-03-04","CAMPBELL COUNTY SCHOOL DISTRICT #1","Gillette, Wyoming","https://campbell.schoolspring.com/","Campbell County Scholl District 1","2026-03-20"
649,"Emotionally Disabled Special Programs Education Assistant","2026-03-04","CAMPBELL COUNTY HIGH SCHOOL","Gillette, Wyoming","https://campbell.schoolspring.com/","Campbell County Scholl District 1","2026-03-20"
650,"Assistant Head Custodian","2026-03-04","THUNDER BASIN HIGH SCHOOL","Gillette, Wyoming","https://campbell.schoolspring.com/","Campbell County Scholl District 1","2026-03-20"
651,"Vocational Job Coach","2026-03-04","THUNDER BASIN HIGH SCHOOL","Gillette, Wyoming","https://campbell.schoolspring.com/","Campbell County Scholl District 1","2026-03-20"
652,"Music Teacher","2026-03-04","PRAIRIE WIND ELEMENTARY","Gillette, Wyoming","https://campbell.schoolspring.com/","Campbell County Scholl District 1","2026-03-20"
653,"Occupational Therapist","2026-03-04","CAMPBELL COUNTY SCHOOL DISTRICT #1","Gillette, Wyoming","https://campbell.schoolspring.com/","Campbell County Scholl District 1","2026-03-20"
654,"Autism Spectrum Disorder Teacher","2026-03-04","CAMPBELL COUNTY SCHOOL DISTRICT #1","Gillette, Wyoming","https://campbell.schoolspring.com/","Campbell County Scholl District 1","2026-03-20"
655,"Speech/Language Pathologist","2026-02-27","CAMPBELL COUNTY SCHOOL DISTRICT #1","Gillette, Wyoming","https://campbell.schoolspring.com/","Campbell County Scholl District 1","2026-03-20"
656,"Foreign Language Teacher - Spanish","2026-02-11","CAMPBELL COUNTY HIGH SCHOOL","Gillette, Wyoming","https://campbell.schoolspring.com/","Campbell County Scholl District 1","2026-03-20"
657,"Special Programs Education Assistant/ASD","2026-02-09","LAKEVIEW ELEMENTARY","Gillette, Wyoming","https://campbell.schoolspring.com/","Campbell County Scholl District 1","2026-03-20"
658,"Special Programs Education Assistant","2026-01-29","CAMPBELL COUNTY HIGH SCHOOL","Gillette, Wyoming","https://campbell.schoolspring.com/","Campbell County Scholl District 1","2026-03-20"
659,"Special Programs Education Assistant","2026-01-26","ROZET ELEMENTARY","Rozet, Wyoming","https://campbell.schoolspring.com/","Campbell County Scholl District 1","2026-03-20"
660,"Foreign Language Teacher - German","2026-01-21","CAMPBELL COUNTY HIGH SCHOOL","Gillette, Wyoming","https://campbell.schoolspring.com/","Campbell County Scholl District 1","2026-03-20"
661,"Special Programs Education Assistant","2026-01-21","BUFFALO RIDGE ELEMENTARY SCHOOL","Gillette, Wyoming","https://campbell.schoolspring.com/","Campbell County Scholl District 1","2026-03-20"
662,"Special Programs Education Assistant","2026-01-20","RAWHIDE ELEMENTARY","Gillette, Wyoming","https://campbell.schoolspring.com/","Campbell County Scholl District 1","2026-03-20"
663,"Emotionally Disabled Special Programs Education Assistant","2026-01-14","PAINTBRUSH ELEMENTARY","Gillette, Wyoming","https://campbell.schoolspring.com/","Campbell County Scholl District 1","2026-03-20"
664,"Special Programs Education Assistant for Students with High Needs","2025-12-19","HILLCREST ELEMENTARY","Gillette, Wyoming","https://campbell.schoolspring.com/","Campbell County Scholl District 1","2026-03-20"
665,"Teacher for the Deaf and Hard of Hearing","2025-12-19","CAMPBELL COUNTY SCHOOL DISTRICT #1","Gillette, Wyoming","https://campbell.schoolspring.com/","Campbell County Scholl District 1","2026-03-20"
666,"Orientation and Mobility Specialist","2025-12-19","CAMPBELL COUNTY SCHOOL DISTRICT #1","Gillette, Wyoming","https://campbell.schoolspring.com/","Campbell County Scholl District 1","2026-03-20"
667,"Special Programs Education Assistant","2025-11-26","HILLCREST ELEMENTARY","Gillette, Wyoming","https://campbell.schoolspring.com/","Campbell County Scholl District 1","2026-03-20"
668,"Wright - Safety Patrol","2025-10-29","CAMPBELL COUNTY SCHOOL DISTRICT #1","Gillette, Wyoming","https://campbell.schoolspring.com/","Campbell County Scholl District 1","2026-03-20"
669,"Safety Patrol","2025-10-29","CAMPBELL COUNTY SCHOOL DISTRICT #1","Gillette, Wyoming","https://campbell.schoolspring.com/","Campbell County Scholl District 1","2026-03-20"
670,"Safety Patrol","2025-10-29","CAMPBELL COUNTY SCHOOL DISTRICT #1","Gillette, Wyoming","https://campbell.schoolspring.com/","Campbell County Scholl District 1","2026-03-20"
671,"Special Programs Education Assistant","2025-10-24","PAINTBRUSH ELEMENTARY","Gillette, Wyoming","https://campbell.schoolspring.com/","Campbell County Scholl District 1","2026-03-20"
672,"Hearing Impaired Interpreter","2025-09-03","PRONGHORN ELEMENTARY","Gillette, Wyoming","https://campbell.schoolspring.com/","Campbell County Scholl District 1","2026-03-20"
673,"BUS DRIVER/BUS DRIVER IN TRAINING","2025-07-02","CAMPBELL COUNTY SCHOOL DISTRICT #1","Gillette, Wyoming","https://campbell.schoolspring.com/","Campbell County Scholl District 1","2026-03-20"
674,"Substitute School Nurse","2025-06-11","CAMPBELL COUNTY SCHOOL DISTRICT #1","Los Angeles, California","https://campbell.schoolspring.com/","Campbell County Scholl District 1","2026-03-20"
675,"Substitute Teacher","2025-06-11","CAMPBELL COUNTY SCHOOL DISTRICT #1","Los Angeles, California","https://campbell.schoolspring.com/","Campbell County Scholl District 1","2026-03-20"
676,"SCHOOL PSYCHOLOGIST INTERN","2025-01-31","CAMPBELL COUNTY SCHOOL DISTRICT #1","Gillette, Wyoming","https://campbell.schoolspring.com/","Campbell County Scholl District 1","2026-03-20"
677,"Sample Classified Position","2010-02-16","CAMPBELL COUNTY SCHOOL DISTRICT #1","Gillette, Wyoming","https://campbell.schoolspring.com/","Campbell County Scholl District 1","2026-03-20"
678,"Sample Certified Position","2010-02-16","CAMPBELL COUNTY SCHOOL DISTRICT #1","Gillette, Wyoming","https://campbell.schoolspring.com/","Campbell County Scholl District 1","2026-03-20"
679,"Routing and Dispatch Secretary - Transportation Department - Star Valley",NA,"Classified","Star Valley High School","https://lcsd2.org/employment-opportunities/","Lincoln County School District 2","2026-03-20"
680,"Bus Driver - Star Valley - Full Time",NA,"Classified","Star Valley High School","https://lcsd2.org/employment-opportunities/","Lincoln County School District 2","2026-03-20"
681,"Aide Pool - Star Valley - 2026-2027 school year",NA,"Classified","Star Valley High School","https://lcsd2.org/employment-opportunities/","Lincoln County School District 2","2026-03-20"
682,"Food Service - Star Valley High School - 4 hours per day",NA,"Classified","Star Valley High School","https://lcsd2.org/employment-opportunities/","Lincoln County School District 2","2026-03-20"
683,"Groundskeeper - Cokeville",NA,"Classified","Cokeville","https://lcsd2.org/employment-opportunities/","Lincoln County School District 2","2026-03-20"
684,"Certified Media Specialist - Star Valley - 2026-2027 School Year",NA,"Certified","Star Valley High School","https://lcsd2.org/employment-opportunities/","Lincoln County School District 2","2026-03-20"
685,"Teacher of the Deaf - District Wide - 2026-2027 School Year",NA,"Certified","District","https://lcsd2.org/employment-opportunities/","Lincoln County School District 2","2026-03-20"
686,"Special Education Teacher - 2026-2027 School Year",NA,"Certified","District","https://lcsd2.org/employment-opportunities/","Lincoln County School District 2","2026-03-20"
687,"Speech Language Pathologist - 2026-2027 School Year",NA,"Certified","District","https://lcsd2.org/employment-opportunities/","Lincoln County School District 2","2026-03-20"
688,"Substitute School Nurse - Star Valley",NA,"Substitutes","District","https://lcsd2.org/employment-opportunities/","Lincoln County School District 2","2026-03-20"
689,"Certified Substitute Teacher Pool - Star Valley",NA,"Substitutes","Star Valley","https://lcsd2.org/employment-opportunities/","Lincoln County School District 2","2026-03-20"
690,"Certified Substitute Teacher Pool - Cokeville",NA,"Substitutes","Cokeville","https://lcsd2.org/employment-opportunities/","Lincoln County School District 2","2026-03-20"
691,"Substitute Bus Drivers - Cokeville",NA,"Substitutes","Star Valley","https://lcsd2.org/employment-opportunities/","Lincoln County School District 2","2026-03-20"
692,"Substitute Bus Drivers - Star Valley",NA,"Substitutes","Star Valley","https://lcsd2.org/employment-opportunities/","Lincoln County School District 2","2026-03-20"
693,"Substitute Bus Aides - Star Valley",NA,"Substitutes","Star Valley","https://lcsd2.org/employment-opportunities/","Lincoln County School District 2","2026-03-20"
694,"Substitute Food Service (Cooks)",NA,"Substitutes","District","https://lcsd2.org/employment-opportunities/","Lincoln County School District 2","2026-03-20"
695,"Assistant Cheer Advisor - Star Valley High School",NA,"Coaching","Star Valley","https://lcsd2.org/employment-opportunities/","Lincoln County School District 2","2026-03-20"
696,"Head Boys Wrestling Coach - Star Valley High School",NA,"Coaching","Star Valley","https://lcsd2.org/employment-opportunities/","Lincoln County School District 2","2026-03-20"
697,"Assistant Football Coach - Star Valley High School",NA,"Coaching","Star Valley","https://lcsd2.org/employment-opportunities/","Lincoln County School District 2","2026-03-20"
698,"Assistant Volleyball Coach - Star Valley Middle School",NA,"Coaching","Star Valley","https://lcsd2.org/employment-opportunities/","Lincoln County School District 2","2026-03-20"
699,"Head Volleyball Coach - Cokeville High School",NA,"Coaching","Star Valley","https://lcsd2.org/employment-opportunities/","Lincoln County School District 2","2026-03-20"
700,"Volunteer Coach/Advisor",NA,"Coaching","Cokeville","https://lcsd2.org/employment-opportunities/","Lincoln County School District 2","2026-03-20"
701,"Elementary Principal",NA,"Certified","District","https://www.growingluskleaders.org/page/human-resources","Niobrara County School District 1","2026-03-20"
702,"Elementary Teacher",NA,"Certified","District","https://www.growingluskleaders.org/page/human-resources","Niobrara County School District 1","2026-03-20"
703,"Music/ Band Teacher",NA,"Certified","District","https://www.growingluskleaders.org/page/human-resources","Niobrara County School District 1","2026-03-20"
704,"Business Manager",NA,"Classified","District","https://www.growingluskleaders.org/page/human-resources","Niobrara County School District 1","2026-03-20"
705,"Head High School Football Coach",NA,"Coaching","District","https://www.growingluskleaders.org/page/human-resources","Niobrara County School District 1","2026-03-20"
706,"Head High School Volleyball Coach",NA,"Coaching","District","https://www.growingluskleaders.org/page/human-resources","Niobrara County School District 1","2026-03-20"
707,"Maintenance Worker",NA,"Classified","District","https://www.growingluskleaders.org/page/human-resources","Niobrara County School District 1","2026-03-20"
708,"BUS DRIVER SUBSTITUTES- District Wide",NA,"Classified","District","https://www.growingluskleaders.org/page/human-resources","Niobrara County School District 1","2026-03-20"
709,"CUSTODIAL SUBSTITUTE- District Wide",NA,"Classified","District","https://www.growingluskleaders.org/page/human-resources","Niobrara County School District 1","2026-03-20"
710,"Special Education Paraprofessional",NA,"Classified","District","https://pcsd16.com/271372_2","Park County School District 16","2026-03-20"
711,"Substitutes for all Postions",NA,"Substitute","PCSD#1 Schools, Glendo and Wheatland","https://www.platte1.org/89574_1","Platte County School District 1","2026-03-20"
712,"Substitutes for Custodians",NA,"Classified","District","https://www.platte1.org/89574_1","Platte County School District 1","2026-03-20"
713,"Special Educaton Teacher",NA,"Certified","District Wide","https://www.platte1.org/89574_1","Platte County School District 1","2026-03-20"
714,"Special Educaton Teacher",NA,"Certified","District Wide","https://www.platte1.org/89574_1","Platte County School District 1","2026-03-20"
715,"Special Educaton Teacher",NA,"Certified","District Wide","https://www.platte1.org/89574_1","Platte County School District 1","2026-03-20"
716,"Middle School Ag Teacher/FFA Advisor",NA,"Certified","District Wide","https://www.platte1.org/89574_1","Platte County School District 1","2026-03-20"
717,"Food Service Directory",NA,"Certified","District Wide","https://www.platte1.org/89574_1","Platte County School District 1","2026-03-20"
718,"Substitute Certified Teachers",NA,"Substitute","District","https://www.guernseysunrise.org/page/employment","Platte County School District 2","2026-03-20"
719,"Substitute Paraeducators",NA,"Classified","District","https://www.guernseysunrise.org/page/employment","Platte County School District 2","2026-03-20"
720,"Full Time Elementary Teacher",NA,"Certified","District","https://www.sheridan3.com/page/hr-and-career-opportunities","Sheridan County School District 3","2026-03-20"
721,"K-12 Counselor/Teacher",NA,"Certified","District","https://www.sheridan3.com/page/hr-and-career-opportunities","Sheridan County School District 3","2026-03-20"
722,"Bus Driver",NA,"Classified","District","https://www.sheridan3.com/page/hr-and-career-opportunities","Sheridan County School District 3","2026-03-20"
723,"Ag Teacher 2026-2027",NA,"Certified","District","https://www.sub1.org/en-US/employment-and-human-resources-f26202d3","Sublette County School District 1","2026-03-20"
724,"Auto MechanicsTeacher 2026-2027",NA,"Certified","District","https://www.sub1.org/en-US/employment-and-human-resources-f26202d3","Sublette County School District 1","2026-03-20"
725,"HS Math Teacher 2/13/2026",NA,"Certified","District","https://www.sub1.org/en-US/employment-and-human-resources-f26202d3","Sublette County School District 1","2026-03-20"
726,"Middle School Volleyball Coach 2025-03-12.docx",NA,"Coaching","District","https://www.sub1.org/en-US/employment-and-human-resources-f26202d3","Sublette County School District 1","2026-03-20"
727,"Substitute Bus Driver",NA,"Classified","District","https://www.sub1.org/en-US/employment-and-human-resources-f26202d3","Sublette County School District 1","2026-03-20"
728,"Substitute School Nurse",NA,"Classified","District","https://www.sub1.org/en-US/employment-and-human-resources-f26202d3","Sublette County School District 1","2026-03-20"
729,"Substitutes",NA,"Classified","District","https://www.sub1.org/en-US/employment-and-human-resources-f26202d3","Sublette County School District 1","2026-03-20"
730,"WeldingTeacher 2026-2027",NA,"Certified","District","https://www.sub1.org/en-US/employment-and-human-resources-f26202d3","Sublette County School District 1","2026-03-20"
731,"K12 Special Education Teacher",NA,"Certified","District","https://www.uinta4.com/departments/business_office/job_opportunities/current_openings","Uinta County School District 4","2026-03-20"
732,"Bus Assistant- part time",NA,"Classified","District","https://www.uinta4.com/departments/business_office/job_opportunities/current_openings","Uinta County School District 4","2026-03-20"
733,"Substitutes- all positions",NA,"Substitute","District","https://www.uinta4.com/departments/business_office/job_opportunities/current_openings","Uinta County School District 4","2026-03-20"
734,"Substitute Bus Drivers",NA,"Classified","District","https://sites.google.com/lymanschools.org/ucsd6/home/job-openings?authuser=0","Uinta County School District 6","2026-03-20"
735,"Substitute School Bus Aides",NA,"Classified","District","https://sites.google.com/lymanschools.org/ucsd6/home/job-openings?authuser=0","Uinta County School District 6","2026-03-20"
736,"Head HS Cross Country Coach",NA,"Coaching","District","https://sites.google.com/lymanschools.org/ucsd6/home/job-openings?authuser=0","Uinta County School District 6","2026-03-20"
737,"Always in need of substitutes",NA,"Substitute","District","https://sites.google.com/lymanschools.org/ucsd6/home/job-openings?authuser=0","Uinta County School District 6","2026-03-20"
738,"Substitute and activity BUS DRIVER",NA,"Classified","District","https://www.wsh2.k12.wy.us/apps/pages/index.jsp?uREC_ID=440610&type=d&pREC_ID=1008214","Washakie County School District 2","2026-03-20"
739,"High School Girls Basketball Coach",NA,"Coaching","District","https://www.wsh2.k12.wy.us/apps/pages/index.jsp?uREC_ID=440610&type=d&pREC_ID=1008214","Washakie County School District 2","2026-03-20"
740,"Business Manager",NA,"Classified","District","https://www.wcsd1.org/apps/pages/Career_Opportunities","Weston County School District 1","2026-03-20"
741,"Middle School Principal Position",NA,"Certified","District","https://www.wcsd1.org/apps/pages/Career_Opportunities","Weston County School District 1","2026-03-20"
742,"Elementary Counselor Position",NA,"Certified","District","https://www.wcsd1.org/apps/pages/Career_Opportunities","Weston County School District 1","2026-03-20"
743,"Special Education Case Manager Job Description",NA,"Certified","District","https://www.wcsd1.org/apps/pages/Career_Opportunities","Weston County School District 1","2026-03-20"
744,"Special Education Paraprofessional Positions",NA,"Classified","District","https://www.wcsd1.org/apps/pages/Career_Opportunities","Weston County School District 1","2026-03-20"
745,"HEAD BOYS AND GIRLS SWIMMING COACH",NA,"Coaching","District","https://www.wcsd1.org/apps/pages/Career_Opportunities","Weston County School District 1","2026-03-20"
746,"Assistant Boys Soccer Coach",NA,"Coaching","District","https://www.wcsd1.org/apps/pages/Career_Opportunities","Weston County School District 1","2026-03-20"
747,"MS HEAD GIRLS SOCCER COACH",NA,"Coaching","District","https://www.wcsd1.org/apps/pages/Career_Opportunities","Weston County School District 1","2026-03-20"
748,"Middle School Football Coach",NA,"Coaching","District","https://www.wcsd1.org/apps/pages/Career_Opportunities","Weston County School District 1","2026-03-20"
749,"Route Bus Drivers",NA,"Classified","District","https://www.wcsd1.org/apps/pages/Career_Opportunities","Weston County School District 1","2026-03-20"
750,"Substitutes",NA,"Substitute","District","https://www.wcsd1.org/apps/pages/Career_Opportunities","Weston County School District 1","2026-03-20"
751,"Custodial-Kitchen subs",NA,"Classified","District","https://www.wcsd1.org/apps/pages/Career_Opportunities","Weston County School District 1","2026-03-20"
752,"Sub Bus Drivers",NA,"Classified","District","https://www.wcsd1.org/apps/pages/Career_Opportunities","Weston County School District 1","2026-03-20"
753,"Middle School Social Studies Teacher (6-8)",NA,"Certified","District","https://www.weston7.org/o/wcsd/page/employment","Weston County School District 7","2026-03-20"
754,"Substitute Teacher",NA,"Substitute","District","https://www.weston7.org/o/wcsd/page/employment","Weston County School District 7","2026-03-20"
755,"Substitute Paraprofessional",NA,"Classified","District","https://www.weston7.org/o/wcsd/page/employment","Weston County School District 7","2026-03-20"
756,"Substitute Custodian",NA,"Classified","District","https://www.weston7.org/o/wcsd/page/employment","Weston County School District 7","2026-03-20"
757,"Substitute Bus Driver (CDL preferred, training available)",NA,"Classified","District","https://www.weston7.org/o/wcsd/page/employment","Weston County School District 7","2026-03-20"
758,"Substitute Lunchroom Cook",NA,"Classified","District","https://www.weston7.org/o/wcsd/page/employment","Weston County School District 7","2026-03-20"
759,"Substitute employees – bus driving, custodial, cook, special education aides, classroom teacher subs",NA,"Classified","District","https://www.weston7.org/o/wcsd/page/employment","Weston County School District 7","2026-03-20"
760,"Substitute Paraprofessional",NA,"Substitute","Substitute","https://jobs.redroverk12.com/org/hotsprings1/opening/128737","Hot Springs County School District 1","2026-03-20"
761,"Child Nutrition Cook",NA,"Part Time","Classified","https://jobs.redroverk12.com/org/hotsprings1/opening/151103","Hot Springs County School District 1","2026-03-20"
762,"Life Skills Teacher",NA,"Full Time","Certified","https://jobs.redroverk12.com/org/hotsprings1/opening/149723","Hot Springs County School District 1","2026-03-20"
763,"Head Cross Country Coach",NA,"Seasonal","Certified","https://jobs.redroverk12.com/org/hotsprings1/opening/148308","Hot Springs County School District 1","2026-03-20"
764,"Head High School Volleyball Coach",NA,"Seasonal","Certified","https://jobs.redroverk12.com/org/hotsprings1/opening/148302","Hot Springs County School District 1","2026-03-20"
765,"Daycare Support Staff",NA,"Full Time","Classified","https://jobs.redroverk12.com/org/hotsprings1/opening/148304","Hot Springs County School District 1","2026-03-20"
766,"Custodian",NA,"Full Time","Classified","https://jobs.redroverk12.com/org/hotsprings1/opening/142823","Hot Springs County School District 1","2026-03-20"
767,"Substitute Teacher",NA,"Substitute","Substitute","https://jobs.redroverk12.com/org/hotsprings1/opening/128617","Hot Springs County School District 1","2026-03-20"
768,"Special Education Teacher",NA,"Full Time","Special Education Teacher","https://jobs.redroverk12.com/org/jcsd1/opening/158234","Johnson County School District 1","2026-03-20"
769,"Head Volleyball Coach",NA,"Seasonal","Head Coach","https://jobs.redroverk12.com/org/jcsd1/opening/157764","Johnson County School District 1","2026-03-20"
770,"Speech Language Pathologist",NA,"Full Time","Speech Language Pathologist","https://jobs.redroverk12.com/org/jcsd1/opening/157540","Johnson County School District 1","2026-03-20"
771,"School Psychologist",NA,"Full Time","Psychologist","https://jobs.redroverk12.com/org/jcsd1/opening/157541","Johnson County School District 1","2026-03-20"
772,"Custodian",NA,"Full Time","Custodian","https://jobs.redroverk12.com/org/jcsd1/opening/156788","Johnson County School District 1","2026-03-20"
773,"Sp Ed Teacher for Behaviorally Challenged Students",NA,"Full Time","Special Education Teacher","https://jobs.redroverk12.com/org/jcsd1/opening/154159","Johnson County School District 1","2026-03-20"
774,"Food Service Warehouse Transport",NA,"Full Time","Food Warehouse Transport","https://jobs.redroverk12.com/org/jcsd1/opening/155290","Johnson County School District 1","2026-03-20"
775,"Teacher of the Deaf & Hard of Hearing",NA,"Full Time","Teacher","https://jobs.redroverk12.com/org/jcsd1/opening/153129","Johnson County School District 1","2026-03-20"
776,"Sign Language Interpreter",NA,"Full Time","Sign Language Interpreter","https://jobs.redroverk12.com/org/jcsd1/opening/150867","Johnson County School District 1","2026-03-20"
777,"Food Prep Tech",NA,"Part Time","Food Service Tech Prep","https://jobs.redroverk12.com/org/jcsd1/opening/145949","Johnson County School District 1","2026-03-20"
778,"Student Support Specialist/Homeless Liaison",NA,"Full Time","School Counselor","https://jobs.redroverk12.com/org/jcsd1/opening/145931","Johnson County School District 1","2026-03-20"
779,"Paraprofessional Substitute",NA,"Substitute","Substitute Paraprofessional","https://jobs.redroverk12.com/org/jcsd1/opening/142219","Johnson County School District 1","2026-03-20"
780,"Custodian Staff Substitute",NA,"Substitute","Custodian","https://jobs.redroverk12.com/org/jcsd1/opening/137493","Johnson County School District 1","2026-03-20"
781,"Food Service Staff Substitute",NA,"Substitute","Food Service Tech Prep","https://jobs.redroverk12.com/org/jcsd1/opening/134419","Johnson County School District 1","2026-03-20"
782,"Substitute Teacher",NA,"Substitute","Substitute Teacher","https://jobs.redroverk12.com/org/jcsd1/opening/132190","Johnson County School District 1","2026-03-20"
783,"Substitute Buffalo Bus Route Driver",NA,"Substitute","Bus Driver","https://jobs.redroverk12.com/org/jcsd1/opening/131082","Johnson County School District 1","2026-03-20"
784,"Substitute Kaycee Bus Route Driver",NA,"Substitute","Bus Driver","https://jobs.redroverk12.com/org/jcsd1/opening/131059","Johnson County School District 1","2026-03-20"
785,"Assistant HS Football Coach",NA,"Seasonal","Coach/Sponsor","https://jobs.redroverk12.com/org/PCSD2/opening/151324","Platte County School District 2","2026-03-20"
786,"K-12 Art Teacher",NA,"Full Time","Teacher","https://jobs.redroverk12.com/org/PCSD2/opening/149113","Platte County School District 2","2026-03-20"
787,"Jr High Girls Volleyball Coach",NA,"Seasonal","Coach/Sponsor","https://jobs.redroverk12.com/org/PCSD2/opening/143316","Platte County School District 2","2026-03-20"
788,"Technology Integration and Support Specialist",NA,"Full Time","Technology","https://jobs.redroverk12.com/org/SCSD9/opening/151180","Sublette County School District 9","2026-03-20"
789,"K-5 Elementary Principal",NA,"Full Time","Principal","https://jobs.redroverk12.com/org/SCSD9/opening/151888","Sublette County School District 9","2026-03-20"
790,"Certified Substitute Teacher",NA,"Substitute","Teacher","https://jobs.redroverk12.com/org/SCSD9/opening/151690","Sublette County School District 9","2026-03-20"
791,"Substitute Bus Driver",NA,"Substitute","Bus Driver","https://jobs.redroverk12.com/org/SCSD9/opening/151630","Sublette County School District 9","2026-03-20"
792,"6-8 Math Teacher",NA,"Full Time","Teacher","https://jobs.redroverk12.com/org/SCSD9/opening/151526","Sublette County School District 9","2026-03-20"
793,"6-8 Social Studies",NA,"Full Time","Teacher","https://jobs.redroverk12.com/org/SCSD9/opening/151540","Sublette County School District 9","2026-03-20"
794,"Mechanic / Bus Driver",NA,"Full Time","Bus Driver","https://jobs.redroverk12.com/org/SCSD9/opening/150859","Sublette County School District 9","2026-03-20"
